DateTime,Open,High,Low,Close,Volume
2005-01-03,1.2,1.2029025993185394,1.1974411739744248,1.1978758909093234,130734
2005-01-04,1.1978758909093234,1.1980242830103742,1.1930671958891736,1.1941019780739583,142391
2005-01-05,1.1941019780739583,1.1964228345283592,1.1918853136637826,1.1954902441789683,125841
2005-01-06,1.1954902441789683,1.1970079493546446,1.193518921005773,1.1935897703196665,141332
2005-01-07,1.1935897703196665,1.1948085837549576,1.1917360668723975,1.1943133449419276,128908
2005-01-10,1.1943133449419276,1.1960442970721594,1.1919892227496751,1.19302897396891,125607
2005-01-11,1.19302897396891,1.196433756478998,1.192006801775762,1.1960638965030097,136263
2005-01-12,1.1960638965030097,1.198306848318117,1.1942234128274218,1.1964854652812096,127882
2005-01-13,1.1964854652812096,1.2015108068342175,1.1948298437701088,1.2010431855348245,106677
2005-01-14,1.2010431855348245,1.2016815871809807,1.1987762824292474,1.1996541048080869,128085
2005-01-17,1.1996541048080869,1.201730004562628,1.197841132495148,1.1980383174079745,133937
2005-01-18,1.1980383174079745,1.199041718728478,1.1962817850693883,1.1980842485542589,128167
2005-01-19,1.1980842485542589,1.2006933584080683,1.1965345241441918,1.2001874785048692,111996
2005-01-20,1.2001874785048692,1.20486504620407,1.200561110257689,1.20367107256752,102069
2005-01-21,1.20367107256752,1.2038493642170724,1.199320614646927,1.2003572066435786,139050
2005-01-24,1.2003572066435786,1.2065558512781274,1.2006423022005304,1.2032791085153165,124726
2005-01-25,1.2032791085153165,1.205710908195455,1.2025001135168198,1.2035095122666006,128258
2005-01-26,1.2035095122666006,1.2094730951345571,1.202445107850045,1.2064097070884912,131240
2005-01-27,1.2064097070884912,1.2088789084812008,1.2031557837770306,1.2034067604785352,106041
2005-01-28,1.2034067604785352,1.205050467623429,1.1996152002253202,1.2047971401180384,100628
2005-01-31,1.2047971401180384,1.2047549895185226,1.2008440041589965,1.2032558046911048,132950
2005-02-01,1.2032558046911048,1.202909984142382,1.197251532293296,1.1977839395550007,140442
2005-02-02,1.1977839395550007,1.198305599798142,1.1936626442703424,1.1942654139960585,123370
2005-02-03,1.1942654139960585,1.1972817105741054,1.1933982164922192,1.1938218768077449,141267
2005-02-04,1.1938218768077449,1.1968062179066636,1.1929737195643295,1.1951429187683429,123515
2005-02-07,1.1951429187683429,1.2005050646375408,1.1946466550508508,1.2004286819080008,132629
2005-02-08,1.2004286819080008,1.2016618496065,1.1955226045552962,1.1958243081651994,118362
2005-02-09,1.1958243081651994,1.1992655411520818,1.194806925705309,1.1966022166161376,143848
2005-02-10,1.1966022166161376,1.1977745404655,1.1942025990309428,1.1966947679607194,122720
2005-02-11,1.1966947679607194,1.1975168133879863,1.1936095586576876,1.1956445658998969,107110
2005-02-14,1.1956445658998969,1.1961676753496815,1.1920992132467605,1.1936446277562276,127874
2005-02-15,1.1936446277562276,1.1945322805930294,1.18953623433289,1.1944824817024409,118610
2005-02-16,1.1944824817024409,1.1974817949948855,1.1940680748448629,1.1964142600130194,126692
2005-02-17,1.1964142600130194,1.197651894077133,1.1943776288985104,1.1962031778879374,133919
2005-02-18,1.1962031778879374,1.2015045593419158,1.1962746372805315,1.1985872842162897,108549
2005-02-21,1.1985872842162897,1.2011226762231602,1.1977998490958353,1.2010425720743958,139336
2005-02-22,1.2010425720743958,1.20585631126887,1.1998550556143313,1.20534198555684,105309
2005-02-23,1.20534198555684,1.212506948413529,1.20542616439136,1.212165198887253,114206
2005-02-24,1.212165198887253,1.214881449525411,1.2120291963603915,1.2125529790364544,134371
2005-02-25,1.2125529790364544,1.213829219251682,1.2107331886476116,1.2134154350045476,114659
2005-02-28,1.2134154350045476,1.217005262298158,1.211316205761614,1.2120072598416587,134401
2005-03-01,1.2120072598416587,1.214318896301505,1.2101103471811323,1.214299008941822,114451
2005-03-02,1.214299008941822,1.2200538079661356,1.2143660387711586,1.21817362522573,104236
2005-03-03,1.21817362522573,1.2221571914671336,1.2174394986491446,1.221180405668301,108257
2005-03-04,1.221180405668301,1.2228806362676332,1.217848585336368,1.219354855470299,115431
2005-03-07,1.219354855470299,1.2223412961895874,1.2185558440544004,1.221429110501025,146313
2005-03-08,1.221429110501025,1.2275018760527956,1.2206996182154737,1.2264761056836586,125507
2005-03-09,1.2264761056836586,1.2306730240915262,1.2254044098225227,1.2271006147398824,142041
2005-03-10,1.2271006147398824,1.232412121486823,1.2258949222201934,1.2311403176551716,125123
2005-03-11,1.2311403176551716,1.230502024800317,1.2262432849466471,1.2279558622730573,149348
2005-03-14,1.2279558622730573,1.2286876163168992,1.225513549680039,1.2277781838223305,121056
2005-03-15,1.2277781838223305,1.2329020081000155,1.2269384745268987,1.229429990749024,101210
2005-03-16,1.229429990749024,1.230403063256523,1.2273456790381148,1.2292857856090418,151011
2005-03-17,1.2292857856090418,1.2319788105948946,1.2276544872742663,1.2300129999458629,117260
2005-03-18,1.2300129999458629,1.2330083255187636,1.229701629287078,1.2306904860850252,100198
2005-03-21,1.2306904860850252,1.232552449124118,1.228493506671046,1.2318565718224823,116519
2005-03-22,1.2318565718224823,1.2329969051710483,1.2250760849468032,1.2255608988978246,107311
2005-03-23,1.2255608988978246,1.2292535086434897,1.2233042307609077,1.228496796494904,112992
2005-03-24,1.228496796494904,1.232629032562814,1.2277006948844946,1.232263823578512,114149
2005-03-25,1.232263823578512,1.235076393979721,1.2316820919904758,1.2349239580127225,113382
2005-03-28,1.2349239580127225,1.240995823721773,1.234595747396549,1.2387083311469342,122995
2005-03-29,1.2387083311469342,1.2412306847076748,1.237868534650283,1.238882297047746,97378
2005-03-30,1.238882297047746,1.246273738671999,1.2377574404817746,1.245380309021107,133145
2005-03-31,1.245380309021107,1.2486057273487778,1.243013213027388,1.2452724421906,152184
2005-04-01,1.2452724421906,1.2462061057095724,1.2419117572223708,1.2449703561405914,133699
2005-04-04,1.2449703561405914,1.245074225234586,1.24058680143241,1.2412073065402998,126480
2005-04-05,1.2412073065402998,1.242273340659027,1.23730702868223,1.23884615526109,128698
2005-04-06,1.23884615526109,1.2431627458242902,1.2375578592680845,1.2423041302125972,136562
2005-04-07,1.2423041302125972,1.246906507187768,1.2409066866068257,1.2464427912160814,119071
2005-04-08,1.2464427912160814,1.249548715018492,1.2457327737553596,1.2488910014798345,135059
2005-04-11,1.2488910014798345,1.2513990996881892,1.2474410717668365,1.2506855877909429,124782
2005-04-12,1.2506855877909429,1.2533182054770775,1.2504811109784422,1.2528738634698482,130413
2005-04-13,1.2528738634698482,1.2556856279051736,1.25074614925217,1.2540924957401876,116937
2005-04-14,1.2540924957401876,1.258914857386018,1.2523020065682688,1.2571228328295911,134962
2005-04-15,1.2571228328295911,1.257251235771943,1.25214524852458,1.252989345964265,128714
2005-04-18,1.252989345964265,1.2550619585195275,1.2479555459160756,1.2481966787648673,110843
2005-04-19,1.2481966787648673,1.2503107860099336,1.2469771477432232,1.247305211878592,127542
2005-04-20,1.247305211878592,1.251610250308141,1.2474246772550963,1.24916058386011,142342
2005-04-21,1.24916058386011,1.2516994378353974,1.2483461664102342,1.2489100274500151,111194
2005-04-22,1.2489100274500151,1.2523786233021976,1.248234407377082,1.249417871719711,106085
2005-04-25,1.249417871719711,1.2511286047947296,1.2464500903509896,1.2499912552167995,100985
2005-04-26,1.2499912552167995,1.2532753993280024,1.2486892597206944,1.252717682999002,134592
2005-04-27,1.252717682999002,1.2546987892351658,1.2510779449880438,1.2543963718326707,106363
2005-04-28,1.2543963718326707,1.256848333079231,1.2507605756269928,1.2514140216394516,122042
2005-04-29,1.2514140216394516,1.2534789948192215,1.247726986797082,1.2515159063705048,135134
2005-05-02,1.2515159063705048,1.2515512806524758,1.247732463777496,1.2498444787979048,110984
2005-05-03,1.2498444787979048,1.2518151848159436,1.2469405454169176,1.2477694596521431,134537
2005-05-04,1.2477694596521431,1.25010508891814,1.2469807496560716,1.2480344753605532,124262
2005-05-05,1.2480344753605532,1.2499295493627474,1.244957337181421,1.248619245640617,100859
2005-05-06,1.248619245640617,1.2498044601598646,1.2456190720395317,1.2471686342892834,121116
2005-05-09,1.2471686342892834,1.2491346923286986,1.245592425557043,1.248886490905034,135342
2005-05-10,1.248886490905034,1.2493361383246822,1.2460846353829222,1.2485931794143332,119749
2005-05-11,1.2485931794143332,1.2500476612662812,1.2473898528351088,1.2491623112901324,116124
2005-05-12,1.2491623112901324,1.250345230115708,1.2469081989478463,1.248001622135287,108506
2005-05-13,1.248001622135287,1.2490295154941164,1.2444120508611012,1.2458818287532456,127710
2005-05-16,1.2458818287532456,1.2481475793815362,1.243754872978478,1.246965159394647,115762
2005-05-17,1.246965159394647,1.255109462078902,1.248119563304794,1.254055171279706,134573
2005-05-18,1.254055171279706,1.2561001742301448,1.2526731700839822,1.2548914852595872,136727
2005-05-19,1.2548914852595872,1.2562935405791384,1.250806270804704,1.2534552876001628,117061
2005-05-20,1.2534552876001628,1.2535370524600369,1.245840260628971,1.2462535212314358,116154
2005-05-23,1.2462535212314358,1.2499559415211337,1.2451304378193648,1.2489671310807189,124119
2005-05-24,1.2489671310807189,1.2501507555898677,1.2476323461636607,1.2492707613434753,114737
2005-05-25,1.2492707613434753,1.2520014366045735,1.2466291224708428,1.2516467988129658,120762
2005-05-26,1.2516467988129658,1.2541690134519827,1.250018858869309,1.2513722673885517,135782
2005-05-27,1.2513722673885517,1.253816108035736,1.2503570653864522,1.2508014615138034,104089
2005-05-30,1.2508014615138034,1.2558294070963465,1.250700619489558,1.2528375678195494,114814
2005-05-31,1.2528375678195494,1.25568499559273,1.2506198903226522,1.2514986633913558,113124
2005-06-01,1.2514986633913558,1.2565429286818677,1.25038782417955,1.2550514232859808,117485
2005-06-02,1.2550514232859808,1.2561619861107574,1.2498601984384512,1.2519010309405256,140183
2005-06-03,1.2519010309405256,1.258861072109972,1.2509144595180874,1.25787013126232,128147
2005-06-06,1.25787013126232,1.259406913084106,1.2550542825281494,1.2564936266793136,119645
2005-06-07,1.2564936266793136,1.257081097526581,1.252773396456505,1.2536737672771914,142046
2005-06-08,1.2536737672771914,1.261103235819821,1.252621498478307,1.2607917995135127,110136
2005-06-09,1.2607917995135127,1.266581226219065,1.2585168575552153,1.2654829320544976,114433
2005-06-10,1.2654829320544976,1.268131417636029,1.2650462381478895,1.2664046789788082,123592
2005-06-13,1.2664046789788082,1.2677648661543537,1.2632492024749986,1.263442469730598,121102
2005-06-14,1.263442469730598,1.2634571550319853,1.2585034173027263,1.2589048333157402,130226
2005-06-15,1.2589048333157402,1.262816680105694,1.257353307210097,1.2607316634564734,117312
2005-06-16,1.2607316634564734,1.2654190558711496,1.260679984948102,1.2620406625449168,110583
2005-06-17,1.2620406625449168,1.2629678129499993,1.2583531796027518,1.2587672180328715,127681
2005-06-20,1.2587672180328715,1.2575408040360117,1.2527277963044845,1.2559155094132632,130365
2005-06-21,1.2559155094132632,1.2583575574276795,1.2535973782515497,1.2577852458272245,135647
2005-06-22,1.2577852458272245,1.2615484220752533,1.2563360548223304,1.2577493987435966,141716
2005-06-23,1.2577493987435966,1.2612382002810738,1.2548808952571575,1.2573365928679203,108582
2005-06-24,1.2573365928679203,1.2604773531386857,1.257009698184863,1.2590063649478702,110544
2005-06-27,1.2590063649478702,1.2589960757939849,1.253688387655039,1.255052114250216,127293
2005-06-28,1.255052114250216,1.25479944645409,1.2501893706643918,1.2508468707035485,106422
2005-06-29,1.2508468707035485,1.2520530179984908,1.2478280216156163,1.2500290836457577,133975
2005-06-30,1.2500290836457577,1.2537676602826309,1.2494366572044209,1.2510614270189098,119793
2005-07-01,1.2510614270189098,1.2546404885004532,1.2503532307671068,1.2522351355522756,117315
2005-07-04,1.2522351355522756,1.252880548474427,1.25000480570632,1.2503475290632156,118009
2005-07-05,1.2503475290632156,1.251171682294308,1.242907321168926,1.2435316507493672,136631
2005-07-06,1.2435316507493672,1.2437046075399083,1.2401995301224955,1.2433547750198282,129647
2005-07-07,1.2433547750198282,1.246767110710914,1.2408278179651682,1.2463103005394904,116127
2005-07-08,1.2463103005394904,1.24683478545334,1.2437397420731318,1.2451880014036922,109503
2005-07-11,1.2451880014036922,1.2493670486202386,1.2449109983474165,1.248410417866516,122729
2005-07-12,1.248410417866516,1.252029330895716,1.2482946039291052,1.2499169168665727,125590
2005-07-13,1.2499169168665727,1.2512969536170395,1.2473680481714908,1.250378401599173,119156
2005-07-14,1.250378401599173,1.2540598956989728,1.2501050679749257,1.2527892114839785,130216
2005-07-15,1.2527892114839785,1.255733707091908,1.2516867065485766,1.2529629184187605,114901
2005-07-18,1.2529629184187605,1.2526526340864492,1.2483245704442243,1.251613483017074,128002
2005-07-19,1.251613483017074,1.255028069811048,1.250149090525979,1.253237395040586,125382
2005-07-20,1.253237395040586,1.2565106286455987,1.251869594728522,1.2562960556061382,157734
2005-07-21,1.2562960556061382,1.2593460225773416,1.2535366239975196,1.2548444574066329,129037
2005-07-22,1.2548444574066329,1.2578555907268838,1.253156580069695,1.25512571074518,143245
2005-07-25,1.25512571074518,1.2555204984030095,1.251241713665849,1.2535958480272664,125055
2005-07-26,1.2535958480272664,1.25481327816992,1.2500714266308348,1.2517493036683789,112737
2005-07-27,1.2517493036683789,1.2567421035655266,1.2498853189480383,1.254667716805018,151186
2005-07-28,1.254667716805018,1.2575045138991388,1.2522553464492905,1.2564291937821754,120031
2005-07-29,1.2564291937821754,1.2599712770517002,1.254003128381077,1.2588525446186904,130209
2005-08-01,1.2588525446186904,1.2599973081805194,1.2576079290018989,1.25802979062096,124979
2005-08-02,1.25802979062096,1.259729311762207,1.255643124864091,1.2561879121191055,134229
2005-08-03,1.2561879121191055,1.2592589802038028,1.255664703780724,1.2591368380958536,125676
2005-08-04,1.2591368380958536,1.2652443026741094,1.2581957512866189,1.26446339534195,131671
2005-08-05,1.26446339534195,1.2679201571444951,1.26310156582894,1.2671270060036233,124682
2005-08-08,1.2671270060036233,1.2690758634352466,1.262592420004572,1.2633779805054133,113212
2005-08-09,1.2633779805054133,1.263507882509785,1.2594893875601,1.2620896608943872,114210
2005-08-10,1.2620896608943872,1.2631340712189516,1.2550752449331324,1.2563380535303557,114283
2005-08-11,1.2563380535303557,1.2568318232644522,1.2487701195207923,1.2491057321644632,102985
2005-08-12,1.2491057321644632,1.2493207071736567,1.2468786295854908,1.2473882778191026,115786
2005-08-15,1.2473882778191026,1.2489749709329476,1.24429079802531,1.2450318229945887,97652
2005-08-16,1.2450318229945887,1.2463937613229146,1.241141427375008,1.2412872599516709,123992
2005-08-17,1.2412872599516709,1.2450939291388143,1.2404874080343506,1.2431417686853574,140864
2005-08-18,1.2431417686853574,1.2464206160203983,1.2417605225863286,1.245729830766407,132780
2005-08-19,1.245729830766407,1.2466157385615453,1.2431856705018944,1.2454428774954558,147391
2005-08-22,1.2454428774954558,1.2520452671339288,1.2446496896955588,1.2513383922219796,112445
2005-08-23,1.2513383922219796,1.2518705796298282,1.244231127267887,1.244466461567829,139162
2005-08-24,1.244466461567829,1.2450978995652682,1.2407805271519392,1.242237128299119,119644
2005-08-25,1.242237128299119,1.2427657451398535,1.2388458172553145,1.2416176324864696,122738
2005-08-26,1.2416176324864696,1.2442266032486298,1.2390205401766372,1.23947569266029,125494
2005-08-29,1.23947569266029,1.2427949935768634,1.2391331525066605,1.2413472209044605,102166
2005-08-30,1.2413472209044605,1.2437519160926809,1.2399231803580073,1.2412550685306991,131356
2005-08-31,1.2412550685306991,1.2454808979769971,1.239961963155946,1.2434858992039162,111502
2005-09-01,1.2434858992039162,1.2445183851374113,1.239961537655209,1.2405282477863384,120443
2005-09-02,1.2405282477863384,1.2425848477976773,1.2368458069200992,1.2373500825597843,96142
2005-09-05,1.2373500825597843,1.2379069788112886,1.2300937328830432,1.2315531770461048,113608
2005-09-06,1.2315531770461048,1.2329739252542773,1.229992933996881,1.2322432803837096,128387
2005-09-07,1.2322432803837096,1.234959866887235,1.2317692006966257,1.2327224888228814,130590
2005-09-08,1.2327224888228814,1.2326551369703544,1.2281922138036907,1.2303920010736136,128396
2005-09-09,1.2303920010736136,1.2298440743752883,1.2238894437558454,1.225088807967937,120948
2005-09-12,1.225088807967937,1.227359141210183,1.2239693824097038,1.2267868100602657,142071
2005-09-13,1.2267868100602657,1.2268767401902918,1.221958360960936,1.2246967299046203,115235
2005-09-14,1.2246967299046203,1.2248892765514858,1.220791811618495,1.2222100185238645,121858
2005-09-15,1.2222100185238645,1.2241657188850272,1.220151540815105,1.2213684148997557,135343
2005-09-16,1.2213684148997557,1.2217805000289492,1.2151344248909273,1.2166005287420016,117613
2005-09-19,1.2166005287420016,1.218070873081676,1.213998078676948,1.2179843419841978,112633
2005-09-20,1.2179843419841978,1.2216574256353565,1.216858111626178,1.219081400435228,112273
2005-09-21,1.219081400435228,1.2210467507732183,1.2156381549677475,1.2171402469379862,119915
2005-09-22,1.2171402469379862,1.2192476601346522,1.214048094251759,1.2182706253081772,131738
2005-09-23,1.2182706253081772,1.22028347235436,1.2174549508395702,1.218974234801704,137983
2005-09-26,1.218974234801704,1.2203719117609928,1.217703399711544,1.219310934076471,135133
2005-09-27,1.219310934076471,1.2232899259847,1.2185742283611405,1.222194886926043,92742
2005-09-28,1.222194886926043,1.222883522475549,1.2198754334032356,1.2207102535740382,94029
2005-09-29,1.2207102535740382,1.2215757443101036,1.2156343902806923,1.2189265407944538,96990
2005-09-30,1.2189265407944538,1.2195018198077223,1.216732871761641,1.2191281054696894,131274
2005-10-03,1.2191281054696894,1.2195459439347816,1.2162583177409014,1.2175534053148165,134178
2005-10-04,1.2175534053148165,1.2234548596958927,1.217240707214902,1.2207280760093275,137080
2005-10-05,1.2207280760093275,1.222553617270571,1.2193792676691295,1.221649389609032,132671
2005-10-06,1.221649389609032,1.2221677433977272,1.219311802751728,1.2199559163335645,108653
2005-10-07,1.2199559163335645,1.220762027465408,1.2136377841002384,1.2140976008871065,123684
2005-10-10,1.2140976008871065,1.214573965832592,1.211045851759453,1.2115255117922046,128040
2005-10-11,1.2115255117922046,1.21325602817023,1.2103312007217877,1.2104831453492355,145916
2005-10-12,1.2104831453492355,1.2143482178534146,1.2085376077222991,1.21349609519575,132321
2005-10-13,1.21349609519575,1.2139905843579222,1.2105200059496628,1.2115473897758438,106100
2005-10-14,1.2115473897758438,1.2114975682454894,1.2079664964928425,1.2109934508326496,136991
2005-10-17,1.2109934508326496,1.2149231598075692,1.2111061850624811,1.2137034898908552,121205
2005-10-18,1.2137034898908552,1.2167011616069352,1.2135519037387392,1.2151574762043436,120009
2005-10-19,1.2151574762043436,1.2170427031476876,1.2118711929875952,1.2147780927266103,125471
2005-10-20,1.2147780927266103,1.2176110215518512,1.2141885796072656,1.216184357585793,119498
2005-10-21,1.216184357585793,1.2208261218413696,1.2139344504940517,1.2202584867974575,111490
2005-10-24,1.2202584867974575,1.2210275414157892,1.2178978488928132,1.2181892828943035,100085
2005-10-25,1.2181892828943035,1.22156299701301,1.2179219035797235,1.2213735542465107,112417
2005-10-26,1.2213735542465107,1.2214687762140903,1.21818394774319,1.2203389676639815,131323
2005-10-27,1.2203389676639815,1.2212142856412782,1.2176950884650215,1.2189207713816077,113687
2005-10-28,1.2189207713816077,1.2226100740690335,1.217681808057188,1.221658675104124,125113
2005-10-31,1.221658675104124,1.2218354597855567,1.2171842224889473,1.21799634751013,114431
2005-11-01,1.21799634751013,1.219333176152425,1.2156120642265562,1.2188919828279356,113282
2005-11-02,1.2188919828279356,1.2211829103662597,1.2166368453384613,1.221082309962082,113023
2005-11-03,1.221082309962082,1.223532946395019,1.2192348631446284,1.2192424693189157,100657
2005-11-04,1.2192424693189157,1.2232931011352013,1.2174450209734662,1.2198729942127309,120552
2005-11-07,1.2198729942127309,1.2246884435612178,1.2188707336469855,1.2245198568920337,109188
2005-11-08,1.2245198568920337,1.225332937144228,1.2210839346695692,1.2222924937583046,126751
2005-11-09,1.2222924937583046,1.2227343114659812,1.2165308891978637,1.2175523378143112,128166
2005-11-10,1.2175523378143112,1.219060995671599,1.213206857527746,1.2141357096984944,144136
2005-11-11,1.2141357096984944,1.21614311863272,1.2105869116941137,1.211489981273307,127751
2005-11-14,1.211489981273307,1.2113642614945863,1.2066882816065887,1.2074350812342187,123958
2005-11-15,1.2074350812342187,1.208665872714117,1.2043677616354242,1.205712482960838,121308
2005-11-16,1.205712482960838,1.2070059621186884,1.2042939126013652,1.2060880716626765,126527
2005-11-17,1.2060880716626765,1.2087120151462631,1.2049582853984608,1.207798318270123,130510
2005-11-18,1.207798318270123,1.2078938816804738,1.2045181991796912,1.204708273136838,106764
2005-11-21,1.204708273136838,1.2082753436279254,1.2027689148142025,1.2078514469465675,115151
2005-11-22,1.2078514469465675,1.2097934902048155,1.2064245401569504,1.2097322411643996,98363
2005-11-23,1.2097322411643996,1.2102767462234771,1.2054220519672345,1.2080478396208707,134041
2005-11-24,1.2080478396208707,1.2105183704725782,1.2070181891552971,1.2084104325537088,132218
2005-11-25,1.2084104325537088,1.2103653006965944,1.205601710715086,1.2090757410526063,106007
2005-11-28,1.2090757410526063,1.2107765980151872,1.206532578070962,1.208812594637251,106046
2005-11-29,1.208812594637251,1.2119400943905927,1.2073102202739163,1.2090247780888042,139268
2005-11-30,1.2090247780888042,1.2083676509263352,1.2053611557940709,1.206608710416328,104501
2005-12-01,1.206608710416328,1.2079947811539855,1.2034779182456006,1.2041002418360534,114212
2005-12-02,1.2041002418360534,1.2058712760297494,1.200172517744626,1.2010196501268844,94504
2005-12-05,1.2010196501268844,1.2017476050359104,1.1986047744773292,1.200496804093146,112380
2005-12-06,1.200496804093146,1.2020176163960787,1.1978233027443224,1.2001154150771978,135028
2005-12-07,1.2001154150771978,1.203304047495687,1.198607060991097,1.1999323502453736,120463
2005-12-08,1.1999323502453736,1.2000820475043912,1.1926465924402645,1.1937062169325765,127054
2005-12-09,1.1937062169325765,1.1932682647465551,1.1874956662614002,1.1881610228830313,119427
2005-12-12,1.1881610228830313,1.1882651793902423,1.1827068111152468,1.1835049658759158,120068
2005-12-13,1.1835049658759158,1.183814117437997,1.1802577944861554,1.1812606699879142,115547
2005-12-14,1.1812606699879142,1.1833261251107787,1.1796868190687426,1.1810521928749986,102646
2005-12-15,1.1810521928749986,1.186327486023132,1.180071157185144,1.184691569036452,121450
2005-12-16,1.184691569036452,1.1901126138238929,1.184948809471757,1.1888156766703288,105018
2005-12-19,1.1888156766703288,1.1911451879319324,1.1860376328193012,1.1906827801500748,118032
2005-12-20,1.1906827801500748,1.191532376891843,1.185921004407345,1.1901222283472188,115340
2005-12-21,1.1901222283472188,1.1969166786726355,1.1883088104360031,1.1956482750122142,141547
2005-12-22,1.1956482750122142,1.197629734241798,1.1944679601126016,1.19635248742942,97225
2005-12-23,1.19635248742942,1.1964809801745349,1.193833890527647,1.1946243652348767,110690
2005-12-26,1.1946243652348767,1.1969332754884583,1.194090674047283,1.195817369231264,131009
2005-12-27,1.195817369231264,1.196525541179564,1.1923299550507285,1.1940323557679229,119429
2005-12-28,1.1940323557679229,1.1963034257324032,1.1919276764743638,1.1951771994690903,140163
2005-12-29,1.1951771994690903,1.1955292118496956,1.19073445135389,1.1913513414748558,124062
2005-12-30,1.1913513414748558,1.1938796947973809,1.1902569020087783,1.1909150094421046,116576
2006-01-02,1.1909150094421046,1.1934059997896544,1.1898087164854203,1.192083360774008,118490
2006-01-03,1.192083360774008,1.1942422607368333,1.1913699073140989,1.1927928273588804,121066
2006-01-04,1.1927928273588804,1.195279108898397,1.1915594217026744,1.192960914806029,131244
2006-01-05,1.192960914806029,1.1974181988705728,1.1913467357136138,1.1958726550955157,81206
2006-01-06,1.1958726550955157,1.196812833069725,1.192015326835628,1.1922779889425457,127550
2006-01-09,1.1922779889425457,1.1970883524997051,1.1925047415768315,1.195757283024478,78139
2006-01-10,1.195757283024478,1.1971169409683509,1.1926937848818229,1.1943107360053469,154473
2006-01-11,1.1943107360053469,1.1950848426014915,1.1918083803855093,1.192233111941334,117904
2006-01-12,1.192233111941334,1.191663647021589,1.18446990927944,1.1845655868178822,124904
2006-01-13,1.1845655868178822,1.1847582986691922,1.179248801457796,1.1801858115219774,122962
2006-01-16,1.1801858115219774,1.182630385356256,1.1778590243055962,1.1812220652063543,120834
2006-01-17,1.1812220652063543,1.1851144150993569,1.180827860227042,1.18363806309564,118131
2006-01-18,1.18363806309564,1.186047383606754,1.18018573128724,1.1815673698441718,139831
2006-01-19,1.1815673698441718,1.1866606190912783,1.1796681296075948,1.1865331220275752,137748
2006-01-20,1.1865331220275752,1.1867481130699038,1.1823131130915996,1.1836008689173287,101371
2006-01-23,1.1836008689173287,1.1862804091469823,1.181392670606249,1.1838661072884595,139404
2006-01-24,1.1838661072884595,1.184045833330843,1.1791717066289291,1.180199513469661,112846
2006-01-25,1.180199513469661,1.1823539427619612,1.1784755134051224,1.1792822948097124,139912
2006-01-26,1.1792822948097124,1.1810576614184305,1.1767889965270235,1.177197505810817,106669
2006-01-27,1.177197505810817,1.1793855737552028,1.1746291651992478,1.179119973825106,117324
2006-01-30,1.179119973825106,1.1823996530666907,1.177786019465571,1.1786350322872043,113173
2006-01-31,1.1786350322872043,1.1786357476044345,1.1742486871639262,1.1781716174236925,140790
2006-02-01,1.1781716174236925,1.1794593909459048,1.1760650817109448,1.177803498340633,131235
2006-02-02,1.177803498340633,1.1812670417174034,1.1744431810018032,1.1748277648804766,110806
2006-02-03,1.1748277648804766,1.175366426648156,1.1708154172313736,1.1711553246713096,119040
2006-02-06,1.1711553246713096,1.1754143309191585,1.1699228672082536,1.1748494616359604,98150
2006-02-07,1.1748494616359604,1.1761933542994447,1.169719690344223,1.1709158764959693,116555
2006-02-08,1.1709158764959693,1.1736238822570764,1.1668975344997257,1.1681340930696016,125748
2006-02-09,1.1681340930696016,1.170807565985306,1.1654459714904322,1.1674656468479356,131778
2006-02-10,1.1674656468479356,1.168807416963117,1.1644121201547497,1.1676716819555113,140773
2006-02-13,1.1676716819555113,1.1731246752420537,1.1677456876120045,1.1709805606847792,120322
2006-02-14,1.1709805606847792,1.1750704644422874,1.1688510949957382,1.1745046283299527,102200
2006-02-15,1.1745046283299527,1.1792450305319748,1.175132715336795,1.1763616988370895,123528
2006-02-16,1.1763616988370895,1.1781182839129245,1.1724887666433532,1.173402574255448,120223
2006-02-17,1.173402574255448,1.178170660530627,1.17311020313928,1.1777755383241515,103780
2006-02-20,1.1777755383241515,1.1787111421013188,1.1751338500300783,1.175787891420526,143060
2006-02-21,1.175787891420526,1.1765614493328564,1.1723702237516256,1.1733307110937723,109394
2006-02-22,1.1733307110937723,1.1751250133206688,1.170844527934222,1.172117371819797,132498
2006-02-23,1.172117371819797,1.1724515310628494,1.1687752996027767,1.1717506606462764,105688
2006-02-24,1.1717506606462764,1.1731744248491938,1.1697862271431827,1.1718115260175288,107218
2006-02-27,1.1718115260175288,1.1735559717225568,1.1704714389328892,1.1723786135518075,122902
2006-02-28,1.1723786135518075,1.174016431975537,1.1710044768323482,1.1715967945876944,134918
2006-03-01,1.1715967945876944,1.1761382911659664,1.1690035114145805,1.1745084645307209,124220
2006-03-02,1.1745084645307209,1.1787190721556369,1.1743110696134265,1.17519265767287,119159
2006-03-03,1.17519265767287,1.1747583080802153,1.1697986385238692,1.1701675611636413,119730
2006-03-06,1.1701675611636413,1.176677921353,1.1697153838119654,1.175098779580769,106925
2006-03-07,1.175098779580769,1.1778459219246638,1.1719984506600012,1.1770381538677122,112966
2006-03-08,1.1770381538677122,1.1798055743831903,1.1741722777327075,1.1791432249115557,127486
2006-03-09,1.1791432249115557,1.181460001467522,1.1770266531356586,1.1802367360613173,122944
2006-03-10,1.1802367360613173,1.180847272433332,1.1746508187714002,1.1750760632195687,134433
2006-03-13,1.1750760632195687,1.1795057244503262,1.174250509335183,1.17461658196995,119948
2006-03-14,1.17461658196995,1.176827759105788,1.173972076854484,1.1760943453101202,130567
2006-03-15,1.1760943453101202,1.1772064279266905,1.172770352786887,1.1752637801838144,140379
2006-03-16,1.1752637801838144,1.1758219185869734,1.1719918421704791,1.1723481260615396,127593
2006-03-17,1.1723481260615396,1.1753115145272637,1.1699076939275703,1.174114294795161,136285
2006-03-20,1.174114294795161,1.173852638460438,1.1674990949104906,1.1703086755565872,117922
2006-03-21,1.1703086755565872,1.1709843356217646,1.1674275826952831,1.167699268023982,127665
2006-03-22,1.167699268023982,1.1679811262239137,1.1637403505755453,1.1661903984780513,100834
2006-03-23,1.1661903984780513,1.1685299475579285,1.1641233294843838,1.1657442471565476,110551
2006-03-24,1.1657442471565476,1.167366898669108,1.1606928329778083,1.161433257803089,143521
2006-03-27,1.161433257803089,1.1658552580522237,1.1609941650698603,1.1653994438608224,106595
2006-03-28,1.1653994438608224,1.1670768256674122,1.1638528653416025,1.163997048074346,114291
2006-03-29,1.163997048074346,1.1691304261246995,1.1637273834721042,1.1690774077099222,125193
2006-03-30,1.1690774077099222,1.1736486498192364,1.1681171474741978,1.1731536963452196,106318
2006-03-31,1.1731536963452196,1.1753347518964412,1.1716099252082226,1.1724803468331115,111326
2006-04-03,1.1724803468331115,1.1733580547578903,1.1706023300394075,1.171900856893246,122569
2006-04-04,1.171900856893246,1.1746488199202574,1.1716141709152286,1.1737667721888705,124004
2006-04-05,1.1737667721888705,1.1750091939076326,1.1700629143082335,1.1730051766937175,131221
2006-04-06,1.1730051766937175,1.176438420125146,1.173122719731238,1.1733796354112802,144557
2006-04-07,1.1733796354112802,1.1743915805880671,1.1708776627511546,1.1724012744254462,114916
2006-04-10,1.1724012744254462,1.1768020348863195,1.1725681032830395,1.174389782979912,136865
2006-04-11,1.174389782979912,1.178567153968466,1.1734020782046322,1.1780102722129606,129311
2006-04-12,1.1780102722129606,1.1798801826348808,1.17670806930001,1.179218421944733,121481
2006-04-13,1.179218421944733,1.1866291634571051,1.179723517914972,1.186543279356399,102195
2006-04-14,1.186543279356399,1.187608681766735,1.1798678337410755,1.1830889782388667,112319
2006-04-17,1.1830889782388667,1.183614363546577,1.1788362097577605,1.179429564186302,142384
2006-04-18,1.179429564186302,1.1813531012411889,1.1787472356460142,1.1789709844312155,101985
2006-04-19,1.1789709844312155,1.1821730910148502,1.1762672174422637,1.1763544922748723,113713
2006-04-20,1.1763544922748723,1.1757319924275516,1.172588222670919,1.1744443345319633,104816
2006-04-21,1.1744443345319633,1.1744250549520294,1.1712834136350732,1.1717840585238446,112685
2006-04-24,1.1717840585238446,1.1773819314864165,1.1714437893423135,1.1753088658488209,117039
2006-04-25,1.1753088658488209,1.1803580780515497,1.174479686061497,1.17656688190289,130833
2006-04-26,1.17656688190289,1.1769652053520243,1.1730801843853682,1.1751160986553546,127028
2006-04-27,1.1751160986553546,1.1768599064725649,1.1734455687841647,1.175090619148181,104721
2006-04-28,1.175090619148181,1.1768055146220155,1.1732144316085418,1.1757061903665833,139477
2006-05-01,1.1757061903665833,1.1801756665406773,1.1724346520270683,1.1792770481263937,118139
2006-05-02,1.1792770481263937,1.1827572192281284,1.1787835926909878,1.1821139181477682,123035
2006-05-03,1.1821139181477682,1.1846711326217776,1.181628222990447,1.182236371610505,115984
2006-05-04,1.182236371610505,1.1857858504900365,1.182388157123046,1.183157154310662,119720
2006-05-05,1.183157154310662,1.185037823590916,1.1816266303396004,1.184703538671026,147232
2006-05-08,1.184703538671026,1.1869142164375106,1.1837232328250922,1.1841305272618878,118482
2006-05-09,1.1841305272618878,1.1851768623129595,1.18159822798766,1.18378785374119,121782
2006-05-10,1.18378785374119,1.1840842067657456,1.1801586715681809,1.1819314995456365,127331
2006-05-11,1.1819314995456365,1.183231482306193,1.180165512117327,1.1817844793272474,116692
2006-05-12,1.1817844793272474,1.1853211235719214,1.181637486666539,1.1848610853806354,135187
2006-05-15,1.1848610853806354,1.1856664260325809,1.1811040396219836,1.1840102628474176,121184
2006-05-16,1.1840102628474176,1.1882653233501863,1.183637887203986,1.187460386220226,123557
2006-05-17,1.187460386220226,1.1885234669268432,1.1840217531415718,1.184492185271773,100747
2006-05-18,1.184492185271773,1.1881827759091534,1.1847423666392651,1.1853891556946663,155267
2006-05-19,1.1853891556946663,1.1889100337823764,1.1844679434250658,1.1871281162196707,139624
2006-05-22,1.1871281162196707,1.1889235339762982,1.1838980231512786,1.1880261893277897,120929
2006-05-23,1.1880261893277897,1.1916236026349962,1.1872065085900183,1.1900940377327276,147657
2006-05-24,1.1900940377327276,1.1954628321800818,1.191106100351811,1.194288776939065,121128
2006-05-25,1.194288776939065,1.1974572775923813,1.1928594391124565,1.19460210448625,133127
2006-05-26,1.19460210448625,1.1974296282434058,1.194037342549182,1.1970949762247336,121179
2006-05-29,1.1970949762247336,1.2002028837744054,1.1958699975381906,1.199327827356958,104821
2006-05-30,1.199327827356958,1.200009689058597,1.1942587331234995,1.1951820170143144,123972
2006-05-31,1.1951820170143144,1.1992719211457663,1.1951272930875576,1.1962806791545522,95458
2006-06-01,1.1962806791545522,1.1979948463059948,1.1943918581613318,1.1946022265905385,124579
2006-06-02,1.1946022265905385,1.1953464667132772,1.1900849154671391,1.1902748700324055,115937
2006-06-05,1.1902748700324055,1.190995467580533,1.188558953700838,1.1896402428274946,116570
2006-06-06,1.1896402428274946,1.1905960819966537,1.187210097591124,1.187856718232449,119466
2006-06-07,1.187856718232449,1.1903705155555662,1.185930364950274,1.1892541047213787,115822
2006-06-08,1.1892541047213787,1.1910214458854014,1.1870102904019622,1.19015210871238,143369
2006-06-09,1.19015210871238,1.194801261842244,1.1896897371601225,1.19441763058922,109819
2006-06-12,1.19441763058922,1.1962183383261198,1.190812793106491,1.1923132527871407,117552
2006-06-13,1.1923132527871407,1.1948614679468703,1.191723346432476,1.1929600549695716,126689
2006-06-14,1.1929600549695716,1.193786008700377,1.190077643400699,1.1920419586180484,133907
2006-06-15,1.1920419586180484,1.1966305769110372,1.1908513288992826,1.1962488096179356,129113
2006-06-16,1.1962488096179356,1.202111217925086,1.1937378121384656,1.2018974595640606,89357
2006-06-19,1.2018974595640606,1.2038439954724975,1.199552937460322,1.202794378789664,113529
2006-06-20,1.202794378789664,1.2059862262356775,1.200274120337041,1.2039594360337245,117524
2006-06-21,1.2039594360337245,1.2050420722760915,1.2008960353700104,1.2014700315166065,125502
2006-06-22,1.2014700315166065,1.2025924003160642,1.1977383573571134,1.199261555303711,142088
2006-06-23,1.199261555303711,1.200273957416172,1.1944566607340072,1.19489476295901,105571
2006-06-26,1.19489476295901,1.1961721353269554,1.1914281088083418,1.1927708663935883,100175
2006-06-27,1.1927708663935883,1.1940212389506395,1.190414705254852,1.1915888497945362,132775
2006-06-28,1.1915888497945362,1.194186635129016,1.189455194623828,1.1935947984282536,99146
2006-06-29,1.1935947984282536,1.1946980654226025,1.18871343333082,1.1911233346718135,115388
2006-06-30,1.1911233346718135,1.1937703694937531,1.190981920186197,1.1929436347605833,104042
2006-07-03,1.1929436347605833,1.1963096557087909,1.1910404293884869,1.1910635546136286,112302
2006-07-04,1.1910635546136286,1.1945398550580584,1.190284526075206,1.1934763269171342,108975
2006-07-05,1.1934763269171342,1.1950211903246528,1.192211299012956,1.193714192296925,141249
2006-07-06,1.193714192296925,1.194768846199751,1.1901172244899167,1.19110463831678,139866
2006-07-07,1.19110463831678,1.193285449781708,1.1894032451080545,1.1915917390938704,120214
2006-07-10,1.1915917390938704,1.1933868712345557,1.189916066643929,1.1925065054548964,136877
2006-07-11,1.1925065054548964,1.197684177282465,1.1920457269760223,1.1961680794517178,97259
2006-07-12,1.1961680794517178,1.1978234617779704,1.19483488836417,1.1957767269282729,129539
2006-07-13,1.1957767269282729,1.1983207349138447,1.1945552508192183,1.194800787249489,96792
2006-07-14,1.194800787249489,1.1945311965030276,1.1916137334320815,1.1934035897843325,139189
2006-07-17,1.1934035897843325,1.194299438323687,1.19049269889137,1.191892159725736,124098
2006-07-18,1.191892159725736,1.1945113604987196,1.1904849667590012,1.1923880775650662,118027
2006-07-19,1.1923880775650662,1.1965089235931563,1.1921232924066036,1.196083620072647,145885
2006-07-20,1.196083620072647,1.1966930638995374,1.1925592145931505,1.1944640961609674,114483
2006-07-21,1.1944640961609674,1.1967247891523152,1.1931595090481004,1.1936819789150674,114419
2006-07-24,1.1936819789150674,1.1942507786826233,1.1910904485291292,1.19168969998481,114071
2006-07-25,1.19168969998481,1.1930269934859203,1.1896879014302126,1.1908662762908273,104071
2006-07-26,1.1908662762908273,1.1915408220114465,1.1864547106199117,1.1885199347304944,132809
2006-07-27,1.1885199347304944,1.1902383400586778,1.1871985820968791,1.1887052516139611,110818
2006-07-28,1.1887052516139611,1.1897285929938504,1.184029602039815,1.1863180702354943,132335
2006-07-31,1.1863180702354943,1.18686545197477,1.1837657542217228,1.185909507817992,115825
2006-08-01,1.185909507817992,1.1878696867273066,1.1850913924467228,1.1858836181160504,97508
2006-08-02,1.1858836181160504,1.191039778281506,1.1849124806954754,1.190717156967536,69865
2006-08-03,1.190717156967536,1.1921706937867986,1.1893749652557868,1.1898201174288432,145112
2006-08-04,1.1898201174288432,1.192123888588536,1.1878906124340614,1.189750900165962,120228
2006-08-07,1.189750900165962,1.1918873517231408,1.1880642694260255,1.189489095155832,95680
2006-08-08,1.189489095155832,1.1896254732048377,1.1857999172884253,1.186762253611356,127899
2006-08-09,1.186762253611356,1.1916177423006415,1.1862133191166395,1.190971400009131,125257
2006-08-10,1.190971400009131,1.1920317373796558,1.188600062405844,1.1889014172552466,143735
2006-08-11,1.1889014172552466,1.1890853006539792,1.1866578304891189,1.1870386292418238,112615
2006-08-14,1.1870386292418238,1.1894743182683585,1.185429518540287,1.1860751708657582,131617
2006-08-15,1.1860751708657582,1.1876979654319526,1.1844327842981366,1.1849916767957895,116791
2006-08-16,1.1849916767957895,1.185241090168975,1.1779097178527385,1.1782302202459778,123447
2006-08-17,1.1782302202459778,1.1785941659579122,1.1752813955449564,1.177471769468023,141239
2006-08-18,1.177471769468023,1.1829215076758366,1.1771745401636664,1.182559995706462,107844
2006-08-21,1.182559995706462,1.1852814674953518,1.1807017429826512,1.1817902925820918,100745
2006-08-22,1.1817902925820918,1.183227539026516,1.1791325257659606,1.1808900641590625,107079
2006-08-23,1.1808900641590625,1.1825172130657038,1.1801544928101162,1.181620149206353,128297
2006-08-24,1.181620149206353,1.1856348747080625,1.182057744564923,1.1825157227746923,131402
2006-08-25,1.1825157227746923,1.185777750272314,1.180793965481336,1.185688117530402,93119
2006-08-28,1.185688117530402,1.1884214446181849,1.1837698976382869,1.1847072594227237,111985
2006-08-29,1.1847072594227237,1.1874337124269372,1.1839205328228457,1.1844335019941483,109271
2006-08-30,1.1844335019941483,1.1875512330849411,1.183480088138302,1.1860908423028729,118277
2006-08-31,1.1860908423028729,1.188036368412895,1.1852945903481475,1.1862570150078753,97298
2006-09-01,1.1862570150078753,1.1891726825035032,1.1867623622195336,1.1880788371851976,117072
2006-09-04,1.1880788371851976,1.1892697424860637,1.186421661819146,1.1869832754462502,133446
2006-09-05,1.1869832754462502,1.1893121536457918,1.1856220820185626,1.1892646500792308,115960
2006-09-06,1.1892646500792308,1.189441254956513,1.1847497018056763,1.1864140428025949,119597
2006-09-07,1.1864140428025949,1.186891283084441,1.184074363286539,1.1843150900018742,136411
2006-09-08,1.1843150900018742,1.1850883814591382,1.179147885909838,1.1805857483919693,120592
2006-09-11,1.1805857483919693,1.183412601287672,1.1792927681133978,1.1797764978888117,119370
2006-09-12,1.1797764978888117,1.1819706721767154,1.1783964605845345,1.1793060964152875,114132
2006-09-13,1.1793060964152875,1.1853071411843323,1.179228578234483,1.1848980023251243,123582
2006-09-14,1.1848980023251243,1.1849167480524874,1.1800106133998158,1.181236640291653,115825
2006-09-15,1.181236640291653,1.183501107876007,1.1808509390741773,1.182017766787125,113246
2006-09-18,1.182017766787125,1.1831688969591128,1.1791174609491633,1.1820536654519065,118905
2006-09-19,1.1820536654519065,1.1829954324111676,1.1789177950520564,1.1790372239367095,138615
2006-09-20,1.1790372239367095,1.1779918212259404,1.171367133083302,1.172267416002155,129507
2006-09-21,1.172267416002155,1.177997375013925,1.1692650591136324,1.177574310714383,120054
2006-09-22,1.177574310714383,1.1778747130237175,1.1742387596915034,1.1753657120578629,116204
2006-09-25,1.1753657120578629,1.176433949694105,1.1737757240882378,1.17442637462779,122543
2006-09-26,1.17442637462779,1.1747825162208283,1.1701116239641365,1.1723747453582178,105457
2006-09-27,1.1723747453582178,1.172543147401078,1.1683963169764118,1.1704116412529233,149978
2006-09-28,1.1704116412529233,1.172036728734713,1.1690888689961154,1.171340469429012,156331
2006-09-29,1.171340469429012,1.1708496062771363,1.1640058454330502,1.1640373650858031,105809
2006-10-02,1.1640373650858031,1.1655298417917714,1.160434575311822,1.1607281265666411,129140
2006-10-03,1.1607281265666411,1.16387704779433,1.1593748198092482,1.1595747535877996,117251
2006-10-04,1.1595747535877996,1.1641083139252562,1.159735585363468,1.1638414334171543,122240
2006-10-05,1.1638414334171543,1.1654155957405166,1.1621913670339974,1.164285478826342,122660
2006-10-06,1.164285478826342,1.165780962819312,1.162612737477464,1.1631063526598284,89189
2006-10-09,1.1631063526598284,1.16575703779234,1.1616662073410942,1.16270020395468,129531
2006-10-10,1.16270020395468,1.1650954117266743,1.1602767339250115,1.1639424557933171,116795
2006-10-11,1.1639424557933171,1.1639106469115597,1.1601665618959267,1.160952987936521,102151
2006-10-12,1.160952987936521,1.164584564555062,1.160384361967156,1.1628137858320695,106537
2006-10-13,1.1628137858320695,1.1626267142021438,1.158602132275593,1.160843496056312,143611
2006-10-16,1.160843496056312,1.1640696408931948,1.1595566859960529,1.161510757988515,121824
2006-10-17,1.161510757988515,1.1620833988893042,1.1587454417306435,1.1606193183273792,112036
2006-10-18,1.1606193183273792,1.1653449698230471,1.160596976047334,1.16412230114283,116234
2006-10-19,1.16412230114283,1.1666822392360128,1.1627692432443286,1.1662085325469038,127375
2006-10-20,1.1662085325469038,1.1685348687489736,1.162002955694509,1.1677141567620302,118941
2006-10-23,1.1677141567620302,1.1699241043417723,1.165143976548534,1.1654104534808671,116407
2006-10-24,1.1654104534808671,1.1652377125670346,1.1596441218283546,1.1633892229559848,122595
2006-10-25,1.1633892229559848,1.1658817958823504,1.1620865452750666,1.164879277951672,127502
2006-10-26,1.164879277951672,1.1694739709625228,1.1656365797647428,1.165830917982832,121481
2006-10-27,1.165830917982832,1.1673531029068225,1.1628158816044356,1.163204030484006,96056
2006-10-30,1.163204030484006,1.1637905651694025,1.1612019160719866,1.1619890669649575,110573
2006-10-31,1.1619890669649575,1.1616863088020055,1.155542011298612,1.156352621862444,131322
2006-11-01,1.156352621862444,1.1581787769759782,1.1533927819562038,1.1578536105800068,104943
2006-11-02,1.1578536105800068,1.1591805941592863,1.153881316177606,1.1558188351363916,81669
2006-11-03,1.1558188351363916,1.1606936931499772,1.154699218330558,1.1601964353938212,129689
2006-11-06,1.1601964353938212,1.122022608891266,1.1560763074144815,1.160694310632107,135367
2006-11-07,1.160694310632107,1.1640260922247143,1.160691677438057,1.1624366690146588,107690
2006-11-08,1.1624366690146588,1.1642307068701223,1.1616245367852345,1.1618429630722786,105377
2006-11-09,1.1618429630722786,1.1652477884500554,1.160438558932123,1.1621741938451855,104056
2006-11-10,1.1621741938451855,1.1684108995865443,1.1617719132881872,1.1680384212858823,116382
2006-11-13,1.1680384212858823,1.1718746947113166,1.167030412851602,1.17083511584587,118185
2006-11-14,1.17083511584587,1.1717018910718104,1.1650600651452003,1.1664696685584992,132945
2006-11-15,1.1664696685584992,1.169358738855345,1.165443269489019,1.1688769462094233,130051
2006-11-16,1.1688769462094233,1.171259565974028,1.1676889967093085,1.1700073408853655,118972
2006-11-17,1.1700073408853655,1.1715672774879369,1.1681896691498035,1.171014773583429,130302
2006-11-20,1.171014773583429,1.1721874563862806,1.1662785330459136,1.1665813153332196,128428
2006-11-21,1.1665813153332196,1.1695289601136123,1.1650289486649448,1.166083273373216,113152
2006-11-22,1.166083273373216,1.169642185704859,1.1653039209866312,1.1684929920519898,116600
2006-11-23,1.1684929920519898,1.1690680843004613,1.1661449919873712,1.1662516353536998,129477
2006-11-24,1.1662516353536998,1.1678708207509594,1.1646113977808887,1.1648601889493306,119691
2006-11-27,1.1648601889493306,1.1658317046841635,1.1611634304354674,1.161486021826953,102876
2006-11-28,1.161486021826953,1.1632988413520935,1.1592537004527137,1.1627227815635437,124275
2006-11-29,1.1627227815635437,1.1672951532365696,1.1614172030225076,1.1643391083618588,110959
2006-11-30,1.1643391083618588,1.164478161835785,1.157062284396433,1.1577650233091994,124540
2006-12-01,1.1577650233091994,1.1603390946567904,1.1555701066399555,1.1573008387098958,115149
2006-12-04,1.1573008387098958,1.1586438391990272,1.1559495782439553,1.1579806428640156,109814
2006-12-05,1.1579806428640156,1.1605460603273503,1.156901870855503,1.1602297659235143,128962
2006-12-06,1.1602297659235143,1.1638008350500282,1.1603094364224886,1.163587317069766,119735
2006-12-07,1.163587317069766,1.166453305733289,1.1621384332847855,1.1651299207899943,147896
2006-12-08,1.1651299207899943,1.1675056064630078,1.1640113839804722,1.1661462661232862,125617
2006-12-11,1.1661462661232862,1.1695043016836777,1.1660379076720178,1.1684228048940235,103933
2006-12-12,1.1684228048940235,1.169998970491009,1.1665185327242191,1.1687260005218605,124931
2006-12-13,1.1687260005218605,1.1705872808672166,1.164363661214894,1.165503107927333,99744
2006-12-14,1.165503107927333,1.1698717409316517,1.165068469407602,1.1681150432092835,122840
2006-12-15,1.1681150432092835,1.1707937889818665,1.1675364774541728,1.1695145490372396,115643
2006-12-18,1.1695145490372396,1.1745760226057689,1.1687765207242942,1.1726088412520326,109324
2006-12-19,1.1726088412520326,1.172108059618513,1.168795926481344,1.1705320678163988,138747
2006-12-20,1.1705320678163988,1.1757328561485398,1.1688148280854374,1.175064737925083,105294
2006-12-21,1.175064737925083,1.1768515371347703,1.1716186750122113,1.1717581034391582,140262
2006-12-22,1.1717581034391582,1.1726916774861724,1.1686694691107944,1.1692581534948454,104837
2006-12-25,1.1692581534948454,1.1720691220097328,1.16917351575215,1.1710550076474964,107921
2006-12-26,1.1710550076474964,1.1728839740278798,1.1691530325696673,1.1709753416362467,147913
2006-12-27,1.1709753416362467,1.1718947963742083,1.16822748978726,1.1704372759349886,131857
2006-12-28,1.1704372759349886,1.17016200715412,1.1669460929658626,1.1680456721497223,132676
2006-12-29,1.1680456721497223,1.1706893538445822,1.1663133550678535,1.1688642738533166,127267
2007-01-01,1.1688642738533166,1.170084067086895,1.166852454626322,1.1671596836543043,128366
2007-01-02,1.1671596836543043,1.1698200443767337,1.1658434158704511,1.1675835595491608,117186
2007-01-03,1.1675835595491608,1.168586327087796,1.1640186000010264,1.1644509996082069,113491
2007-01-04,1.1644509996082069,1.1652185341345935,1.158366903970225,1.1585334913716916,121683
2007-01-05,1.1585334913716916,1.1625668038728705,1.1575814857562838,1.1617852279983252,134275
2007-01-08,1.1617852279983252,1.1657311252273137,1.1613470384803952,1.1647354663258127,104294
2007-01-09,1.1647354663258127,1.166707168730422,1.1621426138189976,1.1661632328129603,114688
2007-01-10,1.1661632328129603,1.170210927520065,1.1650937696783727,1.1675369037682095,128912
2007-01-11,1.1675369037682095,1.1691244464540445,1.165609396828958,1.167194780729834,130545
2007-01-12,1.167194780729834,1.1697890004862082,1.1654466171309446,1.1686646806231793,111025
2007-01-15,1.1686646806231793,1.1698446171377002,1.1666641174334484,1.1695718280465877,117893
2007-01-16,1.1695718280465877,1.171235108343304,1.168117140614611,1.1706117592127174,141870
2007-01-17,1.1706117592127174,1.1733288446010657,1.1693067687624925,1.1712859886068796,137437
2007-01-18,1.1712859886068796,1.173901272397842,1.1700898202897598,1.1716491176652175,129813
2007-01-19,1.1716491176652175,1.1736899088808082,1.1711491564247996,1.171853491657178,114975
2007-01-22,1.171853491657178,1.173684489641557,1.169592292665785,1.1699350964103812,130467
2007-01-23,1.1699350964103812,1.1711278018603348,1.1669015597857448,1.1675134417016673,120815
2007-01-24,1.1675134417016673,1.1680060808177677,1.1636778977311812,1.1643635665435834,133737
2007-01-25,1.1643635665435834,1.1672989626533792,1.1611483807758505,1.1623668864189691,133211
2007-01-26,1.1623668864189691,1.1657672076737644,1.1620395106958965,1.1644436610056743,136492
2007-01-29,1.1644436610056743,1.1671524996867828,1.164090503263434,1.165169827978871,107401
2007-01-30,1.165169827978871,1.1658770861132297,1.1591442369274112,1.1599305923694765,111263
2007-01-31,1.1599305923694765,1.1621529177698062,1.1578228758250182,1.1613792223204735,131887
2007-02-01,1.1613792223204735,1.1690101046246353,1.1614377459167469,1.1681714091081823,127663
2007-02-02,1.1681714091081823,1.1751169863567623,1.1670811278852984,1.1748056198793588,122003
2007-02-05,1.1748056198793588,1.1770837730886172,1.1736695118484506,1.1748811872683504,132209
2007-02-06,1.1748811872683504,1.1762328746981767,1.17212751113104,1.173300324082082,149101
2007-02-07,1.173300324082082,1.175536603237839,1.1722069998185936,1.1749915681535952,133790
2007-02-08,1.1749915681535952,1.176188762609369,1.172822197011829,1.1759602694408822,118507
2007-02-09,1.1759602694408822,1.1783216544372432,1.1740886897903515,1.176278230139299,140338
2007-02-12,1.176278230139299,1.181542935854195,1.1762532693714305,1.180991518178074,130483
2007-02-13,1.180991518178074,1.1853367922142262,1.180444028268461,1.1819706947556483,114181
2007-02-14,1.1819706947556483,1.1847039452232728,1.1801007176963243,1.1838232132658528,114081
2007-02-15,1.1838232132658528,1.186918952263587,1.1819273143420292,1.1866975007376008,145261
2007-02-16,1.1866975007376008,1.1876837588623397,1.1832491589197651,1.1853601709557708,98615
2007-02-19,1.1853601709557708,1.1883357639659018,1.1840385192648106,1.184941493272563,145193
2007-02-20,1.184941493272563,1.185950586103711,1.1805825807291106,1.1807629635445631,111153
2007-02-21,1.1807629635445631,1.1842142388218992,1.1796986591814222,1.183695795008038,118817
2007-02-22,1.183695795008038,1.1844359735276615,1.1797327085659657,1.1826101056130776,114210
2007-02-23,1.1826101056130776,1.1815407990261595,1.178537523986129,1.179562807647636,92287
2007-02-26,1.179562807647636,1.183986363993356,1.1800240274066047,1.1817770172828963,116495
2007-02-27,1.1817770172828963,1.184472350542151,1.1811182734299197,1.1839058114354444,148758
2007-02-28,1.1839058114354444,1.1870443622276183,1.1826402037632622,1.18640529433216,120652
2007-03-01,1.18640529433216,1.190541955677518,1.1845158878956008,1.1901201646369055,123699
2007-03-02,1.1901201646369055,1.1915572381543522,1.186791952986889,1.189280457022769,140379
2007-03-05,1.189280457022769,1.1897968159730643,1.1811362236254248,1.182134846653069,100638
2007-03-06,1.182134846653069,1.1875793904770076,1.181645545620662,1.1873723698013612,109307
2007-03-07,1.1873723698013612,1.1878803581832964,1.1838368038834548,1.1847408480139374,125113
2007-03-08,1.1847408480139374,1.1857766608996334,1.180445020971335,1.1829767343337647,137899
2007-03-09,1.1829767343337647,1.1928667561415078,1.1837275111546,1.1924129303815176,112281
2007-03-12,1.1924129303815176,1.1967104694901962,1.1909019780790808,1.1938221685099677,112562
2007-03-13,1.1938221685099677,1.1952119571205868,1.1912040239697417,1.193610672352837,125787
2007-03-14,1.193610672352837,1.1966816793979966,1.1911083091935784,1.1933447928742065,131236
2007-03-15,1.1933447928742065,1.1944501982500852,1.1897901092330565,1.1901893088769104,120739
2007-03-16,1.1901893088769104,1.1911712671375203,1.188136497048717,1.1886574338416325,115720
2007-03-19,1.1886574338416325,1.1917540934161397,1.1867749024555894,1.1917256469641544,111231
2007-03-20,1.1917256469641544,1.198941039904858,1.1928889358837391,1.1983950865032225,109457
2007-03-21,1.1983950865032225,1.2024893300605286,1.1977661044867434,1.201827233832968,106506
2007-03-22,1.201827233832968,1.20305449426726,1.199579978818135,1.2024523579496291,104148
2007-03-23,1.2024523579496291,1.2039526362953112,1.1961975137825065,1.1980017191368286,142002
2007-03-26,1.1980017191368286,1.2013940639111511,1.1947143793184067,1.1947992103739014,138355
2007-03-27,1.1947992103739014,1.202836941073662,1.1938775464004752,1.2024049905743102,137707
2007-03-28,1.2024049905743102,1.2037637275866384,1.2000560665541182,1.2002389064288097,116245
2007-03-29,1.2002389064288097,1.2039737978528362,1.1991775584260438,1.2019222600515758,119375
2007-03-30,1.2019222600515758,1.2044355080112066,1.2004528855027916,1.2033704696546532,123833
2007-04-02,1.2033704696546532,1.203815733126406,1.1991333339995929,1.2006887286476795,136210
2007-04-03,1.2006887286476795,1.2017119292902052,1.1986659410373062,1.2001959561693143,133807
2007-04-04,1.2001959561693143,1.200779257625176,1.1966991240124,1.1984599361401136,110947
2007-04-05,1.1984599361401136,1.1989247700508925,1.1941677588529007,1.1962887465541154,121347
2007-04-06,1.1962887465541154,1.1968676787809098,1.192099973421345,1.1964539882560574,106875
2007-04-09,1.1964539882560574,1.2011041151918431,1.1965542828815945,1.1985965420671902,125754
2007-04-10,1.1985965420671902,1.1995154818759624,1.1958005297679597,1.196346822301738,130660
2007-04-11,1.196346822301738,1.2034139752049366,1.19548664994008,1.202611827911259,127165
2007-04-12,1.202611827911259,1.2070986778529893,1.2018175538185665,1.2064046278570233,137380
2007-04-13,1.2064046278570233,1.2100680686802496,1.206736449501062,1.2091612915481846,113182
2007-04-16,1.2091612915481846,1.209895990020173,1.206166928482764,1.2084514276050342,129538
2007-04-17,1.2084514276050342,1.2084616067406575,1.2045749258955458,1.204787509945218,117247
2007-04-18,1.204787509945218,1.20597784607863,1.202319804931199,1.2047909176585414,97749
2007-04-19,1.2047909176585414,1.206659754147078,1.2030329903739332,1.206356270663778,144438
2007-04-20,1.206356270663778,1.210272780291427,1.2057067715700351,1.208955813928319,127903
2007-04-23,1.208955813928319,1.209910522805978,1.2052011892693382,1.2056224276591605,120224
2007-04-24,1.2056224276591605,1.2087918445093175,1.2040805239302732,1.20695717668073,127838
2007-04-25,1.20695717668073,1.2086911007646772,1.206056065416812,1.207576343572346,107512
2007-04-26,1.207576343572346,1.2071549750686343,1.202340408953939,1.2028428078356843,133414
2007-04-27,1.2028428078356843,1.2069768142867925,1.2017774358699065,1.205702986378098,99816
2007-04-30,1.205702986378098,1.2107742861273925,1.205562456365623,1.2083120748828484,112112
2007-05-01,1.2083120748828484,1.209918338223224,1.2065124513677818,1.207004946149688,129247
2007-05-02,1.207004946149688,1.20718343675082,1.1993405524329357,1.1997492044925198,117980
2007-05-03,1.1997492044925198,1.202936155615418,1.1972901625621648,1.2027816071321074,93435
2007-05-04,1.2027816071321074,1.207735412322955,1.2019308117351049,1.2056577886200084,136259
2007-05-07,1.2056577886200084,1.2092402166763343,1.203899147782828,1.2056225925905326,105281
2007-05-08,1.2056225925905326,1.2086823255612738,1.2054886543845142,1.2075541619093897,112185
2007-05-09,1.2075541619093897,1.2095075152678647,1.2058510536526,1.2078977444683925,126878
2007-05-10,1.2078977444683925,1.2100626766172713,1.2066883119564809,1.2080963638715272,128198
2007-05-11,1.2080963638715272,1.2095253727159634,1.206335196139435,1.2073656241562103,127194
2007-05-14,1.2073656241562103,1.2083770741590043,1.2050942616130451,1.2073375710160688,127968
2007-05-15,1.2073375710160688,1.2086357655348303,1.2054995966865842,1.2055717703877085,134819
2007-05-16,1.2055717703877085,1.2082789781362857,1.202595065807499,1.2073119378758854,137279
2007-05-17,1.2073119378758854,1.2101411788013596,1.2064269585448226,1.208066922362975,125498
2007-05-18,1.208066922362975,1.212169034920034,1.2055710460382263,1.211101331443495,91800
2007-05-21,1.211101331443495,1.2139533510955367,1.2097932254953645,1.209962716935383,130886
2007-05-22,1.209962716935383,1.2132669064168695,1.2089389277194238,1.2117709311087548,113138
2007-05-23,1.2117709311087548,1.2140052800422134,1.2105135361041215,1.2136207809232418,112701
2007-05-24,1.2136207809232418,1.217553709765429,1.2127564843669467,1.2172860804890342,123381
2007-05-25,1.2172860804890342,1.220067263357514,1.2141544901564625,1.218991824766447,122761
2007-05-28,1.218991824766447,1.2218165294552334,1.217661776876496,1.2203532611939452,131439
2007-05-29,1.2203532611939452,1.2210229008360065,1.215932182529191,1.2164232139813602,112583
2007-05-30,1.2164232139813602,1.2182095780935325,1.214646449213212,1.216530503807678,115234
2007-05-31,1.216530503807678,1.218700124641665,1.210899356619061,1.2130340157998951,144559
2007-06-01,1.2130340157998951,1.2157313422962222,1.2120564815160255,1.2142324406276068,142797
2007-06-04,1.2142324406276068,1.2155041289168589,1.2117821854445987,1.2135180794370113,128382
2007-06-05,1.2135180794370113,1.2135861957101663,1.2085348434492795,1.2089742237468497,145280
2007-06-06,1.2089742237468497,1.2115398371466977,1.2076678745734772,1.2080214766331092,125809
2007-06-07,1.2080214766331092,1.21631131510926,1.208015480293466,1.216164352625252,123924
2007-06-08,1.216164352625252,1.2193664124217884,1.2150993405272448,1.218855758286466,118604
2007-06-11,1.218855758286466,1.2211224377179388,1.2179087476969208,1.2192863126160989,97339
2007-06-12,1.2192863126160989,1.222786568638656,1.2171951143594395,1.2187411701318251,101841
2007-06-13,1.2187411701318251,1.2209561710173598,1.213735281940978,1.2139286855445464,142568
2007-06-14,1.2139286855445464,1.2162608024465873,1.2109052612949114,1.2115061795829527,98307
2007-06-15,1.2115061795829527,1.212723528675236,1.2078605175704695,1.207984282074587,141519
2007-06-18,1.207984282074587,1.2075932975428405,1.2046254642811547,1.205186353129762,125250
2007-06-19,1.205186353129762,1.207801768925891,1.2050863955981552,1.207443363468636,125697
2007-06-20,1.207443363468636,1.2089623340482591,1.2069230575208787,1.2084827461939582,96402
2007-06-21,1.2084827461939582,1.213562884609886,1.2063966964280806,1.2131412219386823,118695
2007-06-22,1.2131412219386823,1.2161676199378957,1.211488397690846,1.2144746560872133,165155
2007-06-25,1.2144746560872133,1.216745391442257,1.2114528714827162,1.216570202460192,129893
2007-06-26,1.216570202460192,1.2194724393089464,1.2153661473807662,1.216693214157896,124879
2007-06-27,1.216693214157896,1.2194690326905515,1.2135887070543678,1.2137848897453936,123288
2007-06-28,1.2137848897453936,1.2132072942212182,1.2058868580368052,1.2082226476219722,138966
2007-06-29,1.2082226476219722,1.2089402788546773,1.204386681183034,1.2053791355406618,117069
2007-07-02,1.2053791355406618,1.2096753769165314,1.2049656130449389,1.2088444972283197,121508
2007-07-03,1.2088444972283197,1.210780056413474,1.2076840963143638,1.2085427957195525,127774
2007-07-04,1.2085427957195525,1.2088159420202946,1.2059753353639484,1.2081931676098627,122301
2007-07-05,1.2081931676098627,1.2077650077008852,1.2030789555949517,1.2062117789794875,117344
2007-07-06,1.2062117789794875,1.2065905223300584,1.202759253373744,1.2043325014261597,123515
2007-07-09,1.2043325014261597,1.205663359845678,1.199535539799537,1.2008785815552456,122228
2007-07-10,1.2008785815552456,1.2066331104294667,1.2001340547356352,1.205619875942551,98429
2007-07-11,1.205619875942551,1.206014388799195,1.202033934600221,1.2025497216555106,111389
2007-07-12,1.2025497216555106,1.2021880338313211,1.1993367898538982,1.2004426287259338,133293
2007-07-13,1.2004426287259338,1.204126906942312,1.200315687906071,1.2037198597979557,121117
2007-07-16,1.2037198597979557,1.2117910497062618,1.2027990500352657,1.2102515278934505,117643
2007-07-17,1.2102515278934505,1.2106833453509134,1.20783324012208,1.2100534430938326,119252
2007-07-18,1.2100534430938326,1.2129842265541393,1.2102697052236846,1.21158043686132,122815
2007-07-19,1.21158043686132,1.2117951430338791,1.208701567380694,1.2105927834767356,130348
2007-07-20,1.2105927834767356,1.213476627728925,1.2084506546473237,1.2130357985493063,105217
2007-07-23,1.2130357985493063,1.2160978908287463,1.2109747102503166,1.2145906667378203,125592
2007-07-24,1.2145906667378203,1.216414782378198,1.212284045987738,1.2158266704089724,131505
2007-07-25,1.2158266704089724,1.2200836118398204,1.2149364254323365,1.2189313249507294,128029
2007-07-26,1.2189313249507294,1.2203982193993337,1.2166356084571694,1.217427739548473,114346
2007-07-27,1.217427739548473,1.2194890177300834,1.215606852581822,1.216499282546132,162458
2007-07-30,1.216499282546132,1.21861668402183,1.2145107276743188,1.2179711732409997,106854
2007-07-31,1.2179711732409997,1.2241499489973513,1.2186295757873091,1.2240485246937844,122239
2007-08-01,1.2240485246937844,1.2265237312288957,1.2206113997942447,1.2231407636001443,118827
2007-08-02,1.2231407636001443,1.2245866632931213,1.2190301007255038,1.2192620758892745,119814
2007-08-03,1.2192620758892745,1.2207525484666166,1.2181158451040124,1.218635440500421,113887
2007-08-06,1.218635440500421,1.2249352999898662,1.2185053493165856,1.2234326923201846,100338
2007-08-07,1.2234326923201846,1.226573778162343,1.2231135981302943,1.2251309769208532,111783
2007-08-08,1.2251309769208532,1.2268094340548894,1.2219607755860462,1.2252334690780209,120045
2007-08-09,1.2252334690780209,1.2256944960082912,1.222879159547757,1.2241684312143315,140795
2007-08-10,1.2241684312143315,1.2241142457167506,1.2187447486514214,1.220683919528148,131111
2007-08-13,1.220683919528148,1.2228538084548437,1.2191786463502157,1.220856989971156,139344
2007-08-14,1.220856989971156,1.2216561273158324,1.2139633242338108,1.2154079443548276,136850
2007-08-15,1.2154079443548276,1.2169364511509997,1.2122706792291464,1.2127270201124998,110477
2007-08-16,1.2127270201124998,1.2189025883976887,1.212633576035372,1.217400042886616,134400
2007-08-17,1.217400042886616,1.2166193724970595,1.2130880826010644,1.213807008016302,98367
2007-08-20,1.213807008016302,1.2174375733909155,1.211597236777705,1.216594504353339,133266
2007-08-21,1.216594504353339,1.2195398026322737,1.2142076842293803,1.21719932378999,106258
2007-08-22,1.21719932378999,1.2220524928352223,1.217860811469461,1.2202515703079635,121596
2007-08-23,1.2202515703079635,1.2239972801551218,1.21981357842899,1.2221222078968006,136943
2007-08-24,1.2221222078968006,1.2226663414902792,1.219347521850585,1.2206395127512923,126796
2007-08-27,1.2206395127512923,1.2246419277828549,1.2184174489055497,1.224277601016246,98572
2007-08-28,1.224277601016246,1.2238361215546258,1.220327838556439,1.2212162933825947,118513
2007-08-29,1.2212162933825947,1.2235729189911886,1.22012304888359,1.2221501239484305,102011
2007-08-30,1.2221501239484305,1.2272276684879744,1.2217302632024052,1.2270488375218909,109978
2007-08-31,1.2270488375218909,1.2272675398240451,1.22384994880246,1.2239326597646267,92972
2007-09-03,1.2239326597646267,1.2270827846845165,1.22204369335827,1.226569903436507,124808
2007-09-04,1.226569903436507,1.2275978167765853,1.2243242806134529,1.2250823112281803,124667
2007-09-05,1.2250823112281803,1.2260749611031732,1.2211869451980752,1.2258891360270217,114058
2007-09-06,1.2258891360270217,1.226869907374058,1.2217322948073388,1.222589647597319,123712
2007-09-07,1.222589647597319,1.2268317417710122,1.222430860876882,1.2246575172826046,128526
2007-09-10,1.2246575172826046,1.2286667267978786,1.2238211720397398,1.2238640786337789,130771
2007-09-11,1.2238640786337789,1.2287953378500005,1.223356019156292,1.2261668729978217,99977
2007-09-12,1.2261668729978217,1.2312394178065946,1.2264128688791645,1.2294788905747895,106428
2007-09-13,1.2294788905747895,1.2290675509072886,1.2252753621166028,1.227663385851497,119491
2007-09-14,1.227663385851497,1.2338945696475665,1.2281005685773392,1.230538897358159,127925
2007-09-17,1.230538897358159,1.2337006390885212,1.2308748083970908,1.2324277720762844,112052
2007-09-18,1.2324277720762844,1.2367440676637504,1.2319791762382015,1.2332170352378973,102670
2007-09-19,1.2332170352378973,1.233457659113196,1.2289712294882391,1.231017942512213,125630
2007-09-20,1.231017942512213,1.2338823889782464,1.2298012183743343,1.2329293080866957,144442
2007-09-21,1.2329293080866957,1.2344569917315458,1.231971921764217,1.2325453257743233,132581
2007-09-24,1.2325453257743233,1.2341162514016353,1.2303005280586754,1.2330318913194076,118847
2007-09-25,1.2330318913194076,1.235922299021681,1.231231495650219,1.2339412853699232,126984
2007-09-26,1.2339412853699232,1.2349307582058389,1.228807502819285,1.2290970957697105,121810
2007-09-27,1.2290970957697105,1.2296606674522992,1.225687623899548,1.2269638005210275,116725
2007-09-28,1.2269638005210275,1.233633687873979,1.2269448700466747,1.2325051701629148,112281
2007-10-01,1.2325051701629148,1.2352782672525666,1.2299576998649029,1.2310074374651356,105340
2007-10-02,1.2310074374651356,1.2330824972319865,1.2301350772409905,1.2328740662629247,111458
2007-10-03,1.2328740662629247,1.2393913997526038,1.2314103438184734,1.2387689115636125,120470
2007-10-04,1.2387689115636125,1.2394991335124272,1.2365463623964776,1.2379226900178455,122972
2007-10-05,1.2379226900178455,1.2422924616452682,1.2371823381422942,1.24172903325376,134493
2007-10-08,1.24172903325376,1.2443784058406495,1.2402317095529054,1.2411750413301714,125383
2007-10-09,1.2411750413301714,1.2486800168398509,1.241334868793169,1.2472127822495456,112829
2007-10-10,1.2472127822495456,1.2515995330377518,1.2482800000646714,1.2504333159175478,135769
2007-10-11,1.2504333159175478,1.2519199469899551,1.2469000194070192,1.2474569494742551,113607
2007-10-12,1.2474569494742551,1.2504841110315692,1.2467784533377402,1.2486898149687742,109616
2007-10-15,1.2486898149687742,1.2503942317538133,1.2432049658711637,1.2437555940304392,125039
2007-10-16,1.2437555940304392,1.2493787205209874,1.2423629852392215,1.245803297714425,131718
2007-10-17,1.245803297714425,1.2473144025278613,1.2405931384875266,1.2418147509160675,85357
2007-10-18,1.2418147509160675,1.242603572545675,1.2378053170383705,1.238673114448981,121569
2007-10-19,1.238673114448981,1.246233505150796,1.2381421336879646,1.2456241548254483,115773
2007-10-22,1.2456241548254483,1.2505442326511764,1.244883516120754,1.2503197608581127,115236
2007-10-23,1.2503197608581127,1.253670261188223,1.2479436410000275,1.2532966851751308,141429
2007-10-24,1.2532966851751308,1.2547275808506115,1.249796904434845,1.2541423465471393,146681
2007-10-25,1.2541423465471393,1.254635093993092,1.246389027451548,1.2478355063463706,118824
2007-10-26,1.2478355063463706,1.2558854539844269,1.247349325955583,1.253084773983243,130344
2007-10-29,1.253084773983243,1.2587630243766683,1.2533659453491148,1.256972511792265,133530
2007-10-30,1.256972511792265,1.2613739726222868,1.255690741309457,1.2599521327886698,108825
2007-10-31,1.2599521327886698,1.261199550533371,1.256640605551235,1.2608542699992031,108707
2007-11-01,1.2608542699992031,1.2634392680085291,1.2599922267288544,1.2616254437439351,122854
2007-11-02,1.2616254437439351,1.2649818439711031,1.2618676092934795,1.2623495434353096,98877
2007-11-05,1.2623495434353096,1.264961795960894,1.2614692167287938,1.26242028957661,106438
2007-11-06,1.26242028957661,1.2634730964252952,1.259034206850251,1.2593967333336464,118247
2007-11-07,1.2593967333336464,1.2615777824844958,1.2562433385834055,1.2572623841181136,110574
2007-11-08,1.2572623841181136,1.2586782445554905,1.2533552460586417,1.256062651354536,132798
2007-11-09,1.256062651354536,1.2566897502717624,1.2492995691502828,1.2499408473477067,124790
2007-11-12,1.2499408473477067,1.2516873682725278,1.2457416937688175,1.2459424250107949,122668
2007-11-13,1.2459424250107949,1.2484830617741989,1.2452664037380834,1.245607756165055,98309
2007-11-14,1.245607756165055,1.250843133812062,1.245624063694238,1.2497191828763787,125194
2007-11-15,1.2497191828763787,1.2508362703184703,1.245475226196208,1.2469733589183225,124192
2007-11-16,1.2469733589183225,1.2534779615596146,1.2467102859520287,1.2527234053696537,124057
2007-11-19,1.2527234053696537,1.2547328924381762,1.2503326750537542,1.2523157469349189,100001
2007-11-20,1.2523157469349189,1.2533759596297054,1.2481902252250052,1.2484041080443828,124275
2007-11-21,1.2484041080443828,1.2527588291112317,1.247451761364127,1.2523622803262422,123976
2007-11-22,1.2523622803262422,1.2528340715214084,1.2493024561756447,1.250359418265402,116674
2007-11-23,1.250359418265402,1.251274466975086,1.2482955800216955,1.248925179281076,127514
2007-11-26,1.248925179281076,1.254200634115826,1.2486183685382646,1.2540598421440563,114368
2007-11-27,1.2540598421440563,1.2590882187104413,1.2542091521173475,1.2553229846276452,131826
2007-11-28,1.2553229846276452,1.2599991517190634,1.255163111322022,1.2588606808589935,96728
2007-11-29,1.2588606808589935,1.2602031001653728,1.2568487300504485,1.2581429097812,124604
2007-11-30,1.2581429097812,1.2610779946160555,1.2567389290069066,1.2603912477917776,123610
2007-12-03,1.2603912477917776,1.2614504203738806,1.2568314964668268,1.2608639364002483,119301
2007-12-04,1.2608639364002483,1.261076267640182,1.2546445942436375,1.2568713461140515,126601
2007-12-05,1.2568713461140515,1.259163573145858,1.2550396273009363,1.2562599781941106,106426
2007-12-06,1.2562599781941106,1.2599905303273409,1.256786484110848,1.2582199092086894,139665
2007-12-07,1.2582199092086894,1.2639298033527615,1.2576627804149365,1.2633707444911992,114947
2007-12-10,1.2633707444911992,1.266908403036146,1.2618316617751355,1.2629870454421432,111750
2007-12-11,1.2629870454421432,1.2632453216539496,1.2578966544044357,1.2592270232824994,123928
2007-12-12,1.2592270232824994,1.2623212619359288,1.257793085077461,1.2615758657065856,115804
2007-12-13,1.2615758657065856,1.2627715900950864,1.2597601182802725,1.2625095237338584,117731
2007-12-14,1.2625095237338584,1.2656101117820948,1.2618554768161114,1.2645784641273397,131566
2007-12-17,1.2645784641273397,1.2681738897270631,1.263605196970823,1.265208367413717,121083
2007-12-18,1.265208367413717,1.2672215457450329,1.2640208599875014,1.2646088373735682,100615
2007-12-19,1.2646088373735682,1.264456124062456,1.2612870746651317,1.2639021871974234,111418
2007-12-20,1.2639021871974234,1.26784486416216,1.2632651434801934,1.2654369029441737,107751
2007-12-21,1.2654369029441737,1.2671972073545448,1.2639299747081378,1.2647788085736285,108167
2007-12-24,1.2647788085736285,1.2656296237560245,1.262853646348693,1.2636017590295587,130199
2007-12-25,1.2636017590295587,1.263810039482656,1.25827158559163,1.2620680203866057,134158
2007-12-26,1.2620680203866057,1.2643854503736556,1.2588489101904468,1.261241385059818,115064
2007-12-27,1.261241385059818,1.2624428455629333,1.258118074248397,1.2590387743361922,130531
2007-12-28,1.2590387743361922,1.2600505347562754,1.2566055731855938,1.2588920003231512,116446
2007-12-31,1.2588920003231512,1.259353263872136,1.2527552689082917,1.2543040885104129,141348
2008-01-01,1.2543040885104129,1.2565374441504895,1.2540131782370445,1.2549130006102571,113490
2008-01-02,1.2549130006102571,1.2570535816116923,1.2520732411522224,1.2566510161323798,151989
2008-01-03,1.2566510161323798,1.2622801360134157,1.2567759842832835,1.2615595916509237,133335
2008-01-04,1.2615595916509237,1.2646314953206212,1.2594278296094734,1.259885641018498,126185
2008-01-07,1.259885641018498,1.264040616549089,1.2594262045951912,1.2626970565747662,122173
2008-01-08,1.2626970565747662,1.2647462857617198,1.2574321458619682,1.258084456211486,131058
2008-01-09,1.258084456211486,1.2613277990716614,1.2567459991044665,1.2572120424734337,100303
2008-01-10,1.2572120424734337,1.257121565431765,1.2486475952091758,1.2489804596092755,122463
2008-01-11,1.2489804596092755,1.251624655530574,1.2484084763154952,1.248895069026548,131484
2008-01-14,1.248895069026548,1.250792238812386,1.246469262021876,1.2492767636484627,128523
2008-01-15,1.2492767636484627,1.252946038123933,1.2480100448809597,1.2528847392929858,138759
2008-01-16,1.2528847392929858,1.253740363502542,1.2494622645880873,1.2533497776253442,111744
2008-01-17,1.2533497776253442,1.2565615487187367,1.2511677436961093,1.2563616056565468,112663
2008-01-18,1.2563616056565468,1.258629374607552,1.25531214440866,1.2572034629024644,142611
2008-01-21,1.2572034629024644,1.2582642840383471,1.2524734370668125,1.255646439900051,115488
2008-01-22,1.255646439900051,1.2561361469656065,1.2522046633876336,1.2525905155478534,121707
2008-01-23,1.2525905155478534,1.252780580181187,1.247170290680738,1.2501949677055335,110694
2008-01-24,1.2501949677055335,1.2521380859853088,1.245794669318274,1.2459099651452623,139240
2008-01-25,1.2459099651452623,1.255745453034555,1.2460262274902103,1.255407977603052,103780
2008-01-28,1.255407977603052,1.2576946560297906,1.254428810517682,1.2573325202887025,132202
2008-01-29,1.2573325202887025,1.2598554115258285,1.25414270774819,1.2586886885050377,123765
2008-01-30,1.2586886885050377,1.260557157970058,1.2555272882894126,1.25677633585895,121598
2008-01-31,1.25677633585895,1.2609025855369338,1.2565312823959982,1.2576873185512816,109011
2008-02-01,1.2576873185512816,1.26248764191678,1.2573798407053198,1.259871562729893,129513
2008-02-04,1.259871562729893,1.2639934281607323,1.2599648800172274,1.2619850218378197,117097
2008-02-05,1.2619850218378197,1.264022497409515,1.260312952523702,1.26207280099729,145143
2008-02-06,1.26207280099729,1.2668552928993668,1.2618078305917158,1.26627485130201,131349
2008-02-07,1.26627485130201,1.2685221837997216,1.26213081385197,1.262589977101742,126819
2008-02-08,1.262589977101742,1.2624982201545545,1.2590171387433369,1.2606930474867404,114928
2008-02-11,1.2606930474867404,1.2643206644127918,1.261134734677518,1.264027155798731,134409
2008-02-12,1.264027155798731,1.2672034296225283,1.2621472029519687,1.2627859385665792,101667
2008-02-13,1.2627859385665792,1.2662969738934424,1.2615816058016591,1.263795038593619,98521
2008-02-14,1.263795038593619,1.2665349362134608,1.261320905734463,1.2645266687634995,109158
2008-02-15,1.2645266687634995,1.2677383885924425,1.2618632535319712,1.2623531268488948,117227
2008-02-18,1.2623531268488948,1.2627188777642733,1.2593122228545883,1.2620303996177746,112828
2008-02-19,1.2620303996177746,1.265379839558784,1.2621992452295108,1.26399365027295,105213
2008-02-20,1.26399365027295,1.267590802407861,1.2626308970562263,1.267002680163435,132203
2008-02-21,1.267002680163435,1.2695350072793443,1.2660782173459724,1.267767054480726,119366
2008-02-22,1.267767054480726,1.2678811728294497,1.2608747795995183,1.2631458329023997,120441
2008-02-25,1.2631458329023997,1.264194672851076,1.261627269304843,1.2626586091290064,154528
2008-02-26,1.2626586091290064,1.265731310794698,1.2618747768886374,1.2652544108524124,128223
2008-02-27,1.2652544108524124,1.2673650490977846,1.2631985247485378,1.2641971383506208,120505
2008-02-28,1.2641971383506208,1.2703228107920717,1.263340551277775,1.2685742909491498,122275
2008-02-29,1.2685742909491498,1.2712078848613868,1.2681728525529092,1.2699668120525949,126701
2008-03-03,1.2699668120525949,1.2776766204181047,1.271121300371047,1.2772674532095718,150704
2008-03-04,1.2772674532095718,1.2796746016402782,1.2753714482429326,1.2781022283048076,113929
2008-03-05,1.2781022283048076,1.2791662755518405,1.2735593634316564,1.2755119173872735,109219
2008-03-06,1.2755119173872735,1.2795897212209764,1.274318002654951,1.2750318539510646,110729
2008-03-07,1.2750318539510646,1.2767064405317583,1.2708337635205704,1.271247942167232,144622
2008-03-10,1.271247942167232,1.270801303735344,1.2679954685931496,1.2703243642752453,127119
2008-03-11,1.2703243642752453,1.2721720202172782,1.26605151166921,1.267685938303148,109212
2008-03-12,1.267685938303148,1.2690487028469877,1.2656351588120345,1.267214729763147,112450
2008-03-13,1.267214729763147,1.271514667469565,1.267110186305837,1.2701811263739071,108772
2008-03-14,1.2701811263739071,1.272687460948285,1.267438989314632,1.2716853259595693,116645
2008-03-17,1.2716853259595693,1.2718323306520836,1.2641575706269637,1.265680455112167,130896
2008-03-18,1.265680455112167,1.2652063156817543,1.2624190980703085,1.2632790271326628,125550
2008-03-19,1.2632790271326628,1.2656880996718445,1.2619440761628786,1.263087144217365,93123
2008-03-20,1.263087144217365,1.2697811174630194,1.2599946504206194,1.2687364154408445,124621
2008-03-21,1.2687364154408445,1.2700628221297192,1.264695654393169,1.2658751854607142,122209
2008-03-24,1.2658751854607142,1.267652133716117,1.264520723949372,1.2668487681669325,102889
2008-03-25,1.2668487681669325,1.2684572017238578,1.264346785483061,1.266076158804562,109962
2008-03-26,1.266076158804562,1.267693616300954,1.2633777449148973,1.2660568029868955,100743
2008-03-27,1.2660568029868955,1.265927148393162,1.2603498953791494,1.2609216238391645,139830
2008-03-28,1.2609216238391645,1.2651456978555455,1.2591518776401749,1.2594629921797778,119009
2008-03-31,1.2594629921797778,1.2619224474964874,1.256775890632716,1.2602779810003255,111933
2008-04-01,1.2602779810003255,1.261436276124794,1.256827413776835,1.258068907321265,119147
2008-04-02,1.258068907321265,1.2593257898970358,1.255585075838093,1.2578594319666418,129089
2008-04-03,1.2578594319666418,1.26221296182738,1.2574348677381963,1.2615047278740572,89544
2008-04-04,1.2615047278740572,1.261963264028701,1.2560392030524294,1.260662589372316,115442
2008-04-07,1.260662589372316,1.2622794470965495,1.2571736791987644,1.2579115635180662,115748
2008-04-08,1.2579115635180662,1.261163098071401,1.2539266860966412,1.2541505644425883,112475
2008-04-09,1.2541505644425883,1.2559736075895278,1.2511404292483466,1.2522637043229117,124061
2008-04-10,1.2522637043229117,1.2524926807840673,1.248307842837783,1.2496894754317307,119766
2008-04-11,1.2496894754317307,1.2518194503809084,1.2483617475702573,1.2495296301434826,103599
2008-04-14,1.2495296301434826,1.251509430686407,1.2476669649797678,1.2498120126460932,120480
2008-04-15,1.2498120126460932,1.2528928755625486,1.2492610564177489,1.2523201173509328,111567
2008-04-16,1.2523201173509328,1.2521554672821151,1.2483876739212332,1.2487000832301387,102290
2008-04-17,1.2487000832301387,1.250390880710964,1.2460875133423126,1.2461666359360457,128350
2008-04-18,1.2461666359360457,1.2470155474768878,1.2426471505378676,1.2467584089736556,153068
2008-04-21,1.2467584089736556,1.252709386155393,1.245558138798618,1.2517799459501595,109287
2008-04-22,1.2517799459501595,1.2559033162994555,1.2507955184451516,1.253909039719546,113356
2008-04-23,1.253909039719546,1.2556557813711258,1.2484844283176404,1.2494193553573465,154822
2008-04-24,1.2494193553573465,1.2523756036681897,1.2462976152559573,1.2519286758122854,103588
2008-04-25,1.2519286758122854,1.2529305964349082,1.2469287211189113,1.2480475964070536,94570
2008-04-28,1.2480475964070536,1.2516883577828266,1.246700127645235,1.248388165952783,117384
2008-04-29,1.248388165952783,1.2498763336950778,1.2431512136920395,1.2431778480098878,121270
2008-04-30,1.2431778480098878,1.2450659791090173,1.240321555181704,1.2426901556554968,104295
2008-05-01,1.2426901556554968,1.246402530570755,1.242054011465665,1.2448939085203918,124980
2008-05-02,1.2448939085203918,1.2453112133195328,1.2416042336908033,1.2435992919804106,130954
2008-05-05,1.2435992919804106,1.2451684593166557,1.2407547427772945,1.2408301550911711,121893
2008-05-06,1.2408301550911711,1.241501005833474,1.238217206999696,1.2385265390728044,126667
2008-05-07,1.2385265390728044,1.2429285535822612,1.2377015062062953,1.2427649784035548,145896
2008-05-08,1.2427649784035548,1.2457424709615594,1.2421424928046714,1.244328973427335,140435
2008-05-09,1.244328973427335,1.2479682761115392,1.2432366181949583,1.2456882398976237,99395
2008-05-12,1.2456882398976237,1.2514554775341478,1.24615167436787,1.2496145924330824,136674
2008-05-13,1.2496145924330824,1.251675205561735,1.247999550378459,1.248987268335767,135125
2008-05-14,1.248987268335767,1.2503744929748,1.247048909579192,1.250221453249241,95352
2008-05-15,1.250221453249241,1.2564552848140262,1.250722962905554,1.2547121284917646,130081
2008-05-16,1.2547121284917646,1.2571215267954738,1.2537662574671482,1.2559167867740504,130795
2008-05-19,1.2559167867740504,1.2572227187008984,1.2529853874967605,1.2533615099114963,95717
2008-05-20,1.2533615099114963,1.2540788097022242,1.2495927426753393,1.2509880514795306,143305
2008-05-21,1.2509880514795306,1.257086815074386,1.2504771120957945,1.2560910877080218,120642
2008-05-22,1.2560910877080218,1.2584292423035104,1.2521177932144578,1.2545424944520616,133496
2008-05-23,1.2545424944520616,1.256074746652549,1.251892052446736,1.2540083354234384,118516
2008-05-26,1.2540083354234384,1.2542737965120083,1.2483251465466578,1.2490752415761646,129262
2008-05-27,1.2490752415761646,1.2539863513517917,1.2485376569049391,1.2519320926623148,134210
2008-05-28,1.2519320926623148,1.2540878435412484,1.2505190949179084,1.2508976706490946,111127
2008-05-29,1.2508976706490946,1.2530751409982177,1.246591731521752,1.2471546971703116,135245
2008-05-30,1.2471546971703116,1.252220761031388,1.2468629202208257,1.250469578987129,115250
2008-06-02,1.250469578987129,1.2547970594623907,1.2481159245771756,1.2546157742952464,119332
2008-06-03,1.2546157742952464,1.2579052300973783,1.2527557802341105,1.2548309865391551,111131
2008-06-04,1.2548309865391551,1.2573376558211364,1.2536171101757094,1.2553475389919513,102881
2008-06-05,1.2553475389919513,1.2578182519400072,1.2522461827189797,1.2564277589683297,143096
2008-06-06,1.2564277589683297,1.2564743083318244,1.251282193181494,1.2528011870373943,131562
2008-06-09,1.2528011870373943,1.2545894283650374,1.2502627987304062,1.2537572890090831,124280
2008-06-10,1.2537572890090831,1.255966418263947,1.2536572505652637,1.2548707090976186,133830
2008-06-11,1.2548707090976186,1.2565254948294209,1.252708982476799,1.2539215405983508,82147
2008-06-12,1.2539215405983508,1.2558807334042492,1.250294142694662,1.251953414424692,130826
2008-06-13,1.251953414424692,1.2542815262939055,1.250453742127282,1.2529384075247207,117231
2008-06-16,1.2529384075247207,1.2595994589594377,1.2519001176745042,1.2588842837852576,111008
2008-06-17,1.2588842837852576,1.2616002584472992,1.2557741422099309,1.2608742627577134,113285
2008-06-18,1.2608742627577134,1.2617076281380268,1.2570020763079175,1.2574488596578284,104273
2008-06-19,1.2574488596578284,1.2594649180685196,1.254417926583591,1.2557415287669884,120958
2008-06-20,1.2557415287669884,1.2611295937568054,1.2563016708806662,1.259014551100606,128182
2008-06-23,1.259014551100606,1.2641637087239326,1.2584384042865704,1.2634629118773195,114207
2008-06-24,1.2634629118773195,1.2647593480491044,1.2603973002653843,1.2620214097661169,154499
2008-06-25,1.2620214097661169,1.2640097598946838,1.259643941928253,1.2627259239130038,109035
2008-06-26,1.2627259239130038,1.2627049140991786,1.2573821441386404,1.2586165055707577,113400
2008-06-27,1.2586165055707577,1.2615290390204124,1.2581391555311838,1.2600723823647313,139247
2008-06-30,1.2600723823647313,1.2614177402350826,1.257916379179878,1.259391400683732,143226
2008-07-01,1.259391400683732,1.2652524603998698,1.2590315449688914,1.2648454210365307,123258
2008-07-02,1.2648454210365307,1.266847972048519,1.2623106460147735,1.266679696116566,122905
2008-07-03,1.266679696116566,1.273458323652817,1.2665462224046218,1.273153744526004,114100
2008-07-04,1.273153744526004,1.274030338368796,1.2697333352397022,1.2699125314337634,122074
2008-07-07,1.2699125314337634,1.2704256453915697,1.2676678387965927,1.2688295276336574,122639
2008-07-08,1.2688295276336574,1.2740072422585889,1.2698494443418071,1.2716756192553862,111891
2008-07-09,1.2716756192553862,1.2722059767519136,1.266158196810463,1.2672612781168442,120487
2008-07-10,1.2672612781168442,1.271240768891858,1.2672727326012498,1.2699561495344491,104111
2008-07-11,1.2699561495344491,1.2706194705386873,1.2673655276302846,1.2699525789578712,108128
2008-07-14,1.2699525789578712,1.2720159471467,1.266721965008039,1.2701766446977625,112352
2008-07-15,1.2701766446977625,1.270805291598657,1.2672060205340958,1.2703487586663027,109379
2008-07-16,1.2703487586663027,1.2705984505569583,1.2650648065866088,1.26527210711984,94136
2008-07-17,1.26527210711984,1.2682547966675977,1.2644320443231278,1.2647377513603757,109116
2008-07-18,1.2647377513603757,1.264712363713911,1.2598657471697756,1.2602886916370275,102317
2008-07-21,1.2602886916370275,1.2627489104858538,1.258724780553432,1.2626491817910042,156257
2008-07-22,1.2626491817910042,1.264057647614334,1.256367316978258,1.258460035559715,110205
2008-07-23,1.258460035559715,1.2584041712704908,1.248704477192448,1.2491313165402596,145077
2008-07-24,1.2491313165402596,1.2493231747768103,1.2453457107379489,1.2456840182000892,100450
2008-07-25,1.2456840182000892,1.2465278636402652,1.242381153928484,1.243789269493794,126387
2008-07-28,1.243789269493794,1.2464357079313673,1.2415613503299454,1.24245688132361,111514
2008-07-29,1.24245688132361,1.2436085208435483,1.2368326354174424,1.2378392794295463,122149
2008-07-30,1.2378392794295463,1.2392428134161448,1.2326136493741595,1.2327916540309882,135143
2008-07-31,1.2327916540309882,1.2328152025962746,1.2300882903990211,1.2309923380408534,121648
2008-08-01,1.2309923380408534,1.2351581121701856,1.230573597296056,1.232419236662149,121110
2008-08-04,1.232419236662149,1.234367412478658,1.2304140209675816,1.2324263658874377,118195
2008-08-05,1.2324263658874377,1.2340702384633355,1.2273711855623066,1.2279475662786703,128866
2008-08-06,1.2279475662786703,1.2294614881316406,1.2249652130616169,1.2287539422910176,121677
2008-08-07,1.2287539422910176,1.2322760632381853,1.2278261475684622,1.2321747221886508,142360
2008-08-08,1.2321747221886508,1.233850363012274,1.2311012458548762,1.232423915746832,94641
2008-08-11,1.232423915746832,1.2371103511096893,1.231594115984474,1.2366881262534464,126679
2008-08-12,1.2366881262534464,1.2430143796650628,1.2360691403157489,1.2407957549471718,134475
2008-08-13,1.2407957549471718,1.2419458172672757,1.236881105528736,1.2371094688403426,128409
2008-08-14,1.2371094688403426,1.2387125044987632,1.232955071493901,1.2334307133280842,132044
2008-08-15,1.2334307133280842,1.2349625504721484,1.2270351280668883,1.2277069015581057,150568
2008-08-18,1.2277069015581057,1.2287349261319849,1.224442399514669,1.2280036428122891,156346
2008-08-19,1.2280036428122891,1.2303143901608875,1.2265726646416033,1.228078509267449,92880
2008-08-20,1.228078509267449,1.2287075586322949,1.226366071354439,1.227919813447919,122511
2008-08-21,1.227919813447919,1.2290176843309566,1.222629312485182,1.22504277670145,111296
2008-08-22,1.22504277670145,1.230541029902471,1.2241709764760684,1.2291200601939245,98119
2008-08-25,1.2291200601939245,1.2307719632380858,1.2262162679697033,1.229503237768366,130850
2008-08-26,1.229503237768366,1.229959129692392,1.2251987087311236,1.229217415742491,131146
2008-08-27,1.229217415742491,1.2329223487946817,1.228517013658127,1.2320668620985662,128059
2008-08-28,1.2320668620985662,1.236840515057395,1.2312399638455778,1.2362966625522405,84890
2008-08-29,1.2362966625522405,1.2385149545632417,1.2347381356881295,1.2375206427346332,124550
2008-09-01,1.2375206427346332,1.237567219855117,1.232088072993571,1.2335229233931349,119024
2008-09-02,1.2335229233931349,1.235074896701332,1.2300625837307173,1.2304862431445296,113276
2008-09-03,1.2304862431445296,1.234092505932704,1.2307816011211383,1.232645296128708,139785
2008-09-04,1.232645296128708,1.2369257572356178,1.2320026381270257,1.234693808287035,101413
2008-09-05,1.234693808287035,1.2357128544329994,1.2316416498426837,1.2327162534781766,113905
2008-09-08,1.2327162534781766,1.233998942566291,1.2285869757493244,1.2290620537309247,101167
2008-09-09,1.2290620537309247,1.2316180290814895,1.2263427553319637,1.2278462087157722,132563
2008-09-10,1.2278462087157722,1.2290671345119932,1.2259310142913171,1.2286707406049469,125880
2008-09-11,1.2286707406049469,1.2289533520871423,1.223234625698813,1.224670109152404,122956
2008-09-12,1.224670109152404,1.2255897526499775,1.2222121035103757,1.2232315138893504,130039
2008-09-15,1.2232315138893504,1.228069060580228,1.222595979861436,1.2244375477022558,114715
2008-09-16,1.2244375477022558,1.2283810489128282,1.2236941284869458,1.2266131092994708,123191
2008-09-17,1.2266131092994708,1.2288168396224624,1.2248295808832674,1.225543989233438,126033
2008-09-18,1.225543989233438,1.227551369507211,1.224223743591589,1.2262328669310043,120700
2008-09-19,1.2262328669310043,1.2285683425033669,1.2239616296204985,1.2255494511282468,118390
2008-09-22,1.2255494511282468,1.2286829359232154,1.223826159718396,1.22780998371081,136934
2008-09-23,1.22780998371081,1.229404551813141,1.2244814662610874,1.225005187521383,126508
2008-09-24,1.225005187521383,1.2284413093137618,1.224790813334974,1.2253464923256243,122400
2008-09-25,1.2253464923256243,1.2311015349467995,1.225841941729256,1.2287735456542683,107302
2008-09-26,1.2287735456542683,1.2308880442614278,1.2278901990478128,1.228770244379003,141198
2008-09-29,1.228770244379003,1.2297059722543748,1.2260555633203345,1.2285518358102994,135244
2008-09-30,1.2285518358102994,1.2356293973090733,1.2281141625512644,1.2349090809187466,103094
2008-10-01,1.2349090809187466,1.2411075069499902,1.2348350810581885,1.2410444542923575,128854
2008-10-02,1.2410444542923575,1.2454990653044091,1.239339725331161,1.24422513052496,119551
2008-10-03,1.24422513052496,1.2484560052208395,1.2426294662872617,1.2481427376147316,128603
2008-10-06,1.2481427376147316,1.2494678809912914,1.243575613989866,1.2438935369348036,117337
2008-10-07,1.2438935369348036,1.2434215642478357,1.2376900713434436,1.2378454929691036,94758
2008-10-08,1.2378454929691036,1.238364616819574,1.2354665908812432,1.2362782241403132,97340
2008-10-09,1.2362782241403132,1.2401118810357052,1.2353936458000947,1.2371043344202377,156204
2008-10-10,1.2371043344202377,1.239045313997637,1.2363118971863434,1.237238925566252,109803
2008-10-13,1.237238925566252,1.2408833859223571,1.2372035876490783,1.23990464656403,129218
2008-10-14,1.23990464656403,1.2393321517368483,1.233180988480019,1.236997556517537,162462
2008-10-15,1.236997556517537,1.2408971452143347,1.2362662118632952,1.2390811907271886,139424
2008-10-16,1.2390811907271886,1.2398914055142398,1.236241911199566,1.2384007991905708,124395
2008-10-17,1.2384007991905708,1.2378756290772288,1.234301376771513,1.2363873726597638,124225
2008-10-20,1.2363873726597638,1.2362133549147023,1.231356118978976,1.2334026792033728,131527
2008-10-21,1.2334026792033728,1.2332640817609062,1.2282188480195864,1.2291808152309738,116939
2008-10-22,1.2291808152309738,1.2294329685060152,1.2243667660058868,1.2294090970341112,120784
2008-10-23,1.2294090970341112,1.2330134179039716,1.2290992110298138,1.231441374631902,136223
2008-10-24,1.231441374631902,1.2347664523146793,1.2305298279480297,1.2332323485880654,133235
2008-10-27,1.2332323485880654,1.234402911781822,1.2289814877745544,1.2298498499069446,125959
2008-10-28,1.2298498499069446,1.2309326114524095,1.2239513434351177,1.2245474670995062,133301
2008-10-29,1.2245474670995062,1.2257125444786157,1.2208494075501115,1.221863487456477,139025
2008-10-30,1.221863487456477,1.2235100843384388,1.2201126835640432,1.2227801200148714,100480
2008-10-31,1.2227801200148714,1.2277054197021628,1.222130025706071,1.2272448599029422,115877
2008-11-03,1.2272448599029422,1.2313331679616846,1.2262083226361291,1.2311092350635566,125110
2008-11-04,1.2311092350635566,1.2328068682666584,1.2280150804983498,1.2287260422277049,142313
2008-11-05,1.2287260422277049,1.2328834884154258,1.2278246351207134,1.2320236922072922,110473
2008-11-06,1.2320236922072922,1.2317357889526594,1.226842761208487,1.227174225871129,124658
2008-11-07,1.227174225871129,1.229347297455487,1.2249514701885071,1.2291807605050271,112412
2008-11-10,1.2291807605050271,1.2338611892056166,1.2265361878954784,1.2330695339383864,147180
2008-11-11,1.2330695339383864,1.2366849805954083,1.2329599577796255,1.2357411323881369,121766
2008-11-12,1.2357411323881369,1.241402777582313,1.2342283389970157,1.240967323950379,103453
2008-11-13,1.240967323950379,1.2411861936318722,1.2331597631456928,1.2335772961869955,163211
2008-11-14,1.2335772961869955,1.234304011316372,1.2275429105868387,1.228926284665102,124631
2008-11-17,1.228926284665102,1.2309890798921934,1.2268889497903266,1.2295735874719629,143631
2008-11-18,1.2295735874719629,1.2304390007040895,1.2254788549382107,1.2257388908050617,104388
2008-11-19,1.2257388908050617,1.226358568812889,1.2244144527613905,1.2252697396627068,95795
2008-11-20,1.2252697396627068,1.2287534527943011,1.2245807296395328,1.228012907712403,107356
2008-11-21,1.228012907712403,1.2287721957529825,1.224471838744937,1.226374311527767,114896
2008-11-24,1.226374311527767,1.2265303829201013,1.2228211038909196,1.2231362949604765,122513
2008-11-25,1.2231362949604765,1.229510441464151,1.2232219054443465,1.2294189010235814,114759
2008-11-26,1.2294189010235814,1.230546101429734,1.2234167686609778,1.2239202628251158,116022
2008-11-27,1.2239202628251158,1.2259647925588508,1.2226151640938412,1.2241836137558044,114659
2008-11-28,1.2241836137558044,1.2256878374872575,1.2220096850491975,1.2239988618215027,119910
2008-12-01,1.2239988618215027,1.2262382896369488,1.221343677457893,1.2229270653078363,112878
2008-12-02,1.2229270653078363,1.225811731076008,1.2200528281637883,1.2210019360091735,126115
2008-12-03,1.2210019360091735,1.2233970525910065,1.2189472650922208,1.219918871550118,140775
2008-12-04,1.219918871550118,1.2252116200629075,1.220179909795908,1.22444299261588,109148
2008-12-05,1.22444299261588,1.2280963438282115,1.224402292422492,1.2267282844149898,117530
2008-12-08,1.2267282844149898,1.2290013295716538,1.225447829473705,1.227165720467277,111048
2008-12-09,1.227165720467277,1.229938561001522,1.2227987659390884,1.2230201446865765,126877
2008-12-10,1.2230201446865765,1.2228398413186703,1.2188936983000629,1.219607264601304,109048
2008-12-11,1.219607264601304,1.220857537920956,1.2163232144236995,1.2165398387302124,134846
2008-12-12,1.2165398387302124,1.218402979249589,1.2134832395475637,1.2150278407152526,136386
2008-12-15,1.2150278407152526,1.2155003126758157,1.2126374272203344,1.2136044910220316,112879
2008-12-16,1.2136044910220316,1.2144500649725216,1.2112587682682343,1.2131586383738564,98501
2008-12-17,1.2131586383738564,1.2141779384632372,1.212407948068161,1.2138794857430653,142792
2008-12-18,1.2138794857430653,1.214661414846408,1.2119551596397724,1.2133910224925937,98706
2008-12-19,1.2133910224925937,1.2134148553961532,1.208590895616432,1.2097067992087935,126127
2008-12-22,1.2097067992087935,1.2135479180539162,1.209386608798098,1.2115786794826402,134384
2008-12-23,1.2115786794826402,1.2122020085332568,1.2067118699657022,1.2100033630698486,145823
2008-12-24,1.2100033630698486,1.2128868006768685,1.2093273724259908,1.2096877040932468,112304
2008-12-25,1.2096877040932468,1.2106726526236085,1.206229226530919,1.2102366838189915,127857
2008-12-26,1.2102366838189915,1.2148563248344513,1.209630461413132,1.210713474080685,123535
2008-12-29,1.210713474080685,1.2110400859876536,1.2077140899667334,1.2105714799662464,116840
2008-12-30,1.2105714799662464,1.2142474336160092,1.2111496018248422,1.213222206235498,134956
2008-12-31,1.213222206235498,1.213425205106522,1.208342462798661,1.208855470769618,121983
2009-01-01,1.208855470769618,1.209761494058988,1.2054803252450583,1.20868756054614,115748
2009-01-02,1.20868756054614,1.208562291700669,1.2056993396642608,1.2083770723048946,113265
2009-01-05,1.2083770723048946,1.2113028428063437,1.2072059701475757,1.2102029530708371,123331
2009-01-06,1.2102029530708371,1.2098515834767842,1.2061002144395228,1.209145603806222,105355
2009-01-07,1.209145603806222,1.214306785304023,1.208043982567904,1.2124280708531212,112930
2009-01-08,1.2124280708531212,1.2131473037481924,1.206163313913862,1.2062372437573936,106687
2009-01-09,1.2062372437573936,1.207034042724867,1.203073890324272,1.2034099650751866,105935
2009-01-12,1.2034099650751866,1.2034700044120712,1.1990669607339175,1.2018273289027022,111732
2009-01-13,1.2018273289027022,1.204047244888144,1.2001671728724626,1.2030306715959895,124433
2009-01-14,1.2030306715959895,1.2060431399926097,1.2021461724780316,1.2051663573928169,113691
2009-01-15,1.2051663573928169,1.2077709707403776,1.205241945812626,1.2070431138482118,119324
2009-01-16,1.2070431138482118,1.208998048319257,1.2045997032763407,1.2055461068161508,150023
2009-01-19,1.2055461068161508,1.207366042305604,1.2027284751202048,1.206326693527337,110954
2009-01-20,1.206326693527337,1.2083037749318897,1.2002798586942247,1.2005374268897948,147106
2009-01-21,1.2005374268897948,1.2008547540106589,1.198112809227097,1.2003959728726417,109257
2009-01-22,1.2003959728726417,1.202593184026332,1.1992792350137929,1.202202069091475,106127
2009-01-23,1.202202069091475,1.2036059763406115,1.19943106587662,1.199988468760887,119760
2009-01-26,1.199988468760887,1.2028692205422251,1.198521301923291,1.2012470417422452,124315
2009-01-27,1.2012470417422452,1.2025348949344876,1.1996716846542317,1.2024295704665948,114356
2009-01-28,1.2024295704665948,1.2072870278457644,1.2032981040482489,1.2059111162138012,121999
2009-01-29,1.2059111162138012,1.2086154715461894,1.204992343877513,1.2077950286511347,109712
2009-01-30,1.2077950286511347,1.2089642326982568,1.2054018965768494,1.2079807242756706,118734
2009-02-02,1.2079807242756706,1.2135927322729665,1.206754819367139,1.2131045282604676,114374
2009-02-03,1.2131045282604676,1.2198193386212035,1.2127156457370774,1.219691532899294,114305
2009-02-04,1.219691532899294,1.2197797471158065,1.2174792029222297,1.219394613903127,121746
2009-02-05,1.219394613903127,1.220653548365211,1.216368782434883,1.2190529574046634,131735
2009-02-06,1.2190529574046634,1.2225391427859635,1.2178499458290577,1.2222130029480032,110255
2009-02-09,1.2222130029480032,1.225139973338364,1.2217410356922431,1.2238677412520782,118665
2009-02-10,1.2238677412520782,1.223128143651111,1.2194795465541428,1.2201403812873926,116281
2009-02-11,1.2201403812873926,1.2228019602344158,1.219307991006534,1.2222095795364816,128501
2009-02-12,1.2222095795364816,1.22460199323875,1.2193533025169234,1.2233399699480545,123593
2009-02-13,1.2233399699480545,1.2248072032645054,1.2210382620674256,1.2222864982672292,106457
2009-02-16,1.2222864982672292,1.224982909216544,1.222087344254836,1.2241025529462823,119402
2009-02-17,1.2241025529462823,1.224261549457912,1.2174967576271916,1.2210001199940912,123098
2009-02-18,1.2210001199940912,1.2217554430856123,1.2185262043093843,1.220827421957133,119544
2009-02-19,1.220827421957133,1.225588075083818,1.21921527554806,1.2247444607129436,131695
2009-02-20,1.2247444607129436,1.2265113803728829,1.2208580453271007,1.2215498161761598,110297
2009-02-23,1.2215498161761598,1.227313658235123,1.221500734561842,1.2258035091010668,98101
2009-02-24,1.2258035091010668,1.2269425525488515,1.222451371326856,1.224116097663524,131757
2009-02-25,1.224116097663524,1.2239943923134635,1.2192552334937432,1.2217737432389408,142204
2009-02-26,1.2217737432389408,1.2240531313650065,1.219573595524259,1.2239037709092273,121090
2009-02-27,1.2239037709092273,1.2356839619874131,1.224582261040808,1.235621824662232,131685
2009-03-02,1.235621824662232,1.242409311580683,1.2355088135957553,1.239392019689047,122599
2009-03-03,1.239392019689047,1.2397430807440837,1.236296061365584,1.2366092847974266,136277
2009-03-04,1.2366092847974266,1.2402613131658184,1.236283433165707,1.2385672012307205,116220
2009-03-05,1.2385672012307205,1.239789139731507,1.233311429093566,1.2333764028439604,121093
2009-03-06,1.2333764028439604,1.235073100625731,1.2312943294325238,1.2335499369569058,114577
2009-03-09,1.2335499369569058,1.2350468371128738,1.2307797874668356,1.2347546161556913,109348
2009-03-10,1.2347546161556913,1.235255294051911,1.229848880545013,1.2316212278848202,121156
2009-03-11,1.2316212278848202,1.2327348907811233,1.2297169113876896,1.2325558682682725,131807
2009-03-12,1.2325558682682725,1.2349672296764658,1.231328555277706,1.2334837443528357,104020
2009-03-13,1.2334837443528357,1.2332411380952872,1.2303097923917707,1.2308366229498398,110703
2009-03-16,1.2308366229498398,1.2364213962131376,1.2311322979729036,1.2362823253959698,115000
2009-03-17,1.2362823253959698,1.24433418444459,1.2354963881065388,1.2436197311969346,123098
2009-03-18,1.2436197311969346,1.2442947662868376,1.2407498851401215,1.2421837456585454,109419
2009-03-19,1.2421837456585454,1.243416254668554,1.240602629245589,1.2427300409365627,129379
2009-03-20,1.2427300409365627,1.2437960056100972,1.237812182746893,1.238840160375252,112087
2009-03-23,1.238840160375252,1.2462083443472745,1.238649498373036,1.2437437843840318,120729
2009-03-24,1.2437437843840318,1.2448048341473974,1.2383775854563794,1.2388741511146244,116263
2009-03-25,1.2388741511146244,1.242329819595709,1.2373025672363314,1.2408739408656135,136971
2009-03-26,1.2408739408656135,1.2462357396889527,1.239933377302892,1.2459533996830554,116939
2009-03-27,1.2459533996830554,1.2510743784613012,1.243154236737581,1.2489754282145535,132429
2009-03-30,1.2489754282145535,1.251181502156402,1.246762815355716,1.2479671598676494,114524
2009-03-31,1.2479671598676494,1.2482962445633123,1.243181693905003,1.2446939366928167,89140
2009-04-01,1.2446939366928167,1.249691968073072,1.244225221074417,1.2470338817023845,131275
2009-04-02,1.2470338817023845,1.2488285256857017,1.2449859491934403,1.247514017752981,136104
2009-04-03,1.247514017752981,1.250067956670157,1.2461735092157742,1.2490155794903586,141004
2009-04-06,1.2490155794903586,1.2525914284837945,1.2482102983250911,1.249000184478731,149526
2009-04-07,1.249000184478731,1.251545594014874,1.2459581186562478,1.2461555349138516,106274
2009-04-08,1.2461555349138516,1.249788454043952,1.2437054483481065,1.2494397644667292,109878
2009-04-09,1.2494397644667292,1.250063449230144,1.2472408318343982,1.2485503889951954,116470
2009-04-10,1.2485503889951954,1.2501452910732254,1.2458182271505691,1.24986405974261,121799
2009-04-13,1.24986405974261,1.252447856027113,1.248088052238692,1.2521278278948729,123764
2009-04-14,1.2521278278948729,1.255945390908418,1.250919224546582,1.2545351677561694,124676
2009-04-15,1.2545351677561694,1.2536334743030184,1.2436230333010132,1.2443827639999163,106997
2009-04-16,1.2443827639999163,1.249215000711258,1.2424119511308778,1.2485264203535391,123961
2009-04-17,1.2485264203535391,1.250229797454484,1.247609876332986,1.2491456351369212,128667
2009-04-20,1.2491456351369212,1.2494386921908307,1.2453225487760438,1.2479001116078283,125981
2009-04-21,1.2479001116078283,1.2524807575482095,1.2473713392930117,1.2497226006237478,112736
2009-04-22,1.2497226006237478,1.2559384667729705,1.2490305035768892,1.2550540962623542,139837
2009-04-23,1.2550540962623542,1.2555920985871931,1.2484318978071942,1.2484682155581834,123899
2009-04-24,1.2484682155581834,1.2523408202683968,1.2483367039318114,1.248979456856301,115967
2009-04-27,1.248979456856301,1.250908953506478,1.248457370866743,1.2508513720823924,102381
2009-04-28,1.2508513720823924,1.2552438242277428,1.2501477171093631,1.252310870668831,120833
2009-04-29,1.252310870668831,1.2515511335408274,1.2402809442616027,1.2405376759661744,128217
2009-04-30,1.2405376759661744,1.2439608199521257,1.2386873921534696,1.2433347762260658,119701
2009-05-01,1.2433347762260658,1.2448917155302397,1.2412892906757806,1.2413266409191115,109235
2009-05-04,1.2413266409191115,1.2430494499390792,1.2356670901858218,1.2379653640748427,113012
2009-05-05,1.2379653640748427,1.238529778080914,1.232786109869906,1.2328215672991154,132220
2009-05-06,1.2328215672991154,1.2337956773094834,1.2300409784502204,1.2330925825403334,126088
2009-05-07,1.2330925825403334,1.233057815886604,1.227256986780474,1.2295845320156544,143139
2009-05-08,1.2295845320156544,1.232766971405519,1.2297927063135097,1.2313566572492811,112224
2009-05-11,1.2313566572492811,1.2320749308391878,1.2254842599421976,1.225796391545756,137268
2009-05-12,1.225796391545756,1.2314317162760091,1.2265667707373704,1.2292396163874275,119935
2009-05-13,1.2292396163874275,1.2311771171302597,1.2277913947931989,1.2301824605025604,123115
2009-05-14,1.2301824605025604,1.2311457074254275,1.2271491496374634,1.2302812908181122,105093
2009-05-15,1.2302812908181122,1.232609048402315,1.2268799352225237,1.2269548195221398,130728
2009-05-18,1.2269548195221398,1.2299576389313844,1.2267647027917337,1.2296658138100889,130596
2009-05-19,1.2296658138100889,1.2296214927313738,1.22379345486079,1.223972490689704,134939
2009-05-20,1.223972490689704,1.2262758918464618,1.2221772440205405,1.2241555092876006,121876
2009-05-21,1.2241555092876006,1.228760473026202,1.2233162659597223,1.2269267634847727,119732
2009-05-22,1.2269267634847727,1.2320755891151012,1.2264414305319653,1.228694361259412,105096
2009-05-25,1.228694361259412,1.2340575418965605,1.2275026551728812,1.229397171068818,133796
2009-05-26,1.229397171068818,1.2323254431678776,1.2273096284367475,1.231355957066231,126577
2009-05-27,1.231355957066231,1.234544432421964,1.229567965169326,1.2298919473822567,99859
2009-05-28,1.2298919473822567,1.232344769033855,1.228748799573337,1.2306503385077037,161857
2009-05-29,1.2306503385077037,1.233889126866385,1.2296242915542863,1.2336734470610868,114200
2009-06-01,1.2336734470610868,1.2360903784540755,1.2330009420452757,1.235308582640526,110013
2009-06-02,1.235308582640526,1.2367293864999915,1.2337167478106887,1.2337405302236988,118491
2009-06-03,1.2337405302236988,1.2346811984617256,1.225213565214708,1.2259753898543209,126110
2009-06-04,1.2259753898543209,1.2287878675874493,1.2251940834246184,1.227647386185749,123684
2009-06-05,1.227647386185749,1.229236251450868,1.2239589134404183,1.228850223083121,115015
2009-06-08,1.228850223083121,1.2296156354904355,1.2258942436053686,1.228253989497648,116339
2009-06-09,1.228253989497648,1.2296419197195714,1.225944390498947,1.2289127338915506,119930
2009-06-10,1.2289127338915506,1.233148955439489,1.2274700124683249,1.2329362869928155,91956
2009-06-11,1.2329362869928155,1.2356188976725473,1.2323118764342769,1.23507518713022,126138
2009-06-12,1.23507518713022,1.2389466196766885,1.2336431997614354,1.2383233455115203,99941
2009-06-15,1.2383233455115203,1.2391249567717073,1.2357419786154056,1.2360304583107644,86545
2009-06-16,1.2360304583107644,1.2388020357804186,1.2358491020209907,1.2367845048300317,119853
2009-06-17,1.2367845048300317,1.2382012000400309,1.2343435660055992,1.2345835858352638,123177
2009-06-18,1.2345835858352638,1.2382623692614751,1.2341031026143827,1.2369150595736116,119053
2009-06-19,1.2369150595736116,1.2395595391603975,1.2361286245515288,1.2392827913439213,109179
2009-06-22,1.2392827913439213,1.2405177082771306,1.2357502865057404,1.2376526756392767,126550
2009-06-23,1.2376526756392767,1.240664843183106,1.2364920115614804,1.239567840746401,106346
2009-06-24,1.239567840746401,1.2418004078294391,1.2377112779106216,1.240236193139756,140542
2009-06-25,1.240236193139756,1.2416034710120367,1.2376707044456186,1.2408922768160024,101399
2009-06-26,1.2408922768160024,1.2422549406660326,1.236413042286075,1.237495300570752,119224
2009-06-29,1.237495300570752,1.2400653528278145,1.2352639456569667,1.2369499726788529,134538
2009-06-30,1.2369499726788529,1.2391037788630637,1.236065465548957,1.2374881816270251,142501
2009-07-01,1.2374881816270251,1.2369323591199128,1.231636107425231,1.2328726463978943,127079
2009-07-02,1.2328726463978943,1.2351664501901416,1.2307272891095695,1.2334992367167084,101914
2009-07-03,1.2334992367167084,1.2338842517399196,1.230550742692699,1.2317187839342238,173213
2009-07-06,1.2317187839342238,1.2318299843531315,1.2284468604834589,1.2292100512643411,121816
2009-07-07,1.2292100512643411,1.2318249791248277,1.2259415972568946,1.2301186430129265,115045
2009-07-08,1.2301186430129265,1.2314868837189954,1.2274997433449404,1.2282342991566246,120064
2009-07-09,1.2282342991566246,1.2303744512193415,1.2260676963829256,1.2263700666594153,131438
2009-07-10,1.2263700666594153,1.2288142723959756,1.2241959496424988,1.2275268039476024,122351
2009-07-13,1.2275268039476024,1.2287802364505436,1.2253215521625431,1.2262128201775495,122492
2009-07-14,1.2262128201775495,1.2266009972102514,1.2233637558163788,1.224352417748443,132273
2009-07-15,1.224352417748443,1.224229455551389,1.2201894246100755,1.2230554625746402,118361
2009-07-16,1.2230554625746402,1.2233420916013114,1.218690635560948,1.2228863411107864,120488
2009-07-17,1.2228863411107864,1.2235246093005785,1.218844002235138,1.2207989213271653,99709
2009-07-20,1.2207989213271653,1.2206309683772327,1.2169633492977674,1.2172707460436551,116025
2009-07-21,1.2172707460436551,1.2236211105740713,1.2168317076434882,1.221264942462484,141413
2009-07-22,1.221264942462484,1.222755200494965,1.218065644157791,1.2181932517638847,107787
2009-07-23,1.2181932517638847,1.2238939013666,1.21795090111718,1.2232051675950493,119998
2009-07-24,1.2232051675950493,1.2237167678840912,1.2180225482124687,1.2197741965375566,139227
2009-07-27,1.2197741965375566,1.2203571811146927,1.2151790750874116,1.2191945106897335,109948
2009-07-28,1.2191945106897335,1.220512079566619,1.2159683728699395,1.2188822440685183,106115
2009-07-29,1.2188822440685183,1.2208420957934616,1.217504300031803,1.2187888718395814,125957
2009-07-30,1.2187888718395814,1.223971751523221,1.2193283381050777,1.221695648587372,110941
2009-07-31,1.221695648587372,1.2228230185636804,1.219318187587815,1.2205923900357631,109740
2009-08-03,1.2205923900357631,1.2206906573820435,1.2125870563885606,1.2129895519957488,127783
2009-08-04,1.2129895519957488,1.2168274920216566,1.2119575152189337,1.215485430943123,115116
2009-08-05,1.215485430943123,1.215867005813763,1.2100359108534893,1.2118049896367769,121601
2009-08-06,1.2118049896367769,1.211980031060654,1.206349324504706,1.2079499948391226,128921
2009-08-07,1.2079499948391226,1.2115548890878898,1.205379070515046,1.2066890810502993,137455
2009-08-10,1.2066890810502993,1.2072925204312364,1.2037713846797673,1.2043833839099003,114114
2009-08-11,1.2043833839099003,1.2048670591699029,1.2008419145067233,1.2019243200813283,137441
2009-08-12,1.2019243200813283,1.2035716675823327,1.2002259735689402,1.2018193684013174,119918
2009-08-13,1.2018193684013174,1.2025487854126635,1.1948110775781362,1.1948235718905995,132966
2009-08-14,1.1948235718905995,1.1978380706635128,1.1929942477593798,1.197779567717505,124620
2009-08-17,1.197779567717505,1.1985489177634077,1.1955148174285686,1.195703991198587,125755
2009-08-18,1.195703991198587,1.197079248011695,1.192748193100726,1.196069052858609,143127
2009-08-19,1.196069052858609,1.1965035521379386,1.190433469764559,1.1914580941556934,136668
2009-08-20,1.1914580941556934,1.194176681961981,1.1902395964940289,1.1925851688500515,121288
2009-08-21,1.1925851688500515,1.1935783934974218,1.1875416381856387,1.1883058862933893,124720
2009-08-24,1.1883058862933893,1.190240491272649,1.186981518868238,1.1891250990224425,107413
2009-08-25,1.1891250990224425,1.189117490007884,1.1860382824145423,1.1883692222418052,137562
2009-08-26,1.1883692222418052,1.188005040084792,1.1832313748957612,1.183688309384349,112906
2009-08-27,1.183688309384349,1.1851862513400206,1.1825465394012606,1.1839850185033518,115335
2009-08-28,1.1839850185033518,1.1861621481910178,1.182275189628281,1.1850999386149332,119957
2009-08-31,1.1850999386149332,1.1901909834468898,1.1838449914751632,1.1900818235236446,136952
2009-09-01,1.1900818235236446,1.1924718434374288,1.1875359100181702,1.1879612578566032,134445
2009-09-02,1.1879612578566032,1.191570900546134,1.187600090154494,1.1890240629665558,118572
2009-09-03,1.1890240629665558,1.1919777545107482,1.1877201082803404,1.1918969171348373,107600
2009-09-04,1.1918969171348373,1.1956437096289454,1.191944864486031,1.1937508941647357,113237
2009-09-07,1.1937508941647357,1.1947421133860412,1.1918794296057635,1.1922559409243376,111824
2009-09-08,1.1922559409243376,1.1975562608747337,1.1930675658912129,1.195924385735047,118498
2009-09-09,1.195924385735047,1.1990738887693146,1.1942657063912143,1.1947749354033292,108376
2009-09-10,1.1947749354033292,1.197664224511881,1.1942794958919258,1.1954792412122603,135854
2009-09-11,1.1954792412122603,1.2007761322656738,1.1954284171583236,1.197342763119629,138439
2009-09-14,1.197342763119629,1.198667691041258,1.192827851172667,1.1944820592528105,132240
2009-09-15,1.1944820592528105,1.195519369730426,1.192208894361558,1.193629407239468,138459
2009-09-16,1.193629407239468,1.1984192570230314,1.1933574685861934,1.1970963771838663,134668
2009-09-17,1.1970963771838663,1.197950670170892,1.192748709584292,1.1928326761420152,141715
2009-09-18,1.1928326761420152,1.197030675012301,1.1934180155020822,1.1944227574477662,120759
2009-09-21,1.1944227574477662,1.1936171745054736,1.188499034638563,1.1902089412550647,126152
2009-09-22,1.1902089412550647,1.1912913216985197,1.187852966416411,1.1882428509429888,136869
2009-09-23,1.1882428509429888,1.196671570943847,1.1878405306631443,1.1944153351792863,124188
2009-09-24,1.1944153351792863,1.1955014973529627,1.1900921303472525,1.1909282739963014,123404
2009-09-25,1.1909282739963014,1.1920117822931953,1.188899455654855,1.1916099869557095,83523
2009-09-28,1.1916099869557095,1.1944920378230828,1.190021767496192,1.1934557378276585,125839
2009-09-29,1.1934557378276585,1.1954015343379008,1.1910608078874174,1.1948809058037275,118736
2009-09-30,1.1948809058037275,1.1980359648449164,1.193093514499036,1.1948250665220996,109974
2009-10-01,1.1948250665220996,1.1949579639280743,1.1907312990031156,1.192332861122886,122857
2009-10-02,1.192332861122886,1.1963643837828637,1.1927192429641795,1.1957195254410764,125946
2009-10-05,1.1957195254410764,1.201057827978402,1.1951849165880628,1.1966902240610386,117037
2009-10-06,1.1966902240610386,1.197006063216585,1.1932533245999415,1.1943439084527236,125386
2009-10-07,1.1943439084527236,1.193327267331564,1.188273253624649,1.1885067483799636,103700
2009-10-08,1.1885067483799636,1.1889560244003945,1.185786127952617,1.1879922534230771,111479
2009-10-09,1.1879922534230771,1.190771553558965,1.1868149103747077,1.1898131618409078,120378
2009-10-12,1.1898131618409078,1.1949747629764684,1.1905383593163967,1.1947317912131228,105165
2009-10-13,1.1947317912131228,1.1953419576405733,1.191689654473661,1.1950743585961616,128452
2009-10-14,1.1950743585961616,1.1967282035753843,1.1937410006616511,1.1949713569153575,117415
2009-10-15,1.1949713569153575,1.1986695740196325,1.194331226227856,1.1957385322881933,136426
2009-10-16,1.1957385322881933,1.1971711728402594,1.1926262108731354,1.1936287784274524,131942
2009-10-19,1.1936287784274524,1.1930948981897618,1.186951637300217,1.1882045347368546,119848
2009-10-20,1.1882045347368546,1.1896499165851713,1.1866885428929983,1.1871186353039085,117009
2009-10-21,1.1871186353039085,1.189195539426405,1.1833710243982285,1.1881863288205472,111734
2009-10-22,1.1881863288205472,1.189889382634902,1.185087849771967,1.1872540958464604,135337
2009-10-23,1.1872540958464604,1.1877105692926944,1.183994840098975,1.185729635180936,143494
2009-10-26,1.185729635180936,1.1900984935270154,1.1855858846931029,1.1883854557345004,114520
2009-10-27,1.1883854557345004,1.1918377050350362,1.1864863569227155,1.1916604119738177,101688
2009-10-28,1.1916604119738177,1.1945416880911366,1.1912339668253362,1.193817120680876,113386
2009-10-29,1.193817120680876,1.195053416459914,1.191797882051154,1.1932391617136189,134812
2009-10-30,1.1932391617136189,1.1971555503228142,1.1934657208131785,1.194966521324162,127655
2009-11-02,1.194966521324162,1.1952371250299698,1.1904628518138265,1.1908307482107376,146707
2009-11-03,1.1908307482107376,1.192041555446733,1.188224438745597,1.1883872218417273,128176
2009-11-04,1.1883872218417273,1.191653716727897,1.1878143607075395,1.1908781711868042,144680
2009-11-05,1.1908781711868042,1.1935619526193222,1.1898325334387456,1.1929084873145557,124391
2009-11-06,1.1929084873145557,1.1974334606595538,1.1917274385606598,1.1964318263268443,123351
2009-11-09,1.1964318263268443,1.2008719460006227,1.196535139460126,1.2001086641423857,140732
2009-11-10,1.2001086641423857,1.2005236862528474,1.1972953731800031,1.19756895008827,123434
2009-11-11,1.19756895008827,1.1993967173219475,1.1959319259756946,1.1977896435413702,133626
2009-11-12,1.1977896435413702,1.1987163384325517,1.1940736485970331,1.1948502543848365,109069
2009-11-13,1.1948502543848365,1.197361542361844,1.193757230389457,1.1955717428164956,125274
2009-11-16,1.1955717428164956,1.2004116564560678,1.1948610874816448,1.1975906443561095,115022
2009-11-17,1.1975906443561095,1.2025108751173368,1.1966820404162382,1.200340180496056,105595
2009-11-18,1.200340180496056,1.2011380435895676,1.1981493850519889,1.1998033193386928,109486
2009-11-19,1.1998033193386928,1.2046767668532787,1.2000910190866882,1.2035219636972887,133588
2009-11-20,1.2035219636972887,1.207365057813497,1.2019328573614851,1.2064380038385234,122338
2009-11-23,1.2064380038385234,1.2066126944849214,1.1998295493448914,1.2032201276913703,126935
2009-11-24,1.2032201276913703,1.21389557278135,1.203302733101647,1.2135970793829052,118845
2009-11-25,1.2135970793829052,1.2149358021596637,1.2057677385304393,1.2059103263624946,127093
2009-11-26,1.2059103263624946,1.2087608338739262,1.2061131141909387,1.2072553354055688,134667
2009-11-27,1.2072553354055688,1.2149322484043263,1.206919536562333,1.2110698813047795,139958
2009-11-30,1.2110698813047795,1.2122280470545506,1.208857456822208,1.2100364693901748,114748
2009-12-01,1.2100364693901748,1.2111349290296742,1.2050627028786882,1.2073555936514853,104729
2009-12-02,1.2073555936514853,1.2103491747391593,1.206101865309591,1.2084061226036549,123791
2009-12-03,1.2084061226036549,1.20908285176195,1.2045539094303426,1.2085344652331695,92172
2009-12-04,1.2085344652331695,1.2092152308236352,1.2044864130200563,1.2056810787264605,99199
2009-12-07,1.2056810787264605,1.209070605455815,1.2056736051476022,1.2083631554034855,126095
2009-12-08,1.2083631554034855,1.2117191252074837,1.205292627019276,1.2116351333145852,127217
2009-12-09,1.2116351333145852,1.21497809819809,1.2110912465537609,1.211959980508214,129300
2009-12-10,1.211959980508214,1.216831650818867,1.21152758813207,1.2118675093964957,146204
2009-12-11,1.2118675093964957,1.212758502442263,1.2087258939792138,1.2109052013279789,106979
2009-12-14,1.2109052013279789,1.2145269017178315,1.209516925686552,1.212788541174442,95972
2009-12-15,1.212788541174442,1.2133553564976691,1.2095762700156534,1.2110338412940544,125946
2009-12-16,1.2110338412940544,1.2114295144807536,1.204821294744033,1.2081332698292626,105625
2009-12-17,1.2081332698292626,1.214049006412227,1.207509455856973,1.2137610143786473,124281
2009-12-18,1.2137610143786473,1.2131276643089433,1.205468835684132,1.2065635047551446,127755
2009-12-21,1.2065635047551446,1.2106491856878543,1.20604812659246,1.2090756970882977,148568
2009-12-22,1.2090756970882977,1.2096429253516352,1.204249426736401,1.2091509176608328,92470
2009-12-23,1.2091509176608328,1.212525418737881,1.209602510380286,1.2103285995513982,118431
2009-12-24,1.2103285995513982,1.2180882781593614,1.2103354767495698,1.2180491459723504,113929
2009-12-25,1.2180491459723504,1.2213850904552404,1.2174931067037296,1.2187950417572029,119714
2009-12-28,1.2187950417572029,1.2192254871062775,1.2141893929301166,1.215321036508036,117315
2009-12-29,1.215321036508036,1.219476478247189,1.2158530905510496,1.217897822052767,107005
2009-12-30,1.217897822052767,1.2197706050492454,1.2151494284727866,1.215154586674638,140673
2009-12-31,1.215154586674638,1.2178210144819528,1.2132498665831344,1.2146349864297834,114213
2010-01-01,1.2146349864297834,1.2175366265822472,1.214475052879217,1.2164352834700054,102869
2010-01-04,1.2164352834700054,1.2177686940228876,1.21501324791265,1.2166491382910325,111560
2010-01-05,1.2166491382910325,1.2197005792513675,1.2154239252759969,1.2190712588814796,107209
2010-01-06,1.2190712588814796,1.2198806047543107,1.2138017954671565,1.2144378773059752,125628
2010-01-07,1.2144378773059752,1.2172840370173232,1.2133562196520766,1.2149180594178497,120997
2010-01-08,1.2149180594178497,1.215775319704821,1.2124801775009704,1.2128068906738756,104203
2010-01-11,1.2128068906738756,1.21395631535527,1.2102742925753909,1.2139558912438908,121177
2010-01-12,1.2139558912438908,1.2183968539347905,1.2124025112364112,1.2175347182911778,135094
2010-01-13,1.2175347182911778,1.2183313797616424,1.2151703004885712,1.2169397027356792,144422
2010-01-14,1.2169397027356792,1.2184012667242694,1.214576913444943,1.2150130164861188,127017
2010-01-15,1.2150130164861188,1.215410123073909,1.2084601233129997,1.2087368467095103,127811
2010-01-18,1.2087368467095103,1.2084391794449747,1.2039817627010487,1.2051180871350362,113956
2010-01-19,1.2051180871350362,1.2065435562423052,1.2012502682105624,1.2037841566635683,102200
2010-01-20,1.2037841566635683,1.207740309040536,1.2023345638309628,1.2062636221390195,121771
2010-01-21,1.2062636221390195,1.2066098507031346,1.203584471322994,1.2041439476973317,130714
2010-01-22,1.2041439476973317,1.2054144441479675,1.2006057508613066,1.200859492495149,104249
2010-01-25,1.200859492495149,1.201580136359715,1.1987780195223785,1.2003580994786756,136663
2010-01-26,1.2003580994786756,1.2020945592006014,1.199397161462316,1.1999172009463135,114970
2010-01-27,1.1999172009463135,1.2013736277727307,1.199306273014038,1.200764098818185,103156
2010-01-28,1.200764098818185,1.2016586689020756,1.1987961383554162,1.2005319268217316,121570
2010-01-29,1.2005319268217316,1.204064233415746,1.198976657168156,1.201416223020905,101990
2010-02-01,1.201416223020905,1.2034937270800006,1.19685336714782,1.1976560019154705,135060
2010-02-02,1.1976560019154705,1.2014868599573831,1.1972971852240073,1.1990814756750643,136777
2010-02-03,1.1990814756750643,1.2005203093106522,1.197457177326565,1.1999143874896174,126271
2010-02-04,1.1999143874896174,1.205333533972545,1.1989041308896051,1.2032202378585537,138280
2010-02-05,1.2032202378585537,1.2072768448895603,1.201757424548065,1.2064807992706026,113760
2010-02-08,1.2064807992706026,1.2085367215154152,1.2032804887127029,1.2041788235241169,116460
2010-02-09,1.2041788235241169,1.2062801982778708,1.1994251614760394,1.200398084792214,128116
2010-02-10,1.200398084792214,1.2005878622355348,1.1956490358518836,1.19674250217713,106506
2010-02-11,1.19674250217713,1.1989905794208926,1.190152759531478,1.1904103862021624,110225
2010-02-12,1.1904103862021624,1.190254152661142,1.1876237142041888,1.190035809742742,111289
2010-02-15,1.190035809742742,1.1912374681311382,1.187138776821462,1.1889061326093544,131907
2010-02-16,1.1889061326093544,1.1898851327531343,1.1853407875108637,1.185468235114698,126848
2010-02-17,1.185468235114698,1.1870578415996038,1.181824505554108,1.1845136546340094,113847
2010-02-18,1.1845136546340094,1.1851848982233282,1.181608498720136,1.184731964801113,115780
2010-02-19,1.184731964801113,1.1866002075365123,1.1812043147388085,1.1819621595901957,122266
2010-02-22,1.1819621595901957,1.1834369317204383,1.1737782345534478,1.1742178061723465,117202
2010-02-23,1.1742178061723465,1.175411214835522,1.1721199560463162,1.1751554355002471,142766
2010-02-24,1.1751554355002471,1.1759307486195545,1.172975678304388,1.1746182736340125,122662
2010-02-25,1.1746182736340125,1.1754230744860257,1.171489546303483,1.1726280503265976,114663
2010-02-26,1.1726280503265976,1.173404814453648,1.170369955735255,1.1718214176466386,136241
2010-03-01,1.1718214176466386,1.172918563350042,1.1683117584409106,1.1689799905261242,116130
2010-03-02,1.1689799905261242,1.1731203212487775,1.168909693001844,1.170760987520108,119460
2010-03-03,1.170760987520108,1.1753342245273932,1.1712882742396762,1.1750591587824586,122838
2010-03-04,1.1750591587824586,1.1753259298931105,1.1705367936824522,1.172204496140117,97062
2010-03-05,1.172204496140117,1.1732579470349465,1.1661309351057836,1.167187134520931,103947
2010-03-08,1.167187134520931,1.1716903396341691,1.165598413101326,1.1698567228867698,117947
2010-03-09,1.1698567228867698,1.1745774170841494,1.168823022229952,1.173487008072049,111498
2010-03-10,1.173487008072049,1.1738658101664534,1.1706674532176584,1.171700766876629,123003
2010-03-11,1.171700766876629,1.1749414950176762,1.172245080275034,1.1732721175085097,116184
2010-03-12,1.1732721175085097,1.1755856762800203,1.1706429841758896,1.172370679686819,148363
2010-03-15,1.172370679686819,1.1753693022442429,1.170467877784171,1.17195473033624,138605
2010-03-16,1.17195473033624,1.1746418335057849,1.1709533812878103,1.171948433850461,97021
2010-03-17,1.171948433850461,1.171454697678,1.1654062071564246,1.1655918494291824,120791
2010-03-18,1.1655918494291824,1.1686582870728237,1.1648995973577343,1.1685996321110894,138138
2010-03-19,1.1685996321110894,1.1685836355087278,1.164948098162141,1.1676611424149903,143189
2010-03-22,1.1676611424149903,1.173614263267421,1.1679995321053704,1.1717465211507532,127925
2010-03-23,1.1717465211507532,1.1738863434690878,1.1687513000313108,1.170003665218032,110202
2010-03-24,1.170003665218032,1.1736757260283617,1.1700557420984,1.1716636889940717,102517
2010-03-25,1.1716636889940717,1.1761035089572636,1.1706392762078264,1.173641664401168,129149
2010-03-26,1.173641664401168,1.1755400322940392,1.1709311830374238,1.1752079969744855,135821
2010-03-29,1.1752079969744855,1.1783869100570026,1.1717365853158843,1.1735064263060973,129855
2010-03-30,1.1735064263060973,1.1744988185602727,1.1711638927313552,1.1739190170381677,109483
2010-03-31,1.1739190170381677,1.1787424029146996,1.174199171943304,1.1770763930869574,98870
2010-04-01,1.1770763930869574,1.1781777595844796,1.17474559665403,1.1753975865306563,120346
2010-04-02,1.1753975865306563,1.1761601396468695,1.1706797478617756,1.1709666045556628,111261
2010-04-05,1.1709666045556628,1.1744252811017344,1.169378864672586,1.171979855995347,123947
2010-04-06,1.171979855995347,1.174524849801618,1.1706342172579722,1.1709872058971769,100505
2010-04-07,1.1709872058971769,1.1749586689282987,1.1695011128099368,1.1745359394960817,108961
2010-04-08,1.1745359394960817,1.1757027874227282,1.171556663657232,1.1741952862329517,126546
2010-04-09,1.1741952862329517,1.1772074990785224,1.1716764691643402,1.1722923205195717,124729
2010-04-12,1.1722923205195717,1.1751281734289756,1.170971403277907,1.174495288158793,122335
2010-04-13,1.174495288158793,1.177499495532726,1.1742274298289,1.1749358335761826,131211
2010-04-14,1.1749358335761826,1.1788929718575307,1.1739809118330653,1.178575943532106,113487
2010-04-15,1.178575943532106,1.181191616302411,1.177206346548719,1.179604236504863,122572
2010-04-16,1.179604236504863,1.180912180121341,1.1769974221434365,1.1800408445764292,137712
2010-04-19,1.1800408445764292,1.183651087588949,1.178548812980127,1.1825177981952004,103213
2010-04-20,1.1825177981952004,1.1843609292730024,1.181326354479686,1.182634747444142,129600
2010-04-21,1.182634747444142,1.1834421754934688,1.1801914686576005,1.1810211433862563,140133
2010-04-22,1.1810211433862563,1.183293264970358,1.1792319197787675,1.1796832698712238,127947
2010-04-23,1.1796832698712238,1.1817881226054856,1.177168369143461,1.1778016023106472,151157
2010-04-26,1.1778016023106472,1.1845482098722209,1.17656220666166,1.183856189049978,135684
2010-04-27,1.183856189049978,1.1958684377276407,1.1831118371800886,1.1952321176923988,108248
2010-04-28,1.1952321176923988,1.1970186710350663,1.1926462044250237,1.1945517551294782,131964
2010-04-29,1.1945517551294782,1.2004861388549326,1.1947920226219757,1.1959657924629457,108392
2010-04-30,1.1959657924629457,1.1984917814110287,1.1946042818228213,1.1967464580334457,105792
2010-05-03,1.1967464580334457,1.1973313089220223,1.1948776452755785,1.196566391532785,105654
2010-05-04,1.196566391532785,1.1982251369679182,1.1946495983256324,1.1949240172669962,118414
2010-05-05,1.1949240172669962,1.2000132503746126,1.1947060132661869,1.196392329751369,124530
2010-05-06,1.196392329751369,1.1988191737951963,1.1918922401065242,1.1918976445912404,150385
2010-05-07,1.1918976445912404,1.1946413189815952,1.1901364453368375,1.1943770854759963,104781
2010-05-10,1.1943770854759963,1.1988308049769771,1.1944273967782464,1.197976794958325,127436
2010-05-11,1.197976794958325,1.202636058590711,1.196540006516569,1.2025249525946753,137467
2010-05-12,1.2025249525946753,1.2051262370843767,1.1995796292288474,1.204878585962238,94416
2010-05-13,1.204878585962238,1.2060337795671163,1.1993832189481828,1.1998812573185365,120898
2010-05-14,1.1998812573185365,1.1998507674464136,1.195410263498232,1.19826519179048,113423
2010-05-17,1.19826519179048,1.200984952278768,1.1980702318356171,1.1987944538121582,128556
2010-05-18,1.1987944538121582,1.2009163973037682,1.195575514790426,1.2009091759930393,124456
2010-05-19,1.2009091759930393,1.20324810210713,1.1984861510595826,1.198898345121289,126261
2010-05-20,1.198898345121289,1.2000388162937785,1.196294341545784,1.1997466311938023,117005
2010-05-21,1.1997466311938023,1.2031401105328143,1.1985403067036355,1.2017753542111052,110882
2010-05-24,1.2017753542111052,1.202123216397101,1.1980461740356632,1.1996477082647548,126702
2010-05-25,1.1996477082647548,1.2024359151113029,1.1988439410587088,1.201322214176064,107395
2010-05-26,1.201322214176064,1.201657811170181,1.196261583757931,1.1977083166260067,136131
2010-05-27,1.1977083166260067,1.197798123076483,1.193295186042308,1.196630490154588,127867
2010-05-28,1.196630490154588,1.1982529115466356,1.191469059031406,1.1952775382998937,111212
2010-05-31,1.1952775382998937,1.197413117937595,1.1949647941394914,1.195530756985124,127844
2010-06-01,1.195530756985124,1.1966010748273208,1.1930263183514114,1.1947271681125424,107450
2010-06-02,1.1947271681125424,1.1962093960458218,1.1911165563775683,1.1915937795000957,121832
2010-06-03,1.1915937795000957,1.1963268452528986,1.1920150362489448,1.1961464299775038,102355
2010-06-04,1.1961464299775038,1.1967073576050589,1.1911839154848112,1.195357863072762,91247
2010-06-07,1.195357863072762,1.1991932745329168,1.193667445196478,1.1956994774734069,112668
2010-06-08,1.1956994774734069,1.1971539683759125,1.1928557084795983,1.1931414078596505,130756
2010-06-09,1.1931414078596505,1.1930526870004432,1.188036863794787,1.1888688330535229,127608
2010-06-10,1.1888688330535229,1.1943459406614674,1.1887291245892448,1.1915172678709651,133515
2010-06-11,1.1915172678709651,1.1978342016292085,1.191578697684193,1.196534865871374,130290
2010-06-14,1.196534865871374,1.1994011388777548,1.1955883069310238,1.1991578200707154,105818
2010-06-15,1.1991578200707154,1.1990019820554714,1.1924474922653203,1.1935755108157535,107438
2010-06-16,1.1935755108157535,1.1953345792569183,1.192339523786783,1.1942686640385982,115904
2010-06-17,1.1942686640385982,1.1970030962657945,1.1932832910174809,1.1954363211758274,105405
2010-06-18,1.1954363211758274,1.19611685880353,1.191463849223842,1.1920385451523914,138013
2010-06-21,1.1920385451523914,1.1928148072948064,1.1894539816417289,1.191581065303987,131458
2010-06-22,1.191581065303987,1.19348421915474,1.18883890247854,1.1898004296051383,144983
2010-06-23,1.1898004296051383,1.190471774706445,1.1850454689038334,1.1862719884160322,114720
2010-06-24,1.1862719884160322,1.1871761801821517,1.1820168544625091,1.1848711350723002,118840
2010-06-25,1.1848711350723002,1.1863207055735,1.1804189334887925,1.1806529155659446,121713
2010-06-28,1.1806529155659446,1.1822890867045284,1.1784883055844348,1.180066300155335,135582
2010-06-29,1.180066300155335,1.184500058131448,1.1792594369172678,1.1842452615025754,127403
2010-06-30,1.1842452615025754,1.1847739804108233,1.1796276059862496,1.1810847938290832,105641
2010-07-01,1.1810847938290832,1.1826475221175765,1.1782039345279776,1.1783943832168478,122367
2010-07-02,1.1783943832168478,1.1783232736417972,1.1746697094675311,1.1756802152162025,132343
2010-07-05,1.1756802152162025,1.179111560669745,1.1735469597370622,1.174096063674816,125175
2010-07-06,1.174096063674816,1.173959349069449,1.170006746771764,1.171282989834307,137117
2010-07-07,1.171282989834307,1.1722733445967035,1.1686598663602752,1.1705833390946994,125499
2010-07-08,1.1705833390946994,1.1745628569487268,1.1705755670892264,1.173005357044986,142656
2010-07-09,1.173005357044986,1.1787050469672442,1.173138404966147,1.1774184040805291,156830
2010-07-12,1.1774184040805291,1.1783042502172736,1.173151491658033,1.1762563514874318,125387
2010-07-13,1.1762563514874318,1.1760937736428356,1.172442236871598,1.1729915340670278,111501
2010-07-14,1.1729915340670278,1.1724513908700498,1.1669829660409583,1.1695120437975703,137013
2010-07-15,1.1695120437975703,1.1729016971568025,1.166958993075138,1.1724336383576377,104898
2010-07-16,1.1724336383576377,1.1731118181099631,1.1685796718757795,1.1696021607766447,112534
2010-07-19,1.1696021607766447,1.172016893763759,1.1685057564997,1.1705903498558996,120021
2010-07-20,1.1705903498558996,1.1715203767641436,1.1686753215774424,1.170245166450375,111421
2010-07-21,1.170245166450375,1.1745719839643072,1.169447364995456,1.1737739283038005,116773
2010-07-22,1.1737739283038005,1.1767701600202214,1.1733150524726723,1.1739804348592755,142919
2010-07-23,1.1739804348592755,1.1774183482673182,1.17336140700704,1.173568174439301,127532
2010-07-26,1.173568174439301,1.1757662618137887,1.1710589769440043,1.171156134619322,112310
2010-07-27,1.171156134619322,1.1715530868990427,1.168888580085731,1.169603301428148,122671
2010-07-28,1.169603301428148,1.170329252848768,1.1680864159188862,1.1690435812528432,127049
2010-07-29,1.1690435812528432,1.1707866821391988,1.1672739903360458,1.1675876410037849,128904
2010-07-30,1.1675876410037849,1.170596355935407,1.167233649022413,1.1701505504039844,139874
2010-08-02,1.1701505504039844,1.1699233498622972,1.160648853201977,1.1610815523576796,124081
2010-08-03,1.1610815523576796,1.1626084422660696,1.159738414332803,1.1608421732072864,119719
2010-08-04,1.1608421732072864,1.162402554917546,1.1589212931262385,1.160355563464316,116785
2010-08-05,1.160355563464316,1.1635991546351403,1.1608675637428243,1.1622960591344536,115882
2010-08-06,1.1622960591344536,1.1645968435821528,1.1607569138810696,1.1611489631146323,116675
2010-08-09,1.1611489631146323,1.1613735586529297,1.1564068663649325,1.16095063934149,116757
2010-08-10,1.16095063934149,1.164060018885003,1.1594393935793992,1.1604948262793746,119650
2010-08-11,1.1604948262793746,1.1611088192471763,1.1570354166477947,1.1573351843863056,131416
2010-08-12,1.1573351843863056,1.1582360211873788,1.1527362143518982,1.155763596321265,119284
2010-08-13,1.155763596321265,1.157570608001933,1.1542757687302174,1.1549733536729645,119806
2010-08-16,1.1549733536729645,1.1554673513092906,1.149520758504799,1.1507115425538088,119570
2010-08-17,1.1507115425538088,1.1508188870496334,1.1461998617974862,1.1493879721342857,126438
2010-08-18,1.1493879721342857,1.1493619802987889,1.1453027479127178,1.148436452529353,98374
2010-08-19,1.148436452529353,1.148749365266261,1.1446736605247407,1.1467637376346715,110188
2010-08-20,1.1467637376346715,1.1469000781656444,1.1429380095424326,1.144924684513423,106781
2010-08-23,1.144924684513423,1.1471992821780552,1.139595379874022,1.140514408874808,125821
2010-08-24,1.140514408874808,1.1420880201654322,1.1389445270250795,1.1406215911112094,123263
2010-08-25,1.1406215911112094,1.141486031355209,1.1334555974632718,1.1342243798975935,136804
2010-08-26,1.1342243798975935,1.1347090871663652,1.1313382312980296,1.1337702763767534,113281
2010-08-27,1.1337702763767534,1.133903850440832,1.1295533778751776,1.1321095753573711,127587
2010-08-30,1.1321095753573711,1.1333610109089818,1.1281187155211525,1.1302729024246112,122164
2010-08-31,1.1302729024246112,1.132208103237114,1.12735431688648,1.1277461211023436,135716
2010-09-01,1.1277461211023436,1.130096552275267,1.126781566823269,1.129178083361015,105078
2010-09-02,1.129178083361015,1.131443417691656,1.127308809362545,1.1297316064166467,127601
2010-09-03,1.1297316064166467,1.1341046034864315,1.1301123108754425,1.1336046991424278,106831
2010-09-06,1.1336046991424278,1.1365117224982573,1.1320315280302895,1.1358977618633463,99911
2010-09-07,1.1358977618633463,1.1369100930128602,1.1330853409765853,1.1358119060096843,118404
2010-09-08,1.1358119060096843,1.1378943792315916,1.1337147945275836,1.1374582864996652,117761
2010-09-09,1.1374582864996652,1.1368712238238246,1.1330515035282251,1.134557542612774,107606
2010-09-10,1.134557542612774,1.1367408003533108,1.1335159205109246,1.135788683827167,104182
2010-09-13,1.135788683827167,1.1380876659750807,1.1337721047713212,1.1368574295359246,129544
2010-09-14,1.1368574295359246,1.138501884732473,1.135146509190014,1.1353477385588502,108272
2010-09-15,1.1353477385588502,1.1352619901279992,1.1288022971055822,1.129024947103874,114871
2010-09-16,1.129024947103874,1.1344202012369164,1.1289554257854375,1.1340796080545943,133674
2010-09-17,1.1340796080545943,1.1365379828481674,1.1337880405270588,1.1353136171797256,127425
2010-09-20,1.1353136171797256,1.1350716448993925,1.131739915495236,1.1320503430463815,110742
2010-09-21,1.1320503430463815,1.1341764052675534,1.131146854386792,1.1336544901756176,133931
2010-09-22,1.1336544901756176,1.1357112054898917,1.1314704836472618,1.1349036588710353,97748
2010-09-23,1.1349036588710353,1.13556915332488,1.129832017392143,1.1335771028040045,122724
2010-09-24,1.1335771028040045,1.1399679231116768,1.1322348047236437,1.139871518108738,123435
2010-09-27,1.139871518108738,1.1396144194278088,1.134585788561191,1.1374086960830578,118181
2010-09-28,1.1374086960830578,1.1366753950024555,1.133526051431042,1.1336723404673967,135246
2010-09-29,1.1336723404673967,1.1356831805579943,1.1325897926044484,1.1344263086493398,107586
2010-09-30,1.1344263086493398,1.1379005941618492,1.1322232332185225,1.1330440241884434,114982
2010-10-01,1.1330440241884434,1.1368807094609708,1.1327988884798357,1.1347311251954693,121737
2010-10-04,1.1347311251954693,1.138367062566645,1.1346310291874848,1.1367558692898403,113372
2010-10-05,1.1367558692898403,1.140736582724731,1.1365326567010134,1.139073711871026,105920
2010-10-06,1.139073711871026,1.1394726128466983,1.136018026881291,1.1374844825588806,96486
2010-10-07,1.1374844825588806,1.139881413271773,1.1358825411759348,1.1394658409639995,99621
2010-10-08,1.1394658409639995,1.1414086549203308,1.1385996835682606,1.1399563212971011,143444
2010-10-11,1.1399563212971011,1.142469013967744,1.1393169531587082,1.141756161275678,135458
2010-10-12,1.141756161275678,1.1450650479795554,1.1413202050518751,1.143375922957713,145217
2010-10-13,1.143375922957713,1.144942862525376,1.1407794641177231,1.1423418955047564,124015
2010-10-14,1.1423418955047564,1.1443715332744664,1.140296117608158,1.14305445962893,122414
2010-10-15,1.14305445962893,1.143236587141365,1.139736326195025,1.140737643009737,103913
2010-10-18,1.140737643009737,1.1415828487370512,1.1378146721818638,1.1414354867154133,111599
2010-10-19,1.1414354867154133,1.140777300511567,1.135860351843213,1.138010642471983,110296
2010-10-20,1.138010642471983,1.1392861673551018,1.134359199472382,1.1346740337904688,111749
2010-10-21,1.1346740337904688,1.136422478013121,1.1320741963665029,1.136242939133518,100330
2010-10-22,1.136242939133518,1.136468379221612,1.1336398277767654,1.1355226438608692,115102
2010-10-25,1.1355226438608692,1.1392105412497562,1.1338675579221775,1.135840706148313,116415
2010-10-26,1.135840706148313,1.136863062399641,1.1331337742679657,1.1335293835022682,121895
2010-10-27,1.1335293835022682,1.1382319462912198,1.1322116947958656,1.1378521318249444,133930
2010-10-28,1.1378521318249444,1.1403267703230957,1.138049031576279,1.1394656664324312,117560
2010-10-29,1.1394656664324312,1.1409631832608225,1.136036969016676,1.1389502720963631,127251
2010-11-01,1.1389502720963631,1.1432702800644938,1.138735555834156,1.143037719085401,119719
2010-11-02,1.143037719085401,1.1454102103035186,1.141409293969542,1.1429962912115654,145330
2010-11-03,1.1429962912115654,1.1451762190299477,1.1410404240175198,1.1447556268401011,151372
2010-11-04,1.1447556268401011,1.1455451234114151,1.141742172188424,1.1421529140186872,119634
2010-11-05,1.1421529140186872,1.1428050555391338,1.1400559081241683,1.1407159828109377,110363
2010-11-08,1.1407159828109377,1.1452099515271592,1.1409970688286604,1.1436858999923198,142246
2010-11-09,1.1436858999923198,1.1445556744550898,1.140381942609921,1.1434580421851777,110388
2010-11-10,1.1434580421851777,1.145405743799876,1.1422993990102772,1.1429990236578118,144477
2010-11-11,1.1429990236578118,1.1465182945525887,1.1427467661001465,1.1446958136516392,141993
2010-11-12,1.1446958136516392,1.1476753716256385,1.1447068120823802,1.1467770110622684,117639
2010-11-15,1.1467770110622684,1.148142403798653,1.144240200506469,1.1460043979490824,126062
2010-11-16,1.1460043979490824,1.1462225023089567,1.1417254317198104,1.1424742962449368,103668
2010-11-17,1.1424742962449368,1.147013833956422,1.1427722909170797,1.1445786413822068,95489
2010-11-18,1.1445786413822068,1.148513697181483,1.1430823935179737,1.1460861486986516,116247
2010-11-19,1.1460861486986516,1.150232291665125,1.145945713734864,1.149519442495754,122013
2010-11-22,1.149519442495754,1.1503730932657803,1.1477523926048263,1.148323080147465,87452
2010-11-23,1.148323080147465,1.1482618411308103,1.145436025130531,1.1465371433949594,106309
2010-11-24,1.1465371433949594,1.1476580021908278,1.144026129124344,1.1457284830918422,108078
2010-11-25,1.1457284830918422,1.1483546156532736,1.1448238652558018,1.147422391364748,107669
2010-11-26,1.147422391364748,1.1488671296893769,1.1421838101591435,1.143251749963008,120172
2010-11-29,1.143251749963008,1.1437092401269275,1.1387670643969336,1.1414672945846942,124997
2010-11-30,1.1414672945846942,1.1421616684897866,1.139609243424596,1.1414889651860551,123667
2010-12-01,1.1414889651860551,1.1420171345272918,1.1386941556699035,1.1389576797514722,127871
2010-12-02,1.1389576797514722,1.1388183976455888,1.1353085787425952,1.136909317308776,138352
2010-12-03,1.136909317308776,1.138906936842638,1.1358096567601923,1.136928925110333,130780
2010-12-06,1.136928925110333,1.1423788777040171,1.1375565830361656,1.1382738024367134,137846
2010-12-07,1.1382738024367134,1.1396710498441185,1.1360668901648376,1.1394310331422628,110189
2010-12-08,1.1394310331422628,1.1405642321763472,1.1351576850250626,1.1362538289650366,139312
2010-12-09,1.1362538289650366,1.138710672832418,1.1345410383255077,1.137235282124712,102809
2010-12-10,1.137235282124712,1.1387091655299484,1.1348886418013973,1.135870454238803,101450
2010-12-13,1.135870454238803,1.138710210932338,1.1345468689245548,1.1375112934252998,143432
2010-12-14,1.1375112934252998,1.1384319641023175,1.134731853646857,1.1360514134891848,117642
2010-12-15,1.1360514134891848,1.137315144839042,1.130897650082912,1.1333603926502065,119641
2010-12-16,1.1333603926502065,1.1336143566209511,1.1298407233781442,1.1308981186704197,106472
2010-12-17,1.1308981186704197,1.1341773382592597,1.1304710271061105,1.1319558786067212,95702
2010-12-20,1.1319558786067212,1.135823858395193,1.1306568987980172,1.1338807784381073,106646
2010-12-21,1.1338807784381073,1.136051106532218,1.132045971788021,1.1356105885913723,130893
2010-12-22,1.1356105885913723,1.1391124962647647,1.1345679171736056,1.1353098809718691,143458
2010-12-23,1.1353098809718691,1.1370441211504183,1.132899817011204,1.1340676006645845,117523
2010-12-24,1.1340676006645845,1.1347264818749134,1.1320100344155588,1.1341536284396956,117457
2010-12-27,1.1341536284396956,1.134887190150583,1.132363441746929,1.1338308326016902,111531
2010-12-28,1.1338308326016902,1.135734497974545,1.1320788523165384,1.134613802250375,106731
2010-12-29,1.134613802250375,1.1385729768921955,1.133980912444805,1.13731675656025,141135
2010-12-30,1.13731675656025,1.1379990425617763,1.1325120664539765,1.1328013330039572,112715
2010-12-31,1.1328013330039572,1.1365992143389094,1.1322410751728371,1.134412191860254,117695
2011-01-03,1.134412191860254,1.137031979613364,1.1332721712793223,1.1365080778278882,105014
2011-01-04,1.1365080778278882,1.1379359441468018,1.1325547952833352,1.1340713140770955,127530
2011-01-05,1.1340713140770955,1.1339026987041296,1.127072532569356,1.1279700934397243,94332
2011-01-06,1.1279700934397243,1.1333768751246571,1.1281838687077776,1.132029018894874,147627
2011-01-07,1.132029018894874,1.1327726301245726,1.1284657072195112,1.1297173450486604,120461
2011-01-10,1.1297173450486604,1.1303384629141071,1.125738992569046,1.127623719704713,146227
2011-01-11,1.127623719704713,1.1319545310529018,1.1275992998736557,1.1304116830916768,91418
2011-01-12,1.1304116830916768,1.1302006723866918,1.1249173278493405,1.1258734372547807,140229
2011-01-13,1.1258734372547807,1.128368299070884,1.123336124302555,1.1262720061144365,117434
2011-01-14,1.1262720061144365,1.1263719288404503,1.118376131318402,1.11889395395332,125519
2011-01-17,1.11889395395332,1.1193409091532531,1.1145937793143303,1.1170466256186369,135505
2011-01-18,1.1170466256186369,1.1221507443251952,1.1170696282979866,1.121505098415858,118708
2011-01-19,1.121505098415858,1.1229898403330725,1.1170091002168538,1.1175346016817045,125690
2011-01-20,1.1175346016817045,1.1217592475813636,1.116223679219808,1.119200053585054,102259
2011-01-21,1.119200053585054,1.119873014234484,1.1121381976140354,1.1132785532749665,114819
2011-01-24,1.1132785532749665,1.1136383243667076,1.110903584544032,1.11099599844899,122890
2011-01-25,1.11099599844899,1.1121019804248902,1.1066025075635113,1.107165064283011,132042
2011-01-26,1.107165064283011,1.108125535188428,1.1038520021600071,1.1058343066979326,113966
2011-01-27,1.1058343066979326,1.106519072680093,1.1016577546813109,1.102043482840848,139576
2011-01-28,1.102043482840848,1.1040497939178442,1.1013757589870223,1.102339487787786,111892
2011-01-31,1.102339487787786,1.1028893753284996,1.0972127585781004,1.0974612942252635,113196
2011-02-01,1.0974612942252635,1.0975528496532618,1.0937360516874512,1.0966557458665538,110581
2011-02-02,1.0966557458665538,1.098289555856704,1.0933623702147195,1.093875844167508,152216
2011-02-03,1.093875844167508,1.0959797076505884,1.0925710768825618,1.0938262214332697,128554
2011-02-04,1.0938262214332697,1.0981177523769046,1.093243140446417,1.0977740763562418,118623
2011-02-07,1.0977740763562418,1.0998240690602132,1.0963910440207052,1.0989576884321397,127961
2011-02-08,1.0989576884321397,1.1007485592295725,1.0967332433552588,1.097532460038829,128832
2011-02-09,1.097532460038829,1.097724693556429,1.0953897629503573,1.0966020299692305,103958
2011-02-10,1.0966020299692305,1.0997851208895486,1.096054001138217,1.0997188047812234,115796
2011-02-11,1.0997188047812234,1.1042205314163558,1.0994135534697922,1.102351722103304,109914
2011-02-14,1.102351722103304,1.1027601992861615,1.0997759303365409,1.1008482866878104,98921
2011-02-15,1.1008482866878104,1.102015500578874,1.0986766881945151,1.1003079361826504,148997
2011-02-16,1.1003079361826504,1.0999415870936269,1.0957203940414904,1.0958508544611048,102158
2011-02-17,1.0958508544611048,1.0984713667131236,1.0947506212451945,1.098032293265915,137071
2011-02-18,1.098032293265915,1.098517830188501,1.0919641571882208,1.0923102365702109,118466
2011-02-21,1.0923102365702109,1.095304584354606,1.090902768546048,1.0928647192156875,123308
2011-02-22,1.0928647192156875,1.094839299345654,1.0898412515941425,1.0928621942190129,104469
2011-02-23,1.0928621942190129,1.0948070431006809,1.0913535223856532,1.0940696995388706,114976
2011-02-24,1.0940696995388706,1.0980075430031226,1.093550810991485,1.0975396852329142,112236
2011-02-25,1.0975396852329142,1.103583684716883,1.097391406917362,1.102814077627335,133445
2011-02-28,1.102814077627335,1.103747110904746,1.098233682935487,1.0983366287223222,114383
2011-03-01,1.0983366287223222,1.1045678882735028,1.097879053361687,1.102066012498471,126556
2011-03-02,1.102066012498471,1.1045701915876855,1.1002622625469949,1.10280073833384,144511
2011-03-03,1.10280073833384,1.1054588997265415,1.1020272071740802,1.1037200470129078,143649
2011-03-04,1.1037200470129078,1.1037485546064576,1.0978807954345196,1.0997860894748432,146299
2011-03-07,1.0997860894748432,1.1075873973326995,1.0997456346760468,1.1069176446682376,134337
2011-03-08,1.1069176446682376,1.1063223438907173,1.1021755511703957,1.1027752967873006,104534
2011-03-09,1.1027752967873006,1.1059703638853402,1.1029184043083813,1.1046289575190908,121895
2011-03-10,1.1046289575190908,1.106797266808788,1.1031641296318078,1.1061237497002248,111513
2011-03-11,1.1061237497002248,1.1100044046097943,1.1068023569332226,1.1080405111455405,122850
2011-03-14,1.1080405111455405,1.1122212212862803,1.1072849026684997,1.1104452795004427,133461
2011-03-15,1.1104452795004427,1.1121553480110853,1.107403096152023,1.1105337617257558,105494
2011-03-16,1.1105337617257558,1.1139839362970627,1.1083055880386734,1.1137726682014757,103403
2011-03-17,1.1137726682014757,1.1161585456126262,1.112248267608211,1.1158544502477408,100483
2011-03-18,1.1158544502477408,1.116777129252917,1.1141216663228262,1.1156829480192858,130130
2011-03-21,1.1156829480192858,1.1224828889128262,1.1156578278452218,1.1221455671346618,114373
2011-03-22,1.1221455671346618,1.1229960612524064,1.1200030274907302,1.1202826219821789,110537
2011-03-23,1.1202826219821789,1.1227140385495131,1.1171965693323207,1.1181372296582568,90835
2011-03-24,1.1181372296582568,1.120766275408406,1.115334262757744,1.1176196874477298,107751
2011-03-25,1.1176196874477298,1.118496625201573,1.1154479796674734,1.1162484503879582,98399
2011-03-28,1.1162484503879582,1.1173266181168362,1.1149216078914068,1.1161372794928557,136373
2011-03-29,1.1161372794928557,1.1177939370905423,1.1111907383581026,1.1127438981641722,109376
2011-03-30,1.1127438981641722,1.1135755285317577,1.110543869272948,1.1122089343441035,143474
2011-03-31,1.1122089343441035,1.1134277726141937,1.1078083572171,1.109122254334309,154714
2011-04-01,1.109122254334309,1.118621157781451,1.11037560538411,1.1181211590942954,131139
2011-04-04,1.1181211590942954,1.1195881868912876,1.1165197255613897,1.1173491299880298,101550
2011-04-05,1.1173491299880298,1.119661882113241,1.1174604646068995,1.1195358863560716,129082
2011-04-06,1.1195358863560716,1.12205674248968,1.1174418605589955,1.1201520770466995,118631
2011-04-07,1.1201520770466995,1.1214553874412356,1.1176676665970486,1.1214126125898327,126014
2011-04-08,1.1214126125898327,1.1231040355540158,1.1193018746365666,1.1207374374463115,114806
2011-04-11,1.1207374374463115,1.1224504729741296,1.1185114423800435,1.1206657008474117,133581
2011-04-12,1.1206657008474117,1.1237086319810137,1.1189583337011515,1.1227337990023645,143964
2011-04-13,1.1227337990023645,1.1238209651050024,1.1201773270091806,1.12277034185138,126317
2011-04-14,1.12277034185138,1.125052062916846,1.1218244024613513,1.123892063705624,124616
2011-04-15,1.123892063705624,1.12660198219365,1.122049585363696,1.1225313281048244,108959
2011-04-18,1.1225313281048244,1.1254781065110933,1.1220370063166722,1.1239263753800726,118870
2011-04-19,1.1239263753800726,1.1232362862964125,1.119283014315656,1.1206813278734324,118332
2011-04-20,1.1206813278734324,1.121982881274389,1.1168491408494443,1.1178739663693225,121363
2011-04-21,1.1178739663693225,1.120367978801892,1.115899649605534,1.1183717921208514,139792
2011-04-22,1.1183717921208514,1.1209712734187038,1.1164189105669464,1.1195481086925267,121743
2011-04-25,1.1195481086925267,1.1222783857636645,1.117960678811369,1.118551095456526,106661
2011-04-26,1.118551095456526,1.1193300494311869,1.1154246303859976,1.116396564386461,148595
2011-04-27,1.116396564386461,1.1165041682839767,1.1132636541807306,1.1136217869359015,123816
2011-04-28,1.1136217869359015,1.114994520334082,1.1119705589646158,1.1141006398139204,99048
2011-04-29,1.1141006398139204,1.1168580530939511,1.1135881386193098,1.1154338309053506,142823
2011-05-02,1.1154338309053506,1.1173066843012247,1.1112726238377484,1.111368132852936,140991
2011-05-03,1.111368132852936,1.115195953024084,1.1122216495287909,1.1143086207572317,139160
2011-05-04,1.1143086207572317,1.1231041276922904,1.113849707860448,1.1223186842333244,119997
2011-05-05,1.1223186842333244,1.1255516949647462,1.1210536820002597,1.1242413996854617,118346
2011-05-06,1.1242413996854617,1.1270007980491614,1.1223297508697565,1.1238239480250742,116794
2011-05-09,1.1238239480250742,1.1265479519939163,1.1229139793105845,1.1239280212383975,126721
2011-05-10,1.1239280212383975,1.1264953308931438,1.12296165921355,1.1255979168391914,138557
2011-05-11,1.1255979168391914,1.128600261005959,1.125465490541851,1.1268206347775802,84591
2011-05-12,1.1268206347775802,1.129083245875479,1.1255818315977757,1.1281231295591545,118560
2011-05-13,1.1281231295591545,1.1304881778510605,1.1263421465955572,1.130393771262172,143447
2011-05-16,1.130393771262172,1.1369994365698808,1.1304993073626473,1.1363589398881957,137252
2011-05-17,1.1363589398881957,1.1425433968700658,1.136954087406148,1.1416138393430362,127708
2011-05-18,1.1416138393430362,1.1432642148390042,1.1381116981255426,1.1383003935663598,74400
2011-05-19,1.1383003935663598,1.1411391262532,1.1362975706443663,1.139481910754282,138837
2011-05-20,1.139481910754282,1.1453729034751654,1.1381999350465597,1.1448079619700762,133035
2011-05-23,1.1448079619700762,1.148205209426587,1.1447366988322702,1.1452939549309809,146321
2011-05-24,1.1452939549309809,1.1501602847310357,1.1438471108285684,1.149466451845778,100603
2011-05-25,1.149466451845778,1.1533622845770493,1.147815143347499,1.1522910301546392,121934
2011-05-26,1.1522910301546392,1.1530302116449942,1.1480664113829422,1.1523462092304837,108727
2011-05-27,1.1523462092304837,1.1545867684466458,1.1509004470240924,1.1539215860571357,128018
2011-05-30,1.1539215860571357,1.1547981378708434,1.150699649751455,1.1522642556131586,98179
2011-05-31,1.1522642556131586,1.1551903339961809,1.1503793069889143,1.1546061200304776,115391
2011-06-01,1.1546061200304776,1.1563200410415633,1.1524908109727414,1.1533875246511207,95045
2011-06-02,1.1533875246511207,1.1533960461863977,1.1490418494187644,1.151866446309386,123884
2011-06-03,1.151866446309386,1.153912983237486,1.1483898326904591,1.1533992439315344,134753
2011-06-06,1.1533992439315344,1.156962109432209,1.1525984077399087,1.153354954990247,138463
2011-06-07,1.153354954990247,1.1555388327352856,1.1488561453408823,1.1498167901566494,128423
2011-06-08,1.1498167901566494,1.1512134951563673,1.1464268860726046,1.1471717519176836,123033
2011-06-09,1.1471717519176836,1.1476918619915129,1.143562617489272,1.1443043284293763,97317
2011-06-10,1.1443043284293763,1.1489238446850325,1.144437962899551,1.14730704921164,103897
2011-06-13,1.14730704921164,1.1482824071315267,1.1443546656550592,1.145082186087604,123085
2011-06-14,1.145082186087604,1.146228602530527,1.1423570804344685,1.1450445637608873,127913
2011-06-15,1.1450445637608873,1.14565244863241,1.1415041664590757,1.1416874473824443,112071
2011-06-16,1.1416874473824443,1.145287638265034,1.1407225672623926,1.1450293262767446,150897
2011-06-17,1.1450293262767446,1.1498768451166772,1.144122072693175,1.1488454408391455,124989
2011-06-20,1.1488454408391455,1.1546581152539444,1.148648536333969,1.1545708307153584,139987
2011-06-21,1.1545708307153584,1.1594847303956737,1.1555667327705654,1.1588797474089674,110798
2011-06-22,1.1588797474089674,1.1618727540577334,1.158112720540021,1.1589268817782157,137079
2011-06-23,1.1589268817782157,1.1630678396140115,1.1589846244850588,1.1617857990101803,107677
2011-06-24,1.1617857990101803,1.1633424734518276,1.1596177202658968,1.160157431901231,104960
2011-06-27,1.160157431901231,1.1618114830630135,1.15809934833118,1.1613831575082718,114053
2011-06-28,1.1613831575082718,1.1640350126780523,1.1601161669083404,1.1634116683857618,106508
2011-06-29,1.1634116683857618,1.1661778606085549,1.1628837116924144,1.1650548218391097,146219
2011-06-30,1.1650548218391097,1.1672676825398205,1.1626638951238242,1.1632593836518632,110986
2011-07-01,1.1632593836518632,1.166785799436686,1.1619877078233185,1.1655327962508373,111775
2011-07-04,1.1655327962508373,1.1693664722450683,1.1650989786004284,1.1652153923496895,114114
2011-07-05,1.1652153923496895,1.1667714703800058,1.1633535536496302,1.1640970377663935,116966
2011-07-06,1.1640970377663935,1.1655780176124504,1.1614564430147811,1.1620254696210923,125633
2011-07-07,1.1620254696210923,1.1620922336713675,1.1588267684727325,1.1591644427129792,94788
2011-07-08,1.1591644427129792,1.1595501477033243,1.1555669221340563,1.158918940358855,117932
2011-07-11,1.158918940358855,1.162915715489539,1.1583209556322998,1.1621775794347236,116776
2011-07-12,1.1621775794347236,1.1642545644148934,1.1597119617053078,1.1625054260387222,122033
2011-07-13,1.1625054260387222,1.1650503177123508,1.1609833382109016,1.163585779975897,98132
2011-07-14,1.163585779975897,1.1669638976111647,1.162408042497486,1.1650663942748316,138177
2011-07-15,1.1650663942748316,1.1673164500022657,1.1627490611789684,1.1665423078383703,129732
2011-07-18,1.1665423078383703,1.1698424066104247,1.1647637877672854,1.1652710940912752,126739
2011-07-19,1.1652710940912752,1.1672771836584113,1.1641746949085,1.1655823495829143,131843
2011-07-20,1.1655823495829143,1.1678221222280405,1.164789584697821,1.165474130403971,102898
2011-07-21,1.165474130403971,1.1663358985869583,1.1627675778609323,1.163810780218806,138054
2011-07-22,1.163810780218806,1.1653109974532658,1.159188594327595,1.1608709947440308,123656
2011-07-25,1.1608709947440308,1.1625914103675488,1.158889887257965,1.160859091108426,122318
2011-07-26,1.160859091108426,1.1646384029121957,1.1589164441633322,1.1644893132822234,116771
2011-07-27,1.1644893132822234,1.1661033003497625,1.162464105585222,1.164334281605431,109561
2011-07-28,1.164334281605431,1.1647613862894357,1.1613776073781243,1.1625417518039882,108565
2011-07-29,1.1625417518039882,1.166426252656456,1.1613177187823038,1.165965581956225,140449
2011-08-01,1.165965581956225,1.166086139882195,1.1615439466854045,1.162048605826462,119857
2011-08-02,1.162048605826462,1.162520336803661,1.1590458413237312,1.1593768011947383,123016
2011-08-03,1.1593768011947383,1.1594178993554125,1.156249825526014,1.1575404500733033,116424
2011-08-04,1.1575404500733033,1.160990437954581,1.1579658823528527,1.1597952292923157,129084
2011-08-05,1.1597952292923157,1.1614558651465363,1.1559446849909407,1.1560362304438132,109431
2011-08-08,1.1560362304438132,1.1628016822610856,1.1567509769540514,1.1622898116594194,128105
2011-08-09,1.1622898116594194,1.1630106838861003,1.1594314249065911,1.1596125966505046,117202
2011-08-10,1.1596125966505046,1.1596732926418265,1.1569446274955468,1.1580908928076863,126823
2011-08-11,1.1580908928076863,1.163010323285067,1.1570110273894283,1.16244078740221,116464
2011-08-12,1.16244078740221,1.1622378392504775,1.1574069017993585,1.1605910045969068,151370
2011-08-15,1.1605910045969068,1.1632352162997102,1.1598566860030592,1.162020147871674,125926
2011-08-16,1.162020147871674,1.1632883745721263,1.1585127167564944,1.1606773622807454,130712
2011-08-17,1.1606773622807454,1.1674022497375711,1.1598827797025146,1.167045991939729,111183
2011-08-18,1.167045991939729,1.1687232973446529,1.1649604384366257,1.1665581876969189,134560
2011-08-19,1.1665581876969189,1.1701786901767846,1.163786932221048,1.1694776370543192,108136
2011-08-22,1.1694776370543192,1.1702665019135672,1.1665706344298077,1.16718924237851,113293
2011-08-23,1.16718924237851,1.171545869937899,1.166288299876534,1.1666397460817834,120547
2011-08-24,1.1666397460817834,1.1687645517450518,1.1654855671741042,1.1677541236023838,124572
2011-08-25,1.1677541236023838,1.1699170970889212,1.1655923057434636,1.167074972144757,137645
2011-08-26,1.167074972144757,1.172737049942657,1.1646361043561142,1.1719448607015246,119898
2011-08-29,1.1719448607015246,1.1741877196949169,1.170790144024599,1.1710761233977616,125880
2011-08-30,1.1710761233977616,1.1772057537126746,1.1697381019381157,1.176471911685998,121353
2011-08-31,1.176471911685998,1.182287569241353,1.176267825369751,1.1795650870413696,131875
2011-09-01,1.1795650870413696,1.1798965976525615,1.1756988398836936,1.1792581080924074,136600
2011-09-02,1.1792581080924074,1.18103878257503,1.1737217191365716,1.1741704883816708,117264
2011-09-05,1.1741704883816708,1.179810520511531,1.1740134174641013,1.1789973702426315,110090
2011-09-06,1.1789973702426315,1.1828985251266768,1.179267334053136,1.182339437580184,120019
2011-09-07,1.182339437580184,1.183461800333736,1.1788966976229862,1.179393629143893,116022
2011-09-08,1.179393629143893,1.1807377643975758,1.1757727417870256,1.1771141094992548,136128
2011-09-09,1.1771141094992548,1.1766621199356195,1.1715277422421264,1.1721702324861447,130488
2011-09-12,1.1721702324861447,1.1754598555354792,1.1712138053680397,1.1733473993481327,131876
2011-09-13,1.1733473993481327,1.1765025611684377,1.1721895355464935,1.1756482912587187,101475
2011-09-14,1.1756482912587187,1.1761415740257646,1.1708666314802438,1.1728924260264553,133090
2011-09-15,1.1728924260264553,1.1747038626248547,1.1719642885582977,1.1742166012461634,155077
2011-09-16,1.1742166012461634,1.180634402618058,1.1739200570611572,1.179977954959465,97229
2011-09-19,1.179977954959465,1.1806730281189683,1.176109675109524,1.1772640759063049,106586
2011-09-20,1.1772640759063049,1.17799074073567,1.173847219349528,1.1752092308215,123788
2011-09-21,1.1752092308215,1.180331245730255,1.1748193655094958,1.1786650578364988,107820
2011-09-22,1.1786650578364988,1.1817241376232817,1.1773237400362573,1.179508496931022,125936
2011-09-23,1.179508496931022,1.1808959905652383,1.1760668978813176,1.1780781073192927,115926
2011-09-26,1.1780781073192927,1.179856189709409,1.1757596200243936,1.178660137260689,126654
2011-09-27,1.178660137260689,1.1804832486832522,1.1770513110198155,1.178053749808654,123885
2011-09-28,1.178053749808654,1.1786634683887798,1.1737490030243702,1.1746368542753114,150264
2011-09-29,1.1746368542753114,1.1790459974183778,1.1725432125156907,1.1776582391166244,110440
2011-09-30,1.1776582391166244,1.1828270481727297,1.177337516210211,1.182003672815993,125336
2011-10-03,1.182003672815993,1.18569859597273,1.1818709490281143,1.182334205411346,110624
2011-10-04,1.182334205411346,1.185004320646318,1.180533069764354,1.182457429909184,123610
2011-10-05,1.182457429909184,1.1831501018498132,1.1779845928621484,1.1806450470479382,92539
2011-10-06,1.1806450470479382,1.1838509039178269,1.1800896114880746,1.1816638321514978,98482
2011-10-07,1.1816638321514978,1.1827643211581844,1.1784373363702965,1.180305721955101,128927
2011-10-10,1.180305721955101,1.1808226544019609,1.1767699754471832,1.177656985368589,101713
2011-10-11,1.177656985368589,1.1816293003325578,1.1757984661077356,1.1807667622094478,148771
2011-10-12,1.1807667622094478,1.1863663039491468,1.180737178008424,1.1822117814216315,132251
2011-10-13,1.1822117814216315,1.18334883116396,1.1775367996199648,1.1818398778495651,154906
2011-10-14,1.1818398778495651,1.183931943275785,1.1810622333982614,1.1832564888978712,96979
2011-10-17,1.1832564888978712,1.185329173006438,1.181030162587997,1.1844175324097943,141460
2011-10-18,1.1844175324097943,1.188402255429724,1.183931058299356,1.186785174831016,91945
2011-10-19,1.186785174831016,1.1947652836818292,1.1865938192333858,1.1939686096838689,123054
2011-10-20,1.1939686096838689,1.1935415135084004,1.182835731388045,1.1843799901347092,124789
2011-10-21,1.1843799901347092,1.1865390881279885,1.1831774883921071,1.186299327437717,124311
2011-10-24,1.186299327437717,1.1888296570524317,1.1839036409710282,1.188616864161672,122673
2011-10-25,1.188616864161672,1.1917186324075015,1.1874023876252435,1.1911955531111078,110295
2011-10-26,1.1911955531111078,1.1923810465241045,1.1864590532084949,1.1865920437966766,133187
2011-10-27,1.1865920437966766,1.1877270279467451,1.1845470651938708,1.18607300860395,119178
2011-10-28,1.18607300860395,1.1897821804665174,1.185630266242834,1.1873647827210656,112777
2011-10-31,1.1873647827210656,1.1889692865302033,1.186072693663022,1.1863086173661794,111731
2011-11-01,1.1863086173661794,1.1867545722372028,1.1825211913785292,1.1867298381573976,121933
2011-11-02,1.1867298381573976,1.1887688807851209,1.185652402162129,1.1879656766395597,106211
2011-11-03,1.1879656766395597,1.190419153940497,1.186517515034761,1.189889669171954,118175
2011-11-04,1.189889669171954,1.1913164623797787,1.187856333173374,1.1898872440557315,118748
2011-11-07,1.1898872440557315,1.1925837975347295,1.1891663315332843,1.1905295723885176,120742
2011-11-08,1.1905295723885176,1.1910980813404866,1.1839796447464277,1.1854315178721213,134003
2011-11-09,1.1854315178721213,1.1859867991878603,1.1824576743158284,1.1847163213577518,133651
2011-11-10,1.1847163213577518,1.190257331035916,1.1841145125070316,1.1885410357956627,148138
2011-11-11,1.1885410357956627,1.1903097954886677,1.1858005452488487,1.1897663128720226,113268
2011-11-14,1.1897663128720226,1.1902943143631572,1.1862403837648676,1.1896492577550868,104368
2011-11-15,1.1896492577550868,1.1892619859364335,1.181745231822478,1.1832116848594714,115637
2011-11-16,1.1832116848594714,1.1835344770762848,1.1792324667801566,1.1817590735576355,103766
2011-11-17,1.1817590735576355,1.1838875139793852,1.1796253342559462,1.183873108773256,96370
2011-11-18,1.183873108773256,1.1860012348086515,1.1821654285793604,1.185443371940999,113813
2011-11-21,1.185443371940999,1.186924868673923,1.1817704355388132,1.1839253183700449,133751
2011-11-22,1.1839253183700449,1.18934036543134,1.1842155063701174,1.1889758622536108,132746
2011-11-23,1.1889758622536108,1.188716915548605,1.1815465107860963,1.183550320570466,125794
2011-11-24,1.183550320570466,1.1864521885437198,1.1832874177790815,1.1840480992766207,125976
2011-11-25,1.1840480992766207,1.1867381273847788,1.1833675358904947,1.1863662141901858,119193
2011-11-28,1.1863662141901858,1.196023093720699,1.1856840973419498,1.19496208868608,131177
2011-11-29,1.19496208868608,1.196037939119556,1.1897335958347297,1.189947471134675,100750
2011-11-30,1.189947471134675,1.1917824766581024,1.1885255865072126,1.1916890295528149,125201
2011-12-01,1.1916890295528149,1.1918757129442907,1.1879277923766955,1.1886974265734345,104359
2011-12-02,1.1886974265734345,1.189459882874392,1.1849149951988176,1.1855482338410306,125959
2011-12-05,1.1855482338410306,1.1879233737947534,1.1818809982957137,1.1875817081986373,136788
2011-12-06,1.1875817081986373,1.19120012066881,1.186967955776965,1.188842607783587,135368
2011-12-07,1.188842607783587,1.1904725889387715,1.1872223909891202,1.1895338058135676,126237
2011-12-08,1.1895338058135676,1.1943025632682958,1.1892843017291748,1.1908410689820017,97672
2011-12-09,1.1908410689820017,1.1917435611826743,1.188522442972963,1.1897766988270335,145274
2011-12-12,1.1897766988270335,1.190043649430318,1.187518405816805,1.189088680987138,92612
2011-12-13,1.189088680987138,1.1903776802107604,1.1873220261301904,1.188262243767913,113525
2011-12-14,1.188262243767913,1.191079189856165,1.187795556251784,1.1900241203965305,151847
2011-12-15,1.1900241203965305,1.1931542645066855,1.1884416435441394,1.1903879086625204,122221
2011-12-16,1.1903879086625204,1.1963794829302463,1.1901474629845918,1.1958554415748095,117343
2011-12-19,1.1958554415748095,1.198132252478383,1.1930486167986822,1.1978188000963483,125788
2011-12-20,1.1978188000963483,1.2011174329362726,1.1959837155437891,1.1989083385240062,117854
2011-12-21,1.1989083385240062,1.1992378906094592,1.195335793830259,1.1966123879426482,139703
2011-12-22,1.1966123879426482,1.197591192005726,1.1913755615972994,1.1919558895239697,129855
2011-12-23,1.1919558895239697,1.195752175676667,1.1911124724050182,1.1942515789381134,140893
2011-12-26,1.1942515789381134,1.1950751104418758,1.1913251530226614,1.1916913243076526,145289
2011-12-27,1.1916913243076526,1.1942449653943938,1.190376762615632,1.1922099274787017,112771
2011-12-28,1.1922099274787017,1.1941202251940264,1.1894904715645018,1.1899013117297252,121899
2011-12-29,1.1899013117297252,1.1931537206814526,1.189346072460909,1.1905959041736738,113546
2011-12-30,1.1905959041736738,1.1927463535596572,1.1878441303741043,1.1898211639109608,121958
2012-01-02,1.1898211639109608,1.1943600118224538,1.1882540919220932,1.189478769400649,122312
2012-01-03,1.189478769400649,1.1919617178751811,1.1875345238578523,1.1900112123028712,114735
2012-01-04,1.1900112123028712,1.191291652713377,1.1853933032294464,1.1866544743640404,118330
2012-01-05,1.1866544743640404,1.188449734675313,1.1858073997288412,1.1870376212944278,122868
2012-01-06,1.1870376212944278,1.187229414101681,1.1811966915351193,1.1831174772230506,104741
2012-01-09,1.1831174772230506,1.1871649208923878,1.182652247216468,1.1869010101096256,131554
2012-01-10,1.1869010101096256,1.191232039795879,1.1871190511047536,1.1888055944213125,134770
2012-01-11,1.1888055944213125,1.1896979503237464,1.1844428504991984,1.1854491148463453,127970
2012-01-12,1.1854491148463453,1.1937253102379093,1.1857156863645744,1.192468813416721,121075
2012-01-13,1.192468813416721,1.1995400423873102,1.1906065520274849,1.1994099076259368,133488
2012-01-16,1.1994099076259368,1.202547295819639,1.1981620498485288,1.200723577305476,102205
2012-01-17,1.200723577305476,1.2053469464504736,1.200471417751762,1.2049564992922674,130927
2012-01-18,1.2049564992922674,1.2062128909358387,1.2021286154823605,1.2061597400821025,110117
2012-01-19,1.2061597400821025,1.207108489144494,1.2043133358682088,1.2054714436064715,91776
2012-01-20,1.2054714436064715,1.2074363726566562,1.2038165889444603,1.2049168681751186,131294
2012-01-23,1.2049168681751186,1.205455350952321,1.2014626674750282,1.202679194293114,122001
2012-01-24,1.202679194293114,1.203425956674265,1.1998568041829123,1.201822780072028,157857
2012-01-25,1.201822780072028,1.2031934742611925,1.1994772368570412,1.202921712608937,122903
2012-01-26,1.202921712608937,1.205503711474015,1.2017748457710709,1.2029723070757412,122613
2012-01-27,1.2029723070757412,1.2047016943564317,1.1986157221764773,1.1990632768955445,109755
2012-01-30,1.1990632768955445,1.1988701338195575,1.1950697518542248,1.19540708452628,128679
2012-01-31,1.19540708452628,1.1964718743301117,1.1929689232409555,1.1935597415478634,125674
2012-02-01,1.1935597415478634,1.1957061910100386,1.1926024564107274,1.1941912053882489,132667
2012-02-02,1.1941912053882489,1.2014778045534529,1.193242686833173,1.200799939178644,144552
2012-02-03,1.200799939178644,1.2060959277175018,1.2010405247086904,1.2054977892547774,109924
2012-02-06,1.2054977892547774,1.2121259619491729,1.2050778821012822,1.211911890716879,98819
2012-02-07,1.211911890716879,1.2124528616811312,1.2097354378712193,1.2105268430523264,116425
2012-02-08,1.2105268430523264,1.2149162962740443,1.210342396334756,1.2118937978905129,108786
2012-02-09,1.2118937978905129,1.2191061576966689,1.2122272619018997,1.216019261566316,129599
2012-02-10,1.216019261566316,1.217616150381382,1.2131252258815242,1.2140237690210307,146365
2012-02-13,1.2140237690210307,1.2152180683536924,1.2098121038370535,1.2103156794297347,144958
2012-02-14,1.2103156794297347,1.2106282819709004,1.206768687903288,1.20784655577045,123477
2012-02-15,1.20784655577045,1.210543002696433,1.2073390491688036,1.2080643333929877,145131
2012-02-16,1.2080643333929877,1.2120579131353817,1.2077143372719994,1.210192226590766,99892
2012-02-17,1.210192226590766,1.212211153038445,1.2094029927114185,1.2111617936553116,101875
2012-02-20,1.2111617936553116,1.214169385896962,1.209747161648331,1.2118615927335572,141979
2012-02-21,1.2118615927335572,1.2133545857139805,1.2092324386783304,1.2126739882420092,133924
2012-02-22,1.2126739882420092,1.2149959175297562,1.210569156185764,1.2139334798899963,122766
2012-02-23,1.2139334798899963,1.2155152230280637,1.2081872823411357,1.20856805197826,98746
2012-02-24,1.20856805197826,1.210448024391117,1.2072732415623983,1.2102823409609964,97466
2012-02-27,1.2102823409609964,1.215097875982267,1.210388453798081,1.2135024201094051,121632
2012-02-28,1.2135024201094051,1.213231494184306,1.2101710939342731,1.211669201477584,134763
2012-02-29,1.211669201477584,1.2132783272816836,1.2106902895083411,1.2113519058262443,101678
2012-03-01,1.2113519058262443,1.2131877366930937,1.208555159785781,1.2095277089788212,127842
2012-03-02,1.2095277089788212,1.2105476926810343,1.205301787042096,1.208371792632316,97193
2012-03-05,1.208371792632316,1.211303516175493,1.208297991782443,1.209609886873463,122550
2012-03-06,1.209609886873463,1.2098293858171707,1.20518479898244,1.2054782907615191,120080
2012-03-07,1.2054782907615191,1.2092930928235903,1.204434854900822,1.2067503272133118,128425
2012-03-08,1.2067503272133118,1.2081896894045805,1.2053248649324078,1.2069119550451437,115981
2012-03-09,1.2069119550451437,1.206984476139379,1.2018347296249634,1.2021054790255914,106109
2012-03-12,1.2021054790255914,1.204362945008684,1.2008077480197892,1.2030373347092078,98090
2012-03-13,1.2030373347092078,1.2053060782590377,1.201969153605848,1.2025280260563591,138349
2012-03-14,1.2025280260563591,1.2052390597643594,1.2015119621606027,1.2051441807198842,159961
2012-03-15,1.2051441807198842,1.2120059025114671,1.2045463180684963,1.2107475235069929,121628
2012-03-16,1.2107475235069929,1.216239506728489,1.2103757317218071,1.2135416642785264,136001
2012-03-19,1.2135416642785264,1.217157727750699,1.212909252015559,1.2150834494727585,115758
2012-03-20,1.2150834494727585,1.2163939990286272,1.212587274631956,1.213803885193101,112047
2012-03-21,1.213803885193101,1.22042381335012,1.213579266322682,1.220193062418552,138761
2012-03-22,1.220193062418552,1.2197017341563146,1.216312421396517,1.2175542492381397,125764
2012-03-23,1.2175542492381397,1.220558430309003,1.216989763087156,1.2194397328212103,127351
2012-03-26,1.2194397328212103,1.2194792546998845,1.2130808452488524,1.214539780291822,125799
2012-03-27,1.214539780291822,1.21552025807121,1.2103658174836052,1.2111369714722806,140169
2012-03-28,1.2111369714722806,1.2108113254107322,1.2065147742900586,1.208553974338376,121894
2012-03-29,1.208553974338376,1.207916723688946,1.2049771511094065,1.2053420324861597,115351
2012-03-30,1.2053420324861597,1.2137491424269022,1.2045896186965512,1.2136253147013074,137791
2012-04-02,1.2136253147013074,1.2169736222038705,1.210857802141038,1.2159798684239822,122582
2012-04-03,1.2159798684239822,1.2166471159339656,1.2134416593107311,1.2140351684182698,138475
2012-04-04,1.2140351684182698,1.2142160194192422,1.2102649050623662,1.2126581932259368,106780
2012-04-05,1.2126581932259368,1.217056203317193,1.2121295195174902,1.2167389445771215,119100
2012-04-06,1.2167389445771215,1.2190759007604814,1.2146713077310944,1.2156037487300275,120561
2012-04-09,1.2156037487300275,1.216617031137081,1.2134051199492797,1.21541571264959,117637
2012-04-10,1.21541571264959,1.2152209450154423,1.2088571285804854,1.2091412580795875,151754
2012-04-11,1.2091412580795875,1.2097258189620623,1.2057053813091851,1.208119765778486,126091
2012-04-12,1.208119765778486,1.2083712763626009,1.203581614212868,1.204423505254648,126166
2012-04-13,1.204423505254648,1.2058751265676808,1.1996517410634313,1.2019917092049153,105867
2012-04-16,1.2019917092049153,1.2032379586400477,1.2004922285648896,1.2016870302538372,124610
2012-04-17,1.2016870302538372,1.2052749947998145,1.198416059791621,1.2046950941274517,102973
2012-04-18,1.2046950941274517,1.2069575846441385,1.2024734644845418,1.203155260854072,111346
2012-04-19,1.203155260854072,1.2080938238921326,1.2035096123450824,1.206675587692292,131941
2012-04-20,1.206675587692292,1.2097111396144358,1.206712022974176,1.2084057726194672,128007
2012-04-23,1.2084057726194672,1.2097818098846158,1.207432403363092,1.208393585516917,124176
2012-04-24,1.208393585516917,1.2106911419389967,1.207151490555089,1.2074427144964228,99756
2012-04-25,1.2074427144964228,1.210071770354721,1.2062540984603505,1.2094218688786549,129056
2012-04-26,1.2094218688786549,1.2119189781769772,1.2056361138464364,1.2117198211951248,89361
2012-04-27,1.2117198211951248,1.2158455189820434,1.210858521885106,1.213177437519835,97766
2012-04-30,1.213177437519835,1.2196587204438256,1.213182538835255,1.2193078625755165,130510
2012-05-01,1.2193078625755165,1.2210805619594118,1.2170104916618822,1.2195076241468263,127986
2012-05-02,1.2195076241468263,1.2198537350629994,1.2168592653262116,1.2187755200800146,140626
2012-05-03,1.2187755200800146,1.2197133814823669,1.2153177237331771,1.2170520781326075,147158
2012-05-04,1.2170520781326075,1.221475856296345,1.2164284538223922,1.2204107840593383,123555
2012-05-07,1.2204107840593383,1.2268612923710631,1.2196269806663762,1.2244274411970129,134133
2012-05-08,1.2244274411970129,1.2245282487568507,1.217662934882629,1.2180977482182351,122996
2012-05-09,1.2180977482182351,1.217949968570576,1.2149958226107034,1.215838349318399,118608
2012-05-10,1.215838349318399,1.2190185155527986,1.2136559347401117,1.2180927641131962,134156
2012-05-11,1.2180927641131962,1.2186648148155226,1.2134714019729835,1.214500282640533,126602
2012-05-14,1.214500282640533,1.2157204243335262,1.2123546712977225,1.2147743840111265,101220
2012-05-15,1.2147743840111265,1.2154018087842742,1.212925626463473,1.215004172608221,95792
2012-05-16,1.215004172608221,1.2183783052892991,1.2141529922588323,1.21744151718284,115850
2012-05-17,1.21744151718284,1.2194793918642726,1.2152905151102649,1.216560665738413,112732
2012-05-18,1.216560665738413,1.2168133008171993,1.2126119828355408,1.2127105880190483,115778
2012-05-21,1.2127105880190483,1.2151561319589754,1.2104450752059728,1.2150250679584234,121862
2012-05-22,1.2150250679584234,1.2162321215771617,1.2137615965076676,1.2150672298504996,122079
2012-05-23,1.2150672298504996,1.216666619352783,1.2134552060203696,1.2138384510089275,109382
2012-05-24,1.2138384510089275,1.2156585653956342,1.212551383484793,1.2138586841249237,107974
2012-05-25,1.2138586841249237,1.217579979583122,1.2136495394647129,1.2162906599551109,129238
2012-05-28,1.2162906599551109,1.217676980075206,1.2107160589448085,1.2115225920424,117622
2012-05-29,1.2115225920424,1.211087693081537,1.2078299149859797,1.2104486878181648,120505
2012-05-30,1.2104486878181648,1.2121688000226805,1.208542920854894,1.21026620859346,136857
2012-05-31,1.21026620859346,1.2126994888351297,1.2101794629336773,1.2114957107060025,90474
2012-06-01,1.2114957107060025,1.2160439647444752,1.2108234993933151,1.2151687759853724,132355
2012-06-04,1.2151687759853724,1.215246644769918,1.210937471392639,1.2117446993939411,104402
2012-06-05,1.2117446993939411,1.211699383017896,1.2058424778335557,1.206524255144617,101657
2012-06-06,1.206524255144617,1.211003231473659,1.2058949972682134,1.2101979995657404,158624
2012-06-07,1.2101979995657404,1.212272997956655,1.209534493965562,1.2112257685392878,142651
2012-06-08,1.2112257685392878,1.2149313742571624,1.2099818144728018,1.214011301674086,115467
2012-06-11,1.214011301674086,1.2148830643998003,1.2101937137391023,1.2118211625768682,121903
2012-06-12,1.2118211625768682,1.2146458656001178,1.2096184904366123,1.2143227516450952,109419
2012-06-13,1.2143227516450952,1.2155698458115405,1.2109187699832404,1.2133529329306545,98459
2012-06-14,1.2133529329306545,1.2161883192970615,1.2120790642468318,1.2147869820310306,126146
2012-06-15,1.2147869820310306,1.216296032614935,1.2116967042951046,1.2121685394368842,119695
2012-06-18,1.2121685394368842,1.212376733397121,1.2062759279975517,1.2083669382056867,134828
2012-06-19,1.2083669382056867,1.2096743400944734,1.2030146473074756,1.2042530243524132,117843
2012-06-20,1.2042530243524132,1.20573060038922,1.1997677493409258,1.2008930051696824,107684
2012-06-21,1.2008930051696824,1.2049720324242017,1.200273928287889,1.201877507096312,120327
2012-06-22,1.201877507096312,1.2048317155794392,1.1994507472531295,1.202771924184058,126317
2012-06-25,1.202771924184058,1.2029364423716762,1.1969786731912342,1.197748320796146,114427
2012-06-26,1.197748320796146,1.200481246883236,1.1961776269038469,1.1997025591650137,114710
2012-06-27,1.1997025591650137,1.2036339927852946,1.199111076082661,1.202503598847234,103119
2012-06-28,1.202503598847234,1.2030911248239144,1.197291782655651,1.1978225007540888,109285
2012-06-29,1.1978225007540888,1.198045135068764,1.1934285157168902,1.194020190408369,108004
2012-07-02,1.194020190408369,1.1955134129732077,1.192199627106846,1.1926252206236545,127926
2012-07-03,1.1926252206236545,1.1998287057129806,1.1924901581748757,1.1979965721442405,122789
2012-07-04,1.1979965721442405,1.1988615698601497,1.1939675351287509,1.1940642320828057,104568
2012-07-05,1.1940642320828057,1.1961959025482587,1.189770051208686,1.1951874425138465,121357
2012-07-06,1.1951874425138465,1.1992209995414749,1.1940920773263932,1.1982925012130172,106725
2012-07-09,1.1982925012130172,1.201352760724942,1.1950557306096834,1.1951095640594018,118237
2012-07-10,1.1951095640594018,1.1952079527388002,1.192084115243007,1.1934937054116757,116652
2012-07-11,1.1934937054116757,1.194451781363258,1.190326519174858,1.190967575029405,142197
2012-07-12,1.190967575029405,1.192002496934059,1.189908418934458,1.1918987137352648,122604
2012-07-13,1.1918987137352648,1.1931943788535475,1.187229920303725,1.1874070941384136,147261
2012-07-16,1.1874070941384136,1.1884778978295585,1.185459886859905,1.1877046067509431,127702
2012-07-17,1.1877046067509431,1.1888041413692874,1.18067082646453,1.1813177863973778,141501
2012-07-18,1.1813177863973778,1.1822465321417963,1.1758477751631222,1.1764452412228148,122937
2012-07-19,1.1764452412228148,1.1763962492200752,1.1700422826943422,1.171267352137016,98850
2012-07-20,1.171267352137016,1.1722489540472745,1.1658167195670417,1.1664505830891834,131305
2012-07-23,1.1664505830891834,1.167036884847697,1.162362298652452,1.164523739909754,132239
2012-07-24,1.164523739909754,1.1644988185631968,1.1577002600058257,1.1577405934992306,132468
2012-07-25,1.1577405934992306,1.1644874384674944,1.1560552542321132,1.1636100927550015,125750
2012-07-26,1.1636100927550015,1.1665671151191717,1.1628085138791906,1.1630389234642522,118939
2012-07-27,1.1630389234642522,1.1639040530246354,1.1591387222439118,1.1631105753329445,126948
2012-07-30,1.1631105753329445,1.1651481246980542,1.15814564261469,1.1590782111605047,133279
2012-07-31,1.1590782111605047,1.159624877929141,1.154794919336065,1.1591717065421427,124160
2012-08-01,1.1591717065421427,1.164057933252895,1.1597149534450466,1.1626762581915877,108206
2012-08-02,1.1626762581915877,1.164697997217756,1.1588026424212552,1.1610030103083924,111473
2012-08-03,1.1610030103083924,1.1643815152598551,1.1600848354411644,1.1643223836374197,129043
2012-08-06,1.1643223836374197,1.1670787827769395,1.1638401711986202,1.1661301826031516,122617
2012-08-07,1.1661301826031516,1.1677480861661156,1.163793410935954,1.1668346629857251,107550
2012-08-08,1.1668346629857251,1.169694385505615,1.165585789598221,1.1685799008912152,90292
2012-08-09,1.1685799008912152,1.1704850866929295,1.1663445614670462,1.1692619761714953,122934
2012-08-10,1.1692619761714953,1.1743554396539373,1.1695329501513514,1.174108858378339,156810
2012-08-13,1.174108858378339,1.1813984270864557,1.174639068664684,1.1768074060346043,130426
2012-08-14,1.1768074060346043,1.1766476776945258,1.1725875752367942,1.1733951498119295,136850
2012-08-15,1.1733951498119295,1.179925872708628,1.1731469978530156,1.179034261361,130085
2012-08-16,1.179034261361,1.1789218945369695,1.1743947539837287,1.177425620683824,122910
2012-08-17,1.177425620683824,1.17949648032752,1.171358598385748,1.1728270235984553,107592
2012-08-20,1.1728270235984553,1.177763180558172,1.1719523250446464,1.1768573463482914,130977
2012-08-21,1.1768573463482914,1.177333385251072,1.1721313458456792,1.1725961675299064,124991
2012-08-22,1.1725961675299064,1.1773613912209977,1.1722596174234463,1.17497587373684,116675
2012-08-23,1.17497587373684,1.1774042349972242,1.172853381896439,1.1734121259513888,144489
2012-08-24,1.1734121259513888,1.1789131720808883,1.1728980202696258,1.1787134581813457,115205
2012-08-27,1.1787134581813457,1.1833894180748417,1.1765475911427823,1.1832667381934905,129156
2012-08-28,1.1832667381934905,1.184432099960391,1.1767883844186753,1.1770004703801835,149058
2012-08-29,1.1770004703801835,1.1771649305054273,1.173484408934822,1.174186396114996,139192
2012-08-30,1.174186396114996,1.1733895453997738,1.1659506648421505,1.1660887613639397,132201
2012-08-31,1.1660887613639397,1.1671664244296462,1.1598436415060926,1.1606790357950778,129249
2012-09-03,1.1606790357950778,1.1636426596085203,1.159150240813681,1.1610972601295704,99019
2012-09-04,1.1610972601295704,1.1636920267432462,1.158947678952242,1.1628284658268688,146586
2012-09-05,1.1628284658268688,1.165223622233362,1.1625906041891203,1.1634391292066226,142971
2012-09-06,1.1634391292066226,1.1649058200179947,1.161397238888613,1.1633518022165004,116682
2012-09-07,1.1633518022165004,1.1698819734681971,1.16366149872973,1.1683843917144872,130025
2012-09-10,1.1683843917144872,1.173765473764655,1.1673407844792711,1.1735052182169483,152443
2012-09-11,1.1735052182169483,1.178048161469855,1.173772493093937,1.1772412552106697,116682
2012-09-12,1.1772412552106697,1.177515112314088,1.1731691763966343,1.173423578334744,131911
2012-09-13,1.173423578334744,1.177924676574759,1.171958066230537,1.173532968416276,118481
2012-09-14,1.173532968416276,1.174168941339731,1.1696579981946178,1.1717334037600216,105619
2012-09-17,1.1717334037600216,1.1768972658185397,1.171512716429136,1.1763597191964963,138353
2012-09-18,1.1763597191964963,1.1766456512008232,1.1682499803801971,1.1687865897873806,140109
2012-09-19,1.1687865897873806,1.1693109802146304,1.166204435782524,1.1665162847021238,133445
2012-09-20,1.1665162847021238,1.169693229462034,1.16552538077039,1.1663083683971456,126113
2012-09-21,1.1663083683971456,1.1662423124868058,1.158715714730088,1.1619979667446128,144006
2012-09-24,1.1619979667446128,1.1629039854004048,1.158126781038689,1.1583936091105889,128847
2012-09-25,1.1583936091105889,1.160174429651223,1.1566749146807795,1.1569074178228078,126542
2012-09-26,1.1569074178228078,1.1576199557334566,1.153049265983938,1.156625660419048,122759
2012-09-27,1.156625660419048,1.1594812535458756,1.1556629070191118,1.1585323373596104,127796
2012-09-28,1.1585323373596104,1.158946216403434,1.155138921734144,1.1558707974190543,130593
2012-10-01,1.1558707974190543,1.1614903350440526,1.156022247991005,1.1588294382915605,120433
2012-10-02,1.1588294382915605,1.15847294795045,1.1517738843414789,1.1525852814600968,124686
2012-10-03,1.1525852814600968,1.1537735894137524,1.149378875498113,1.1500084231337246,118529
2012-10-04,1.1500084231337246,1.1555673497801613,1.149386753572648,1.1547945396051205,123989
2012-10-05,1.1547945396051205,1.1585398658078216,1.1539192115068575,1.1558323214171191,120209
2012-10-08,1.1558323214171191,1.159278121027705,1.1538862420919882,1.158072226510255,115086
2012-10-09,1.158072226510255,1.1591163251193637,1.1559519413454402,1.157968986951669,128499
2012-10-10,1.157968986951669,1.1644439923012544,1.157741246992769,1.161991811673573,86039
2012-10-11,1.161991811673573,1.1635070571624408,1.157534685406871,1.1579230261711535,133246
2012-10-12,1.1579230261711535,1.1625347950913878,1.1578102194612048,1.1621327776748258,146659
2012-10-15,1.1621327776748258,1.1681286820604555,1.159498386385152,1.1679232377929825,145050
2012-10-16,1.1679232377929825,1.1685916786631505,1.1651199866929425,1.168020638957019,121920
2012-10-17,1.168020638957019,1.1679542360316597,1.1641206613482111,1.166470937383559,115611
2012-10-18,1.166470937383559,1.1672418681121586,1.1616090534896126,1.1625195714003302,120105
2012-10-19,1.1625195714003302,1.166390853462158,1.1615422167822342,1.1658304121484249,101771
2012-10-22,1.1658304121484249,1.1690742096358968,1.1646279420435286,1.167546726519073,108452
2012-10-23,1.167546726519073,1.1691009375689894,1.1665163023721694,1.1675129078455662,147114
2012-10-24,1.1675129078455662,1.1701267561090414,1.1676682740480329,1.1698134749922644,136665
2012-10-25,1.1698134749922644,1.1716731171332635,1.164272178153943,1.1663397969779583,125548
2012-10-26,1.1663397969779583,1.165994412509357,1.1621570775406629,1.1626573826936744,137370
2012-10-29,1.1626573826936744,1.1679824903816176,1.1612818406874086,1.1661167467736548,113409
2012-10-30,1.1661167467736548,1.1691691524432406,1.1634508569774171,1.1678407875419796,151724
2012-10-31,1.1678407875419796,1.1724101666186082,1.1669913023807716,1.1720361952689613,95027
2012-11-01,1.1720361952689613,1.1754368265078183,1.171765444925336,1.1720003679499376,123761
2012-11-02,1.1720003679499376,1.1749519438715392,1.171550447207134,1.174573026171729,119056
2012-11-05,1.174573026171729,1.173612457886562,1.1708130993696644,1.1721618205313238,138082
2012-11-06,1.1721618205313238,1.175061405415326,1.1707152162758905,1.1741423931485913,137829
2012-11-07,1.1741423931485913,1.1745507180293866,1.171042857350291,1.1733927334198988,129035
2012-11-08,1.1733927334198988,1.1807045875807909,1.17298007658577,1.1778537918617449,118398
2012-11-09,1.1778537918617449,1.178032121609759,1.1751323203611064,1.1772383309162258,114880
2012-11-12,1.1772383309162258,1.1800068705488804,1.1739284488062458,1.1752831561355814,125577
2012-11-13,1.1752831561355814,1.1778537330347134,1.174078519090868,1.1760985940738362,112711
2012-11-14,1.1760985940738362,1.1764671674093192,1.171107022569497,1.171646027965875,113992
2012-11-15,1.171646027965875,1.1749650716034556,1.1687956998675415,1.1749341279482293,130062
2012-11-16,1.1749341279482293,1.177034129831513,1.1735645349246715,1.1757179054771971,106245
2012-11-19,1.1757179054771971,1.1810098569390186,1.1753158685817269,1.1806841892649196,137156
2012-11-20,1.1806841892649196,1.1817963954352242,1.176620143892143,1.178589994879208,156943
2012-11-21,1.178589994879208,1.1821125437607647,1.176859757400728,1.1814914244943775,119295
2012-11-22,1.1814914244943775,1.1849315551131816,1.1801791736617926,1.1810336221403757,122636
2012-11-23,1.1810336221403757,1.183928786539928,1.178487914772414,1.1829041237364082,144599
2012-11-26,1.1829041237364082,1.1838344881977152,1.1805874851730247,1.1818570291134365,121124
2012-11-27,1.1818570291134365,1.1814787732567782,1.1787609012793234,1.1810597275024362,122689
2012-11-28,1.1810597275024362,1.1820172235566608,1.1797311420800112,1.180900490539808,147909
2012-11-29,1.180900490539808,1.1853990679440465,1.1801933261498925,1.1847863464149606,96319
2012-11-30,1.1847863464149606,1.1850445499482174,1.1815726927846142,1.182978707418833,111095
2012-12-03,1.182978707418833,1.1887627584052105,1.1834895769854212,1.1881315436503317,130750
2012-12-04,1.1881315436503317,1.1926511948347829,1.1881555703705424,1.1917792318587015,134544
2012-12-05,1.1917792318587015,1.191283113425476,1.1866193374296363,1.1878386056116257,125418
2012-12-06,1.1878386056116257,1.1904752852912526,1.1862537700014355,1.1901609700716576,119156
2012-12-07,1.1901609700716576,1.194421401612081,1.189598977588099,1.191659117688311,133909
2012-12-10,1.191659117688311,1.1919201140799394,1.1878318846383007,1.1880780786250635,107928
2012-12-11,1.1880780786250635,1.188299888695578,1.186241020398964,1.1867349320864502,167503
2012-12-12,1.1867349320864502,1.1875610458754529,1.180064481478392,1.1813142045550766,99003
2012-12-13,1.1813142045550766,1.185985250902964,1.1812681470055528,1.1839247354451623,110256
2012-12-14,1.1839247354451623,1.1864780980015868,1.1792227739521688,1.179563447270347,85958
2012-12-17,1.179563447270347,1.1810669690262596,1.1775284072569576,1.180161662730941,115444
2012-12-18,1.180161662730941,1.1821853930814437,1.1790297983271911,1.1803422252415543,93033
2012-12-19,1.1803422252415543,1.1833483086432497,1.1795032018373666,1.1822096053031506,94553
2012-12-20,1.1822096053031506,1.1823046908034782,1.172111830707661,1.1728014125338344,120184
2012-12-21,1.1728014125338344,1.1806069041751497,1.1729065497327988,1.1805616361457711,111648
2012-12-24,1.1805616361457711,1.187243439963808,1.180695681120579,1.1861215386000352,107832
2012-12-25,1.1861215386000352,1.1868266045912588,1.1826987852221849,1.1842925945943852,129295
2012-12-26,1.1842925945943852,1.1877573869076794,1.1838235569178432,1.1868481414692134,90735
2012-12-27,1.1868481414692134,1.192728124031923,1.185710584209385,1.1919671972341268,148018
2012-12-28,1.1919671972341268,1.1927322402952476,1.1863064076054772,1.188360313675742,138638
2012-12-31,1.188360313675742,1.190349299586391,1.1839429254709368,1.183987241344778,108863
2013-01-01,1.183987241344778,1.1865016216874726,1.1824139843477408,1.1856388808220084,116553
2013-01-02,1.1856388808220084,1.1892740106783364,1.1852644229126788,1.188412773538758,125127
2013-01-03,1.188412773538758,1.1894462382502404,1.1849374544213933,1.1849849852466092,115301
2013-01-04,1.1849849852466092,1.1887028095281915,1.184521649014321,1.1857666638332067,114013
2013-01-07,1.1857666638332067,1.1875645815415887,1.1835003518185676,1.1865938066643855,119374
2013-01-08,1.1865938066643855,1.1903203470743176,1.1854128225512248,1.18811713764728,133461
2013-01-09,1.18811713764728,1.189906452267225,1.184761753863052,1.1848492551555931,137654
2013-01-10,1.1848492551555931,1.188510194146326,1.182526657215144,1.1881944271041889,134124
2013-01-11,1.1881944271041889,1.1882358293041957,1.1848279669746378,1.1859271681136805,106994
2013-01-14,1.1859271681136805,1.1882771954997324,1.1857673747148982,1.1866073630856766,97924
2013-01-15,1.1866073630856766,1.19077514379074,1.1870965070979071,1.1881939165033737,101386
2013-01-16,1.1881939165033737,1.189016629230689,1.1863498263375654,1.1878677093265584,128825
2013-01-17,1.1878677093265584,1.1902091763579683,1.1840173025831,1.1840960857278608,125387
2013-01-18,1.1840960857278608,1.189497743496469,1.1824699574487791,1.188135263973476,120081
2013-01-21,1.188135263973476,1.1885549351545566,1.1837125086164808,1.1872087658376778,136779
2013-01-22,1.1872087658376778,1.1879353099035088,1.1849395626376342,1.1863029494971045,109737
2013-01-23,1.1863029494971045,1.187953546922752,1.1843774313931688,1.1862476297619982,117734
2013-01-24,1.1862476297619982,1.1868448618036378,1.183566257877245,1.1864161755232228,106448
2013-01-25,1.1864161755232228,1.188524920275109,1.184496141084323,1.1873675603384812,130650
2013-01-28,1.1873675603384812,1.1897194286538273,1.1863984535523806,1.1880856538888371,130397
2013-01-29,1.1880856538888371,1.1900288951719429,1.1853336053117238,1.1894563698988043,121214
2013-01-30,1.1894563698988043,1.1892743466298392,1.187228844462422,1.1884405834664014,135732
2013-01-31,1.1884405834664014,1.1891139462998013,1.1854433247853209,1.1862898077120665,111745
2013-02-01,1.1862898077120665,1.186693678386406,1.1817553922157114,1.1866295912258966,133616
2013-02-04,1.1866295912258966,1.1866985749311194,1.1794100365417612,1.1797456994043316,120180
2013-02-05,1.1797456994043316,1.180994257382017,1.1758738183998307,1.1768928156496976,112373
2013-02-06,1.1768928156496976,1.1784281924912423,1.174316029287245,1.1746984156874376,140761
2013-02-07,1.1746984156874376,1.176462870076271,1.1733158986014542,1.1755487996667573,124801
2013-02-08,1.1755487996667573,1.1774641390253997,1.1731324548133102,1.1767684433568797,106850
2013-02-11,1.1767684433568797,1.1829489541524505,1.1774767596573696,1.182026971068686,119527
2013-02-12,1.182026971068686,1.1849884999700415,1.1814700949779606,1.184862270406475,122187
2013-02-13,1.184862270406475,1.185841186943218,1.1820163286300838,1.183427219546716,89306
2013-02-14,1.183427219546716,1.1878918790718194,1.183495609561563,1.1862896931412243,120338
2013-02-15,1.1862896931412243,1.1862216729009707,1.1834061899380297,1.1844974450130277,127211
2013-02-18,1.1844974450130277,1.1865915254185997,1.1844411518771931,1.185424810155509,129393
2013-02-19,1.185424810155509,1.1883385663711954,1.182331984098133,1.1872744519183702,98708
2013-02-20,1.1872744519183702,1.1930983021752295,1.1868706845837411,1.1911285293853169,131497
2013-02-21,1.1911285293853169,1.1936206974412562,1.1900004206285628,1.1900630433346788,115451
2013-02-22,1.1900630433346788,1.1917786453930843,1.186011024688624,1.1865094132658451,122447
2013-02-25,1.1865094132658451,1.1950872350383313,1.1842653043613307,1.1941376653300289,128288
2013-02-26,1.1941376653300289,1.1958478117509836,1.1894236810362584,1.1898883413216697,114368
2013-02-27,1.1898883413216697,1.1909232495867257,1.1863887791800245,1.1890240033937414,110774
2013-02-28,1.1890240033937414,1.191144044065562,1.187947482533061,1.1881441142388285,129034
2013-03-01,1.1881441142388285,1.1906742883713108,1.185818224317638,1.1871798182295867,94400
2013-03-04,1.1871798182295867,1.1884574737780755,1.1830961946670244,1.1858370591005911,129684
2013-03-05,1.1858370591005911,1.1886261295351706,1.1858816018270484,1.1879089807579832,111830
2013-03-06,1.1879089807579832,1.1887132579818966,1.1808369017066032,1.1824125785180106,102747
2013-03-07,1.1824125785180106,1.1856340180798577,1.181042062392886,1.183470202116439,149865
2013-03-08,1.183470202116439,1.185190237721953,1.181733250073553,1.1836265451869472,127193
2013-03-11,1.1836265451869472,1.1852246360901746,1.18211266377555,1.184033392314508,130126
2013-03-12,1.184033392314508,1.1839912324966158,1.1796178863380686,1.182118777549821,114012
2013-03-13,1.182118777549821,1.1875018799009038,1.1815336991104826,1.186063099712682,119571
2013-03-14,1.186063099712682,1.186625389352952,1.1828776728013306,1.1844630918749732,94547
2013-03-15,1.1844630918749732,1.1842622598411754,1.1797380421888533,1.18025891536299,109680
2013-03-18,1.18025891536299,1.1811305787168045,1.1784486387937094,1.1789339233674778,99860
2013-03-19,1.1789339233674778,1.1846074009860672,1.178127279187588,1.1835449046086903,140766
2013-03-20,1.1835449046086903,1.185758352853223,1.1798670254098471,1.1798950685264258,111390
2013-03-21,1.1798950685264258,1.18574799321301,1.17961879458491,1.185095116590908,124395
2013-03-22,1.185095116590908,1.186630873635525,1.1826538001395703,1.1853526313206268,125354
2013-03-25,1.1853526313206268,1.1893512486389357,1.1847281363313984,1.1891563160154206,119503
2013-03-26,1.1891563160154206,1.1929174075270323,1.188684766595103,1.1910753627402544,116730
2013-03-27,1.1910753627402544,1.1946634203719144,1.1906725745746494,1.1920267435384229,135730
2013-03-28,1.1920267435384229,1.1929577270472256,1.1864239215265004,1.188230377244485,110664
2013-03-29,1.188230377244485,1.1945809600231632,1.1874864639581908,1.191649804747636,136162
2013-04-01,1.191649804747636,1.1929244685072116,1.1895980093351637,1.1919873283303692,138506
2013-04-02,1.1919873283303692,1.196349521906001,1.191937508118078,1.1957462842467237,104069
2013-04-03,1.1957462842467237,1.1961220993197563,1.1894430749615572,1.1910363436216778,140300
2013-04-04,1.1910363436216778,1.191691719369791,1.1869927492249894,1.187435051102166,117202
2013-04-05,1.187435051102166,1.188091520943306,1.1832808494172151,1.183818654073854,104717
2013-04-08,1.183818654073854,1.184949726868494,1.1810516116814225,1.181943209603524,120263
2013-04-09,1.181943209603524,1.1842762118667192,1.179499246889124,1.1809229983795544,144326
2013-04-10,1.1809229983795544,1.183209493729374,1.1790724892332134,1.183020612393117,126542
2013-04-11,1.183020612393117,1.1845278428224184,1.1812782653650902,1.1825486589596663,111718
2013-04-12,1.1825486589596663,1.1862797957365698,1.1823098077187526,1.1829251545007755,103071
2013-04-15,1.1829251545007755,1.184575036481767,1.1817115074836166,1.1840250077438177,116112
2013-04-16,1.1840250077438177,1.187239810262436,1.1835225875668216,1.1852635777148068,154788
2013-04-17,1.1852635777148068,1.1892026812900989,1.1849105273537075,1.1876549790201898,142149
2013-04-18,1.1876549790201898,1.188097823248497,1.1842279504629478,1.185532375556967,116162
2013-04-19,1.185532375556967,1.187622329241302,1.1836399479839643,1.18739844305428,97595
2013-04-22,1.18739844305428,1.1882367763723882,1.1832450610477885,1.1834847584495871,122941
2013-04-23,1.1834847584495871,1.1852626103205266,1.1811343965246548,1.1815191099670874,120379
2013-04-24,1.1815191099670874,1.1829944022776857,1.1803301071279488,1.1817106205932535,131382
2013-04-25,1.1817106205932535,1.183910425363841,1.1801701388362271,1.1813297814747643,117367
2013-04-26,1.1813297814747643,1.1842749669894082,1.17970725267754,1.1834920523517594,142541
2013-04-29,1.1834920523517594,1.186393799348491,1.1827085933420751,1.1830050747697791,139437
2013-04-30,1.1830050747697791,1.1849863457405103,1.1805768728022952,1.184715154084569,112956
2013-05-01,1.184715154084569,1.188261237442385,1.1843951705509417,1.186286401592789,119569
2013-05-02,1.186286401592789,1.1867727691807874,1.1832533464023829,1.1845878442113806,115218
2013-05-03,1.1845878442113806,1.1897235833334596,1.184567255013661,1.1875568125156493,117475
2013-05-06,1.1875568125156493,1.1893281917498024,1.1856135409935202,1.1881342460582291,139536
2013-05-07,1.1881342460582291,1.190345961116362,1.1880647265100697,1.189878037506232,118421
2013-05-08,1.189878037506232,1.1918619194783229,1.1880567691975252,1.190341911217752,119346
2013-05-09,1.190341911217752,1.192709664557153,1.1901190424880763,1.1907435064617014,97870
2013-05-10,1.1907435064617014,1.1936971777112622,1.1895687985580394,1.192082973724529,108774
2013-05-13,1.192082973724529,1.1950719921354889,1.19068716499925,1.193667545026626,117957
2013-05-14,1.193667545026626,1.1947811606179422,1.191714249854932,1.1919368480197778,111760
2013-05-15,1.1919368480197778,1.1940329822193636,1.1906935092314015,1.1926364367727167,130429
2013-05-16,1.1926364367727167,1.1960486755466364,1.1909926457804525,1.1925693167099771,115694
2013-05-17,1.1925693167099771,1.1915017980142923,1.1881722737790072,1.190044662603632,110667
2013-05-20,1.190044662603632,1.1970721572415657,1.1881609832793136,1.196071498454916,132684
2013-05-21,1.196071498454916,1.1995559124403323,1.1953373824612783,1.1986634938868674,143909
2013-05-22,1.1986634938868674,1.200606003438158,1.1972388304242751,1.200260292568894,103662
2013-05-23,1.200260292568894,1.2035621357472228,1.1989445122458002,1.2030081597968711,110587
2013-05-24,1.2030081597968711,1.2042947619725473,1.198410441928422,1.1986728733489695,116803
2013-05-27,1.1986728733489695,1.200661101950227,1.1980377973739875,1.198739799551208,135003
2013-05-28,1.198739799551208,1.200078678446352,1.1925906423355432,1.1932502518203514,129142
2013-05-29,1.1932502518203514,1.195783658206221,1.1910098051635534,1.1947126198841538,131021
2013-05-30,1.1947126198841538,1.1981240114965566,1.1925173340748016,1.1931415372324812,108232
2013-05-31,1.1931415372324812,1.1956904780467827,1.1902930907920253,1.1923129871049123,109407
2013-06-03,1.1923129871049123,1.1960659379126597,1.1906994409589524,1.1938649392679233,129306
2013-06-04,1.1938649392679233,1.1938460671529223,1.1896522529101647,1.190291238920432,109112
2013-06-05,1.190291238920432,1.1953810306106591,1.1889539394664896,1.195244692467806,106215
2013-06-06,1.195244692467806,1.1962533329193956,1.1928618340415629,1.194677875933796,109633
2013-06-07,1.194677875933796,1.1950966248151949,1.1893754935565677,1.1906295044217905,139670
2013-06-10,1.1906295044217905,1.1944015685952043,1.1900472554109571,1.1910940233572849,118931
2013-06-11,1.1910940233572849,1.1924824257181612,1.188351018731747,1.1918945303688664,126666
2013-06-12,1.1918945303688664,1.1923411919855584,1.1878418837946307,1.1919758341318416,101616
2013-06-13,1.1919758341318416,1.1996645285990015,1.192868217489417,1.1979721401389758,93324
2013-06-14,1.1979721401389758,1.2015281045901085,1.1941098069986056,1.2008667355183515,119177
2013-06-17,1.2008667355183515,1.201636752747197,1.1942317908428917,1.195022759467322,135746
2013-06-18,1.195022759467322,1.1985773507891346,1.192366287673731,1.198060388640491,154623
2013-06-19,1.198060388640491,1.1987672431470306,1.1952895588968109,1.1979286457034375,118104
2013-06-20,1.1979286457034375,1.1985617327877809,1.1950774409180436,1.1955463227255192,130314
2013-06-21,1.1955463227255192,1.2011021391887395,1.194849005888334,1.1986223734406352,111058
2013-06-24,1.1986223734406352,1.200671555856037,1.1969993667709076,1.1978247384537746,106365
2013-06-25,1.1978247384537746,1.2004363884963438,1.197716992034547,1.1985990252463046,131182
2013-06-26,1.1985990252463046,1.202973894739768,1.1978584424290342,1.2024689144988057,138866
2013-06-27,1.2024689144988057,1.202939041243521,1.1978106592284272,1.2023780816244172,111196
2013-06-28,1.2023780816244172,1.2047953849764417,1.2018134050480036,1.2035815422917622,99059
2013-07-01,1.2035815422917622,1.2047308067397242,1.1996033837673203,1.2001521487473528,101150
2013-07-02,1.2001521487473528,1.2017315035052274,1.194667930273141,1.1952985384218735,135294
2013-07-03,1.1952985384218735,1.198545527929043,1.193256218911105,1.1962060511382056,131167
2013-07-04,1.1962060511382056,1.2011355108357815,1.1952668223346197,1.200229403297047,140184
2013-07-05,1.200229403297047,1.201006768279687,1.1952815589218857,1.200913238160341,122331
2013-07-08,1.200913238160341,1.2044463615015577,1.1990621687373266,1.2034510858976766,138008
2013-07-09,1.2034510858976766,1.2076685413293884,1.2028566758687762,1.2073256831355117,118540
2013-07-10,1.2073256831355117,1.2098004335479866,1.2055000807766778,1.2062654362075709,129921
2013-07-11,1.2062654362075709,1.2064462650169592,1.2033389428891337,1.2056520087258975,144053
2013-07-12,1.2056520087258975,1.208179970640887,1.202439266754472,1.2058744168017708,125473
2013-07-15,1.2058744168017708,1.2054816594754052,1.2011770841363616,1.2026356837444754,123588
2013-07-16,1.2026356837444754,1.205220910181919,1.2020665958638506,1.2029256756249338,127252
2013-07-17,1.2029256756249338,1.206373054460556,1.202748452053588,1.2051489399262545,132077
2013-07-18,1.2051489399262545,1.2066017984315631,1.2035962866320982,1.2058522763897075,117035
2013-07-19,1.2058522763897075,1.207146018188957,1.2019323113078388,1.2033669893754733,96106
2013-07-22,1.2033669893754733,1.2043263013773136,1.2006859993844947,1.2015974941905707,110803
2013-07-23,1.2015974941905707,1.2070564087818632,1.2010633212229689,1.2068671670964988,113217
2013-07-24,1.2068671670964988,1.210132183587532,1.2066957303531405,1.2070469058918305,142372
2013-07-25,1.2070469058918305,1.208054642306014,1.2012512180462895,1.20155445713412,101539
2013-07-26,1.20155445713412,1.206519860551528,1.201205700708299,1.2043662871106258,114985
2013-07-29,1.2043662871106258,1.205682963923752,1.2019276446172091,1.2050802721789526,130647
2013-07-30,1.2050802721789526,1.2056020390735067,1.2010890098650993,1.2011628169588402,126131
2013-07-31,1.2011628169588402,1.203475415777172,1.1993976065622924,1.1997112610779972,114882
2013-08-01,1.1997112610779972,1.2006814276534443,1.1962828466082314,1.1965831746240625,132346
2013-08-02,1.1965831746240625,1.1971658634186484,1.191813275397703,1.192601175146379,118798
2013-08-05,1.192601175146379,1.1918098568720743,1.1872909105586702,1.1885759605937332,112501
2013-08-06,1.1885759605937332,1.1916678845032067,1.1889716986325356,1.1911935681707355,135969
2013-08-07,1.1911935681707355,1.1919172193555023,1.1875862292441106,1.1903987847906796,115696
2013-08-08,1.1903987847906796,1.1914070887263155,1.184041950767863,1.1859320802988405,110020
2013-08-09,1.1859320802988405,1.1864323645390418,1.1824768659265827,1.1831852853968838,114459
2013-08-12,1.1831852853968838,1.1858610781229428,1.1824477569657508,1.1843272341585611,100543
2013-08-13,1.1843272341585611,1.1853759925787837,1.1808096367281298,1.1841530158911393,121232
2013-08-14,1.1841530158911393,1.1865041222453252,1.1812430548585426,1.1831185130834296,133192
2013-08-15,1.1831185130834296,1.18920126558492,1.183256829912819,1.1880156008261833,120591
2013-08-16,1.1880156008261833,1.1926120586805764,1.1863812442071096,1.1921563809889877,92769
2013-08-19,1.1921563809889877,1.197209610161968,1.1912060914468414,1.195927929980778,130110
2013-08-20,1.195927929980778,1.1965341569066732,1.1937743223855748,1.194589872979358,100634
2013-08-21,1.194589872979358,1.1960646309422214,1.1902395837385042,1.195714826563715,121487
2013-08-22,1.195714826563715,1.195733051416255,1.192551006565309,1.1931041424456543,122092
2013-08-23,1.1931041424456543,1.1978631304130407,1.1928910685219574,1.1942516225357207,133547
2013-08-26,1.1942516225357207,1.1973039794602702,1.1940471642077577,1.1958354057865397,101737
2013-08-27,1.1958354057865397,1.1983116255558537,1.1951542312147438,1.1957213061139087,127448
2013-08-28,1.1957213061139087,1.1994505779990092,1.1956963785889525,1.198436773829858,119806
2013-08-29,1.198436773829858,1.201345557602577,1.195549598885758,1.196855973711651,127218
2013-08-30,1.196855973711651,1.1973546551293452,1.1940069026968896,1.1960812383123358,92136
2013-09-02,1.1960812383123358,1.199292566945394,1.1943002580678213,1.1971732920021254,123008
2013-09-03,1.1971732920021254,1.2007929609168042,1.1953213734294068,1.1990910725709092,134006
2013-09-04,1.1990910725709092,1.1995745150963448,1.195168690953765,1.1965215438052694,117569
2013-09-05,1.1965215438052694,1.197899742242443,1.194889596020008,1.1954727783176926,108787
2013-09-06,1.1954727783176926,1.1988293587202117,1.1938090774336385,1.1968054758827409,107991
2013-09-09,1.1968054758827409,1.1985642336518811,1.19351995438006,1.195051369288386,127501
2013-09-10,1.195051369288386,1.200537995856642,1.193320944963089,1.1995952272793835,118774
2013-09-11,1.1995952272793835,1.2022295204011542,1.198296131580587,1.199635764971181,110346
2013-09-12,1.199635764971181,1.2028760988831195,1.198026165648023,1.198451966119379,130571
2013-09-13,1.198451966119379,1.2012248892422326,1.1947206984354426,1.1974681240411895,120728
2013-09-16,1.1974681240411895,1.198718642699284,1.1955450307853075,1.197425659730896,114323
2013-09-17,1.197425659730896,1.1990921648538038,1.1954885449704038,1.1961824867898552,92667
2013-09-18,1.1961824867898552,1.1993293374739844,1.1943174948085953,1.197282761992974,137507
2013-09-19,1.197282761992974,1.2011617959818752,1.197542513569794,1.2004243398170065,120335
2013-09-20,1.2004243398170065,1.2039847683669995,1.199360981476178,1.2016595833277803,108714
2013-09-23,1.2016595833277803,1.205260383908164,1.200127162087498,1.2051187647212471,123060
2013-09-24,1.2051187647212471,1.209444804359879,1.2051142335854466,1.2054753688706967,124557
2013-09-25,1.2054753688706967,1.2107341492644406,1.2055069530699682,1.2090555934840452,102766
2013-09-26,1.2090555934840452,1.211812085941572,1.207758562606753,1.21104200579652,125213
2013-09-27,1.21104200579652,1.2115137802784193,1.2021996139211013,1.2023807147511647,101603
2013-09-30,1.2023807147511647,1.2075765778164902,1.2022353878381342,1.2053129254867785,132256
2013-10-01,1.2053129254867785,1.2107439659199288,1.2039278255482049,1.205672701457061,101560
2013-10-02,1.205672701457061,1.2122366099501891,1.2054238795723922,1.2116174087426608,118772
2013-10-03,1.2116174087426608,1.2161014580966607,1.2101140585943548,1.2152697633483396,120548
2013-10-04,1.2152697633483396,1.2172799596454382,1.2126492118641847,1.212717770437503,131388
2013-10-07,1.212717770437503,1.215870386248131,1.2120473347732763,1.2129085473889722,110116
2013-10-08,1.2129085473889722,1.21902944106157,1.212410118593542,1.2189473732894889,115448
2013-10-09,1.2189473732894889,1.2251957476268738,1.219568751301011,1.221833951795524,121164
2013-10-10,1.221833951795524,1.222690257820476,1.2188663565211646,1.2223436354087112,118018
2013-10-11,1.2223436354087112,1.2280368637627466,1.222492875885686,1.226976224952868,122596
2013-10-14,1.226976224952868,1.2287482500407674,1.2255714689780517,1.2279971961430132,126463
2013-10-15,1.2279971961430132,1.2296046274186336,1.2240069579837884,1.2270617793453742,113876
2013-10-16,1.2270617793453742,1.228153952268227,1.2250632141143445,1.2274369382734711,111735
2013-10-17,1.2274369382734711,1.2277705161722563,1.2217173943504531,1.2222652171660378,112242
2013-10-18,1.2222652171660378,1.222589391492922,1.2174052535140922,1.2185534128830913,125731
2013-10-21,1.2185534128830913,1.2222957101285958,1.2178008928056263,1.2181177514235888,127532
2013-10-22,1.2181177514235888,1.2207511836412257,1.2157781801057774,1.217364530951484,125446
2013-10-23,1.217364530951484,1.2177158075672214,1.2109478412955108,1.211498876763165,140439
2013-10-24,1.211498876763165,1.2128969117496051,1.2093462158554664,1.2101567414101708,96870
2013-10-25,1.2101567414101708,1.2107019508131227,1.2043224994339536,1.2054172157149323,113634
2013-10-28,1.2054172157149323,1.20828449595115,1.2035590303903336,1.206748662780403,116115
2013-10-29,1.206748662780403,1.21012966237973,1.2059480154524054,1.2082016118684034,103166
2013-10-30,1.2082016118684034,1.2086591834942608,1.2025447972877976,1.2035314623700744,135677
2013-10-31,1.2035314623700744,1.2034685283615627,1.198605025002966,1.1987193114143209,127923
2013-11-01,1.1987193114143209,1.200480320863302,1.193293345397069,1.1939080470059042,144447
2013-11-04,1.1939080470059042,1.197882987999349,1.1938922350555814,1.1963807153572166,124916
2013-11-05,1.1963807153572166,1.1982277015782263,1.1903771659912117,1.1931390841488896,135496
2013-11-06,1.1931390841488896,1.194649373498825,1.1899931589615331,1.1903063584585076,131903
2013-11-07,1.1903063584585076,1.190234417098914,1.1866018898890474,1.1884571076011676,112076
2013-11-08,1.1884571076011676,1.1897493748270431,1.1866387574998754,1.189149060088362,122017
2013-11-11,1.189149060088362,1.192588505784287,1.188407865693465,1.189757341855808,138293
2013-11-12,1.189757341855808,1.1910620785855224,1.1885007644173395,1.1888891638350845,114861
2013-11-13,1.1888891638350845,1.1936627651287464,1.186367921177382,1.1868059378995943,141074
2013-11-14,1.1868059378995943,1.188822061348506,1.184448276623264,1.1859457144170549,101278
2013-11-15,1.1859457144170549,1.1869333290218704,1.1821907706875183,1.183520640010673,109085
2013-11-18,1.183520640010673,1.185338155800571,1.1800856806139874,1.1849841583187053,117701
2013-11-19,1.1849841583187053,1.1909001837716395,1.1850750378718768,1.1898079702054376,101202
2013-11-20,1.1898079702054376,1.1944445996508053,1.1902560377075917,1.1931455314438566,153857
2013-11-21,1.1931455314438566,1.194725969763235,1.1908309212567494,1.1930771277276706,131202
2013-11-22,1.1930771277276706,1.195340593293612,1.1906706478583953,1.1935248641079852,125777
2013-11-25,1.1935248641079852,1.1936888503581735,1.1879171270637103,1.1882320560528816,112202
2013-11-26,1.1882320560528816,1.1913125551859185,1.185911891249079,1.1866057365853804,97271
2013-11-27,1.1866057365853804,1.1854567575923427,1.1804451901719144,1.184706051838102,122194
2013-11-28,1.184706051838102,1.1856379408996167,1.1813077687868947,1.1833379317131458,118766
2013-11-29,1.1833379317131458,1.1849868565239805,1.1800480478170623,1.1845226794082944,116920
2013-12-02,1.1845226794082944,1.1870533767636298,1.1814003382937297,1.1846577425518232,121597
2013-12-03,1.1846577425518232,1.188165475121406,1.184150519320468,1.184527929037778,122497
2013-12-04,1.184527929037778,1.1893118888551235,1.1830493047197777,1.188755346509461,140622
2013-12-05,1.188755346509461,1.1895001636220557,1.183326619965474,1.1842301567951945,131146
2013-12-06,1.1842301567951945,1.1841613732365268,1.1799778554967917,1.1811440445151955,127646
2013-12-09,1.1811440445151955,1.1829772653362158,1.1802742807348583,1.1812071254065566,143855
2013-12-10,1.1812071254065566,1.185439822987752,1.180431377800044,1.183689401105419,116248
2013-12-11,1.183689401105419,1.184589699514142,1.1809569589590192,1.1842025621321337,122012
2013-12-12,1.1842025621321337,1.190324043152955,1.1851458987509946,1.1901301995286797,103411
2013-12-13,1.1901301995286797,1.1902615766670788,1.186133903139552,1.1867544117663298,123526
2013-12-16,1.1867544117663298,1.1869900417613195,1.1799593907035597,1.1802093482948897,134785
2013-12-17,1.1802093482948897,1.1839979416754074,1.1790392340237468,1.1824708186883506,112452
2013-12-18,1.1824708186883506,1.1839744616291554,1.179276141394896,1.182846881740725,116693
2013-12-19,1.182846881740725,1.1848458051320174,1.1793099450445912,1.1847109947516663,116352
2013-12-20,1.1847109947516663,1.1850998394398184,1.1814040563460495,1.1833797609953527,120688
2013-12-23,1.1833797609953527,1.1855737797026624,1.179605341073256,1.1815421170921334,136090
2013-12-24,1.1815421170921334,1.184056668190932,1.1809641739130632,1.182955670090143,99944
2013-12-25,1.182955670090143,1.183279447165493,1.1789053500075295,1.1800303125548366,128866
2013-12-26,1.1800303125548366,1.1807500124866408,1.176751601455258,1.177648556029918,137744
2013-12-27,1.177648556029918,1.1833270122682964,1.1762552350653888,1.183237507565217,136923
2013-12-30,1.183237507565217,1.1840795060705085,1.1805520366722844,1.1809241216292925,126715
2013-12-31,1.1809241216292925,1.1826171602556237,1.1782707549758165,1.1805667190781142,99447
2014-01-01,1.1805667190781142,1.1810356185088888,1.1771134151628595,1.1772952893971995,103992
2014-01-02,1.1772952893971995,1.1801997072370705,1.176705783818117,1.179738483813089,117302
2014-01-03,1.179738483813089,1.186804730688492,1.1790268287320649,1.1856747458346624,138181
2014-01-06,1.1856747458346624,1.1872293088825194,1.1830257883543602,1.184794012317282,121017
2014-01-07,1.184794012317282,1.1866475002703245,1.182801908501813,1.184688446446731,136112
2014-01-08,1.184688446446731,1.1850569885383602,1.1817005320209943,1.182877496181705,118637
2014-01-09,1.182877496181705,1.1847151881320086,1.1804218893856295,1.1835608855525002,117255
2014-01-10,1.1835608855525002,1.1831799510291474,1.177334385142688,1.1800225682314762,142903
2014-01-13,1.1800225682314762,1.1828037421596869,1.1785845270541009,1.1821497961423273,123980
2014-01-14,1.1821497961423273,1.1822156867389937,1.177589672787814,1.1796100741907338,131374
2014-01-15,1.1796100741907338,1.1799766519502863,1.1770917937750818,1.1780580085522343,133372
2014-01-16,1.1780580085522343,1.1810177023488255,1.1778646184702637,1.1792293978880526,138100
2014-01-17,1.1792293978880526,1.1793004514944674,1.1719297803524815,1.1726378946700773,124329
2014-01-20,1.1726378946700773,1.178846234190129,1.172366564587476,1.1785607125063646,128319
2014-01-21,1.1785607125063646,1.1789596626093808,1.1755283823199427,1.17625549083442,98381
2014-01-22,1.17625549083442,1.1778679202556812,1.173935481651184,1.175031625683245,111259
2014-01-23,1.175031625683245,1.1778081304536838,1.1742789607959787,1.175675846382971,137921
2014-01-24,1.175675846382971,1.1788099629830462,1.174757688065134,1.1773086516988196,146867
2014-01-27,1.1773086516988196,1.1788444391492188,1.1743870713104057,1.176937854380188,131751
2014-01-28,1.176937854380188,1.178696778573577,1.1714221794679107,1.1722472615086537,118590
2014-01-29,1.1722472615086537,1.1750671901790513,1.171883413820471,1.1727403363991948,91236
2014-01-30,1.1727403363991948,1.1774262567558629,1.17084376199507,1.1767466500192358,106838
2014-01-31,1.1767466500192358,1.1804083783360315,1.1752256322731427,1.1763667471391597,117266
2014-02-03,1.1763667471391597,1.1789653519045622,1.1748816661237111,1.17504278061409,83274
2014-02-04,1.17504278061409,1.174986066238234,1.1705003417103788,1.1709671049245185,124354
2014-02-05,1.1709671049245185,1.1731363846369536,1.1686961043558062,1.1710746481659633,122646
2014-02-06,1.1710746481659633,1.1723188672711864,1.1686966369120255,1.1693869628619862,143450
2014-02-07,1.1693869628619862,1.170505664081641,1.1627705564299151,1.165154029403388,120666
2014-02-10,1.165154029403388,1.1683103647553237,1.1638004097631494,1.1677128596979742,150690
2014-02-11,1.1677128596979742,1.1684529511330266,1.1633193766120302,1.1678254330965656,129019
2014-02-12,1.1678254330965656,1.1698018728586186,1.1665121104496456,1.1694239402008664,108885
2014-02-13,1.1694239402008664,1.1704159367545557,1.16743844246613,1.168612413478732,127731
2014-02-14,1.168612413478732,1.1752294916496897,1.1688060734477907,1.1739802446360212,136118
2014-02-17,1.1739802446360212,1.1796154599271138,1.1731512847014562,1.1758293628472891,120019
2014-02-18,1.1758293628472891,1.1762999024894183,1.171934339368165,1.1729969020827713,121585
2014-02-19,1.1729969020827713,1.1769751989660753,1.1722340303011929,1.1754615525473326,126788
2014-02-20,1.1754615525473326,1.177138480191407,1.1746542574241474,1.1764068865767583,134724
2014-02-21,1.1764068865767583,1.1770494780022451,1.1699571341366304,1.1705010675898566,114036
2014-02-24,1.1705010675898566,1.175842953088684,1.1705259128063925,1.1747063135334392,100723
2014-02-25,1.1747063135334392,1.1758567545874496,1.170285937058701,1.1740805359295523,118723
2014-02-26,1.1740805359295523,1.17770399880156,1.1737548734013172,1.1776924262655677,103336
2014-02-27,1.1776924262655677,1.1821945544705252,1.1768825895647104,1.17874090911956,123844
2014-02-28,1.17874090911956,1.179142169747894,1.172411236697549,1.1734727349880514,124828
2014-03-03,1.1734727349880514,1.1743397489083487,1.1691239780862417,1.169384992325044,117764
2014-03-04,1.169384992325044,1.170026866758229,1.1676160830650262,1.1688681390046294,115027
2014-03-05,1.1688681390046294,1.1702790862875798,1.1661173996340397,1.166781749678588,125087
2014-03-06,1.166781749678588,1.1730945429775512,1.1667250744775524,1.1727357688335,121616
2014-03-07,1.1727357688335,1.1742303199817834,1.1710682228005416,1.1716382453951302,111509
2014-03-10,1.1716382453951302,1.174047823298384,1.1698412884270295,1.1706880761521683,137300
2014-03-11,1.1706880761521683,1.1717809361495382,1.1651496710333662,1.1653025437010367,126524
2014-03-12,1.1653025437010367,1.166637996396885,1.1622403366302063,1.1631505650720269,113389
2014-03-13,1.1631505650720269,1.164711823329822,1.1607944050792431,1.161853770647473,125349
2014-03-14,1.161853770647473,1.163476746421525,1.1605248473948506,1.1616475383765363,104523
2014-03-17,1.1616475383765363,1.1649259012487343,1.1611707801420286,1.1645821453938825,103948
2014-03-18,1.1645821453938825,1.1672483689355615,1.1637028454831004,1.1664176879254198,101403
2014-03-19,1.1664176879254198,1.166995367784635,1.1633863050571005,1.1652368191976004,101002
2014-03-20,1.1652368191976004,1.1654104046549876,1.162052992883239,1.1634603917744104,125314
2014-03-21,1.1634603917744104,1.1645809516337595,1.1599519875514783,1.160556303290301,119060
2014-03-24,1.160556303290301,1.1663376810321284,1.1599996122888334,1.165429809377966,120621
2014-03-25,1.165429809377966,1.1703115444699888,1.165114454360963,1.1699364634379534,108181
2014-03-26,1.1699364634379534,1.1709900458624254,1.167214151448182,1.1705174183518463,140094
2014-03-27,1.1705174183518463,1.1755630215998634,1.1711698838320443,1.172922443238245,136098
2014-03-28,1.172922443238245,1.178128431217945,1.17283186536231,1.177509154389785,137570
2014-03-31,1.177509154389785,1.1813751472795826,1.1742054005608806,1.17954694245645,104534
2014-04-01,1.17954694245645,1.1792909728864256,1.1745475643792336,1.1752510584540117,110527
2014-04-02,1.1752510584540117,1.177027199386629,1.1732615191408915,1.1767737934889135,105665
2014-04-03,1.1767737934889135,1.1781202737024232,1.1737742194508294,1.1739673848747714,113301
2014-04-04,1.1739673848747714,1.1801570404733053,1.1729321341542247,1.1787428584132245,126571
2014-04-07,1.1787428584132245,1.1805841458016844,1.177237483049577,1.1799744678401298,104488
2014-04-08,1.1799744678401298,1.1807748414665238,1.177878916392237,1.1793317080982624,89853
2014-04-09,1.1793317080982624,1.180302571719279,1.1707722186258886,1.1719118475698174,124125
2014-04-10,1.1719118475698174,1.1719766857008307,1.1667893020869968,1.1704159392135358,106924
2014-04-11,1.1704159392135358,1.172617317524822,1.169381261542085,1.1725744260440591,101411
2014-04-14,1.1725744260440591,1.172307519663482,1.1663962553571978,1.1670483613008165,93818
2014-04-15,1.1670483613008165,1.1728980261082105,1.167698638679622,1.170246356600385,110572
2014-04-16,1.170246356600385,1.1722167161367816,1.1700563506682258,1.1707435434061473,132041
2014-04-17,1.1707435434061473,1.1741077332012322,1.169357840832813,1.1723113480800258,111430
2014-04-18,1.1723113480800258,1.1753054262331837,1.16954606152496,1.1698958485259785,128688
2014-04-21,1.1698958485259785,1.1728730111811918,1.167426365730564,1.171439896904314,107106
2014-04-22,1.171439896904314,1.171405060452452,1.1679016278983805,1.1700099077669557,85463
2014-04-23,1.1700099077669557,1.1716132212648838,1.168701181234168,1.1707935681401966,114584
2014-04-24,1.1707935681401966,1.1716240767782096,1.1680364051779082,1.1698177487515198,125985
2014-04-25,1.1698177487515198,1.1722816448646185,1.168051213640828,1.1697901452401835,144576
2014-04-28,1.1697901452401835,1.1714340216433068,1.1682479788455735,1.1683041797011051,108246
2014-04-29,1.1683041797011051,1.1721859648881978,1.1662689938167976,1.167064723234471,89391
2014-04-30,1.167064723234471,1.1724758675797151,1.1663691513288013,1.1707174215779994,126870
2014-05-01,1.1707174215779994,1.1761084479789172,1.1702059382221282,1.1757262467821186,143947
2014-05-02,1.1757262467821186,1.1769106508795044,1.173601180342135,1.1761103304001923,117427
2014-05-05,1.1761103304001923,1.1764386628941552,1.1737370775293108,1.1757955820764758,135603
2014-05-06,1.1757955820764758,1.1801500503356508,1.1735709731213588,1.1792677153452769,110636
2014-05-07,1.1792677153452769,1.1810364513085263,1.1776270452253117,1.179479056229234,125272
2014-05-08,1.179479056229234,1.1808695306707269,1.1773702079219517,1.179850988345453,114635
2014-05-09,1.179850988345453,1.1817420503098903,1.1786359573916638,1.1805200677416074,145189
2014-05-12,1.1805200677416074,1.1822187953500924,1.1777222217326682,1.1806790899295254,127927
2014-05-13,1.1806790899295254,1.184535385175828,1.1809254367336184,1.1824303203715532,117119
2014-05-14,1.1824303203715532,1.1839434392182997,1.179989178407853,1.1804393579512795,101914
2014-05-15,1.1804393579512795,1.1813153657671045,1.177755974049839,1.179643557233572,143356
2014-05-16,1.179643557233572,1.1814541658953028,1.1774862515938591,1.1803715694306007,95686
2014-05-19,1.1803715694306007,1.1820000525157677,1.1790368264961637,1.1792033331643696,142880
2014-05-20,1.1792033331643696,1.1796776787144885,1.173067709162064,1.174673453440671,139490
2014-05-21,1.174673453440671,1.1769278185030618,1.1733493986231087,1.1753111291881917,129683
2014-05-22,1.1753111291881917,1.1757085330636334,1.1703571212245396,1.1715227768087413,135917
2014-05-23,1.1715227768087413,1.1710094068831112,1.166245205712639,1.166997270964731,135139
2014-05-26,1.166997270964731,1.1709858809273794,1.1655851172239633,1.169866566211211,111256
2014-05-27,1.169866566211211,1.172899255689403,1.169047207953019,1.1720024065750774,119003
2014-05-28,1.1720024065750774,1.1751136369279374,1.1707236530827148,1.1744075304801072,111954
2014-05-29,1.1744075304801072,1.17719265609081,1.1725403520187996,1.1731063505479895,122498
2014-05-30,1.1731063505479895,1.175525704727401,1.1714714724008155,1.173960980043179,126962
2014-06-02,1.173960980043179,1.174288561085476,1.168552639895767,1.1705029005951506,113484
2014-06-03,1.1705029005951506,1.1731205160703877,1.169372946257612,1.1714397672548955,141221
2014-06-04,1.1714397672548955,1.1731062712450906,1.1683653121578443,1.168717115081577,104824
2014-06-05,1.168717115081577,1.1715340823781093,1.16493194893818,1.165908525930716,114671
2014-06-06,1.165908525930716,1.171889970444988,1.16566692940507,1.1692516425217616,101750
2014-06-09,1.1692516425217616,1.1740789764814454,1.1688362268641628,1.1738399859595805,142704
2014-06-10,1.1738399859595805,1.1778010464476925,1.1723714892589967,1.176254536221979,101718
2014-06-11,1.176254536221979,1.1775735504300755,1.1745275710339689,1.176869503258134,133140
2014-06-12,1.176869503258134,1.179089549395052,1.1720944954531831,1.172194515137797,119090
2014-06-13,1.172194515137797,1.1715605895296208,1.1647132402464322,1.1652975572879725,112450
2014-06-16,1.1652975572879725,1.1709980406186855,1.164723444301794,1.170943415085222,127679
2014-06-17,1.170943415085222,1.1728863122835054,1.1691436169379086,1.1696051003221888,121402
2014-06-18,1.1696051003221888,1.1733734426638056,1.1669291024981507,1.172596001619793,110867
2014-06-19,1.172596001619793,1.1754627690801664,1.1718592300915545,1.1737060093052671,118417
2014-06-20,1.1737060093052671,1.1756224493326837,1.172113448975427,1.1730339713514597,116061
2014-06-23,1.1730339713514597,1.1743757335570246,1.171164400093056,1.173836780333844,118408
2014-06-24,1.173836780333844,1.176088468496969,1.171889049535013,1.1724160433446027,142105
2014-06-25,1.1724160433446027,1.17403517317586,1.1692854371046146,1.1730307641448603,118701
2014-06-26,1.1730307641448603,1.1749263791758398,1.1710800590636894,1.173853993922068,128628
2014-06-27,1.173853993922068,1.1746750398227437,1.1691177283052354,1.17003183975381,109598
2014-06-30,1.17003183975381,1.1727632423337642,1.1682478661451992,1.1697937441782098,110638
2014-07-01,1.1697937441782098,1.1700788443576515,1.1638152644317827,1.1650474064496514,119830
2014-07-02,1.1650474064496514,1.1676196786701811,1.163503083718619,1.1651296248627396,125346
2014-07-03,1.1651296248627396,1.167477781737868,1.1633647634820077,1.1639514300582974,104299
2014-07-04,1.1639514300582974,1.1675656262013194,1.1633833362843828,1.1660440550730722,109506
2014-07-07,1.1660440550730722,1.168338662832672,1.163433917626672,1.1656776814021137,115300
2014-07-08,1.1656776814021137,1.1665834382702278,1.162737240841762,1.165231969558936,131554
2014-07-09,1.165231969558936,1.1666859115464838,1.1611971525628544,1.1619206191797955,115260
2014-07-10,1.1619206191797955,1.1637232523780117,1.1600953005613417,1.1618052812277382,125058
2014-07-11,1.1618052812277382,1.1674097131977237,1.1616154635305345,1.1668109179782145,106448
2014-07-14,1.1668109179782145,1.168350910772978,1.1641957067105888,1.1660070568943783,129424
2014-07-15,1.1660070568943783,1.1685305207820282,1.1652511907778924,1.1680640587297368,114663
2014-07-16,1.1680640587297368,1.172202498865666,1.166909975302835,1.1719389886457945,123422
2014-07-17,1.1719389886457945,1.1740638535415608,1.1697703742507817,1.1708984116219006,136539
2014-07-18,1.1708984116219006,1.1758849541239986,1.17129829096154,1.1717448979813057,109259
2014-07-21,1.1717448979813057,1.1712412444735298,1.1663382363597892,1.1684880333569696,129235
2014-07-22,1.1684880333569696,1.1715261273050237,1.1677330939246529,1.169911291454902,133024
2014-07-23,1.169911291454902,1.174505272080936,1.169212474293372,1.1739986646092069,103798
2014-07-24,1.1739986646092069,1.1802411624109457,1.1741972185412286,1.1789521539730732,116380
2014-07-25,1.1789521539730732,1.182912239057782,1.1789074499469347,1.1811428796611316,113008
2014-07-28,1.1811428796611316,1.1886971707067393,1.1803306817285315,1.1857781023946867,119216
2014-07-29,1.1857781023946867,1.186538173443518,1.1838864457459235,1.185951201063462,123499
2014-07-30,1.185951201063462,1.1931334447536188,1.1846106405618864,1.1930657060538736,137288
2014-07-31,1.1930657060538736,1.19842195356406,1.19272383504767,1.1981116408132062,119395
2014-08-01,1.1981116408132062,1.2020416906852878,1.197180382413149,1.197852117135137,106856
2014-08-04,1.197852117135137,1.1993624148336008,1.1962628891008364,1.1991975390977234,132766
2014-08-05,1.1991975390977234,1.204138188399976,1.198662429948942,1.2027964330343854,99196
2014-08-06,1.2027964330343854,1.2049551393185187,1.2012979233537702,1.2026125197287685,119973
2014-08-07,1.2026125197287685,1.2029575855498502,1.1993629367695475,1.20122422721182,92066
2014-08-08,1.20122422721182,1.2031915972865448,1.197808808832162,1.198491525441561,90492
2014-08-11,1.198491525441561,1.1995581141935454,1.1966284197839396,1.1993201381577991,123118
2014-08-12,1.1993201381577991,1.198795820084292,1.1956152345287414,1.1977567478456348,96656
2014-08-13,1.1977567478456348,1.200619192226282,1.196892761544054,1.2002614333261987,126206
2014-08-14,1.2002614333261987,1.2013065925250646,1.1960241391999025,1.197508442714743,118080
2014-08-15,1.197508442714743,1.2041072533596335,1.1974996286426685,1.201418492374966,116592
2014-08-18,1.201418492374966,1.2019916561014596,1.1987021613162951,1.1990693225739388,136368
2014-08-19,1.1990693225739388,1.2007883052335504,1.1970529367664018,1.1993049752330798,136142
2014-08-20,1.1993049752330798,1.202302187025627,1.1981833566317908,1.2012321166077993,92739
2014-08-21,1.2012321166077993,1.205587946495162,1.2012501817121644,1.203254608392102,124275
2014-08-22,1.203254608392102,1.207656129804435,1.2016916387620538,1.206999749453736,99243
2014-08-25,1.206999749453736,1.2119134453524736,1.2042303426714638,1.2116627831661622,116184
2014-08-26,1.2116627831661622,1.219278973611463,1.2129258412284587,1.2164369738336884,82286
2014-08-27,1.2164369738336884,1.2167810474839456,1.2092323968809953,1.2095382805701536,137875
2014-08-28,1.2095382805701536,1.2132814423406928,1.208074977987519,1.2089991376916036,141974
2014-08-29,1.2089991376916036,1.2119208327943474,1.2084969718868952,1.2106938649177377,101803
2014-09-01,1.2106938649177377,1.2129588936828777,1.205898639245491,1.2069386994532956,130300
2014-09-02,1.2069386994532956,1.2089302326204012,1.2056308211045863,1.2060912072941496,108940
2014-09-03,1.2060912072941496,1.2141064530984595,1.2068335760278102,1.212727898282119,110377
2014-09-04,1.212727898282119,1.216855619248342,1.2120369414881869,1.2165850558559212,123184
2014-09-05,1.2165850558559212,1.221877281288155,1.2162573545641715,1.2193089912232695,112106
2014-09-08,1.2193089912232695,1.22204572608835,1.2158701182650176,1.2166432607488686,124070
2014-09-09,1.2166432607488686,1.2169099150077105,1.210652697379576,1.2111028118955345,129969
2014-09-10,1.2111028118955345,1.214534404091182,1.2101133969386255,1.2129631519092685,132911
2014-09-11,1.2129631519092685,1.2143471554589444,1.210262191980099,1.2119577978566316,100580
2014-09-12,1.2119577978566316,1.2135410227504608,1.2043086519182449,1.2043871148547225,126340
2014-09-15,1.2043871148547225,1.2061477252282256,1.199045014024616,1.19935434521245,139158
2014-09-16,1.19935434521245,1.2015866487237234,1.1988825046715947,1.2012290637023066,118803
2014-09-17,1.2012290637023066,1.202669032919569,1.1978893509140829,1.2021024008728516,123334
2014-09-18,1.2021024008728516,1.205194461246894,1.2008236572897448,1.2010307256198778,108876
2014-09-19,1.2010307256198778,1.2034152088410976,1.1995997808442502,1.200895931053064,101707
2014-09-22,1.200895931053064,1.2064308372419972,1.2006172385931302,1.2061372609692451,116119
2014-09-23,1.2061372609692451,1.212100234345783,1.2071061605843505,1.2119275465235164,122275
2014-09-24,1.2119275465235164,1.2164364133890164,1.2117442303735422,1.2140317524775772,111576
2014-09-25,1.2140317524775772,1.2174402051359698,1.2132666231350286,1.216197454189435,117946
2014-09-26,1.216197454189435,1.216107977837275,1.2111438457546215,1.2117829520090229,107704
2014-09-29,1.2117829520090229,1.214039550077035,1.210964856236774,1.2112714536182907,145479
2014-09-30,1.2112714536182907,1.2167291724155624,1.2129965751639986,1.2160175690663235,112939
2014-10-01,1.2160175690663235,1.2186940514954427,1.2132319928192128,1.2182489977861108,108018
2014-10-02,1.2182489977861108,1.2197365045401454,1.215001947336643,1.2186733042643498,94796
2014-10-03,1.2186733042643498,1.220954408518954,1.216697468843836,1.2189091371210814,136587
2014-10-06,1.2189091371210814,1.2227294553925343,1.2184669720879375,1.2216871921933403,126622
2014-10-07,1.2216871921933403,1.2235698919057023,1.2155724795270832,1.215636725590056,120056
2014-10-08,1.215636725590056,1.2178570977783734,1.212694038931168,1.2174962914891907,127373
2014-10-09,1.2174962914891907,1.2242411641632522,1.2170201771630609,1.2236344049575345,115594
2014-10-10,1.2236344049575345,1.2274071215613267,1.2209486376534409,1.2267838028853475,126001
2014-10-13,1.2267838028853475,1.235158647502742,1.227808162390211,1.2319569356729934,122664
2014-10-14,1.2319569356729934,1.231903055531411,1.2264085064794947,1.227638607307531,107510
2014-10-15,1.227638607307531,1.2281440297987447,1.223578773233988,1.2258843985089525,122282
2014-10-16,1.2258843985089525,1.2271829859472696,1.2230011609492732,1.2267470570382075,114964
2014-10-17,1.2267470570382075,1.2274427232949687,1.2219104494981472,1.2232883783047008,119206
2014-10-20,1.2232883783047008,1.2265122786657263,1.2218449585780282,1.222228283090473,120654
2014-10-21,1.222228283090473,1.2223196710338036,1.2188456735530833,1.2201895853686204,95750
2014-10-22,1.2201895853686204,1.2227312389056686,1.2197792688397724,1.2203362959950657,120724
2014-10-23,1.2203362959950657,1.2232898500147145,1.2182342380262936,1.2187377932243109,137905
2014-10-24,1.2187377932243109,1.2193320686178646,1.215795986016991,1.2168547148463098,128963
2014-10-27,1.2168547148463098,1.2201046917778409,1.2154674365229703,1.215738544049558,108351
2014-10-28,1.215738544049558,1.2168194025797014,1.2118325551417906,1.2142097196232755,94668
2014-10-29,1.2142097196232755,1.2150693881508388,1.2086885930456526,1.2096841707558896,126566
2014-10-30,1.2096841707558896,1.2096153886888918,1.2064380170329527,1.2095841977784356,110620
2014-10-31,1.2095841977784356,1.2147064377168466,1.209883556444901,1.211969807445748,110975
2014-11-03,1.211969807445748,1.2191873718542328,1.2119356248268474,1.218955446881607,131794
2014-11-04,1.218955446881607,1.219535331647411,1.2163840807172808,1.217045761196902,110548
2014-11-05,1.217045761196902,1.2178320585908535,1.2138996831141489,1.2143413187745782,107109
2014-11-06,1.2143413187745782,1.2153771903879993,1.2086785853624429,1.209315011598322,136029
2014-11-07,1.209315011598322,1.2150373997144384,1.208910752372047,1.2148603043464998,112829
2014-11-10,1.2148603043464998,1.2171734945593131,1.212261107474072,1.212765344655206,134403
2014-11-11,1.212765344655206,1.221010750142594,1.2126319643338308,1.2207451051475129,116194
2014-11-12,1.2207451051475129,1.2225803431388895,1.2193105955494514,1.2211910419078085,100302
2014-11-13,1.2211910419078085,1.2224220763286775,1.2186755724494405,1.219399608200216,138009
2014-11-14,1.219399608200216,1.221362869551461,1.2181881417950875,1.2193599814634553,102344
2014-11-17,1.2193599814634553,1.2207786855811047,1.216311030759912,1.2200886013643657,141803
2014-11-18,1.2200886013643657,1.221367421589587,1.2152731654628233,1.215810520155116,115334
2014-11-19,1.215810520155116,1.2192245423900745,1.2149315542897123,1.2166898423161303,114138
2014-11-20,1.2166898423161303,1.2182026966364847,1.2153155881073636,1.215813756021496,102525
2014-11-21,1.215813756021496,1.2217951962773397,1.2155419536070682,1.2198079129281991,120040
2014-11-24,1.2198079129281991,1.2301102764484748,1.2198667522484443,1.2281631859470228,106084
2014-11-25,1.2281631859470228,1.2291425656020245,1.2262835756065185,1.2274734543698795,118004
2014-11-26,1.2274734543698795,1.2286279687702637,1.2252845952603204,1.226380580177785,128592
2014-11-27,1.226380580177785,1.2291627607943396,1.2245544787514335,1.2282911207393197,138737
2014-11-28,1.2282911207393197,1.2297358825614464,1.2230603659801345,1.223994115474775,107400
2014-12-01,1.223994115474775,1.2257744120678116,1.2205618196463814,1.2236399687103787,119834
2014-12-02,1.2236399687103787,1.228607063112711,1.223572799521856,1.2282042763263703,132364
2014-12-03,1.2282042763263703,1.23034680783754,1.2272278461347137,1.2273547413708,113588
2014-12-04,1.2273547413708,1.2292842031946245,1.2251866155902558,1.2275678383652513,96269
2014-12-05,1.2275678383652513,1.2300354617586835,1.2256006670855828,1.2269888852487685,128140
2014-12-08,1.2269888852487685,1.2290514501665455,1.2260728611283438,1.227614944741624,118401
2014-12-09,1.227614944741624,1.229438087467161,1.22429639730883,1.2285636626530898,113252
2014-12-10,1.2285636626530898,1.2288790151725977,1.2243169595572156,1.2274232182536364,141007
2014-12-11,1.2274232182536364,1.2298182062144491,1.2260230216822514,1.2293558188299056,141554
2014-12-12,1.2293558188299056,1.2335319785985317,1.228889871013095,1.2333772831215568,103177
2014-12-15,1.2333772831215568,1.2343034791867924,1.2317569562825377,1.2333078366412644,100627
2014-12-16,1.2333078366412644,1.2412437678283803,1.232456296023135,1.2405694930111175,147851
2014-12-17,1.2405694930111175,1.2435062678946784,1.239279858096011,1.242403541172697,110858
2014-12-18,1.242403541172697,1.2453810753107373,1.2417755791512974,1.2445535436905864,109178
2014-12-19,1.2445535436905864,1.2451440879654243,1.240754859872556,1.243541633700343,144510
2014-12-22,1.243541633700343,1.244354462085298,1.2374466275703282,1.240174579204241,115552
2014-12-23,1.240174579204241,1.243979270273255,1.2394032177595578,1.2422455560252132,130764
2014-12-24,1.2422455560252132,1.242555206087164,1.2398976256791507,1.2406112332159125,125681
2014-12-25,1.2406112332159125,1.2407737613170096,1.236183706558766,1.2375891889662065,116178
2014-12-26,1.2375891889662065,1.2411607951697816,1.236035130075107,1.2409370519127236,114042
2014-12-29,1.2409370519127236,1.2425884194306114,1.238991005143519,1.2414775253863677,101875
2014-12-30,1.2414775253863677,1.2412954975363462,1.237275722796318,1.2398306871579592,114945
2014-12-31,1.2398306871579592,1.24176587823251,1.2382478489112814,1.2399778646886608,104897
2015-01-01,1.2399778646886608,1.2409775567900625,1.232933792460846,1.2339407429062774,101371
2015-01-02,1.2339407429062774,1.2416115556231284,1.2321125283535008,1.2415114119891753,122934
2015-01-05,1.2415114119891753,1.2420480785210273,1.2361284290483336,1.2367879980373202,119343
2015-01-06,1.2367879980373202,1.2402356073685576,1.235857705820916,1.240176847346286,106194
2015-01-07,1.240176847346286,1.241348072999245,1.238377891019414,1.23877141983768,133463
2015-01-08,1.23877141983768,1.2395587620540245,1.234100752701498,1.2344882798476944,120187
2015-01-09,1.2344882798476944,1.2357915560525423,1.2312485409018623,1.2326602689970962,117431
2015-01-12,1.2326602689970962,1.2388770286862807,1.231845365048465,1.2386686867861845,135535
2015-01-13,1.2386686867861845,1.2420896993699235,1.2375528555458983,1.2411466294404423,136798
2015-01-14,1.2411466294404423,1.2411435913857318,1.2341283295449132,1.2343752633569225,113397
2015-01-15,1.2343752633569225,1.2358679219867317,1.232986929288198,1.234925738745875,96136
2015-01-16,1.234925738745875,1.240226399775895,1.234548706032803,1.240071685682749,124807
2015-01-19,1.240071685682749,1.2443469891563657,1.2402415064156966,1.2423097875671223,112155
2015-01-20,1.2423097875671223,1.2439412871555031,1.2403812033161297,1.2420686450898222,113154
2015-01-21,1.2420686450898222,1.2459273725105238,1.2416147170636622,1.243343490892722,120135
2015-01-22,1.243343490892722,1.2454931097620203,1.241166417997243,1.242779634249892,117298
2015-01-23,1.242779634249892,1.245666535421933,1.241024649325435,1.241782264872275,126814
2015-01-26,1.241782264872275,1.2461752640170756,1.2410238424996505,1.2447787647017872,103924
2015-01-27,1.2447787647017872,1.246730706651469,1.2395363439679676,1.2404852101817292,87079
2015-01-28,1.2404852101817292,1.24354477029955,1.2393250364036117,1.2427670915732596,141698
2015-01-29,1.2427670915732596,1.2460906504284286,1.2407342302419972,1.2458061321855525,104417
2015-01-30,1.2458061321855525,1.2490586754804536,1.2427322191714878,1.2479011754739648,129671
2015-02-02,1.2479011754739648,1.2502182881387147,1.246916565311226,1.247923566180491,100806
2015-02-03,1.247923566180491,1.25720438318774,1.2480017126094949,1.2566838140339922,146977
2015-02-04,1.2566838140339922,1.2594642738373163,1.255891539922786,1.2567945238077374,116233
2015-02-05,1.2567945238077374,1.2583934564589816,1.2534546415257808,1.255118331525627,105575
2015-02-06,1.255118331525627,1.257346296302803,1.2511683823290145,1.251350982813869,119684
2015-02-09,1.251350982813869,1.254035924604403,1.247530138947859,1.2483508621822348,123330
2015-02-10,1.2483508621822348,1.2503445077335182,1.2458499377683356,1.2475249135463575,121593
2015-02-11,1.2475249135463575,1.2483532660340269,1.2442678229825077,1.2455367627874252,130861
2015-02-12,1.2455367627874252,1.2473780416713858,1.244325467212492,1.2443724147311157,120894
2015-02-13,1.2443724147311157,1.2460802886894835,1.242896951502384,1.243625622858382,102924
2015-02-16,1.243625622858382,1.2435722385661103,1.2367918479595166,1.2394412272063633,102942
2015-02-17,1.2394412272063633,1.2430167862603578,1.2400756628382237,1.242144454776925,117505
2015-02-18,1.242144454776925,1.2453752186243572,1.2423531785282458,1.2432768903138645,130946
2015-02-19,1.2432768903138645,1.2470030963539194,1.2435734737028927,1.245051181661463,136492
2015-02-20,1.245051181661463,1.246671387157806,1.2422448535909805,1.2425263847604562,115474
2015-02-23,1.2425263847604562,1.243010858075696,1.239248035862701,1.240012628852445,129959
2015-02-24,1.240012628852445,1.2430824180505369,1.240244566433474,1.2423497992006365,135638
2015-02-25,1.2423497992006365,1.2473935235874056,1.241606654361279,1.244971938559342,118963
2015-02-26,1.244971938559342,1.2469005764260364,1.2416474181039725,1.2435336329427735,123781
2015-02-27,1.2435336329427735,1.2432819456865951,1.2345654885842907,1.2348607288714355,131951
2015-03-02,1.2348607288714355,1.236361754250222,1.2325045577704372,1.2337410804690796,110313
2015-03-03,1.2337410804690796,1.23800984069882,1.233046875733032,1.2353895761642022,105591
2015-03-04,1.2353895761642022,1.2401417712638931,1.2327639596351951,1.2393594769014749,109198
2015-03-05,1.2393594769014749,1.242211135922456,1.2378235684201278,1.2403856431487583,128261
2015-03-06,1.2403856431487583,1.2405157346757636,1.2373860442229054,1.2374522318617107,148483
2015-03-09,1.2374522318617107,1.2402517007049791,1.2357322790349317,1.238035312463534,122550
2015-03-10,1.238035312463534,1.2424216865061632,1.2377807956954456,1.2385846417524484,113170
2015-03-11,1.2385846417524484,1.2445642860916253,1.2366577399929588,1.2444571693142288,105593
2015-03-12,1.2444571693142288,1.244859071040682,1.2414486578703188,1.24249672281218,140102
2015-03-13,1.24249672281218,1.2498825749862517,1.2423823808799623,1.2493202304812618,108240
2015-03-16,1.2493202304812618,1.2499152062939076,1.2468310236591296,1.247677187957685,141269
2015-03-17,1.247677187957685,1.249977325383424,1.246756054387162,1.2491016130013852,141828
2015-03-18,1.2491016130013852,1.2526340532657425,1.2483313660735864,1.250124641302803,151642
2015-03-19,1.250124641302803,1.2526592062666695,1.247056621019503,1.2498425440496517,119451
2015-03-20,1.2498425440496517,1.2512190006580943,1.2470831372141813,1.2505100590268812,114334
2015-03-23,1.2505100590268812,1.250874377428258,1.2469303406142085,1.250345897769764,132224
2015-03-24,1.250345897769764,1.2524920601317178,1.248109120673769,1.2519867432497314,126890
2015-03-25,1.2519867432497314,1.2567839551064166,1.2517340360408136,1.253166787351937,109559
2015-03-26,1.253166787351937,1.2546224057982875,1.2514113767440471,1.2535210041831453,147179
2015-03-27,1.2535210041831453,1.2575291151448855,1.2539206056010384,1.2559428481138173,125068
2015-03-30,1.2559428481138173,1.2557457030839154,1.2517397135794268,1.2532121043563316,120676
2015-03-31,1.2532121043563316,1.2543375718098817,1.2495992829181612,1.2533858907472022,110572
2015-04-01,1.2533858907472022,1.2550581810633532,1.2516698516339315,1.2521550097624066,111042
2015-04-02,1.2521550097624066,1.2543330963048225,1.249811729198208,1.2506042860636992,137567
2015-04-03,1.2506042860636992,1.2541151959639176,1.248753162477914,1.2539578527524462,125360
2015-04-06,1.2539578527524462,1.258070414585125,1.2526300977043947,1.2563897718405597,120053
2015-04-07,1.2563897718405597,1.2600120345629744,1.2559121197982126,1.258137705038506,109684
2015-04-08,1.258137705038506,1.2633572281025267,1.2573481520566108,1.2624344928107336,118117
2015-04-09,1.2624344928107336,1.2652072341722314,1.2605737788058322,1.264778171670007,145513
2015-04-10,1.264778171670007,1.2682622650990043,1.264201175118964,1.2665061890126277,97318
2015-04-13,1.2665061890126277,1.2715454875008767,1.2645722623888336,1.2712253902007589,126614
2015-04-14,1.2712253902007589,1.2763141962915616,1.2709904811471493,1.2757354816301267,130260
2015-04-15,1.2757354816301267,1.2761634956543475,1.268300396661418,1.2686548117801717,106188
2015-04-16,1.2686548117801717,1.2706436438632498,1.2647602970253715,1.2679534915892474,129482
2015-04-17,1.2679534915892474,1.2682799851783095,1.263501555736388,1.2646480144168764,106831
2015-04-20,1.2646480144168764,1.2693875771434049,1.2639664403717044,1.2676608042279836,120156
2015-04-21,1.2676608042279836,1.269127987510071,1.265271851455993,1.267712375623757,135469
2015-04-22,1.267712375623757,1.2712595378020444,1.2664894245041958,1.2697095539795504,122324
2015-04-23,1.2697095539795504,1.2713192161447244,1.2671230055749474,1.2681796341616471,111788
2015-04-24,1.2681796341616471,1.2709811629267256,1.266124702277181,1.2668559360615246,113998
2015-04-27,1.2668559360615246,1.2675080137606356,1.2623578538545377,1.2651785728926834,121170
2015-04-28,1.2651785728926834,1.2676942314009043,1.2631874529090443,1.2669580246022458,115775
2015-04-29,1.2669580246022458,1.269478497598452,1.2652447693087452,1.2662114549457824,127929
2015-04-30,1.2662114549457824,1.267415948170911,1.2633016901455223,1.265040843083974,127214
2015-05-01,1.265040843083974,1.265777555661979,1.2633115886078827,1.2639603418542047,131429
2015-05-04,1.2639603418542047,1.2674379157988351,1.2622378850621443,1.2626694347485212,135823
2015-05-05,1.2626694347485212,1.2674961109338607,1.2609678508357842,1.267186522508034,115240
2015-05-06,1.267186522508034,1.269850774501857,1.2655741801109173,1.2680174944138856,104728
2015-05-07,1.2680174944138856,1.269000913343916,1.264773129916287,1.2663652584313216,107798
2015-05-08,1.2663652584313216,1.2732414667918586,1.2662454889457633,1.2719465054965582,131509
2015-05-11,1.2719465054965582,1.274115931390131,1.2690452000122625,1.269628674848256,132391
2015-05-12,1.269628674848256,1.2762785770265983,1.2689123987042608,1.2749204692607523,110004
2015-05-13,1.2749204692607523,1.2739223251000216,1.2694038136506869,1.2716764636016051,120449
2015-05-14,1.2716764636016051,1.2728893116939424,1.2693141145568698,1.2706296034017603,114352
2015-05-15,1.2706296034017603,1.2733227219108565,1.2692322792631414,1.2705345913795734,130989
2015-05-18,1.2705345913795734,1.27394398889787,1.2696066117766618,1.2719766282362934,109128
2015-05-19,1.2719766282362934,1.274632705341369,1.2708859319770542,1.2742049607549195,104997
2015-05-20,1.2742049607549195,1.2760426214261733,1.2730215789231172,1.2745629401445622,122252
2015-05-21,1.2745629401445622,1.2760025871732623,1.273049865694878,1.2758002218418816,138413
2015-05-22,1.2758002218418816,1.2786105043174492,1.273218747665741,1.2778418896446553,148567
2015-05-25,1.2778418896446553,1.2782668380014628,1.2753950861836083,1.275609670338122,104799
2015-05-26,1.275609670338122,1.2781066097867606,1.2732173794884696,1.275252575859141,120044
2015-05-27,1.275252575859141,1.2766103191708835,1.2721606588710934,1.272490060241741,116019
2015-05-28,1.272490060241741,1.2743137991871267,1.2711804920010676,1.2734096051411037,114082
2015-05-29,1.2734096051411037,1.2742004127020286,1.2717979541509403,1.2726238879367615,137300
2015-06-01,1.2726238879367615,1.2802366253073414,1.272498306635075,1.2789647512637865,105343
2015-06-02,1.2789647512637865,1.281113345009408,1.2777497211539235,1.280272590288316,148520
2015-06-03,1.280272590288316,1.27994718123971,1.2751307373039285,1.2760317524986022,115236
2015-06-04,1.2760317524986022,1.2761796056871693,1.2712204167628245,1.2735443675198843,146428
2015-06-05,1.2735443675198843,1.2755415647288986,1.272525892723286,1.2739358633548594,127975
2015-06-08,1.2739358633548594,1.2777554624090954,1.2733627309430755,1.2741836664778183,109594
2015-06-09,1.2741836664778183,1.2791299126231213,1.2734643694710424,1.2774728020485404,148672
2015-06-10,1.2774728020485404,1.279239595530549,1.275021476794322,1.2773754843123035,122456
2015-06-11,1.2773754843123035,1.279159672483332,1.2760127438082758,1.2767578211236006,143769
2015-06-12,1.2767578211236006,1.279368321736621,1.274702158600826,1.278444447231064,118463
2015-06-15,1.278444447231064,1.2793848091491031,1.275318545500227,1.276027731553194,108588
2015-06-16,1.276027731553194,1.276266342276293,1.2688769472652195,1.2705238004350337,118728
2015-06-17,1.2705238004350337,1.2720617051263088,1.266624269418126,1.2685990354156402,106251
2015-06-18,1.2685990354156402,1.270440013725162,1.2664368960089103,1.269147596829554,116162
2015-06-19,1.269147596829554,1.2758805929719654,1.2688014906891325,1.274065857017992,125033
2015-06-22,1.274065857017992,1.2782368189536055,1.272746792742486,1.275995742447489,127528
2015-06-23,1.275995742447489,1.277197118984053,1.272023484532122,1.2723624088610417,107943
2015-06-24,1.2723624088610417,1.2741631679035887,1.2683142371742258,1.269062215154893,107739
2015-06-25,1.269062215154893,1.269855663475168,1.2624557405150203,1.2639873137368034,152318
2015-06-26,1.2639873137368034,1.2674439620338611,1.2637456999471162,1.265102072500176,127047
2015-06-29,1.265102072500176,1.2721231141676357,1.2639037252309122,1.269680005289502,127695
2015-06-30,1.269680005289502,1.2731080843999965,1.268129188767837,1.27221672686817,148100
2015-07-01,1.27221672686817,1.2743000433193867,1.2690973473975151,1.273249514316892,111660
2015-07-02,1.273249514316892,1.272714550552313,1.2662930473380136,1.2717769422677885,134604
2015-07-03,1.2717769422677885,1.2754119481036563,1.269971054495636,1.2744226047139433,130919
2015-07-06,1.2744226047139433,1.275578308823018,1.270257863694764,1.2712232831589598,125012
2015-07-07,1.2712232831589598,1.274345491240358,1.2696245039825724,1.2737345146287515,145036
2015-07-08,1.2737345146287515,1.2749970953007064,1.2655827960775456,1.2656886529065006,126277
2015-07-09,1.2656886529065006,1.2672907923766474,1.2628910299207377,1.267134261116104,121933
2015-07-10,1.267134261116104,1.26933247245375,1.2662612805229552,1.2676602480116788,114330
2015-07-13,1.2676602480116788,1.2698624548977984,1.2667220442489786,1.2683791806531497,117898
2015-07-14,1.2683791806531497,1.2707596865228958,1.2664363454784704,1.2689080796111354,116853
2015-07-15,1.2689080796111354,1.2733227717041251,1.2671806304437183,1.2720786205669368,95609
2015-07-16,1.2720786205669368,1.2749839735798725,1.2703905099867,1.2734391296192724,149353
2015-07-17,1.2734391296192724,1.272792239754064,1.2678001612406085,1.2694428815129402,131408
2015-07-20,1.2694428815129402,1.273898622376433,1.2687819241845522,1.271078169256722,116487
2015-07-21,1.271078169256722,1.2733090078093152,1.2701318956759802,1.272402041648559,124730
2015-07-22,1.272402041648559,1.276723267013816,1.2712269376169048,1.276456453740097,97901
2015-07-23,1.276456453740097,1.2773579876600685,1.268836181352316,1.2695242367186388,114105
2015-07-24,1.2695242367186388,1.2704798851866883,1.266491895966967,1.269145696171501,100996
2015-07-27,1.269145696171501,1.271461134380785,1.2656338138675671,1.2695438806672197,124342
2015-07-28,1.2695438806672197,1.274786311017362,1.268991886213824,1.2730870279046305,129722
2015-07-29,1.2730870279046305,1.275644856219743,1.2714261375641955,1.2754302840255385,130891
2015-07-30,1.2754302840255385,1.275509274279416,1.2699422258561843,1.2712342808562558,145604
2015-07-31,1.2712342808562558,1.2761230749992976,1.270579261298771,1.2728458304235086,126757
2015-08-03,1.2728458304235086,1.2752300696024532,1.270893399399205,1.274505519985879,110153
2015-08-04,1.274505519985879,1.2759604905806696,1.2713769508340402,1.2713876942014262,101909
2015-08-05,1.2713876942014262,1.276001009739031,1.2699025299815094,1.275052703690645,125045
2015-08-06,1.275052703690645,1.2779966138332064,1.2737029790349497,1.2754766400718145,144704
2015-08-07,1.2754766400718145,1.2782294449759657,1.2741442103561065,1.2743926300041637,136338
2015-08-10,1.2743926300041637,1.2777896471311827,1.2728870601600482,1.277504658080358,121550
2015-08-11,1.277504658080358,1.2790234716667337,1.275521272941249,1.2788495076005015,126347
2015-08-12,1.2788495076005015,1.2830622891484833,1.2786113025234025,1.2800725995976303,115355
2015-08-13,1.2800725995976303,1.284303329257284,1.2792055524118064,1.2835724521391392,135275
2015-08-14,1.2835724521391392,1.2838971671141075,1.2803542198355198,1.282317813099252,124339
2015-08-17,1.282317813099252,1.283185014451448,1.278044614706055,1.2783841498641948,137085
2015-08-18,1.2783841498641948,1.282442549625927,1.276872717164029,1.2789138506547,147390
2015-08-19,1.2789138506547,1.2800623313712929,1.272426058486672,1.2728848971043203,148786
2015-08-20,1.2728848971043203,1.2725381407399412,1.2693344443907233,1.2717318236444044,146669
2015-08-21,1.2717318236444044,1.2719146694804058,1.2667068853498795,1.2709081334103334,136887
2015-08-24,1.2709081334103334,1.2766198209195578,1.270553932434929,1.2759407774246838,135045
2015-08-25,1.2759407774246838,1.279676071451051,1.2753585863391017,1.2777099847012912,135055
2015-08-26,1.2777099847012912,1.2787668580529388,1.2729757856415966,1.273304894971992,124821
2015-08-27,1.273304894971992,1.2773143686528885,1.271831632760026,1.277288422879847,115631
2015-08-28,1.277288422879847,1.2786313565116625,1.2734101564327895,1.2760724376267822,108511
2015-08-31,1.2760724376267822,1.279818627808229,1.2742027124620303,1.2748174204709295,130967
2015-09-01,1.2748174204709295,1.2784671258940954,1.2714655410720406,1.277007974092351,124846
2015-09-02,1.277007974092351,1.2815369495999225,1.277257282435341,1.2811702468658257,112112
2015-09-03,1.2811702468658257,1.283354908373655,1.2793432075853468,1.2815217434414434,108861
2015-09-04,1.2815217434414434,1.2813392589270527,1.2760826276145656,1.2793900346793263,129810
2015-09-07,1.2793900346793263,1.2797535333020975,1.272891013847234,1.2743754216386962,122284
2015-09-08,1.2743754216386962,1.2757741327875975,1.2722012369757456,1.2749960259541304,120012
2015-09-09,1.2749960259541304,1.277415558290927,1.2723403674490072,1.2760819743793206,134007
2015-09-10,1.2760819743793206,1.2777069530418497,1.2744478614217551,1.2749949174888846,124237
2015-09-11,1.2749949174888846,1.2759526392217309,1.2712919089416053,1.2750842527383468,129085
2015-09-14,1.2750842527383468,1.2778465376238155,1.273535591447324,1.2775474748005702,106952
2015-09-15,1.2775474748005702,1.283305958381081,1.2770636705484542,1.2815044579364518,99086
2015-09-16,1.2815044579364518,1.2841490562207116,1.2802284426143802,1.280805339736354,125505
2015-09-17,1.280805339736354,1.2834605241663353,1.280271075017961,1.281521239255642,113125
2015-09-18,1.281521239255642,1.284710485915106,1.280753576506945,1.2812932551999463,114148
2015-09-21,1.2812932551999463,1.285619903687708,1.2810299305403052,1.2851434393889876,124018
2015-09-22,1.2851434393889876,1.2854734787299873,1.2799281527637167,1.2802071142618443,120758
2015-09-23,1.2802071142618443,1.279994748443413,1.2769521089663138,1.2785381286442832,134648
2015-09-24,1.2785381286442832,1.2821074905164096,1.2762956901062772,1.281536812125777,119625
2015-09-25,1.281536812125777,1.2817022792298596,1.2768284945648736,1.2799204527766783,120348
2015-09-28,1.2799204527766783,1.2800868325286938,1.2736404226080325,1.2745662388785577,132628
2015-09-29,1.2745662388785577,1.275537013056123,1.268714540916769,1.271228177815782,125808
2015-09-30,1.271228177815782,1.2760086015179517,1.269155545752142,1.275608667929564,110782
2015-10-01,1.275608667929564,1.2756971111648892,1.2709936265701178,1.2730098070879587,135818
2015-10-02,1.2730098070879587,1.276486841205058,1.27150372367588,1.2762735686936086,128333
2015-10-05,1.2762735686936086,1.277300879951202,1.2702728570025987,1.2711062103547135,131505
2015-10-06,1.2711062103547135,1.273485173410002,1.2701648997611663,1.2704169975165744,115288
2015-10-07,1.2704169975165744,1.2727802839898206,1.2682598538071652,1.26992865353598,108693
2015-10-08,1.26992865353598,1.2736867565753691,1.269596942603756,1.271737786933775,91981
2015-10-09,1.271737786933775,1.2724546596447428,1.2694441336106304,1.2697027228541575,129314
2015-10-12,1.2697027228541575,1.2702753361022416,1.2658903592061013,1.266665785385533,117347
2015-10-13,1.266665785385533,1.2674462528578714,1.2634903961377086,1.2672820142811891,113725
2015-10-14,1.2672820142811891,1.2705707506711783,1.2636963825731664,1.2639488363380125,116963
2015-10-15,1.2639488363380125,1.2670117829116685,1.263508204155392,1.2659804597704891,112748
2015-10-16,1.2659804597704891,1.272673788640735,1.264865879953082,1.2720565457083275,127441
2015-10-19,1.2720565457083275,1.2734693894758309,1.2687992454528865,1.268994266131751,118208
2015-10-20,1.268994266131751,1.2716279255856704,1.267223075584289,1.2672742835272095,114047
2015-10-21,1.2672742835272095,1.2688131336474056,1.263857545966523,1.2671755867651668,135426
2015-10-22,1.2671755867651668,1.268261727032747,1.2654407019369565,1.2660498779124034,118472
2015-10-23,1.2660498779124034,1.2711550605047484,1.2651421798482323,1.2710773348723694,125339
2015-10-26,1.2710773348723694,1.2751041283216928,1.2703886265248123,1.2746488306786845,133547
2015-10-27,1.2746488306786845,1.2806252406202376,1.2745945687966744,1.279575103773421,127016
2015-10-28,1.279575103773421,1.282036649197348,1.2789856566824516,1.2811215271860104,131546
2015-10-29,1.2811215271860104,1.284992619377476,1.281333009870382,1.2841292263258588,141105
2015-10-30,1.2841292263258588,1.284858341150483,1.28064993898239,1.281277951256425,109081
2015-11-02,1.281277951256425,1.288167273914874,1.281008115881156,1.287650130189986,95665
2015-11-03,1.287650130189986,1.2902592050829766,1.2855628989056678,1.2865177859429884,121778
2015-11-04,1.2865177859429884,1.2874828001699616,1.2847034047756232,1.285616554892255,92208
2015-11-05,1.285616554892255,1.286489735922942,1.2809800046133804,1.282049522950672,103070
2015-11-06,1.282049522950672,1.2826926834373429,1.2786810316074042,1.278996455081259,101468
2015-11-09,1.278996455081259,1.2792862713314512,1.2752808203267236,1.2785348951271498,127282
2015-11-10,1.2785348951271498,1.2809287899744686,1.2769445622781908,1.2797359095860048,105302
2015-11-11,1.2797359095860048,1.2804885096983971,1.2748687463899906,1.279346367021978,101080
2015-11-12,1.279346367021978,1.2812454850920942,1.2762499355852788,1.2763301001833596,109704
2015-11-13,1.2763301001833596,1.2768190609683197,1.2737097188836008,1.2747302692241549,132144
2015-11-16,1.2747302692241549,1.277126801072647,1.273909161714097,1.276796231763055,120155
2015-11-17,1.276796231763055,1.276994429835938,1.2732093627673522,1.276584188038557,116524
2015-11-18,1.276584188038557,1.2779760408645782,1.274948454476862,1.2750903496568198,118418
2015-11-19,1.2750903496568198,1.2763294649114096,1.2703906065721295,1.2714401833849769,139707
2015-11-20,1.2714401833849769,1.274212773326466,1.269748446112009,1.271137025084036,140395
2015-11-23,1.271137025084036,1.2731855642460206,1.26935442195537,1.2723125024384192,101093
2015-11-24,1.2723125024384192,1.2759279478775492,1.271034216243058,1.2751861406319276,105038
2015-11-25,1.2751861406319276,1.2795667921134215,1.2737763649180345,1.2784077763916375,118494
2015-11-26,1.2784077763916375,1.278424886271938,1.2710243605933809,1.2715895140802187,134240
2015-11-27,1.2715895140802187,1.2736913568491468,1.269770479752899,1.2699053147539276,115634
2015-11-30,1.2699053147539276,1.2724276308575904,1.269857374226853,1.2719383162781628,118347
2015-12-01,1.2719383162781628,1.273080560300455,1.2681932606836943,1.2719123075249157,118707
2015-12-02,1.2719123075249157,1.2773077874378207,1.2715928754216352,1.2756888763129468,136163
2015-12-03,1.2756888763129468,1.2770854221396155,1.272699806609791,1.275458135877016,110792
2015-12-04,1.275458135877016,1.277638291625118,1.2725040957326883,1.2747779622420117,143394
2015-12-07,1.2747779622420117,1.2778757604480675,1.274076855357573,1.275623218406225,108502
2015-12-08,1.275623218406225,1.2770300524722271,1.2739629030357635,1.2753219889876994,127391
2015-12-09,1.2753219889876994,1.275635392876712,1.2717945099211552,1.2725686214532514,123615
2015-12-10,1.2725686214532514,1.2756228750265417,1.270579406538657,1.272724919226396,122502
2015-12-11,1.272724919226396,1.273695864321308,1.2716843918561076,1.272649348565677,101221
2015-12-14,1.272649348565677,1.276244849857572,1.2722336618545798,1.2760574990421123,117267
2015-12-15,1.2760574990421123,1.2766813033081514,1.2711456728945745,1.2742647460275391,114136
2015-12-16,1.2742647460275391,1.27354554149011,1.269530454657121,1.2731259616184638,104458
2015-12-17,1.2731259616184638,1.274426144718303,1.2711648782301226,1.273559016433384,132721
2015-12-18,1.273559016433384,1.275921181519144,1.2727362535484512,1.2737508643916593,142898
2015-12-21,1.2737508643916593,1.2766548397582351,1.2722564477644331,1.2750076164491404,115331
2015-12-22,1.2750076164491404,1.2767247262535704,1.2730910572797247,1.2762089006426685,130864
2015-12-23,1.2762089006426685,1.2768965914770107,1.2699734409582122,1.2705209763345715,112697
2015-12-24,1.2705209763345715,1.2728118464720235,1.268194023633639,1.2713698069323291,137742
2015-12-25,1.2713698069323291,1.274461400224186,1.271148141510224,1.2740830038238362,99649
2015-12-28,1.2740830038238362,1.2771175720815564,1.2731654703026043,1.274356974020059,119896
2015-12-29,1.274356974020059,1.2751233058680016,1.2696560325373862,1.2707465201722596,93050
2015-12-30,1.2707465201722596,1.2743956978886768,1.2688684367195204,1.2741040540063395,116717
2015-12-31,1.2741040540063395,1.280742147704112,1.2739014910030309,1.27883233275685,111409
2016-01-01,1.27883233275685,1.2799841599359958,1.2757668609297104,1.278199657474512,122150
2016-01-04,1.278199657474512,1.2831481230729782,1.2766083973748152,1.2826088588927873,117069
2016-01-05,1.2826088588927873,1.2855671449815436,1.28137453020862,1.2848685943686973,113769
2016-01-06,1.2848685943686973,1.2852416900538643,1.280904431947783,1.281363740558034,122334
2016-01-07,1.281363740558034,1.283741109299087,1.2800325780970854,1.2834398586046452,123693
2016-01-08,1.2834398586046452,1.2866339834278826,1.2829528721455323,1.2855355324195037,122167
2016-01-11,1.2855355324195037,1.2884809730260074,1.283010019226395,1.284332879662706,108984
2016-01-12,1.284332879662706,1.2847262217182158,1.28123752859311,1.282009825391628,119201
2016-01-13,1.282009825391628,1.285532270433783,1.2815888406929412,1.2822825196346344,127445
2016-01-14,1.2822825196346344,1.2844898181789015,1.280990487594825,1.2811187622751308,142574
2016-01-15,1.2811187622751308,1.2800174514670035,1.2754734187135304,1.277995637783432,115852
2016-01-18,1.277995637783432,1.2797070767237773,1.2750367876798332,1.2759600784583067,111214
2016-01-19,1.2759600784583067,1.2754576630112544,1.2684898933864464,1.2704804319489909,143688
2016-01-20,1.2704804319489909,1.279358624903067,1.2712344875150927,1.2786505818892706,122025
2016-01-21,1.2786505818892706,1.2800984636176405,1.27550222515838,1.2795932386382292,114330
2016-01-22,1.2795932386382292,1.28270891057751,1.2784357622479867,1.2805599895552602,144140
2016-01-25,1.2805599895552602,1.2837456629260964,1.2787975544576682,1.283130556604798,115835
2016-01-26,1.283130556604798,1.2877182068526896,1.2824706771471326,1.2865738146328052,120374
2016-01-27,1.2865738146328052,1.2908167363875702,1.284668133515089,1.2856826150498968,126369
2016-01-28,1.2856826150498968,1.286871425506011,1.278705519531485,1.279395041916662,131390
2016-01-29,1.279395041916662,1.2803830133481269,1.2734539947334282,1.2743175240997724,81913
2016-02-01,1.2743175240997724,1.2757927068113513,1.272056326056641,1.273446014332324,122763
2016-02-02,1.273446014332324,1.2754728926539265,1.2713908248511232,1.2731302010481014,125455
2016-02-03,1.2731302010481014,1.2785892729540136,1.27279664277895,1.2762102737947318,109823
2016-02-04,1.2762102737947318,1.2787931654119191,1.275540111881696,1.2760987187175048,122468
2016-02-05,1.2760987187175048,1.2768070572984354,1.2737985244890009,1.2751278901530163,127002
2016-02-08,1.2751278901530163,1.2758462496818184,1.272336812527039,1.2728117719458156,111734
2016-02-09,1.2728117719458156,1.2747661659464178,1.270855081107788,1.2732496681592176,115697
2016-02-10,1.2732496681592176,1.2790699649608226,1.2713370007207747,1.2773420368353166,129648
2016-02-11,1.2773420368353166,1.282756575820363,1.276810194384998,1.2816259148524003,117785
2016-02-12,1.2816259148524003,1.285663964106939,1.2819502295716525,1.2847279265610616,124577
2016-02-15,1.2847279265610616,1.2906923486100828,1.284041013418362,1.2906138331352397,154634
2016-02-16,1.2906138331352397,1.2946093766218516,1.290154075088139,1.2946034927547243,130244
2016-02-17,1.2946034927547243,1.2966144669339752,1.2905803794509962,1.290730439692984,114682
2016-02-18,1.290730439692984,1.291744785780515,1.2867613897507664,1.287632181743772,137633
2016-02-19,1.287632181743772,1.2899979331813405,1.2866219519696167,1.2887742684683443,124573
2016-02-22,1.2887742684683443,1.2906031722459956,1.2833270034274105,1.2841559766186277,130192
2016-02-23,1.2841559766186277,1.2859888262619192,1.28115753554355,1.2839217780311631,128637
2016-02-24,1.2839217780311631,1.2858866272575478,1.279481911211381,1.2799729464327294,119828
2016-02-25,1.2799729464327294,1.2799348186219104,1.2760360752034083,1.27658632922597,99059
2016-02-26,1.27658632922597,1.2762982182454845,1.2693367037085923,1.272838198947562,140992
2016-02-29,1.272838198947562,1.2790602954131025,1.2718790973023133,1.2781074036037785,101408
2016-03-01,1.2781074036037785,1.280030273073513,1.2755311841516843,1.2773258494594393,148607
2016-03-02,1.2773258494594393,1.2782474663816588,1.273450168248137,1.2756577331421564,111258
2016-03-03,1.2756577331421564,1.2776018643975235,1.274378434935394,1.2747490722461423,122270
2016-03-04,1.2747490722461423,1.2761102939043008,1.268701451156735,1.2691529772357166,118425
2016-03-07,1.2691529772357166,1.2711445974433209,1.2662779238867938,1.2669533220061515,106768
2016-03-08,1.2669533220061515,1.2697109184422872,1.2660267529697184,1.268163472389615,137819
2016-03-09,1.268163472389615,1.268263863980188,1.2637200552612753,1.2673514572427285,111791
2016-03-10,1.2673514572427285,1.2673751775718434,1.2643675510819126,1.2648291083609755,111070
2016-03-11,1.2648291083609755,1.2675071803045834,1.263588917277035,1.2654227438484955,146234
2016-03-14,1.2654227438484955,1.2671520252770183,1.2636528183903972,1.266281878616094,130322
2016-03-15,1.266281878616094,1.2678223833003783,1.2636233338429357,1.2642513481084654,134525
2016-03-16,1.2642513481084654,1.2656506240976562,1.260524720632133,1.2653694161358071,117419
2016-03-17,1.2653694161358071,1.2666398304792557,1.263426491533368,1.2639633068147031,126777
2016-03-18,1.2639633068147031,1.2650862317743614,1.2613722004617915,1.2618677546510728,119004
2016-03-21,1.2618677546510728,1.2628899229076678,1.259004170083416,1.2623712812568242,126772
2016-03-22,1.2623712812568242,1.2666340216551326,1.2619914871238476,1.2655946858716167,118886
2016-03-23,1.2655946858716167,1.268136278385373,1.262287602112095,1.2647150923549226,95708
2016-03-24,1.2647150923549226,1.2701540129588926,1.2637986287805545,1.2681163473632309,109641
2016-03-25,1.2681163473632309,1.272599476480925,1.2680224192901404,1.271680523727965,109000
2016-03-28,1.271680523727965,1.2723507569169716,1.26602253483524,1.2666906274524663,124292
2016-03-29,1.2666906274524663,1.274993903890811,1.2669761884142952,1.2740086832959132,135831
2016-03-30,1.2740086832959132,1.2784868940860548,1.2734591030499942,1.277247050677442,115175
2016-03-31,1.277247050677442,1.2783986321726797,1.2746639739495111,1.2757122267548735,115664
2016-04-01,1.2757122267548735,1.2761324350652097,1.266941569064982,1.269029828584462,123769
2016-04-04,1.269029828584462,1.273129137869459,1.2664579120300534,1.267276445951366,108648
2016-04-05,1.267276445951366,1.2670076515646922,1.2635783298218723,1.2663786960223211,108920
2016-04-06,1.2663786960223211,1.2673875692090877,1.2615305556959455,1.2667883811137377,116139
2016-04-07,1.2667883811137377,1.267810160823574,1.2648874431177088,1.2661529724936935,125807
2016-04-08,1.2661529724936935,1.2711425092989812,1.2647028281010853,1.269685283112995,129152
2016-04-11,1.269685283112995,1.270950673710353,1.2663283080118173,1.2680562854963726,115172
2016-04-12,1.2680562854963726,1.2737861324748978,1.2676354509897014,1.2729282633738053,131020
2016-04-13,1.2729282633738053,1.2753347241962476,1.2685351816530264,1.2687445543706388,153934
2016-04-14,1.2687445543706388,1.2694378975876703,1.2649491563244244,1.2656370305204017,122444
2016-04-15,1.2656370305204017,1.2660225498923972,1.262519489520994,1.2645004797874848,115912
2016-04-18,1.2645004797874848,1.2666861567099594,1.2575972828713522,1.2587419620467026,99598
2016-04-19,1.2587419620467026,1.260759238079263,1.256990517958845,1.2577545118476088,122506
2016-04-20,1.2577545118476088,1.2592168101272256,1.2552005732411282,1.2555058015461371,115833
2016-04-21,1.2555058015461371,1.256720420828764,1.2544673921867762,1.2556207242319934,140092
2016-04-22,1.2556207242319934,1.2596726911135836,1.254995646045762,1.2594580129457202,130944
2016-04-25,1.2594580129457202,1.2611780597616444,1.2580722987201618,1.2584355708870123,114871
2016-04-26,1.2584355708870123,1.2596102661449908,1.2507059088161634,1.2509806421133385,120960
2016-04-27,1.2509806421133385,1.251345602029308,1.2452385275237623,1.2483269651567497,122439
2016-04-28,1.2483269651567497,1.250954310811602,1.247760097637265,1.2497344502109318,150745
2016-04-29,1.2497344502109318,1.2523279007805932,1.248789045476754,1.2491353570745178,126109
2016-05-02,1.2491353570745178,1.2500180088112087,1.246567564743612,1.2471411674088944,121141
2016-05-03,1.2471411674088944,1.2541723994280127,1.2466061301433222,1.2533845365915477,112965
2016-05-04,1.2533845365915477,1.2527863532096928,1.2493190149703215,1.2526109963187253,133361
2016-05-05,1.2526109963187253,1.254678974560888,1.2517602384952145,1.2527978711207202,131872
2016-05-06,1.2527978711207202,1.2548307676639048,1.2491592297289804,1.2508945942580243,118579
2016-05-09,1.2508945942580243,1.2506556088310936,1.246165697411115,1.2472351125442005,135148
2016-05-10,1.2472351125442005,1.2533701441313934,1.2463284319604735,1.2530679764272576,115160
2016-05-11,1.2530679764272576,1.2558453999819508,1.2517162907544288,1.2524226575937094,123428
2016-05-12,1.2524226575937094,1.2541976050714712,1.249095635066941,1.2541856634054631,112037
2016-05-13,1.2541856634054631,1.2545589555942485,1.2499329495392846,1.2505602444125024,134794
2016-05-16,1.2505602444125024,1.2539257584546657,1.2506980623515755,1.252224065802635,94643
2016-05-17,1.252224065802635,1.252732418503384,1.2483564426825395,1.2485332684637356,117030
2016-05-18,1.2485332684637356,1.254963071603752,1.247394924522948,1.250428370432464,116051
2016-05-19,1.250428370432464,1.252418844570304,1.2478088519640953,1.2495454285021934,123277
2016-05-20,1.2495454285021934,1.2538205531138993,1.2482811583275537,1.253318913852711,114715
2016-05-23,1.253318913852711,1.255273747472863,1.251820294541239,1.2536649621942897,121282
2016-05-24,1.2536649621942897,1.2570256921803042,1.2532218436147642,1.2558179405991303,105451
2016-05-25,1.2558179405991303,1.256846447981745,1.252835295717052,1.2562937234368123,134450
2016-05-26,1.2562937234368123,1.258232071549624,1.2521829683000605,1.2532703919732129,145871
2016-05-27,1.2532703919732129,1.2609917917182711,1.2538947163958902,1.2597894991343923,129449
2016-05-30,1.2597894991343923,1.260165918197745,1.253243389437462,1.2534887149431488,132242
2016-05-31,1.2534887149431488,1.255498968911479,1.2504063576364297,1.2506930622392,100091
2016-06-01,1.2506930622392,1.2551566526537177,1.249292879224635,1.2507631672306732,123403
2016-06-02,1.2507631672306732,1.2513274756769115,1.2484368563470156,1.2498328780212424,133030
2016-06-03,1.2498328780212424,1.2527146591244969,1.2484061808092397,1.2486672222756632,132561
2016-06-06,1.2486672222756632,1.2496747775188406,1.2474110115792283,1.2483945591064394,109517
2016-06-07,1.2483945591064394,1.2509785463309495,1.2460805797316854,1.25023250209172,104370
2016-06-08,1.25023250209172,1.2512582331062998,1.2477034724714835,1.2498751770877212,139670
2016-06-09,1.2498751770877212,1.2497476401845782,1.2406142612457844,1.2411742262188377,113765
2016-06-10,1.2411742262188377,1.24540729068289,1.2410383548321269,1.2445881015508902,129698
2016-06-13,1.2445881015508902,1.2465537378925473,1.241608722683495,1.2456048195221738,125282
2016-06-14,1.2456048195221738,1.247436922921369,1.2412126898632858,1.2420004987920026,123616
2016-06-15,1.2420004987920026,1.245058311830371,1.2415401878245147,1.2442068204188892,145082
2016-06-16,1.2442068204188892,1.2441407945788563,1.2359036141005284,1.2364459430940555,148715
2016-06-17,1.2364459430940555,1.2375932721294465,1.2312708298742654,1.2316194360907395,130464
2016-06-20,1.2316194360907395,1.2341451459612682,1.230444912326825,1.2307059038629682,102435
2016-06-21,1.2307059038629682,1.2317431390975755,1.2285700025384971,1.229182803896096,128708
2016-06-22,1.229182803896096,1.233211775143417,1.2279904647837507,1.2330186044463265,116639
2016-06-23,1.2330186044463265,1.2356749176491568,1.2327469635924528,1.2340790922270002,106146
2016-06-24,1.2340790922270002,1.2351298172599128,1.2287212721408072,1.2291820376136045,108559
2016-06-27,1.2291820376136045,1.2313384391516633,1.2279259425491489,1.2296748169198386,111964
2016-06-28,1.2296748169198386,1.2304597866689504,1.2259880969156776,1.2272647485910435,111936
2016-06-29,1.2272647485910435,1.229752342476781,1.225996875389036,1.2276203463420432,138790
2016-06-30,1.2276203463420432,1.2264534290630256,1.2206585287922709,1.2212870532211428,144051
2016-07-01,1.2212870532211428,1.223293625338685,1.2170702875139312,1.218665994773266,105305
2016-07-04,1.218665994773266,1.2254438179388885,1.2167913797502874,1.2250238806859304,103987
2016-07-05,1.2250238806859304,1.22849042325911,1.223516646556914,1.2268176020673938,110048
2016-07-06,1.2268176020673938,1.2335719926837538,1.2268318375639615,1.2333889508008853,120950
2016-07-07,1.2333889508008853,1.2363259477430186,1.2316459452182764,1.2320171180288153,131328
2016-07-08,1.2320171180288153,1.2383903223911823,1.231147376880744,1.237773730678256,133531
2016-07-11,1.237773730678256,1.240891748719896,1.2370962650466135,1.2376173990387815,123009
2016-07-12,1.2376173990387815,1.243599123318886,1.2366721461832253,1.240774812565384,134017
2016-07-13,1.240774812565384,1.2470814450718806,1.2402762721837608,1.2467904164089358,133143
2016-07-14,1.2467904164089358,1.2464019466537928,1.241881845367649,1.2420220927120018,115200
2016-07-15,1.2420220927120018,1.2459578610105149,1.239938527052729,1.2445940156202184,118213
2016-07-18,1.2445940156202184,1.2495177525505166,1.2435568132047006,1.2472986343653951,99224
2016-07-19,1.2472986343653951,1.251659262306644,1.2475641878359067,1.249537661507209,94733
2016-07-20,1.249537661507209,1.2493372539058485,1.242931549000016,1.2452160345309955,103906
2016-07-21,1.2452160345309955,1.2498798561065527,1.244083171576359,1.2492550497357724,146041
2016-07-22,1.2492550497357724,1.249121734368933,1.245709287841115,1.2460061572410848,92188
2016-07-25,1.2460061572410848,1.2480275592897183,1.2451447863356222,1.2461988513450415,123844
2016-07-26,1.2461988513450415,1.2467430360505711,1.242696938077701,1.2446752487953106,139316
2016-07-27,1.2446752487953106,1.247439673769163,1.2423109422424043,1.2427035955234909,128251
2016-07-28,1.2427035955234909,1.242155208568365,1.2359594138972227,1.2369001985018386,123878
2016-07-29,1.2369001985018386,1.2383322488251296,1.231033330483065,1.2329083258328375,117882
2016-08-01,1.2329083258328375,1.2367601870896607,1.2325834486190708,1.2355824557853865,115557
2016-08-02,1.2355824557853865,1.2377521748118725,1.2346178152403704,1.2368245537273723,134614
2016-08-03,1.2368245537273723,1.2415960115277995,1.2370562003623506,1.237894831100345,117497
2016-08-04,1.237894831100345,1.2396546119331553,1.2362429573289315,1.237025065450655,117365
2016-08-05,1.237025065450655,1.238156727530063,1.2338831540974409,1.236534067927522,106893
2016-08-08,1.236534067927522,1.2393308120310562,1.2337820637775383,1.237544720474102,129559
2016-08-09,1.237544720474102,1.2381087624207352,1.234286671645606,1.235107998272187,117426
2016-08-10,1.235107998272187,1.236342340484353,1.2314794544428054,1.233364824776272,118331
2016-08-11,1.233364824776272,1.239982874791888,1.233586246359395,1.238761360810925,101162
2016-08-12,1.238761360810925,1.2407166068284752,1.236770221620073,1.237227004142657,126434
2016-08-15,1.237227004142657,1.2394235163766107,1.2365029124470328,1.2377568576558735,110675
2016-08-16,1.2377568576558735,1.241359295317828,1.235529199691886,1.2398570003001756,109449
2016-08-17,1.2398570003001756,1.2451390020812123,1.2380762117252253,1.244755989550291,136407
2016-08-18,1.244755989550291,1.2465781753830067,1.242086397224467,1.242853568517243,157721
2016-08-19,1.242853568517243,1.2446644058770266,1.2415912178303758,1.2438365625243022,113356
2016-08-22,1.2438365625243022,1.245926717059452,1.242691184162167,1.2430574683874884,105691
2016-08-23,1.2430574683874884,1.2506335272879332,1.2417774011962066,1.2496485588326212,140588
2016-08-24,1.2496485588326212,1.249521368104184,1.2444108848064304,1.245639193552316,122373
2016-08-25,1.245639193552316,1.253023898153013,1.2453961546891066,1.25277577707168,112824
2016-08-26,1.25277577707168,1.2614237908134267,1.2511016673519817,1.2612337584438662,136944
2016-08-29,1.2612337584438662,1.265852777544764,1.25801511265287,1.261561291778916,118636
2016-08-30,1.261561291778916,1.2663131582354747,1.2602376905479058,1.2658667283709326,119036
2016-08-31,1.2658667283709326,1.2664113896593698,1.261768875788067,1.2624818506069102,130768
2016-09-01,1.2624818506069102,1.262975373232331,1.2582698259369367,1.259265594931443,119842
2016-09-02,1.259265594931443,1.2612696723171812,1.2571568097346486,1.259636499418733,119966
2016-09-05,1.259636499418733,1.2638428016843204,1.258657378482836,1.2622045624784402,128776
2016-09-06,1.2622045624784402,1.2689053607643668,1.2618501401758244,1.268586604423618,108678
2016-09-07,1.268586604423618,1.27016770830728,1.2638700668207223,1.2693160897293507,117297
2016-09-08,1.2693160897293507,1.2716474691297597,1.268244637359456,1.2692817752402246,98526
2016-09-09,1.2692817752402246,1.271525264146783,1.2682954740881096,1.269292496047529,95803
2016-09-12,1.269292496047529,1.2724123971294117,1.267229652971853,1.270114955634264,122640
2016-09-13,1.270114955634264,1.275090679840464,1.2698689945736816,1.274988232858361,132058
2016-09-14,1.274988232858361,1.2767187761929553,1.269454025686427,1.2696278473971694,107632
2016-09-15,1.2696278473971694,1.2708355053393623,1.2675781463717628,1.2697586127771998,111558
2016-09-16,1.2697586127771998,1.2712515720176705,1.2651588395401054,1.2666078613406724,119807
2016-09-19,1.2666078613406724,1.270416021476998,1.2646228691346886,1.2702544067775672,111344
2016-09-20,1.2702544067775672,1.276002737347232,1.270165823182898,1.274336170046451,110906
2016-09-21,1.274336170046451,1.2783829630289012,1.272643459187654,1.27823269756007,106407
2016-09-22,1.27823269756007,1.2797215660876078,1.2755023690552678,1.2791579443787722,134068
2016-09-23,1.2791579443787722,1.2810330954946405,1.2759430988185565,1.2778369423114997,124765
2016-09-26,1.2778369423114997,1.277582410985296,1.2718052336126604,1.2744357267787054,115233
2016-09-27,1.2744357267787054,1.2750019541237447,1.2693514867054294,1.2711495095455994,123429
2016-09-28,1.2711495095455994,1.274161296500564,1.2681285074806496,1.2736663580204248,101776
2016-09-29,1.2736663580204248,1.2772767570937194,1.2720314431284228,1.2757347393487102,140123
2016-09-30,1.2757347393487102,1.2763402380664692,1.2738404734555386,1.2749433733582387,121120
2016-10-03,1.2749433733582387,1.2788588015666589,1.2751768314125962,1.2766848258414047,114291
2016-10-04,1.2766848258414047,1.2764050219102665,1.2686378171434054,1.2702579167933776,123839
2016-10-05,1.2702579167933776,1.2720566681675078,1.2687130492729046,1.2715130463088953,123420
2016-10-06,1.2715130463088953,1.2728876779771887,1.2696165005192956,1.270580936290843,99947
2016-10-07,1.270580936290843,1.2746689986974953,1.2691725184178664,1.2740586858028171,123578
2016-10-10,1.2740586858028171,1.2763675084519075,1.2708443872527813,1.2718532921815635,136887
2016-10-11,1.2718532921815635,1.2719047440660114,1.265531200129112,1.266743861399686,116280
2016-10-12,1.266743861399686,1.2675629332044425,1.2644709145623756,1.2652844162674035,132778
2016-10-13,1.2652844162674035,1.265529299473066,1.2604610734652626,1.2606832134416897,153451
2016-10-14,1.2606832134416897,1.2608418535523451,1.2552330965132736,1.2557609292583127,121140
2016-10-17,1.2557609292583127,1.258593631960326,1.2517080621670975,1.2568249225921733,116934
2016-10-18,1.2568249225921733,1.2583682699346073,1.254784006008266,1.2562035203073767,128512
2016-10-19,1.2562035203073767,1.2586069665634363,1.254100355404141,1.254853953575236,108804
2016-10-20,1.254853953575236,1.2620299180904844,1.2548346221877065,1.260856540047981,105722
2016-10-21,1.260856540047981,1.2634315680481991,1.2582213420125528,1.262769588566336,113005
2016-10-24,1.262769588566336,1.2622885786344524,1.2589194867906237,1.2605343971934513,105987
2016-10-25,1.2605343971934513,1.261551040813641,1.2542307307867724,1.2561289524298462,133047
2016-10-26,1.2561289524298462,1.259724413641215,1.2555517920137649,1.25823442341207,87566
2016-10-27,1.25823442341207,1.2619161759119644,1.2574874123389317,1.2585644807386789,138537
2016-10-28,1.2585644807386789,1.2636226318788382,1.256298017247069,1.2624909996147484,95681
2016-10-31,1.2624909996147484,1.2642198018500712,1.2600332187212997,1.2633528163525691,114315
2016-11-01,1.2633528163525691,1.264379268524339,1.260686797032002,1.263424335986146,144531
2016-11-02,1.263424335986146,1.2636662782164645,1.2569193653953317,1.2576745897597217,101906
2016-11-03,1.2576745897597217,1.2629557867491652,1.2578476368489957,1.2599267855208596,124902
2016-11-04,1.2599267855208596,1.2655817160256826,1.2597048727362867,1.264056048480769,118729
2016-11-07,1.264056048480769,1.267525821911017,1.2627472283973589,1.2666355965233267,115077
2016-11-08,1.2666355965233267,1.2673804171229297,1.264550469486648,1.2658668140262863,116337
2016-11-09,1.2658668140262863,1.2662139938246293,1.2619719204082238,1.2623913149422512,117459
2016-11-10,1.2623913149422512,1.267178636559534,1.262345981771651,1.2670231470984366,125168
2016-11-11,1.2670231470984366,1.2667284263190912,1.2612432869238737,1.2622447160939283,113738
2016-11-14,1.2622447160939283,1.2627641535864302,1.2601239918709175,1.261548933132882,113487
2016-11-15,1.261548933132882,1.2643343594619758,1.2590149165525024,1.2592537814523788,114187
2016-11-16,1.2592537814523788,1.261386272527471,1.2573808447908217,1.260479819259473,125816
2016-11-17,1.260479819259473,1.262465268544487,1.2587737598974316,1.2610812471502002,131013
2016-11-18,1.2610812471502002,1.2642342908046302,1.2614999684078614,1.263035862773774,116533
2016-11-21,1.263035862773774,1.266426385332984,1.2626749258748289,1.2661775074009205,139517
2016-11-22,1.2661775074009205,1.2727878019241663,1.2651987625876675,1.2722772309165296,114563
2016-11-23,1.2722772309165296,1.275791783057738,1.2717396376187302,1.2729623447866107,117118
2016-11-24,1.2729623447866107,1.273712185696107,1.2704718668513957,1.2717263605831,109332
2016-11-25,1.2717263605831,1.2718657644983913,1.2683571243021174,1.2685191545139176,117889
2016-11-28,1.2685191545139176,1.2718096790249165,1.2679948838265431,1.2691460539156787,118924
2016-11-29,1.2691460539156787,1.2694246988502176,1.2655453709866062,1.2661046167758654,123010
2016-11-30,1.2661046167758654,1.2681303465399774,1.2643396338776434,1.2649350053301585,123079
2016-12-01,1.2649350053301585,1.2685359246503836,1.262507456742394,1.263099668606404,119452
2016-12-02,1.263099668606404,1.264023694916428,1.2582064934359858,1.258607793249007,131720
2016-12-05,1.258607793249007,1.2592347433916828,1.2527810152052972,1.2532941193975822,110320
2016-12-06,1.2532941193975822,1.254564665230908,1.2494053459826109,1.2494520358052743,99054
2016-12-07,1.2494520358052743,1.2503104538539322,1.2465144512056447,1.2483548119588503,119879
2016-12-08,1.2483548119588503,1.2484364560802477,1.2440544382347545,1.2483324342483086,126349
2016-12-09,1.2483324342483086,1.2507954391757266,1.2473237270847224,1.2486236004922922,120430
2016-12-12,1.2486236004922922,1.2528303052454677,1.247862081151434,1.2524516274938282,116683
2016-12-13,1.2524516274938282,1.2543043584537206,1.2519411733256565,1.252292107847077,115891
2016-12-14,1.252292107847077,1.2546222772333078,1.250758238098192,1.2543410046066317,126411
2016-12-15,1.2543410046066317,1.2570710682603377,1.2532635291806624,1.254894672223349,97203
2016-12-16,1.254894672223349,1.2590706386285362,1.2536142473638523,1.2562627406327045,142654
2016-12-19,1.2562627406327045,1.2580172546552977,1.2530699917466526,1.254222057041177,139128
2016-12-20,1.254222057041177,1.2592485285674233,1.2546562753276207,1.2584513668831296,131346
2016-12-21,1.2584513668831296,1.2600943064629124,1.2532894274429889,1.255524292443969,120338
2016-12-22,1.255524292443969,1.2585445416524783,1.2549949713617117,1.2554773667453072,109547
2016-12-23,1.2554773667453072,1.256733030170739,1.2515259593713162,1.253522559821692,138425
2016-12-26,1.253522559821692,1.2555644623013784,1.2518149580450664,1.255194209318011,96495
2016-12-27,1.255194209318011,1.2562009753569454,1.2497464439789143,1.2503412553122917,107609
2016-12-28,1.2503412553122917,1.2507978823341206,1.2475043139587527,1.2503924543286042,93724
2016-12-29,1.2503924543286042,1.249966305153437,1.243273610897809,1.244446566250074,132718
2016-12-30,1.244446566250074,1.246188234743338,1.2398855794445731,1.2402204660012806,113127
2017-01-02,1.2402204660012806,1.2408045963581178,1.2370268547470324,1.2405742826023014,95548
2017-01-03,1.2405742826023014,1.2465755441553292,1.2398586501703608,1.2452090414340855,103802
2017-01-04,1.2452090414340855,1.2461607654294924,1.242892097025971,1.243236287620998,111197
2017-01-05,1.243236287620998,1.2457983817741347,1.2417348675976565,1.2454874893672605,119381
2017-01-06,1.2454874893672605,1.247973685214369,1.2448033925227349,1.2450601773192698,126516
2017-01-09,1.2450601773192698,1.2459930177897518,1.2405969006751458,1.2411788697923845,145400
2017-01-10,1.2411788697923845,1.2415205337583974,1.2370163340628617,1.2397528533290747,137223
2017-01-11,1.2397528533290747,1.243224019109247,1.2387491866417215,1.2395962039374273,110067
2017-01-12,1.2395962039374273,1.2401497282209484,1.2355572491401632,1.236124301361937,112121
2017-01-13,1.236124301361937,1.237845115629044,1.2331029867582888,1.233784594028768,117360
2017-01-16,1.233784594028768,1.2377451733973095,1.234127605921778,1.2357821636514943,110800
2017-01-17,1.2357821636514943,1.238765373476712,1.2350936084264243,1.2365218344980375,119828
2017-01-18,1.2365218344980375,1.242251077044065,1.2363919704731992,1.240229180988096,107527
2017-01-19,1.240229180988096,1.2407266069554257,1.237765243614713,1.2394072127401878,115261
2017-01-20,1.2394072127401878,1.2405135411022388,1.2345488271871148,1.235534636545192,132917
2017-01-23,1.235534636545192,1.236931223533846,1.2315271145257822,1.2335748505324,126152
2017-01-24,1.2335748505324,1.2343244936446625,1.229690166133332,1.2335801106879694,130882
2017-01-25,1.2335801106879694,1.2340048018496186,1.227807457396465,1.2285854940539858,105217
2017-01-26,1.2285854940539858,1.2307322477135152,1.2276891475289622,1.228996568307507,115529
2017-01-27,1.228996568307507,1.2284568668257083,1.2210679278942216,1.222991099758055,133303
2017-01-30,1.222991099758055,1.2245601899490333,1.218776133549486,1.2223085665327953,119953
2017-01-31,1.2223085665327953,1.2224348504115508,1.2188180402256397,1.219004998041188,131186
2017-02-01,1.219004998041188,1.2237013797902876,1.2193738135880037,1.223279622109636,124417
2017-02-02,1.223279622109636,1.227215973141765,1.223808563822112,1.225248962683709,102433
2017-02-03,1.225248962683709,1.2296045744767454,1.2253990486118187,1.2275042578562674,129164
2017-02-06,1.2275042578562674,1.2325769404510505,1.2275741935661513,1.231046453887556,113259
2017-02-07,1.231046453887556,1.2378014531972772,1.2309806623957142,1.2374839841707836,108157
2017-02-08,1.2374839841707836,1.2393806429037244,1.2345045683481766,1.2356756289957778,118928
2017-02-09,1.2356756289957778,1.2361224520045182,1.233008932265351,1.2341723142549872,131431
2017-02-10,1.2341723142549872,1.238365503366913,1.2332513855358864,1.2377344505319032,137240
2017-02-13,1.2377344505319032,1.2406678491589709,1.2361389568775156,1.240296880967455,124791
2017-02-14,1.240296880967455,1.2491760915033137,1.2410087472052935,1.2489827636584836,108259
2017-02-15,1.2489827636584836,1.2506631658434422,1.2467967694808335,1.2489988312236866,113464
2017-02-16,1.2489988312236866,1.2498093528173664,1.2432374861753064,1.2440678385771542,123572
2017-02-17,1.2440678385771542,1.2465984212805177,1.2425160845249723,1.2432380888283392,108869
2017-02-20,1.2432380888283392,1.2449129412884372,1.2390438069464569,1.244544650081874,117460
2017-02-21,1.244544650081874,1.2459493979302163,1.242037744549683,1.245558355143776,138681
2017-02-22,1.245558355143776,1.2498941675570356,1.2446142958295523,1.2496457743474014,117713
2017-02-23,1.2496457743474014,1.2543684358896712,1.2486081174732722,1.249823255984066,139858
2017-02-24,1.249823255984066,1.253957150714485,1.2472954216962142,1.2520954382881844,117838
2017-02-27,1.2520954382881844,1.2520683144716764,1.2456320638569152,1.2482602232573483,114443
2017-02-28,1.2482602232573483,1.2537817083651923,1.2473001845687832,1.2536676789628032,150181
2017-03-01,1.2536676789628032,1.2541049119532612,1.2500973896233238,1.251867418811781,147024
2017-03-02,1.251867418811781,1.256943675487726,1.2494333413152738,1.255738484379812,119327
2017-03-03,1.255738484379812,1.258689567729521,1.2542593050735753,1.254965123331691,128125
2017-03-06,1.254965123331691,1.2578851204731334,1.2538277247227727,1.2569481332347507,99483
2017-03-07,1.2569481332347507,1.259262638345626,1.254412349391992,1.2549699945090036,149234
2017-03-08,1.2549699945090036,1.256954826246757,1.253407623705694,1.2552249237169788,128843
2017-03-09,1.2552249237169788,1.261067367870348,1.253915215440525,1.2608652039588455,145777
2017-03-10,1.2608652039588455,1.268310467470691,1.2600334922952554,1.2673910429805333,132426
2017-03-13,1.2673910429805333,1.269610002879247,1.2666630761689548,1.2684623828977482,130951
2017-03-14,1.2684623828977482,1.2719720563606267,1.264844136533016,1.2664650249577676,108453
2017-03-15,1.2664650249577676,1.270151305135728,1.2656545102027517,1.2695817151608029,113002
2017-03-16,1.2695817151608029,1.272668956601868,1.2668539910089762,1.2719924105350386,138011
2017-03-17,1.2719924105350386,1.2721290890658004,1.2652807701984807,1.2656440781725349,107680
2017-03-20,1.2656440781725349,1.2655950549380752,1.2627264586752307,1.264107243962692,136217
2017-03-21,1.264107243962692,1.2642231408461686,1.260259013933891,1.2618731720104936,135744
2017-03-22,1.2618731720104936,1.266253629937094,1.2608405748036415,1.2661092805243763,109359
2017-03-23,1.2661092805243763,1.267940384054415,1.2639327355367749,1.2652484399767956,114378
2017-03-24,1.2652484399767956,1.2691190045913294,1.2656871520841566,1.2690856936474737,111615
2017-03-27,1.2690856936474737,1.2709408695945543,1.268275760183288,1.2694396022906649,122584
2017-03-28,1.2694396022906649,1.270689907569864,1.2666144179773615,1.2670755406324197,113846
2017-03-29,1.2670755406324197,1.2703650834741869,1.267611576072312,1.2693961473259108,91941
2017-03-30,1.2693961473259108,1.271579866101149,1.2669346984771623,1.2710014528438052,127407
2017-03-31,1.2710014528438052,1.273586970339045,1.2694509177052702,1.2699003356933385,129147
2017-04-03,1.2699003356933385,1.2707041874722698,1.264481090828827,1.2648598928937755,103007
2017-04-04,1.2648598928937755,1.2646166727181047,1.2608117547396829,1.2640034563940767,139150
2017-04-05,1.2640034563940767,1.2659308731529209,1.2620111954075126,1.2635748681905152,122709
2017-04-06,1.2635748681905152,1.2671007621145816,1.2634979757838156,1.2662230622765296,113124
2017-04-07,1.2662230622765296,1.2663338293404645,1.262594482481544,1.2641103729375032,118827
2017-04-10,1.2641103729375032,1.2665306853809992,1.26042141255649,1.2654750245175883,103424
2017-04-11,1.2654750245175883,1.269024025050747,1.2650801613943714,1.2682288866967344,127557
2017-04-12,1.2682288866967344,1.2704733892395743,1.2664076185596111,1.2685956866458363,107011
2017-04-13,1.2685956866458363,1.2694893950043438,1.265949144739901,1.26679030182911,108729
2017-04-14,1.26679030182911,1.2685172083860443,1.2640982679284225,1.2647464476134795,117884
2017-04-17,1.2647464476134795,1.2675815668540815,1.2611720828394084,1.2629300379091617,131805
2017-04-18,1.2629300379091617,1.2625556885974238,1.2585754870949482,1.2600375218201616,116722
2017-04-19,1.2600375218201616,1.260088576792268,1.2533289383447932,1.2547680490599575,130702
2017-04-20,1.2547680490599575,1.255911396475455,1.2522755070859606,1.252575990997602,91677
2017-04-21,1.252575990997602,1.25265721245094,1.2483199229549549,1.250853642576906,117501
2017-04-24,1.250853642576906,1.253321792011108,1.2475475726729677,1.2480477551111584,113482
2017-04-25,1.2480477551111584,1.250628473602459,1.245645668088006,1.2490903418478472,84880
2017-04-26,1.2490903418478472,1.2506614704732422,1.2446222939932776,1.2456381121626483,141565
2017-04-27,1.2456381121626483,1.250344327441879,1.2441618989691856,1.250098924239377,137109
2017-04-28,1.250098924239377,1.252171411841616,1.2477357214284086,1.2499037892556937,134606
2017-05-01,1.2499037892556937,1.251110558684914,1.2469527081839715,1.2493164743764789,128462
2017-05-02,1.2493164743764789,1.252482789310418,1.2484881343247751,1.2523749038152354,128301
2017-05-03,1.2523749038152354,1.2560332199154431,1.252169601938217,1.2534870334435182,121340
2017-05-04,1.2534870334435182,1.2552948408632167,1.2493433321786225,1.249516932651299,133552
2017-05-05,1.249516932651299,1.249425440303417,1.243238608146574,1.2450941313239037,121095
2017-05-08,1.2450941313239037,1.2459914275783035,1.237992311732858,1.2383692988118198,123235
2017-05-09,1.2383692988118198,1.240476653622807,1.2370837799718897,1.2371375580285977,124016
2017-05-10,1.2371375580285977,1.2387084383393814,1.232974929157545,1.2333390099969683,109142
2017-05-11,1.2333390099969683,1.2371554251842016,1.2334962033839134,1.2365950818985567,124964
2017-05-12,1.2365950818985567,1.2373453969710138,1.2335126631255775,1.236284273005518,114232
2017-05-15,1.236284273005518,1.2433567865392614,1.23533521796555,1.2426210068273102,125406
2017-05-16,1.2426210068273102,1.243638381928395,1.241002186994309,1.2421446007721144,94566
2017-05-17,1.2421446007721144,1.2452504583771202,1.2399590012200985,1.244710426477048,111829
2017-05-18,1.244710426477048,1.2451111752491777,1.2409216083720789,1.24432282857159,129532
2017-05-19,1.24432282857159,1.245087616642138,1.24236950653707,1.2443184207071885,137997
2017-05-22,1.2443184207071885,1.247769656341144,1.242547410188986,1.243525735358998,122753
2017-05-23,1.243525735358998,1.2451025763932866,1.2420112568048682,1.2428240647723805,141627
2017-05-24,1.2428240647723805,1.2448382436388905,1.2400869185592711,1.2420208642742767,117439
2017-05-25,1.2420208642742767,1.2461329724271253,1.2409220909297305,1.2436176495645856,103590
2017-05-26,1.2436176495645856,1.2454574029618868,1.241874794451738,1.2435550124430903,109412
2017-05-29,1.2435550124430903,1.245958129412691,1.241536244239566,1.2449594057069138,117708
2017-05-30,1.2449594057069138,1.2518393752271677,1.2439898020628175,1.2516485461594915,132990
2017-05-31,1.2516485461594915,1.253854130298607,1.247598201146254,1.2480236927004442,130703
2017-06-01,1.2480236927004442,1.2474254251077346,1.2417285746901967,1.2425442692137758,123122
2017-06-02,1.2425442692137758,1.2431135928173056,1.2383323504083672,1.239823091624854,103228
2017-06-05,1.239823091624854,1.2438954091376686,1.238707072582681,1.243252220251461,118211
2017-06-06,1.243252220251461,1.243964078973324,1.2361040798822474,1.2367686365431512,90495
2017-06-07,1.2367686365431512,1.2386754807377531,1.233955247542972,1.23407888361205,119733
2017-06-08,1.23407888361205,1.240444339553498,1.2339592774072063,1.2392650288599003,113680
2017-06-09,1.2392650288599003,1.242551814350609,1.237613755367365,1.2392446969835595,129683
2017-06-12,1.2392446969835595,1.2401003076184969,1.2354994124813543,1.23958395453225,87096
2017-06-13,1.23958395453225,1.2398688019464643,1.2352610493515823,1.2353292851144233,108983
2017-06-14,1.2353292851144233,1.2404795591093456,1.2347650533992631,1.2388764575588156,121018
2017-06-15,1.2388764575588156,1.2446424679150614,1.2389702187252645,1.2406479292631851,130531
2017-06-16,1.2406479292631851,1.245436393391658,1.2412902344041308,1.243632297162302,127779
2017-06-19,1.243632297162302,1.243887154617981,1.2381777130432146,1.2404920091118516,136630
2017-06-20,1.2404920091118516,1.247215986623348,1.2406794127014795,1.2465931906958172,122594
2017-06-21,1.2465931906958172,1.2471191082907949,1.2434612387015682,1.2470120178084427,99989
2017-06-22,1.2470120178084427,1.2482473788811346,1.2442710709302731,1.2464463569310826,105117
2017-06-23,1.2464463569310826,1.2478047675208082,1.242324423957494,1.2429747981436052,128725
2017-06-26,1.2429747981436052,1.2447715642982036,1.241282643851362,1.2435667725988793,111785
2017-06-27,1.2435667725988793,1.2449091379402433,1.2419711629879693,1.2430562020562947,126223
2017-06-28,1.2430562020562947,1.243616610704755,1.2354002516892226,1.2357924392446231,101563
2017-06-29,1.2357924392446231,1.2384346613804411,1.235506004071149,1.2370711432265022,151463
2017-06-30,1.2370711432265022,1.2442647470376218,1.2367243951404432,1.2440757517019043,119286
2017-07-03,1.2440757517019043,1.2461548519342769,1.2423797806929864,1.2425255170529907,107513
2017-07-04,1.2425255170529907,1.2459082288106054,1.241379347563364,1.244712215045788,124831
2017-07-05,1.244712215045788,1.2495275656920086,1.2426714120158762,1.247491115524503,149066
2017-07-06,1.247491115524503,1.2489502327949118,1.244416166190287,1.2457574367284443,118310
2017-07-07,1.2457574367284443,1.2482595029984305,1.2447163051212855,1.247034287975089,112313
2017-07-10,1.247034287975089,1.24834113528959,1.2418471510614486,1.2421566335732928,121116
2017-07-11,1.2421566335732928,1.2450448840249608,1.2413775022902844,1.241423591268332,135665
2017-07-12,1.241423591268332,1.242025947427983,1.2390254847859297,1.240584547064714,130097
2017-07-13,1.240584547064714,1.2414663569608264,1.233539057976926,1.2337404346479497,120643
2017-07-14,1.2337404346479497,1.2344001408459708,1.2290059941420264,1.230423318983602,122368
2017-07-17,1.230423318983602,1.2312192315307902,1.2270266992436398,1.2278891341960323,135279
2017-07-18,1.2278891341960323,1.2312286779344297,1.226537744085524,1.2286608024419663,122219
2017-07-19,1.2286608024419663,1.2320011129232982,1.2291277067511226,1.2297964732061724,121469
2017-07-20,1.2297964732061724,1.229985230430097,1.226818887343187,1.2282258357210118,108253
2017-07-21,1.2282258357210118,1.2317342225290764,1.227195312434316,1.2276633887608224,108441
2017-07-24,1.2276633887608224,1.2286211652700612,1.2243897021936927,1.2247948300526763,121788
2017-07-25,1.2247948300526763,1.2278456999152731,1.2244788268241762,1.2246176230396777,119324
2017-07-26,1.2246176230396777,1.2261758984434294,1.2223352914662586,1.2232184175206018,132932
2017-07-27,1.2232184175206018,1.226049795084728,1.220356210145459,1.2215435863034465,125417
2017-07-28,1.2215435863034465,1.2227951672834505,1.2195999644690751,1.2203573228479725,100031
2017-07-31,1.2203573228479725,1.2275203759786644,1.22085804922998,1.2274881058835598,155464
2017-08-01,1.2274881058835598,1.2317968289769938,1.2269736259263726,1.2289934193563383,102440
2017-08-02,1.2289934193563383,1.2327049839204531,1.2291343646532316,1.2320401416962494,107708
2017-08-03,1.2320401416962494,1.2349125498075817,1.2295591010291806,1.2337651715133826,95870
2017-08-04,1.2337651715133826,1.2386431136828795,1.2316771043902577,1.2361435000358751,101823
2017-08-07,1.2361435000358751,1.2383830472701642,1.2345362778412268,1.2370176304371363,114363
2017-08-08,1.2370176304371363,1.239840452657691,1.2304802761400235,1.231413241245069,114444
2017-08-09,1.231413241245069,1.23863710850422,1.2319641345530168,1.2386333365083897,104617
2017-08-10,1.2386333365083897,1.243220723616187,1.239486841549853,1.2402723618284286,116062
2017-08-11,1.2402723618284286,1.2428341179611213,1.238958837075007,1.2422365794804002,131587
2017-08-14,1.2422365794804002,1.2435661558779976,1.2399527315997292,1.2404141407560156,116873
2017-08-15,1.2404141407560156,1.2414854774839077,1.2383311543931814,1.2402989824001245,114071
2017-08-16,1.2402989824001245,1.240247564676738,1.23675333571822,1.2371896539126013,132479
2017-08-17,1.2371896539126013,1.2388824095800488,1.2349846892340206,1.2373865744801706,120916
2017-08-18,1.2373865744801706,1.239709203487094,1.2363765388750625,1.2378646157323332,103394
2017-08-21,1.2378646157323332,1.238599842079609,1.2360128224685842,1.2377165167004485,102334
2017-08-22,1.2377165167004485,1.2406335855769677,1.235565598009967,1.238746819531766,119195
2017-08-23,1.238746819531766,1.2396373264038645,1.2340165720338083,1.2364740538501628,114147
2017-08-24,1.2364740538501628,1.2372332923717204,1.2312426589820649,1.2350060102737923,128547
2017-08-25,1.2350060102737923,1.2373828426358984,1.233686615073792,1.2354215406420552,107324
2017-08-28,1.2354215406420552,1.2380600763176133,1.2345514088453764,1.2346664420376134,123572
2017-08-29,1.2346664420376134,1.2357479839091918,1.2315118181670173,1.2338914895199666,105909
2017-08-30,1.2338914895199666,1.234250438557046,1.2290693892336448,1.2297699213529203,133652
2017-08-31,1.2297699213529203,1.23227883213432,1.228609793362236,1.230591621328355,150859
2017-09-01,1.230591621328355,1.2336374366469738,1.22949099466083,1.233532966924453,133587
2017-09-04,1.233532966924453,1.2366209978874316,1.2318513907305044,1.2354883097792724,118822
2017-09-05,1.2354883097792724,1.2371361002179675,1.2343740510176102,1.2348901429990775,123580
2017-09-06,1.2348901429990775,1.2375629815782752,1.233592033978214,1.2369719785522917,119667
2017-09-07,1.2369719785522917,1.2401748726667206,1.2358984603403158,1.2365752308141302,116196
2017-09-08,1.2365752308141302,1.2385571136533298,1.2345429631416622,1.2361144595372957,106265
2017-09-11,1.2361144595372957,1.2394803647205692,1.235379490344964,1.2380289445826786,116656
2017-09-12,1.2380289445826786,1.2416157185592076,1.2380704218460732,1.2387490296318926,108777
2017-09-13,1.2387490296318926,1.2413271907150398,1.2364806429385662,1.2398717224761069,123806
2017-09-14,1.2398717224761069,1.245532963025921,1.2396497594748572,1.240856047337534,117691
2017-09-15,1.240856047337534,1.2480508207723724,1.240579182961017,1.2466180553827266,128720
2017-09-18,1.2466180553827266,1.2484434816283387,1.2438706114249831,1.244675772231622,138214
2017-09-19,1.244675772231622,1.2492255043750085,1.2436572893690223,1.2475177317884862,130673
2017-09-20,1.2475177317884862,1.2498981902810988,1.2463143318417491,1.2484431443651438,107360
2017-09-21,1.2484431443651438,1.2490313492710758,1.245217740450503,1.246192663149139,110510
2017-09-22,1.246192663149139,1.247656601170825,1.24365077224081,1.2459525667413074,123610
2017-09-25,1.2459525667413074,1.248094253220227,1.2441022744185857,1.2472828912900156,102091
2017-09-26,1.2472828912900156,1.2487242395710272,1.24350277376291,1.2442260819008517,123565
2017-09-27,1.2442260819008517,1.246318959130743,1.2429755494747026,1.2445503055192373,106812
2017-09-28,1.2445503055192373,1.247105260114892,1.24266443425437,1.242959893382017,134773
2017-09-29,1.242959893382017,1.245945133256842,1.241778907553699,1.244412722955146,117556
2017-10-02,1.244412722955146,1.2460852244578997,1.243262196020564,1.2443368410632782,100456
2017-10-03,1.2443368410632782,1.2493924199167,1.2448144618742134,1.247109472767065,121988
2017-10-04,1.247109472767065,1.2487324498744794,1.2446232786059188,1.2467639194039848,120351
2017-10-05,1.2467639194039848,1.2507725282231703,1.2468038581897931,1.2473810850732896,123600
2017-10-06,1.2473810850732896,1.2522575387687296,1.2463767133582533,1.2507144632613545,143524
2017-10-09,1.2507144632613545,1.2551390402129288,1.2502790000149813,1.254872273462184,130076
2017-10-10,1.254872273462184,1.261015409548428,1.2547652487950844,1.260774485948575,121351
2017-10-11,1.260774485948575,1.2615621620339177,1.258312760491174,1.2600338768138266,121837
2017-10-12,1.2600338768138266,1.2624520844549123,1.2578480652048325,1.2579591558472842,101292
2017-10-13,1.2579591558472842,1.2600097173204865,1.2552184397636446,1.2563862325230228,138425
2017-10-16,1.2563862325230228,1.2598566583346762,1.253743876739002,1.2539113898773522,99493
2017-10-17,1.2539113898773522,1.2556301860910648,1.2526586054017648,1.2532761528001677,92116
2017-10-18,1.2532761528001677,1.2557114480333529,1.2501489207852894,1.251043916031228,126030
2017-10-19,1.251043916031228,1.2529137509325998,1.248894866474086,1.2504514093329688,140816
2017-10-20,1.2504514093329688,1.2533777997410809,1.24857094882302,1.2528059471421455,121665
2017-10-23,1.2528059471421455,1.2570009571919585,1.2527841429387565,1.2553593164294272,111990
2017-10-24,1.2553593164294272,1.2633142581610273,1.2561251979980923,1.262416898446563,103366
2017-10-25,1.262416898446563,1.2622141918447105,1.2586362436769565,1.2597548339068834,124514
2017-10-26,1.2597548339068834,1.260277555747964,1.252548907582206,1.2540930648680573,122022
2017-10-27,1.2540930648680573,1.2554343307195772,1.250631357611431,1.2511033128758289,130425
2017-10-30,1.2511033128758289,1.252999089023006,1.2488515110846845,1.2511156192246051,130290
2017-10-31,1.2511156192246051,1.2515263711230462,1.2439042805519185,1.2461649958925962,117386
2017-11-01,1.2461649958925962,1.2477700096621605,1.242936249322464,1.2444938729261903,133099
2017-11-02,1.2444938729261903,1.2452205818312674,1.2422211122413052,1.2441201674214284,92492
2017-11-03,1.2441201674214284,1.2461835589146284,1.2419756498015766,1.2454505670967333,102836
2017-11-06,1.2454505670967333,1.2473595766003485,1.2425257331242452,1.243779990865348,132327
2017-11-07,1.243779990865348,1.2437039448083924,1.2374913650390242,1.238318389558157,118633
2017-11-08,1.238318389558157,1.237950429549974,1.228390151744142,1.229819123912605,129819
2017-11-09,1.229819123912605,1.2309822719916066,1.2272427624256157,1.2306374450155029,112989
2017-11-10,1.2306374450155029,1.2311340481420077,1.226423330981219,1.2303824952307283,120765
2017-11-13,1.2303824952307283,1.2311314793800363,1.2259243615661446,1.227179629676525,123025
2017-11-14,1.227179629676525,1.227995807413094,1.2234473002969994,1.2242298225239878,127175
2017-11-15,1.2242298225239878,1.2274230159281585,1.2229174890895809,1.2254232140161707,137035
2017-11-16,1.2254232140161707,1.228386826450789,1.2246505338046536,1.227235128603702,124630
2017-11-17,1.227235128603702,1.2313532782989705,1.2252297556298497,1.2308109143355106,117363
2017-11-20,1.2308109143355106,1.233567663987068,1.2298393955990636,1.2328262668399703,107645
2017-11-21,1.2328262668399703,1.234042209515278,1.229385742023224,1.229874371806779,135985
2017-11-22,1.229874371806779,1.230934522300379,1.2272690382643523,1.2282650382743618,137069
2017-11-23,1.2282650382743618,1.2306529342570431,1.2261582528144606,1.227124834707207,128529
2017-11-24,1.227124834707207,1.2307679250576864,1.2258332472964726,1.227758945071136,126218
2017-11-27,1.227758945071136,1.2283671981850126,1.2251429580536608,1.227431854578002,128269
2017-11-28,1.227431854578002,1.2291916117997272,1.225889866592162,1.2274313935592964,123886
2017-11-29,1.2274313935592964,1.2305933974754324,1.2257855555505517,1.2285293907210877,105673
2017-11-30,1.2285293907210877,1.232716546735218,1.2276633224792175,1.2322994910140117,104168
2017-12-01,1.2322994910140117,1.233825610981378,1.2287394895922636,1.228995998490468,122721
2017-12-04,1.228995998490468,1.2288280285231694,1.2238721545691935,1.225036704225417,91363
2017-12-05,1.225036704225417,1.225025039961097,1.220063354202607,1.2207818509404524,143284
2017-12-06,1.2207818509404524,1.225776599149892,1.2198167564460245,1.2248815144156229,110675
2017-12-07,1.2248815144156229,1.2262321539975984,1.2212165281916518,1.2234982490245212,125970
2017-12-08,1.2234982490245212,1.2287573254894064,1.2218965698901814,1.228078493927678,134600
2017-12-11,1.228078493927678,1.230482702140929,1.2264098694397836,1.228048851464023,104895
2017-12-12,1.228048851464023,1.2346377866010183,1.2281360939974997,1.233896772996257,140095
2017-12-13,1.233896772996257,1.2360784190966,1.2324690567589385,1.2327592153929166,120500
2017-12-14,1.2327592153929166,1.2386992817098594,1.2332151254457615,1.2384064080469817,141883
2017-12-15,1.2384064080469817,1.241717463291381,1.2373578170217536,1.2399651264384788,136461
2017-12-18,1.2399651264384788,1.2418689865219756,1.2376335333666075,1.241713041157773,107634
2017-12-19,1.241713041157773,1.248585713401063,1.241653734836319,1.2479558325699132,114541
2017-12-20,1.2479558325699132,1.2480647443223387,1.2403341997600397,1.2417685788382111,109625
2017-12-21,1.2417685788382111,1.2466125493438984,1.2409683945878645,1.2446525179727062,117591
2017-12-22,1.2446525179727062,1.2463568055669811,1.2428900702911014,1.2438782039267646,147236
2017-12-25,1.2438782039267646,1.248423510545066,1.2408514214286366,1.2471893699258134,84990
2017-12-26,1.2471893699258134,1.2497907322530557,1.246630088383753,1.2475587382164928,107919
2017-12-27,1.2475587382164928,1.2509348272115033,1.245095870482958,1.2502002988926058,133006
2017-12-28,1.2502002988926058,1.2573118873123803,1.249311524100843,1.2568145541438809,102579
2017-12-29,1.2568145541438809,1.2573939941135632,1.2528177574227088,1.2538335329558266,114875
2018-01-01,1.2538335329558266,1.2557142360773317,1.25146430161048,1.2519322670684006,117305
2018-01-02,1.2519322670684006,1.2559464813723349,1.2525548227872454,1.2538440473553394,116550
2018-01-03,1.2538440473553394,1.2593718520557629,1.2544010100292853,1.256177975589395,119096
2018-01-04,1.256177975589395,1.2610160259714829,1.2551855077643577,1.2605612116707077,115988
2018-01-05,1.2605612116707077,1.2617523112571003,1.2580087994597808,1.261068532855406,121184
2018-01-08,1.261068532855406,1.2633003850242075,1.2586580864778276,1.2593494505053668,102061
2018-01-09,1.2593494505053668,1.265866436163814,1.2602182430050333,1.2623804472863729,125209
2018-01-10,1.2623804472863729,1.2643672681861222,1.2550486125397036,1.2559321418166205,96726
2018-01-11,1.2559321418166205,1.2593393298144546,1.255483554405482,1.2576404675835964,135725
2018-01-12,1.2576404675835964,1.2611576062531682,1.255976481356627,1.2608259815078682,107047
2018-01-15,1.2608259815078682,1.2607051966857368,1.256445424446996,1.2567668406235073,133062
2018-01-16,1.2567668406235073,1.2609954863800363,1.2536789551783838,1.254245112192911,140797
2018-01-17,1.254245112192911,1.255034229784714,1.2512711107799002,1.2518302629615377,120423
2018-01-18,1.2518302629615377,1.2568022305034658,1.2500803105889182,1.2564203259232136,121763
2018-01-19,1.2564203259232136,1.260243968426909,1.2544999972986164,1.2599850947618163,94650
2018-01-22,1.2599850947618163,1.2646142802940024,1.260197182266264,1.260834187718288,146195
2018-01-23,1.260834187718288,1.2627434270298858,1.259248478598726,1.2621748080130633,117079
2018-01-24,1.2621748080130633,1.2626653444333074,1.2594100701311255,1.2616690193368714,99642
2018-01-25,1.2616690193368714,1.2618408539868349,1.2573081728223967,1.2577453056863412,108101
2018-01-26,1.2577453056863412,1.260461468991338,1.2572919182614604,1.2601699737919592,127724
2018-01-29,1.2601699737919592,1.262685978627334,1.2584562555808148,1.259426763675732,97269
2018-01-30,1.259426763675732,1.2600635314507815,1.255983640366751,1.257297557992643,146065
2018-01-31,1.257297557992643,1.25945632094442,1.255240722170026,1.2588409057532637,123109
2018-02-01,1.2588409057532637,1.2621581173419394,1.2581770659585303,1.2610667152910011,112293
2018-02-02,1.2610667152910011,1.2633832221561572,1.2589552820995773,1.2596316020720697,125648
2018-02-05,1.2596316020720697,1.2627471409092637,1.2572164389524163,1.2626713015985698,108177
2018-02-06,1.2626713015985698,1.2691741650141404,1.263225641285035,1.2681875001799214,117952
2018-02-07,1.2681875001799214,1.2705398908716108,1.2671530838684004,1.269581569239348,107094
2018-02-08,1.269581569239348,1.2709921394487205,1.2678883170348718,1.2702332364479283,118610
2018-02-09,1.2702332364479283,1.2712440455502474,1.2681116272997837,1.2691856461996132,146960
2018-02-12,1.2691856461996132,1.2742298329291732,1.2688261732488155,1.2722102626539675,133010
2018-02-13,1.2722102626539675,1.2785202874057553,1.2719610005501465,1.2756017315066053,132822
2018-02-14,1.2756017315066053,1.277082600563462,1.2731058143243958,1.273357223458594,124237
2018-02-15,1.273357223458594,1.2780432720374202,1.27168800373788,1.276076925814826,134000
2018-02-16,1.276076925814826,1.2764675779451573,1.2710575453110915,1.2756211430001003,114140
2018-02-19,1.2756211430001003,1.2773104848002037,1.2736683753997664,1.2755289690939005,134676
2018-02-20,1.2755289690939005,1.2791485094075965,1.2747667202713566,1.2790596879744756,109878
2018-02-21,1.2790596879744756,1.2826506297551992,1.2780235976458514,1.280684289992225,133971
2018-02-22,1.280684289992225,1.2840311150385126,1.28045095807141,1.2832443085235057,136194
2018-02-23,1.2832443085235057,1.286311131651588,1.2789962982839749,1.2801802307020764,114306
2018-02-26,1.2801802307020764,1.2838056442183616,1.2785951764801264,1.2825873702446713,96296
2018-02-27,1.2825873702446713,1.2831102460268835,1.2798916635194912,1.2802359436058903,140280
2018-02-28,1.2802359436058903,1.2823156694066908,1.2774009296742348,1.277632685070984,114665
2018-03-01,1.277632685070984,1.278442791083185,1.272860651726511,1.2731365202178635,128990
2018-03-02,1.2731365202178635,1.273514196196482,1.2694616633518194,1.2705399419952184,79252
2018-03-05,1.2705399419952184,1.271664676506245,1.267711559744647,1.2692756453160543,109853
2018-03-06,1.2692756453160543,1.27207560790816,1.2669872989050175,1.2703026440153673,113533
2018-03-07,1.2703026440153673,1.2715361374075902,1.2658768274650254,1.2673895564646869,108577
2018-03-08,1.2673895564646869,1.2685517520248215,1.2648078229757564,1.2683068775523212,98750
2018-03-09,1.2683068775523212,1.2708938250408397,1.266163937511567,1.268983518653748,134782
2018-03-12,1.268983518653748,1.2696956484778068,1.2639793003975337,1.2647426668313744,119096
2018-03-13,1.2647426668313744,1.2656119352545785,1.261189428209448,1.2615009547177762,166428
2018-03-14,1.2615009547177762,1.2643176166858632,1.2589121777072976,1.2615418910539429,104928
2018-03-15,1.2615418910539429,1.2667842598761272,1.2618735209160836,1.2646235676907476,100818
2018-03-16,1.2646235676907476,1.2665301635239412,1.2627964238871578,1.2657892932019343,116786
2018-03-19,1.2657892932019343,1.265929037673423,1.2617821886515657,1.2621767493745562,141592
2018-03-20,1.2621767493745562,1.262825108845106,1.258187826182191,1.2594623336354636,106476
2018-03-21,1.2594623336354636,1.2609737146247533,1.257282704343032,1.2586605332134462,127811
2018-03-22,1.2586605332134462,1.2634107791083289,1.2581149277062282,1.262203367932696,97855
2018-03-23,1.262203367932696,1.2654585420920992,1.2602928781077731,1.2645195242012537,136030
2018-03-26,1.2645195242012537,1.2680265221386906,1.2635716324484545,1.2669525173757863,114241
2018-03-27,1.2669525173757863,1.2689324707002283,1.264503150739415,1.268521226244152,146992
2018-03-28,1.268521226244152,1.2758598235026213,1.2683055884651369,1.274108271453703,112958
2018-03-29,1.274108271453703,1.274260374995957,1.2706839909206231,1.2735471263105669,125461
2018-03-30,1.2735471263105669,1.2751340867066543,1.271196915128844,1.2726296436885682,116491
2018-04-02,1.2726296436885682,1.272517705097724,1.2654183949138649,1.2655104175377982,120641
2018-04-03,1.2655104175377982,1.2660305685766369,1.2604620623815987,1.2634876555340293,109237
2018-04-04,1.2634876555340293,1.2670067005866037,1.2593845066130729,1.2666390507904048,141432
2018-04-05,1.2666390507904048,1.2677151502179536,1.2623584262634295,1.266307320496333,135378
2018-04-06,1.266307320496333,1.2672269662747988,1.2615788455971049,1.2633883609215495,145265
2018-04-09,1.2633883609215495,1.269357905822191,1.262124026570472,1.2658029323354605,120705
2018-04-10,1.2658029323354605,1.266943451046966,1.262347339115401,1.2629777411112273,113130
2018-04-11,1.2629777411112273,1.2635721366299408,1.2595653257454464,1.2604922520877415,97820
2018-04-12,1.2604922520877415,1.2612883522995575,1.256473750891996,1.2567027701103195,129336
2018-04-13,1.2567027701103195,1.261458530242519,1.2567297755023308,1.2581917271025929,139300
2018-04-16,1.2581917271025929,1.2622711059030396,1.2577295774721822,1.2611481788804406,107242
2018-04-17,1.2611481788804406,1.262805382715526,1.2588073492928906,1.2621797298358797,135819
2018-04-18,1.2621797298358797,1.2658786822326236,1.261750368329842,1.263397799223713,132886
2018-04-19,1.263397799223713,1.2703691598646536,1.2624027816209833,1.270330074849931,130040
2018-04-20,1.270330074849931,1.2761977713361976,1.269132881400502,1.2737953034514762,130099
2018-04-23,1.2737953034514762,1.2782441549387225,1.272616816798364,1.2738169710498195,111291
2018-04-24,1.2738169710498195,1.2759699317000004,1.2717543452353286,1.2733804024817013,105251
2018-04-25,1.2733804024817013,1.274445940351395,1.268114409657506,1.2696532794970088,119634
2018-04-26,1.2696532794970088,1.271289508611335,1.2684321430669934,1.2695578156602287,118818
2018-04-27,1.2695578156602287,1.2732475862075847,1.2688684450707255,1.271586457724494,133526
2018-04-30,1.271586457724494,1.2739618215893396,1.2691069495897207,1.2700085997056303,144550
2018-05-01,1.2700085997056303,1.2693897805927794,1.2660828885629845,1.266697014402868,112293
2018-05-02,1.266697014402868,1.2765649292261798,1.2673956925112946,1.275881185536226,121087
2018-05-03,1.275881185536226,1.2769225784025982,1.272629381323122,1.2761654955768715,116509
2018-05-04,1.2761654955768715,1.2804777304312474,1.2745617109301002,1.2800667395553469,97609
2018-05-07,1.2800667395553469,1.2865134905566615,1.279063232520704,1.284706901794912,125169
2018-05-08,1.284706901794912,1.2874262982525082,1.2822242505582944,1.284059551174496,121723
2018-05-09,1.284059551174496,1.2884468638961488,1.2815008737363438,1.28784368151932,136865
2018-05-10,1.28784368151932,1.2887534220789325,1.2827934080544263,1.2866367987806082,117242
2018-05-11,1.2866367987806082,1.2901622218491904,1.2866474737216755,1.288568586018017,98325
2018-05-14,1.288568586018017,1.2928545362852026,1.2871306765778228,1.290965140186451,123575
2018-05-15,1.290965140186451,1.2915993593603796,1.2879210391845306,1.28853950729307,108739
2018-05-16,1.28853950729307,1.2893971032158396,1.2838649116271663,1.284403603914488,115992
2018-05-17,1.284403603914488,1.2854121072851898,1.2825397612369442,1.284226394138592,91902
2018-05-18,1.284226394138592,1.2851961873709272,1.2784650277933636,1.2797416595637248,104690
2018-05-21,1.2797416595637248,1.2803878544200324,1.2748235291344123,1.2754296617655725,140205
2018-05-22,1.2754296617655725,1.277214666878448,1.2726555578865937,1.2742079108364217,137877
2018-05-23,1.2742079108364217,1.2757886648571222,1.272200807669777,1.2734787953908422,106540
2018-05-24,1.2734787953908422,1.2753697512003028,1.2711796402989937,1.274111407109495,111871
2018-05-25,1.274111407109495,1.274903098162118,1.2710262933249588,1.273826104589889,125775
2018-05-28,1.273826104589889,1.2751795328538105,1.269239508139874,1.2699439434944522,118249
2018-05-29,1.2699439434944522,1.270397770125136,1.265992214018334,1.2682665440946403,148952
2018-05-30,1.2682665440946403,1.270077768861728,1.2652529418994078,1.26843184139614,103745
2018-05-31,1.26843184139614,1.273314401331312,1.2678122888340324,1.2718013959648846,137027
2018-06-01,1.2718013959648846,1.2730622842560302,1.2695107399181675,1.2700203252965514,126667
2018-06-04,1.2700203252965514,1.272664182960223,1.2677179371280838,1.2725882329297344,121695
2018-06-05,1.2725882329297344,1.278067269881629,1.2718382785715874,1.2759695873874672,107975
2018-06-06,1.2759695873874672,1.2785177899733229,1.2738246973211167,1.2753797676969252,115873
2018-06-07,1.2753797676969252,1.2838917917469828,1.2750748092218047,1.2835764193256365,110396
2018-06-08,1.2835764193256365,1.2860949624935611,1.2825501307956857,1.285386431110472,91270
2018-06-11,1.285386431110472,1.2880516099983486,1.2776193769633093,1.278174290158376,125623
2018-06-12,1.278174290158376,1.2822419402460905,1.2765102921712477,1.2779515241923851,111538
2018-06-13,1.2779515241923851,1.2789664729199213,1.2751976516314754,1.2781959323221483,107454
2018-06-14,1.2781959323221483,1.2787656387657635,1.2730477096166923,1.2741386348382484,108043
2018-06-15,1.2741386348382484,1.2782564189928365,1.271959445147966,1.2752107519247304,107436
2018-06-18,1.2752107519247304,1.27615304886084,1.2703787314418489,1.2710768967034332,118441
2018-06-19,1.2710768967034332,1.2743908719141437,1.268955750546481,1.2695635946580874,125730
2018-06-20,1.2695635946580874,1.2714609131293482,1.2671885736181812,1.2707984484410224,107318
2018-06-21,1.2707984484410224,1.2747694668868417,1.269593458155921,1.272528587102579,126086
2018-06-22,1.272528587102579,1.2723887752620666,1.2654581738836583,1.2672006267988964,135867
2018-06-25,1.2672006267988964,1.272996669101753,1.2675623128046154,1.2707178779007675,116151
2018-06-26,1.2707178779007675,1.2737603179084027,1.2691239100545006,1.2733807704804314,121324
2018-06-27,1.2733807704804314,1.2827380833378523,1.2730430635790533,1.2815495451743415,96179
2018-06-28,1.2815495451743415,1.285070645929914,1.2816799775338843,1.2842682210635403,144370
2018-06-29,1.2842682210635403,1.2926674043548934,1.283768456687421,1.2926526326858243,102404
2018-07-02,1.2926526326858243,1.2989775105262558,1.292253874311766,1.2982912170360943,124497
2018-07-03,1.2982912170360943,1.3006775169588871,1.2957967931717504,1.2987247701375002,109514
2018-07-04,1.2987247701375002,1.3008646413411868,1.2966874537230046,1.2994001734510483,111226
2018-07-05,1.2994001734510483,1.300061085917192,1.2949064965459118,1.2959777547832407,125852
2018-07-06,1.2959777547832407,1.297742906209853,1.294098194040515,1.2965977526526775,121256
2018-07-09,1.2965977526526775,1.297493962386341,1.2913307543445385,1.2922045927677777,136516
2018-07-10,1.2922045927677777,1.2925085531449914,1.2878232280449715,1.2885697873326871,113103
2018-07-11,1.2885697873326871,1.289842159544364,1.2849243365371994,1.2849735236405706,113497
2018-07-12,1.2849735236405706,1.2875077463199636,1.282752358977444,1.2872196875829174,125580
2018-07-13,1.2872196875829174,1.2888856147660397,1.2842748093190668,1.2878558933040294,123560
2018-07-16,1.2878558933040294,1.2921597707868595,1.2860418051703992,1.2906139457777883,95240
2018-07-17,1.2906139457777883,1.2962141521497743,1.290762677325933,1.292418188038002,99611
2018-07-18,1.292418188038002,1.296943809628786,1.2918281069498616,1.295517095607975,122227
2018-07-19,1.295517095607975,1.295889917318109,1.291977385401125,1.2928591502100522,129887
2018-07-20,1.2928591502100522,1.2952743979294787,1.2910199098244168,1.2940687489559386,103283
2018-07-23,1.2940687489559386,1.2943163393708803,1.2893878824375866,1.2923749309752983,122609
2018-07-24,1.2923749309752983,1.293745954351171,1.2886310715667486,1.2931188567199483,135061
2018-07-25,1.2931188567199483,1.2971076239109718,1.292096786282455,1.2961640117025022,115969
2018-07-26,1.2961640117025022,1.299526848909407,1.2928893102980603,1.293125854195712,114249
2018-07-27,1.293125854195712,1.296404403687983,1.2870173631692503,1.2872668403737495,96087
2018-07-30,1.2872668403737495,1.2902375183359145,1.2826519375464098,1.2828106305927849,117955
2018-07-31,1.2828106305927849,1.2865877310103255,1.2823596249503548,1.285618967896791,122557
2018-08-01,1.285618967896791,1.2887253995096584,1.2847272376619314,1.28540303730838,134891
2018-08-02,1.28540303730838,1.288956364437582,1.283797770805426,1.2878472236320415,129326
2018-08-03,1.2878472236320415,1.291616615716198,1.2862579643423175,1.2909676455186312,138149
2018-08-06,1.2909676455186312,1.2950461850036032,1.28945807470698,1.2902477037000644,117617
2018-08-07,1.2902477037000644,1.2910638168319446,1.2876680135847052,1.2891397389561363,114644
2018-08-08,1.2891397389561363,1.2919649288461248,1.2887698421173113,1.291381126087599,134027
2018-08-09,1.291381126087599,1.297843669364538,1.2912737094894515,1.2971485505631886,109408
2018-08-10,1.2971485505631886,1.2966785513422596,1.293078031264555,1.293652809661709,102253
2018-08-13,1.293652809661709,1.296522056372733,1.291301771158332,1.294474777058524,105507
2018-08-14,1.294474777058524,1.2963816680698503,1.2923781177835685,1.296095075358732,141466
2018-08-15,1.296095075358732,1.2975306405037872,1.2952068652244384,1.2966835818112896,113414
2018-08-16,1.2966835818112896,1.2991155201497755,1.2948365176577934,1.2952839107171013,119712
2018-08-17,1.2952839107171013,1.2967401309099114,1.2924859681289105,1.2944948198610209,108626
2018-08-20,1.2944948198610209,1.2987579747380813,1.2936519805621876,1.296486239994017,114022
2018-08-21,1.296486239994017,1.2976478310926751,1.2938242756343823,1.2957139768674792,121316
2018-08-22,1.2957139768674792,1.2981165426769348,1.293163776569234,1.297032352327839,152493
2018-08-23,1.297032352327839,1.297363519282037,1.2916354043179286,1.29632390752011,138737
2018-08-24,1.29632390752011,1.3004338841208718,1.2962036693042325,1.2987369602380598,120042
2018-08-27,1.2987369602380598,1.2996282947959277,1.2932669552866023,1.2948601707775345,131197
2018-08-28,1.2948601707775345,1.2957261158593494,1.2917035824360756,1.295568112997342,136784
2018-08-29,1.295568112997342,1.29748800778501,1.292823922081879,1.2936265120566617,104151
2018-08-30,1.2936265120566617,1.296480793009639,1.2923590384259571,1.2939231974083345,114645
2018-08-31,1.2939231974083345,1.2991394329320145,1.2933318192794914,1.2984406115554248,113968
2018-09-03,1.2984406115554248,1.3016063195527987,1.2970248394702817,1.3005715028595823,130038
2018-09-04,1.3005715028595823,1.302406305404801,1.2986749148495442,1.301045685283269,148072
2018-09-05,1.301045685283269,1.302019244749475,1.298385000145945,1.3011489929456266,119165
2018-09-06,1.3011489929456266,1.3029140230860417,1.2966523237056191,1.2971011212747872,113846
2018-09-07,1.2971011212747872,1.2996810471830784,1.2963276266997004,1.2975413074841355,104323
2018-09-10,1.2975413074841355,1.301289287371921,1.2961193581463732,1.301132521269349,134037
2018-09-11,1.301132521269349,1.303187485491498,1.3003635975639372,1.3016383796239828,113097
2018-09-12,1.3016383796239828,1.3007143136439303,1.295688270944243,1.297731686707563,107622
2018-09-13,1.297731686707563,1.2980127208548136,1.294953559938003,1.2967344803740046,130997
2018-09-14,1.2967344803740046,1.3023889330606355,1.2955414327879935,1.2994212849847937,139457
2018-09-17,1.2994212849847937,1.302200248215008,1.2978546548771273,1.2998793830154798,117306
2018-09-18,1.2998793830154798,1.304266624554944,1.299201099104963,1.303087051860101,110446
2018-09-19,1.303087051860101,1.3082973097383022,1.3029073377326783,1.304424772018201,102578
2018-09-20,1.304424772018201,1.3059622643376576,1.30298272145412,1.3042928461691228,114538
2018-09-21,1.3042928461691228,1.3051464491942797,1.3006515362610112,1.3035475535922254,108445
2018-09-24,1.3035475535922254,1.3060124513741926,1.3020521075499254,1.305718920381134,134942
2018-09-25,1.305718920381134,1.309863314166663,1.3055937904782802,1.3084509190845528,142188
2018-09-26,1.3084509190845528,1.3099619646023832,1.3064074007408792,1.306461306492933,105494
2018-09-27,1.306461306492933,1.3073952990787243,1.2997614423038255,1.3001405553393226,137769
2018-09-28,1.3001405553393226,1.3018624863072077,1.2966036755729726,1.2975687714972195,92173
2018-10-01,1.2975687714972195,1.3004071457393678,1.2956373290507786,1.2964562002598667,129701
2018-10-02,1.2964562002598667,1.2979344425300756,1.293829641113584,1.2948214563020182,114385
2018-10-03,1.2948214563020182,1.295451286449798,1.2920786254781425,1.2928653040750384,154085
2018-10-04,1.2928653040750384,1.292938434747698,1.285506986510383,1.28637138120412,110345
2018-10-05,1.28637138120412,1.2883338856576414,1.2834712621145974,1.2876353189398484,138517
2018-10-08,1.2876353189398484,1.2885199349605427,1.2821508764058684,1.2848974428266446,137482
2018-10-09,1.2848974428266446,1.2892513381993551,1.2847004221814204,1.2879244268772476,114984
2018-10-10,1.2879244268772476,1.2904436319888826,1.2862501581722443,1.2868689740952837,125140
2018-10-11,1.2868689740952837,1.2904300683847565,1.2859563412373678,1.2891592664749123,95234
2018-10-12,1.2891592664749123,1.2891557392040929,1.28319484407488,1.284611512867954,123823
2018-10-15,1.284611512867954,1.287781231218197,1.2838363467518972,1.2863940244664267,127882
2018-10-16,1.2863940244664267,1.2911807321199622,1.2861440578274592,1.2885123726421996,123318
2018-10-17,1.2885123726421996,1.2915957387323302,1.2875487464853006,1.2911724574001682,146809
2018-10-18,1.2911724574001682,1.2931127076883302,1.287384074697702,1.288319457512498,126614
2018-10-19,1.288319457512498,1.2903154190398465,1.287276418458359,1.2878928157343743,94093
2018-10-22,1.2878928157343743,1.2878638402389635,1.2820858372280934,1.2851793168650725,144124
2018-10-23,1.2851793168650725,1.2859071051757889,1.2826881542825697,1.284399033701081,114161
2018-10-24,1.284399033701081,1.2869449951227312,1.2834899675927205,1.2840001671316985,126933
2018-10-25,1.2840001671316985,1.2848434832373892,1.277474565812371,1.2787297726129656,121593
2018-10-26,1.2787297726129656,1.2846969917750817,1.2775296292027172,1.2837052192680996,163077
2018-10-29,1.2837052192680996,1.285835254600578,1.2829322964241985,1.2856915713526411,114231
2018-10-30,1.2856915713526411,1.2877131150711305,1.283078201345853,1.286290615269556,126290
2018-10-31,1.286290615269556,1.289686754877779,1.2842129081847693,1.2889856972880092,90434
2018-11-01,1.2889856972880092,1.2898059158794095,1.286116081856406,1.28964555985768,104880
2018-11-02,1.28964555985768,1.2935594566378228,1.289353191773697,1.2927439830316358,113284
2018-11-05,1.2927439830316358,1.294503069465312,1.2889491942569553,1.2912948165973055,98284
2018-11-06,1.2912948165973055,1.2933789586982616,1.2851692340681178,1.2872069327632314,122506
2018-11-07,1.2872069327632314,1.2929708156420905,1.286803217503386,1.2922632332709845,125204
2018-11-08,1.2922632332709845,1.295367707357464,1.2904705414009583,1.294753270169077,110964
2018-11-09,1.294753270169077,1.3000052300609115,1.294489985063568,1.299847852120834,138811
2018-11-12,1.299847852120834,1.3009011426946306,1.297227610852611,1.3006881870673592,119670
2018-11-13,1.3006881870673592,1.304395765226665,1.300584315771734,1.303296786995442,135667
2018-11-14,1.303296786995442,1.3069182302637263,1.3008612852548076,1.3049864218637144,109651
2018-11-15,1.3049864218637144,1.3071087101424774,1.3040038543513608,1.306472498804961,124789
2018-11-16,1.306472498804961,1.310866600054569,1.3061839373463575,1.3098073430209591,107011
2018-11-19,1.3098073430209591,1.3138347028149522,1.3093698651931691,1.310827977600175,118705
2018-11-20,1.310827977600175,1.3123129031402672,1.3093573616692598,1.3097429747711544,128152
2018-11-21,1.3097429747711544,1.312361424274082,1.3087717322004593,1.3120687015395838,125517
2018-11-22,1.3120687015395838,1.3128023228762775,1.3082309856596912,1.31049158458987,131845
2018-11-23,1.31049158458987,1.3155027078282795,1.3093905664340038,1.3150095751528448,102484
2018-11-26,1.3150095751528448,1.320493073216656,1.3144911510242725,1.319901854582822,131359
2018-11-27,1.319901854582822,1.323466434128689,1.3199256194282438,1.3215933755245128,129507
2018-11-28,1.3215933755245128,1.3215037191398311,1.314246734500042,1.3155820574855437,109194
2018-11-29,1.3155820574855437,1.3197519009329317,1.3147644663635607,1.3185360602442358,113492
2018-11-30,1.3185360602442358,1.3190529916120952,1.312148700951638,1.317822944989628,90365
2018-12-03,1.317822944989628,1.31930360057322,1.3135308895441713,1.3172122931731072,112092
2018-12-04,1.3172122931731072,1.3177347050805264,1.3143539606187056,1.3162476890263644,130107
2018-12-05,1.3162476890263644,1.3177006945370893,1.3135838870780645,1.314933591560137,128940
2018-12-06,1.314933591560137,1.318249528030594,1.312035436376258,1.312817928180814,120030
2018-12-07,1.312817928180814,1.3153273900040927,1.310329215177228,1.313690273614062,115645
2018-12-10,1.313690273614062,1.3163476502924656,1.3107663391063669,1.311957288057807,112785
2018-12-11,1.311957288057807,1.3172573109366996,1.3121892098549546,1.315624645798534,140123
2018-12-12,1.315624645798534,1.3184850778920656,1.3129847950774631,1.314416583137232,126215
2018-12-13,1.314416583137232,1.3158097942720994,1.3120007351314935,1.3128090089042737,107795
2018-12-14,1.3128090089042737,1.3177942223352042,1.3122020977796918,1.3142206790117288,127653
2018-12-17,1.3142206790117288,1.3157824079751603,1.3125926011574385,1.3149345497894356,122248
2018-12-18,1.3149345497894356,1.3168982088884231,1.3136042353577426,1.3141958950657846,130965
2018-12-19,1.3141958950657846,1.3142388869282828,1.3075458385524392,1.3104489596431834,133115
2018-12-20,1.3104489596431834,1.3173662381053546,1.3084301318519558,1.3152809464413358,104775
2018-12-21,1.3152809464413358,1.3158249731188494,1.3059892271691147,1.307335387680186,137469
2018-12-24,1.307335387680186,1.3092486176453666,1.3058935688796145,1.3075409206381066,116940
2018-12-25,1.3075409206381066,1.309469366773952,1.305280195053284,1.3085979101842482,129679
2018-12-26,1.3085979101842482,1.3129499408416383,1.3077872100084555,1.3110083347204702,140927
2018-12-27,1.3110083347204702,1.3140065311644504,1.310671786222232,1.3132579194756857,103340
2018-12-28,1.3132579194756857,1.3156170909384726,1.312182537249153,1.3151019635253585,109910
2018-12-31,1.3151019635253585,1.3153516584302023,1.3123058967594785,1.3125131850884235,125077
2019-01-01,1.3125131850884235,1.3177454182186397,1.311860628848296,1.3164913217516157,131563
2019-01-02,1.3164913217516157,1.3197623029123504,1.3164719645822782,1.317689480403109,125542
2019-01-03,1.317689480403109,1.3208612541185456,1.3171831805132137,1.3206031257677064,123852
2019-01-04,1.3206031257677064,1.3232483445845271,1.316213314595701,1.3218404860720234,108379
2019-01-07,1.3218404860720234,1.3238993509304502,1.320675222566877,1.3216922469611052,143095
2019-01-08,1.3216922469611052,1.3250111840269725,1.322018659823342,1.3244189321597408,87677
2019-01-09,1.3244189321597408,1.3270602827943314,1.3236787615304115,1.3268608705798188,119753
2019-01-10,1.3268608705798188,1.328869106127046,1.3250212276623194,1.326896361333664,151005
2019-01-11,1.326896361333664,1.3261165124820606,1.3220574858252525,1.3244733354549365,124745
2019-01-14,1.3244733354549365,1.326502707916163,1.323062273320895,1.323646940101863,115335
2019-01-15,1.323646940101863,1.3239672246170888,1.318904052420518,1.3197780147357885,129226
2019-01-16,1.3197780147357885,1.3208601179154082,1.3175806550531268,1.3182247028580014,121761
2019-01-17,1.3182247028580014,1.32011673563363,1.3165578745203517,1.3177951713276292,128269
2019-01-18,1.3177951713276292,1.3192715119352936,1.3144938823898162,1.316962256512006,127516
2019-01-21,1.316962256512006,1.3162165291450572,1.3093635910081645,1.3114439548960484,129774
2019-01-22,1.3114439548960484,1.312785326060098,1.309592843315097,1.309783903829839,105911
2019-01-23,1.309783903829839,1.3117277095387427,1.3048921754384497,1.3052515553329422,115948
2019-01-24,1.3052515553329422,1.3101400986069638,1.304856102289212,1.3094894740803564,113751
2019-01-25,1.3094894740803564,1.3143782754319853,1.3086005389898674,1.3129341810533155,123832
2019-01-28,1.3129341810533155,1.3140474701014169,1.3091241812903862,1.31190600704576,121412
2019-01-29,1.31190600704576,1.3186088708209085,1.3113624809654978,1.3181179851622231,126472
2019-01-30,1.3181179851622231,1.317980017588989,1.3120375280586307,1.313336552964285,132957
2019-01-31,1.313336552964285,1.3146592913216366,1.3103658538845455,1.3110761019755617,126841
2019-02-01,1.3110761019755617,1.3129684142600615,1.3083145679681318,1.309340612844348,109371
2019-02-04,1.309340612844348,1.3097359071750212,1.3013859097303315,1.3017088419756204,133377
2019-02-05,1.3017088419756204,1.3020244816274753,1.2959917494205964,1.2961526568715909,137672
2019-02-06,1.2961526568715909,1.2991940972727674,1.293965812232348,1.2971046576014638,130406
2019-02-07,1.2971046576014638,1.2974663498021712,1.294027475792633,1.2941445477184208,103954
2019-02-08,1.2941445477184208,1.2963463900873924,1.2926024761501294,1.293198028386085,128853
2019-02-11,1.293198028386085,1.296282494429189,1.2923672982019907,1.2953197647873704,120315
2019-02-12,1.2953197647873704,1.3000306297102755,1.29362048288733,1.2996151519212011,117362
2019-02-13,1.2996151519212011,1.3017246373193772,1.29933523422063,1.3008605284830657,120506
2019-02-14,1.3008605284830657,1.3034491946271294,1.2989621845459645,1.3021144730333238,113027
2019-02-15,1.3021144730333238,1.304334210792378,1.3012035355653802,1.3036846298743412,113114
2019-02-18,1.3036846298743412,1.3050896095749367,1.29952079029217,1.300385513812507,130868
2019-02-19,1.300385513812507,1.3011251484608208,1.295332201023737,1.2992167575966664,107972
2019-02-20,1.2992167575966664,1.2995864355696358,1.2945088217897192,1.296109262200536,127241
2019-02-21,1.296109262200536,1.2982863073504387,1.2920327711786277,1.2934455847801238,134719
2019-02-22,1.2934455847801238,1.299999299505129,1.2935071908260534,1.298867020271235,120648
2019-02-25,1.298867020271235,1.2989331881443578,1.2955187107897592,1.2964003519114546,109370
2019-02-26,1.2964003519114546,1.2986826018782878,1.295633362536437,1.297997270360755,117980
2019-02-27,1.297997270360755,1.2982261703891766,1.2921351404180572,1.2930626233407794,103755
2019-02-28,1.2930626233407794,1.2943644292982626,1.287810670863148,1.2881603006922069,108698
2019-03-01,1.2881603006922069,1.2927449981552506,1.2880780027624448,1.2898475230968722,133261
2019-03-04,1.2898475230968722,1.2926745657033931,1.287650429664406,1.2889248752754243,139598
2019-03-05,1.2889248752754243,1.2884556159177798,1.282577307189444,1.2837651322785122,121160
2019-03-06,1.2837651322785122,1.2846714101752317,1.2784464194310532,1.2795792241871928,106997
2019-03-07,1.2795792241871928,1.2804860579452828,1.2747358347818842,1.276649332287444,146642
2019-03-08,1.276649332287444,1.285309908269624,1.276923777288349,1.2845027832693678,103178
2019-03-11,1.2845027832693678,1.2869329042822453,1.2832790968095436,1.2839594069377496,101917
2019-03-12,1.2839594069377496,1.2846336436985364,1.2813201157106235,1.2838324116977855,118504
2019-03-13,1.2838324116977855,1.2849649891054995,1.276255729249098,1.2762652981044118,92895
2019-03-14,1.2762652981044118,1.2784895921129664,1.2728006822717377,1.2735333638844528,127986
2019-03-15,1.2735333638844528,1.2768213947517033,1.27222000296336,1.2753713082696303,107294
2019-03-18,1.2753713082696303,1.2788934029388286,1.272411163949348,1.2781094192753004,124916
2019-03-19,1.2781094192753004,1.2785076267752633,1.274303815075694,1.2779213615982667,98561
2019-03-20,1.2779213615982667,1.2812345830913794,1.2767155296736212,1.277222755129897,121463
2019-03-21,1.277222755129897,1.2817314180130717,1.2763620279092498,1.2790893800973664,118229
2019-03-22,1.2790893800973664,1.2840948467021869,1.277788851489232,1.283795243768209,149803
2019-03-25,1.283795243768209,1.2873350195526074,1.283673439499634,1.286208770151836,124748
2019-03-26,1.286208770151836,1.2859193270421927,1.2809792509421585,1.2814654020461018,93170
2019-03-27,1.2814654020461018,1.2835846644115,1.2787413061620798,1.282670311657793,125194
2019-03-28,1.282670311657793,1.2829728876663289,1.279372820904951,1.280167114812677,137201
2019-03-29,1.280167114812677,1.28049259732545,1.2769313666911783,1.2793292158362626,138525
2019-04-01,1.2793292158362626,1.2788092388072312,1.2745087252786471,1.275120388580247,130349
2019-04-02,1.275120388580247,1.2775321168262204,1.2737025886293818,1.276109727237203,130363
2019-04-03,1.276109727237203,1.2806247691235189,1.2753390099234727,1.280223975322423,96249
2019-04-04,1.280223975322423,1.285460682949797,1.2796740071885198,1.2853984685978874,142933
2019-04-05,1.2853984685978874,1.2893654706663928,1.284581127083103,1.2882363197048077,129201
2019-04-08,1.2882363197048077,1.2897616213410596,1.286467350594472,1.288221307055291,123039
2019-04-09,1.288221307055291,1.2924938739186451,1.2861607165356337,1.292138945316462,133157
2019-04-10,1.292138945316462,1.2953692006220383,1.2917802892034738,1.2934882248564017,129401
2019-04-11,1.2934882248564017,1.2947208962251882,1.291583375821574,1.2930776525749654,119408
2019-04-12,1.2930776525749654,1.294671757401718,1.2854103126162195,1.2858028047607597,136615
2019-04-15,1.2858028047607597,1.290170963752424,1.2832367589596598,1.2899788605332887,89952
2019-04-16,1.2899788605332887,1.2984032714309628,1.2896016770703336,1.2977742049445549,116055
2019-04-17,1.2977742049445549,1.2996337622919838,1.2956672939819465,1.299477596134739,122574
2019-04-18,1.299477596134739,1.3037034816808135,1.2997531601194765,1.3003973503249455,115099
2019-04-19,1.3003973503249455,1.3003724221303734,1.294134819891647,1.2943043241100376,129761
2019-04-22,1.2943043241100376,1.2980837134626806,1.2947103314227386,1.2954825966918226,113614
2019-04-23,1.2954825966918226,1.296950930928116,1.2922923306186112,1.2943812838335305,129365
2019-04-24,1.2943812838335305,1.2942262299572136,1.2872626050818192,1.2902230114867024,126775
2019-04-25,1.2902230114867024,1.2912947860904682,1.287419841120309,1.2904837300328027,124884
2019-04-26,1.2904837300328027,1.298342607431073,1.2899052856037825,1.298131162457757,133744
2019-04-29,1.298131162457757,1.2986332413975803,1.2941809637499693,1.297224362374986,129539
2019-04-30,1.297224362374986,1.297109841562573,1.291661174866161,1.291801306687548,126015
2019-05-01,1.291801306687548,1.2949243958107348,1.2901772839375338,1.290735645310998,141094
2019-05-02,1.290735645310998,1.2913171327202306,1.2849041724147898,1.2852850108795246,129935
2019-05-03,1.2852850108795246,1.289198901153696,1.2839948807961925,1.288169455216963,105157
2019-05-06,1.288169455216963,1.2902871192296117,1.2867840807779505,1.288361537789738,137803
2019-05-07,1.288361537789738,1.2938968384123106,1.2875401498825003,1.2928969814281437,107342
2019-05-08,1.2928969814281437,1.2949069293567093,1.2912600854296832,1.2918199438094349,109987
2019-05-09,1.2918199438094349,1.2933796264976969,1.2900624010380697,1.2926346963015238,137235
2019-05-10,1.2926346963015238,1.2935061994442665,1.289080932977713,1.2915384233963327,118699
2019-05-13,1.2915384233963327,1.2921146543913444,1.28822591293793,1.2901302939076131,120620
2019-05-14,1.2901302939076131,1.289606492079438,1.2820620481410396,1.2822487481087927,129505
2019-05-15,1.2822487481087927,1.2846454154804483,1.2806786653548765,1.2833793830047933,115962
2019-05-16,1.2833793830047933,1.2902252189013443,1.2821517751058047,1.2879940861348411,153501
2019-05-17,1.2879940861348411,1.2937222135690494,1.288064937348464,1.292304565491919,106347
2019-05-20,1.292304565491919,1.293365860802107,1.2888651853694206,1.29192116138527,130378
2019-05-21,1.29192116138527,1.2971687936191594,1.291067209696313,1.2941518709187956,82082
2019-05-22,1.2941518709187956,1.3003307091359846,1.293191071561214,1.2981673888510634,143325
2019-05-23,1.2981673888510634,1.3015282186807402,1.2989005183112132,1.3002962234473807,112816
2019-05-24,1.3002962234473807,1.3012531418557256,1.2974518303035076,1.297621348085177,104337
2019-05-27,1.297621348085177,1.2988740806246344,1.2949343518995915,1.2952024934924091,142121
2019-05-28,1.2952024934924091,1.2990865851117483,1.2935316267617267,1.2987896547904971,122532
2019-05-29,1.2987896547904971,1.3026088080733125,1.2956453522619489,1.3008564041123711,89139
2019-05-30,1.3008564041123711,1.306492707730817,1.3002086153003276,1.3041460820626132,119549
2019-05-31,1.3041460820626132,1.309787957159295,1.3029596701472237,1.3091575891122431,114146
2019-06-03,1.3091575891122431,1.313635685454421,1.3086798936150066,1.3120982700473516,121883
2019-06-04,1.3120982700473516,1.314961692761352,1.31052120496998,1.3142635826390563,134298
2019-06-05,1.3142635826390563,1.3174326443704352,1.3117687955846913,1.3164983060467004,134314
2019-06-06,1.3164983060467004,1.317651310639389,1.313303103623763,1.3142239243119476,107889
2019-06-07,1.3142239243119476,1.3156860908034218,1.3111086675870005,1.3121757419322495,144222
2019-06-10,1.3121757419322495,1.313515326476684,1.3091064927721603,1.3130090069251117,103782
2019-06-11,1.3130090069251117,1.3140152316916245,1.310076296850446,1.310857089886328,131566
2019-06-12,1.310857089886328,1.314420102648983,1.3090395485762392,1.3109934411973048,101507
2019-06-13,1.3109934411973048,1.3110013095904915,1.3071569103317506,1.3095883036678924,120734
2019-06-14,1.3095883036678924,1.3124027340491715,1.309018479572441,1.3105559310866135,123873
2019-06-17,1.3105559310866135,1.3121385155589242,1.308385805667412,1.3099805448857986,114266
2019-06-18,1.3099805448857986,1.3118098481422062,1.3049118145704528,1.3051792780133231,117410
2019-06-19,1.3051792780133231,1.3068205389785446,1.3040484462372246,1.3055474047277604,98655
2019-06-20,1.3055474047277604,1.307572925116914,1.3033592782644152,1.3060945578411012,128530
2019-06-21,1.3060945578411012,1.308601370663401,1.302719739099504,1.3074653505378366,146571
2019-06-24,1.3074653505378366,1.310027466638824,1.3044216857656892,1.3054672103089822,113825
2019-06-25,1.3054672103089822,1.309886285649999,1.303641192577918,1.3097952353063222,113919
2019-06-26,1.3097952353063222,1.309770853067474,1.3045646438635394,1.3051309734280283,103904
2019-06-27,1.3051309734280283,1.3070611999667645,1.3029974464990572,1.3063400100585738,134045
2019-06-28,1.3063400100585738,1.3085249896746418,1.3049335420417032,1.3074951882007506,112875
2019-07-01,1.3074951882007506,1.3092760768615277,1.3043973417457582,1.305591635082984,120469
2019-07-02,1.305591635082984,1.307638289248695,1.3039788172504545,1.305364229506305,138525
2019-07-03,1.305364229506305,1.3076839123932749,1.3034059590611922,1.3070195542557588,123628
2019-07-04,1.3070195542557588,1.30819844983852,1.3042143362659493,1.3046827312947331,134354
2019-07-05,1.3046827312947331,1.3076379576071462,1.3038389848298424,1.3054881620768268,102910
2019-07-08,1.3054881620768268,1.309780493437764,1.30491702062267,1.3096523936030111,125248
2019-07-09,1.3096523936030111,1.3103996318663012,1.3067936876733317,1.309976956935707,112020
2019-07-10,1.309976956935707,1.3129364135817487,1.3088249094118207,1.3092052724076784,106619
2019-07-11,1.3092052724076784,1.311975351174564,1.3077020157080956,1.308314171304597,129552
2019-07-12,1.308314171304597,1.3147526013253668,1.30767498052392,1.3142262630871226,134710
2019-07-15,1.3142262630871226,1.3198186886059915,1.3125193578139682,1.3189713541769863,119967
2019-07-16,1.3189713541769863,1.320042879014499,1.3172485442806343,1.317327351673104,92609
2019-07-17,1.317327351673104,1.3214875334916012,1.317168377328569,1.3200436178032504,125835
2019-07-18,1.3200436178032504,1.3211598067396446,1.317659012831808,1.3195476933685897,138608
2019-07-19,1.3195476933685897,1.3236480537907376,1.31930390028376,1.3232604227584426,128927
2019-07-22,1.3232604227584426,1.3275401590814175,1.322892135826187,1.3252552690664787,135833
2019-07-23,1.3252552690664787,1.3271221268539732,1.3214915548332935,1.321828526046831,129214
2019-07-24,1.321828526046831,1.322487761602152,1.3166704481612412,1.3187124992868953,151177
2019-07-25,1.3187124992868953,1.3194020336000625,1.3158190045999791,1.3174808307453283,113280
2019-07-26,1.3174808307453283,1.317886350721408,1.3132380574733278,1.317517553177389,125660
2019-07-29,1.317517553177389,1.3191109042187372,1.315382483942563,1.316433611329275,127352
2019-07-30,1.316433611329275,1.3152915536447027,1.3114591717291335,1.3134533145153775,125434
2019-07-31,1.3134533145153775,1.3127868299721304,1.3102131859634356,1.3119770573171985,142057
2019-08-01,1.3119770573171985,1.3149115418975867,1.3105602085955128,1.3124134131459186,115705
2019-08-02,1.3124134131459186,1.3163216031051777,1.3104877785811646,1.3147461372644391,127031
2019-08-05,1.3147461372644391,1.3163655649197967,1.3080209498165982,1.3089873458310863,131214
2019-08-06,1.3089873458310863,1.3133789009256491,1.3086144040346803,1.3104361722464335,79287
2019-08-07,1.3104361722464335,1.312544564023458,1.30950436271408,1.3117927136303444,108564
2019-08-08,1.3117927136303444,1.311637784130591,1.3073481208516624,1.3076755470136845,107994
2019-08-09,1.3076755470136845,1.3077215132446052,1.2990252517628518,1.299283363673539,118039
2019-08-12,1.299283363673539,1.3023872681403623,1.2975772162332948,1.300981281014937,107352
2019-08-13,1.300981281014937,1.3026645987792045,1.2975895387213918,1.2991790077844811,138405
2019-08-14,1.2991790077844811,1.3023081928712157,1.2995302801884951,1.3020577077917577,112889
2019-08-15,1.3020577077917577,1.3044309557122802,1.3003095329567833,1.302039041228767,101412
2019-08-16,1.302039041228767,1.3030438959190689,1.2983699593782758,1.2983794634586985,114126
2019-08-19,1.2983794634586985,1.3060946131393416,1.297624962662226,1.3049485403642602,130830
2019-08-20,1.3049485403642602,1.3062493064530634,1.303152270783061,1.3047906840027843,146065
2019-08-21,1.3047906840027843,1.3055124445263968,1.2993845437389606,1.3008265378045585,121807
2019-08-22,1.3008265378045585,1.3051659679044174,1.300672555943766,1.3036370624385407,120589
2019-08-23,1.3036370624385407,1.309176967569924,1.3038960857024364,1.309092282392084,106490
2019-08-26,1.309092282392084,1.3107513301602434,1.3064077171395303,1.3068944575729726,113047
2019-08-27,1.3068944575729726,1.3068323239969903,1.3025965300498503,1.303231643718048,112050
2019-08-28,1.303231643718048,1.3062506236999285,1.2981066474437242,1.2987817866453188,117176
2019-08-29,1.2987817866453188,1.2995400650938744,1.2936834902313443,1.2937433674343326,104971
2019-08-30,1.2937433674343326,1.2989174352318935,1.2905736377341346,1.2988103740898325,133589
2019-09-02,1.2988103740898325,1.2986471857294997,1.2945379442947849,1.2946213471498051,137533
2019-09-03,1.2946213471498051,1.3014134803482065,1.2948795863283526,1.298085820480533,111673
2019-09-04,1.298085820480533,1.3017381117101,1.296169237190478,1.3002737710308008,131170
2019-09-05,1.3002737710308008,1.304589556253934,1.299666640000052,1.3029721435511563,95679
2019-09-06,1.3029721435511563,1.3083881046509025,1.303638354719762,1.3060495841626265,132906
2019-09-09,1.3060495841626265,1.3074377499621457,1.3042554147664578,1.3062575224995698,109018
2019-09-10,1.3062575224995698,1.310804125111103,1.3048201070537389,1.3094468485371276,108796
2019-09-11,1.3094468485371276,1.3128540848792989,1.308765963881642,1.3091977763054783,112584
2019-09-12,1.3091977763054783,1.3156282857993558,1.3094092405427602,1.3147852532961986,150929
2019-09-13,1.3147852532961986,1.3183962463787724,1.3141342004859853,1.3159606743639325,123248
2019-09-16,1.3159606743639325,1.3189865751789278,1.3148031333551402,1.3170128527012983,129723
2019-09-17,1.3170128527012983,1.3192452317435932,1.3130419745539352,1.3138221794132665,111245
2019-09-18,1.3138221794132665,1.3140466992522568,1.3107609545235286,1.3137772792345312,138963
2019-09-19,1.3137772792345312,1.3142420841271447,1.310836338603669,1.314214945810298,103196
2019-09-20,1.314214945810298,1.3157736444170811,1.3111073989448774,1.315008846981508,125376
2019-09-23,1.315008846981508,1.3199482262594548,1.3149833706852865,1.3175051884096247,133314
2019-09-24,1.3175051884096247,1.3193985637738643,1.316827427385983,1.3192318264982776,122990
2019-09-25,1.3192318264982776,1.3218519479258497,1.3172705375168707,1.320588125224211,112734
2019-09-26,1.320588125224211,1.3226241451744956,1.3187502916479377,1.3195334246186838,118512
2019-09-27,1.3195334246186838,1.3229333125889489,1.3192821999706403,1.3222829896701198,149331
2019-09-30,1.3222829896701198,1.3228819637046525,1.3166451698074635,1.3197364574619148,136292
2019-10-01,1.3197364574619148,1.3236433448093154,1.3189988464057472,1.3227580357470248,97018
2019-10-02,1.3227580357470248,1.3255087131428416,1.3185420163646326,1.3252876498568174,130918
2019-10-03,1.3252876498568174,1.324940927721352,1.3158413006713363,1.316020433555392,117632
2019-10-04,1.316020433555392,1.3208164383004748,1.315334305967091,1.318231005726918,134167
2019-10-07,1.318231005726918,1.3183600659645645,1.3136691946059678,1.3157030831687446,107363
2019-10-08,1.3157030831687446,1.3199862302237022,1.3150139379615209,1.319260029081246,131109
2019-10-09,1.319260029081246,1.3216914517035618,1.3175035397753665,1.3199999579850967,141141
2019-10-10,1.3199999579850967,1.3212802685891498,1.3165668923404643,1.3172087525319736,146433
2019-10-11,1.3172087525319736,1.3195553019984396,1.315190062684377,1.3178380116321655,122568
2019-10-14,1.3178380116321655,1.31785151605316,1.3141054745763503,1.3162324055499768,129172
2019-10-15,1.3162324055499768,1.3197570559041565,1.3149777057012544,1.3173122753704172,120899
2019-10-16,1.3173122753704172,1.3161527947419456,1.3112669328881752,1.311935189517042,115137
2019-10-17,1.311935189517042,1.3132577058372283,1.3078852773519516,1.3122980323488276,110702
2019-10-18,1.3122980323488276,1.3170719800944504,1.3111703743115208,1.314851546099043,147942
2019-10-21,1.314851546099043,1.3172432230228626,1.3124530306701,1.3156576616556312,125368
2019-10-22,1.3156576616556312,1.314869976468762,1.3105609576702673,1.31370256452014,134679
2019-10-23,1.31370256452014,1.3177072046897207,1.312804006591897,1.3130132701104835,106618
2019-10-24,1.3130132701104835,1.320120255549818,1.3132353936403962,1.319249176283332,128203
2019-10-25,1.319249176283332,1.324679166515767,1.320052776650781,1.3234215673318075,117676
2019-10-28,1.3234215673318075,1.3290737870194165,1.3232291147680315,1.3289773330108257,125805
2019-10-29,1.3289773330108257,1.3299263766540887,1.323264893105108,1.324455678224759,121983
2019-10-30,1.324455678224759,1.32468341175015,1.3190223482551242,1.3207521383178644,128316
2019-10-31,1.3207521383178644,1.3241428947961214,1.3202507072607377,1.322759655864927,122914
2019-11-01,1.322759655864927,1.325246494521822,1.3221663746297765,1.3232339614550337,94436
2019-11-04,1.3232339614550337,1.3272524235297232,1.3222566989262476,1.3226247308116452,148110
2019-11-05,1.3226247308116452,1.3249975430110206,1.3196963863934006,1.320552017327674,106668
2019-11-06,1.320552017327674,1.3255924948120652,1.319874814821698,1.3255688105129877,110892
2019-11-07,1.3255688105129877,1.3264630925004472,1.322623814414106,1.3237364790075263,88827
2019-11-08,1.3237364790075263,1.3296779959846432,1.3230561142449029,1.3292175727166209,138806
2019-11-11,1.3292175727166209,1.3328085820917512,1.3275995056831196,1.3301863513047023,117815
2019-11-12,1.3301863513047023,1.3312774707592592,1.327215370608955,1.3294298896012555,119507
2019-11-13,1.3294298896012555,1.3297289583166834,1.3244389991670051,1.3250805948849331,110972
2019-11-14,1.3250805948849331,1.3273457191160332,1.322073504668353,1.3225999775198771,116993
2019-11-15,1.3225999775198771,1.324047568988037,1.3202213378179368,1.3219442454023458,149309
2019-11-18,1.3219442454023458,1.3241577517753873,1.319123956693695,1.3206966497221475,95876
2019-11-19,1.3206966497221475,1.325446070657377,1.3201889630818215,1.3225255460757512,122156
2019-11-20,1.3225255460757512,1.3241811492854358,1.3193592606549749,1.3203496212435828,122931
2019-11-21,1.3203496212435828,1.3250453554621355,1.317942309573814,1.3233729576822857,114627
2019-11-22,1.3233729576822857,1.3301636888192476,1.322668343384793,1.329325569216992,126368
2019-11-25,1.329325569216992,1.3327590347898604,1.3297295598995529,1.3308251332958565,116214
2019-11-26,1.3308251332958565,1.3324642635225514,1.3275319881111252,1.330513447068459,103351
2019-11-27,1.330513447068459,1.3357642828168672,1.3308176410074812,1.3347749604124075,123776
2019-11-28,1.3347749604124075,1.3368444011488043,1.3330276088549051,1.336281673686503,104101
2019-11-29,1.336281673686503,1.3362778310534515,1.3287679542074355,1.3312821900084868,123927
2019-12-02,1.3312821900084868,1.3318828127967388,1.3273524762805085,1.3281023873277318,116830
2019-12-03,1.3281023873277318,1.3314387952154243,1.326282557926422,1.3312164304978962,151393
2019-12-04,1.3312164304978962,1.3305390881673342,1.3274520440870003,1.3276334272425618,120430
2019-12-05,1.3276334272425618,1.3286339862901717,1.3239969005384378,1.3245609990410954,138714
2019-12-06,1.3245609990410954,1.3283529978452076,1.3231425014246263,1.3257139684110557,121115
2019-12-09,1.3257139684110557,1.325484506880542,1.3191599829344225,1.3201296261548825,116972
2019-12-10,1.3201296261548825,1.3222355905417522,1.3187777492998969,1.3205217683287933,137016
2019-12-11,1.3205217683287933,1.3231328419043966,1.3183853473053364,1.3188879064736,116271
2019-12-12,1.3188879064736,1.320202113650162,1.3128711982625694,1.3135458326710212,123026
2019-12-13,1.3135458326710212,1.315513563556909,1.3115680074579816,1.3136943378002852,99569
2019-12-16,1.3136943378002852,1.3141402686732808,1.309475501401073,1.3120231357244967,113564
2019-12-17,1.3120231357244967,1.3120044227036272,1.3057418094624222,1.307625427028244,134680
2019-12-18,1.307625427028244,1.308452669300432,1.3039118304820785,1.305214228766372,77533
2019-12-19,1.305214228766372,1.3079365086437291,1.304022585942432,1.3068386932671276,151048
2019-12-20,1.3068386932671276,1.309954558237465,1.305835785567128,1.308750831122304,128088
2019-12-23,1.308750831122304,1.3153462990624338,1.3083072984971185,1.3144602473977631,118939
2019-12-24,1.3144602473977631,1.3165369518747465,1.3047980499366965,1.305961739032307,131009
2019-12-25,1.305961739032307,1.3075157765129355,1.304919914030965,1.306805597226502,93425
2019-12-26,1.306805597226502,1.3105562639769206,1.3033702138162455,1.3104005957631222,129272
2019-12-27,1.3104005957631222,1.3156679698602156,1.3085871234114697,1.314843489344481,136570
2019-12-30,1.314843489344481,1.3168826164608949,1.313127824028612,1.3148611486076354,113897
2019-12-31,1.3148611486076354,1.316678029095888,1.3130962437458078,1.3135948820305114,109863
2020-01-01,1.3135948820305114,1.3136814885102772,1.3096844225971702,1.312951598487016,145331
2020-01-02,1.312951598487016,1.3154355037097625,1.3113785931540258,1.3151127813874162,132833
2020-01-03,1.3151127813874162,1.317640795305758,1.3121438030948431,1.3161342796039783,115709
2020-01-06,1.3161342796039783,1.3202221269216488,1.3157781057832347,1.3196010649829486,136374
2020-01-07,1.3196010649829486,1.3211137977881942,1.318161905219333,1.3207040779392003,122845
2020-01-08,1.3207040779392003,1.323592960814451,1.3186785157207894,1.3214509921735274,134729
2020-01-09,1.3214509921735274,1.3237217948670337,1.319508832938934,1.3220807864390205,119714
2020-01-10,1.3220807864390205,1.3265334628841674,1.320476484139987,1.3255988811641963,110792
2020-01-13,1.3255988811641963,1.3253042196817992,1.320528659664371,1.3234554806396843,109128
2020-01-14,1.3234554806396843,1.3236154161999736,1.3205250504689467,1.322103786271356,123587
2020-01-15,1.322103786271356,1.3231698843794064,1.3171553677339254,1.3178751207003525,122957
2020-01-16,1.3178751207003525,1.3253122632237189,1.317328256903722,1.3247171907969804,124449
2020-01-17,1.3247171907969804,1.3271648849762572,1.320601327023452,1.3226001992769076,109250
2020-01-20,1.3226001992769076,1.326088263667223,1.320314585994342,1.3246180219602368,100216
2020-01-21,1.3246180219602368,1.3264563176473,1.322739363794106,1.3261446254186071,123664
2020-01-22,1.3261446254186071,1.3313638238364929,1.3245319645636724,1.3292721805085903,133987
2020-01-23,1.3292721805085903,1.3318007610358609,1.325170314891053,1.3311527600674766,120595
2020-01-24,1.3311527600674766,1.3310297128478084,1.3264613861324577,1.328886592081732,113928
2020-01-27,1.328886592081732,1.3297312329727564,1.3267166951683376,1.3276894533609571,136992
2020-01-28,1.3276894533609571,1.3296342048681042,1.3240743593846982,1.3283688773468485,119926
2020-01-29,1.3283688773468485,1.328016839580018,1.324264826257276,1.3276150097761763,106247
2020-01-30,1.3276150097761763,1.333673068382743,1.3256576936200015,1.3320895826499628,125046
2020-01-31,1.3320895826499628,1.3323802225035168,1.3259150702587046,1.3278612439737911,126861
2020-02-03,1.3278612439737911,1.3288317314708562,1.3230536352528914,1.3278858901622697,117320
2020-02-04,1.3278858901622697,1.3294434361647562,1.3266266070280812,1.3283799749878031,78672
2020-02-05,1.3283799749878031,1.3299781767695058,1.325022337471858,1.3296163270540802,119387
2020-02-06,1.3296163270540802,1.3297489052295564,1.323092357209407,1.3238159180895892,107391
2020-02-07,1.3238159180895892,1.323695895531999,1.3190017160617329,1.320734421884851,120644
2020-02-10,1.320734421884851,1.323253299201207,1.318940420119187,1.3201982880817995,105368
2020-02-11,1.3201982880817995,1.3199522678675997,1.313743024478958,1.3155814266963497,128010
2020-02-12,1.3155814266963497,1.3162362470885358,1.3108996872097405,1.31120810120779,131105
2020-02-13,1.31120810120779,1.3135054436448472,1.3102823922878497,1.311833531401513,107927
2020-02-14,1.311833531401513,1.3152500701427765,1.3095719213115558,1.31082681409014,104271
2020-02-17,1.31082681409014,1.313906056788092,1.310556925389281,1.3116729183203777,129029
2020-02-18,1.3116729183203777,1.3133406811673998,1.308727965852548,1.3127065316416435,130718
2020-02-19,1.3127065316416435,1.3147902602519472,1.311078301849799,1.3124856409286718,108423
2020-02-20,1.3124856409286718,1.3165775833496771,1.3121787044145976,1.3141152390765003,124085
2020-02-21,1.3141152390765003,1.32041387812062,1.3148533056043137,1.317913749259943,120847
2020-02-24,1.317913749259943,1.3178555929970068,1.31368125273288,1.315472304626531,126494
2020-02-25,1.315472304626531,1.3184511304400888,1.312962258194906,1.314533689476762,109072
2020-02-26,1.314533689476762,1.3183922448910994,1.3123181894625575,1.3177563093470197,119487
2020-02-27,1.3177563093470197,1.3186740371393642,1.3150212764858609,1.3162273015869628,132473
2020-02-28,1.3162273015869628,1.3169996125498296,1.3127196962301333,1.3155812496039518,138307
2020-03-02,1.3155812496039518,1.3174939555671872,1.3148102255116627,1.317085580167829,108523
2020-03-03,1.317085580167829,1.318803685420154,1.3121531509540143,1.3123979544081734,102584
2020-03-04,1.3123979544081734,1.313032880019804,1.3091835021904503,1.3102039121153737,113321
2020-03-05,1.3102039121153737,1.3136555473896356,1.3085091164790552,1.312503388700761,141915
2020-03-06,1.312503388700761,1.311373549921652,1.3075704821065024,1.310662241927684,124005
2020-03-09,1.310662241927684,1.3130099151558268,1.308408366082904,1.3113376885304435,118742
2020-03-10,1.3113376885304435,1.3144253039935612,1.3101543699983562,1.3127478549021063,135992
2020-03-11,1.3127478549021063,1.315424855650878,1.310134351498033,1.3123469926265132,133891
2020-03-12,1.3123469926265132,1.316257810376579,1.3084241155244696,1.3159884473364705,130379
2020-03-13,1.3159884473364705,1.3186471416884498,1.3146311724019333,1.3177143461151697,141107
2020-03-16,1.3177143461151697,1.3191306863023748,1.3148114286258388,1.3149392565119515,110709
2020-03-17,1.3149392565119515,1.3139094068169863,1.308663774680463,1.3097732115323386,90241
2020-03-18,1.3097732115323386,1.3093229379281357,1.3032818058712252,1.3057270811527266,116553
2020-03-19,1.3057270811527266,1.3063922730627209,1.3030980672680843,1.3036610235790274,95698
2020-03-20,1.3036610235790274,1.3076556425487895,1.3035930431220224,1.3059252205878304,110382
2020-03-23,1.3059252205878304,1.3102380633536184,1.306076844783123,1.3063833225762234,113932
2020-03-24,1.3063833225762234,1.313139964842432,1.3068037971752875,1.3099133004165444,112972
2020-03-25,1.3099133004165444,1.311297150486745,1.3063178005432945,1.3078064336313882,110083
2020-03-26,1.3078064336313882,1.3080659266152883,1.2999105696550626,1.3002600565246665,118974
2020-03-27,1.3002600565246665,1.3050268053523972,1.3008125963081507,1.304393267372001,133880
2020-03-30,1.304393267372001,1.3067414533512838,1.3006612836555076,1.3062669393280513,91581
2020-03-31,1.3062669393280513,1.3122274828188027,1.305405939830968,1.310438963576659,131948
2020-04-01,1.310438963576659,1.3130885973886466,1.3088037731743518,1.3108656875470612,110453
2020-04-02,1.3108656875470612,1.3155779552642468,1.3103583775805256,1.3150749653135714,117411
2020-04-03,1.3150749653135714,1.3162643971394448,1.312153890836673,1.3156640747643034,132377
2020-04-06,1.3156640747643034,1.316388752850016,1.3108622414590392,1.316168543995499,120465
2020-04-07,1.316168543995499,1.3159847844078465,1.3124272393395713,1.3135767636215423,113955
2020-04-08,1.3135767636215423,1.3172877501947828,1.3120405249183889,1.3129482779947097,113593
2020-04-09,1.3129482779947097,1.3143177306668,1.3089106485576418,1.309494915521641,111660
2020-04-10,1.309494915521641,1.3118510047411305,1.3078442077364598,1.3111683963338805,100344
2020-04-13,1.3111683963338805,1.3145471618793596,1.3089229251867192,1.308935082964661,131695
2020-04-14,1.308935082964661,1.3099198411727178,1.305400857002012,1.306377463174992,131506
2020-04-15,1.306377463174992,1.308092255102331,1.3044227409567168,1.3053750688237824,118070
2020-04-16,1.3053750688237824,1.3061371563879294,1.300462712097554,1.3015225109927848,104569
2020-04-17,1.3015225109927848,1.3032059529574915,1.2995974199393407,1.3000524984948103,113090
2020-04-20,1.3000524984948103,1.3028713448556677,1.2976108219459734,1.2978644618773945,107415
2020-04-21,1.2978644618773945,1.2991531462269614,1.294843815738428,1.2988790599025617,119191
2020-04-22,1.2988790599025617,1.3019665328173609,1.2978407178399338,1.301170343849632,139510
2020-04-23,1.301170343849632,1.3049294014629926,1.299051401006709,1.304535630052297,135074
2020-04-24,1.304535630052297,1.310539745362878,1.3034496789064196,1.310096139255314,114691
2020-04-27,1.310096139255314,1.3116465828012205,1.3075689970314357,1.3085367386791105,135942
2020-04-28,1.3085367386791105,1.3130190358584133,1.3068654436614544,1.31178605745904,95166
2020-04-29,1.31178605745904,1.3141203067470066,1.310722717885996,1.3123628215401029,123282
2020-04-30,1.3123628215401029,1.3223339330508168,1.3125051135195298,1.3221925253824258,125561
2020-05-01,1.3221925253824258,1.3245228115990844,1.320168435252422,1.3211232356243297,121312
2020-05-04,1.3211232356243297,1.3224878215367537,1.3182092666702188,1.3204379397714556,102449
2020-05-05,1.3204379397714556,1.323773121102389,1.319642435580768,1.3213035804608264,95633
2020-05-06,1.3213035804608264,1.3271536372066697,1.320769728434466,1.3215215395786288,123375
2020-05-07,1.3215215395786288,1.3255144235564873,1.321989933503049,1.3229685303615917,150237
2020-05-08,1.3229685303615917,1.3263553278945286,1.3214796353329987,1.3248827911093282,108629
2020-05-11,1.3248827911093282,1.3258308231377527,1.3195008028003825,1.3201189438073089,120790
2020-05-12,1.3201189438073089,1.3205566625668514,1.3150912003226194,1.317471672245561,87021
2020-05-13,1.317471672245561,1.3241194255148478,1.317953042742007,1.3238225906496417,128060
2020-05-14,1.3238225906496417,1.3260956061950468,1.3215261922865558,1.3260188375785162,105093
2020-05-15,1.3260188375785162,1.3283936919198938,1.3228417965982444,1.324268426158034,114580
2020-05-18,1.324268426158034,1.3255236090141704,1.3225532029363771,1.3252162134063228,125302
2020-05-19,1.3252162134063228,1.3259127331092868,1.317687410362705,1.3195293017627192,110023
2020-05-20,1.3195293017627192,1.324252330795932,1.3190071979879978,1.3234990339279962,133105
2020-05-21,1.3234990339279962,1.3250086024136662,1.3164284316377952,1.3173296179776357,122961
2020-05-22,1.3173296179776357,1.3198685718055203,1.3153477750749611,1.3161560690316088,140628
2020-05-25,1.3161560690316088,1.317915831266989,1.314101347903356,1.3161614731598763,126381
2020-05-26,1.3161614731598763,1.317049476173661,1.3081521476913225,1.3085990767805626,135424
2020-05-27,1.3085990767805626,1.3180455820471757,1.308518043827981,1.317089523794941,144511
2020-05-28,1.317089523794941,1.320201423980331,1.3146850302610733,1.3175005382296456,139001
2020-05-29,1.3175005382296456,1.3215644367148127,1.3159085696581396,1.3186914782060726,110201
2020-06-01,1.3186914782060726,1.3209832108963508,1.3128398721628405,1.3131861851098878,118485
2020-06-02,1.3131861851098878,1.314948949062119,1.3072268471502697,1.307964747366403,127751
2020-06-03,1.307964747366403,1.3101601087302923,1.306440082829755,1.307854768746767,124063
2020-06-04,1.307854768746767,1.3087215297536656,1.3036205393124465,1.3038998233488284,146042
2020-06-05,1.3038998233488284,1.3051480668758415,1.300966929265915,1.3041725548579353,120691
2020-06-08,1.3041725548579353,1.3062781348951735,1.3023768803319864,1.3048821916023896,130780
2020-06-09,1.3048821916023896,1.30502114757788,1.3020158723177817,1.3029124119364457,120675
2020-06-10,1.3029124119364457,1.3048448474501295,1.3002051380992383,1.3042204899809846,128297
2020-06-11,1.3042204899809846,1.3077929655289566,1.3033247595735225,1.3071280059899133,130896
2020-06-12,1.3071280059899133,1.3078103842784148,1.302468175438834,1.3036422650633213,132558
2020-06-15,1.3036422650633213,1.3072233974505325,1.3015881149620034,1.3024599536460433,124895
2020-06-16,1.3024599536460433,1.305130786152315,1.3007090021812446,1.3028028650303003,115819
2020-06-17,1.3028028650303003,1.3091841214783793,1.3014474327156864,1.3052341427015617,94450
2020-06-18,1.3052341427015617,1.3042724080971893,1.3005840893816454,1.301716958134171,128935
2020-06-19,1.301716958134171,1.3025937864336483,1.3004662241342553,1.3010108395487423,129541
2020-06-22,1.3010108395487423,1.3022521503831288,1.2957172949372655,1.296701939452113,111567
2020-06-23,1.296701939452113,1.3034007386216364,1.2964472637197475,1.3011059484871388,117689
2020-06-24,1.3011059484871388,1.3009701633938295,1.2955772914829764,1.2972130129147708,140481
2020-06-25,1.2972130129147708,1.3011825942428836,1.2978923322564602,1.3003050473097044,136191
2020-06-26,1.3003050473097044,1.3023241720384973,1.2973861691297817,1.2999803160139758,118941
2020-06-29,1.2999803160139758,1.3052667701613632,1.299225095390404,1.302878392066522,140279
2020-06-30,1.302878392066522,1.303693000220315,1.299972778107804,1.300930223391818,126012
2020-07-01,1.300930223391818,1.3002775852829045,1.2932172331792318,1.294155089793366,115231
2020-07-02,1.294155089793366,1.2981823108027313,1.2947502943307267,1.2970459575192013,127482
2020-07-03,1.2970459575192013,1.297766581281373,1.2908316619313345,1.2961309874059384,110018
2020-07-06,1.2961309874059384,1.298007745658332,1.29239463811866,1.294242102521336,123825
2020-07-07,1.294242102521336,1.2984179945688652,1.293264017274712,1.2970997167108096,133197
2020-07-08,1.2970997167108096,1.2987313776863032,1.2947114350549875,1.2967849269975786,131606
2020-07-09,1.2967849269975786,1.2971534757729446,1.2881465840950976,1.2904921882898306,118738
2020-07-10,1.2904921882898306,1.2906619326792628,1.286447127510003,1.2894235693337723,124283
2020-07-13,1.2894235693337723,1.2942783499185635,1.2892655155241948,1.29222164413914,131751
2020-07-14,1.29222164413914,1.2961990258103693,1.2903802153816373,1.2959772196594033,106507
2020-07-15,1.2959772196594033,1.2956472765662597,1.290366910449244,1.2927140428299455,111757
2020-07-16,1.2927140428299455,1.2979146508232025,1.2918348666768114,1.2964030439437615,132879
2020-07-17,1.2964030439437615,1.2994141265614314,1.2938669935478306,1.2958249151661967,123314
2020-07-20,1.2958249151661967,1.301815085343693,1.2958280999678775,1.3010323974678968,122316
2020-07-21,1.3010323974678968,1.3010685615953168,1.298178450437772,1.2989179222890783,129477
2020-07-22,1.2989179222890783,1.299932986324284,1.296829859065099,1.2980075493560057,109679
2020-07-23,1.2980075493560057,1.2991298984303743,1.2955221473523788,1.2989699783278907,147463
2020-07-24,1.2989699783278907,1.2987131364163935,1.2955902149733685,1.29776085875156,138832
2020-07-27,1.29776085875156,1.298831309354939,1.2944689548251125,1.298634876100134,108557
2020-07-28,1.298634876100134,1.3026770169932644,1.2965336161534335,1.2971935827224974,126819
2020-07-29,1.2971935827224974,1.298401359092331,1.2944888493060949,1.2971637640440234,93450
2020-07-30,1.2971637640440234,1.300406694912203,1.2964951017382875,1.2992248021151132,105158
2020-07-31,1.2992248021151132,1.2994184806551543,1.294706664375543,1.2960352023342263,130075
2020-08-03,1.2960352023342263,1.299526979377181,1.295842429702446,1.2987126930389712,145809
2020-08-04,1.2987126930389712,1.303203960129944,1.2993342219753727,1.3004609498262223,86964
2020-08-05,1.3004609498262223,1.300373098282933,1.2937368566454135,1.2959239178471158,97004
2020-08-06,1.2959239178471158,1.299048036323871,1.29366447903095,1.2971980064831738,101487
2020-08-07,1.2971980064831738,1.3004905618257971,1.295804756299988,1.2958219965470823,129163
2020-08-10,1.2958219965470823,1.296621205631934,1.2894830200287153,1.2906425341514531,127195
2020-08-11,1.2906425341514531,1.291248049832333,1.287746280421829,1.2895961811881724,125508
2020-08-12,1.2895961811881724,1.2905359536462755,1.285561894697139,1.2862307617453943,129023
2020-08-13,1.2862307617453943,1.2893339759929805,1.2842969392774874,1.2881898746646814,129483
2020-08-14,1.2881898746646814,1.2968140551282452,1.288534791852462,1.2954490837083157,109532
2020-08-17,1.2954490837083157,1.2986523525324396,1.292959396652012,1.2942363754211488,132061
2020-08-18,1.2942363754211488,1.2939295031993223,1.288530748911148,1.2894245182371251,130951
2020-08-19,1.2894245182371251,1.2915262886540309,1.287285558993467,1.2885572490073611,97790
2020-08-20,1.2885572490073611,1.2896480565488977,1.2856150313967112,1.285961514809262,112151
2020-08-21,1.285961514809262,1.2892646562068242,1.2830180823316897,1.288833292451182,106317
2020-08-24,1.288833292451182,1.2931135344770814,1.2884325427641554,1.2916097471394536,137170
2020-08-25,1.2916097471394536,1.2918514487868231,1.284881323132686,1.285431611880249,117793
2020-08-26,1.285431611880249,1.2885236731188974,1.2845598795312394,1.284740945555955,80294
2020-08-27,1.284740945555955,1.28544895560346,1.279676398295346,1.2803853018448137,107444
2020-08-28,1.2803853018448137,1.282543390661912,1.27732759948604,1.2797323747134222,104825
2020-08-31,1.2797323747134222,1.2821746998199013,1.2788246246651755,1.2799105869389042,121358
2020-09-01,1.2799105869389042,1.2829322166491604,1.2790000933126306,1.2799328305171225,132160
2020-09-02,1.2799328305171225,1.2804163955953365,1.2745305014242303,1.2782139183120804,124427
2020-09-03,1.2782139183120804,1.2786677922582708,1.2737050544312327,1.2766637816943842,125094
2020-09-04,1.2766637816943842,1.278182218672155,1.2730134576593082,1.2755525887302803,115300
2020-09-07,1.2755525887302803,1.276208074087697,1.2692534341406545,1.2701334206452912,121054
2020-09-08,1.2701334206452912,1.275376970572588,1.2700547172516767,1.274642210371784,137674
2020-09-09,1.274642210371784,1.274817130559022,1.2672594081393531,1.27055955620272,108407
2020-09-10,1.27055955620272,1.27111549929124,1.2686541445305033,1.2699986289145486,114757
2020-09-11,1.2699986289145486,1.2717650382027272,1.2663534097111648,1.267588099632834,135411
2020-09-14,1.267588099632834,1.2694213791209488,1.2636645441071888,1.2691672345128835,131729
2020-09-15,1.2691672345128835,1.2726399302308782,1.267713532006305,1.26994439477369,122881
2020-09-16,1.26994439477369,1.2716297178890474,1.2684132066392324,1.2699164553173743,131014
2020-09-17,1.2699164553173743,1.271760596576784,1.2667253303712496,1.271209854680749,121276
2020-09-18,1.271209854680749,1.2731987990608025,1.270391122919568,1.2727621220177987,126709
2020-09-21,1.2727621220177987,1.2736257595222211,1.2692886427800367,1.2709711592819453,157695
2020-09-22,1.2709711592819453,1.270438814284297,1.2665065360917538,1.26849266421931,134064
2020-09-23,1.26849266421931,1.2691495722603157,1.2658536795184496,1.2678526763924598,107561
2020-09-24,1.2678526763924598,1.269306594965173,1.2653367450405515,1.2663378675454042,105556
2020-09-25,1.2663378675454042,1.2704707853965904,1.2676210787791755,1.2685652115995896,127580
2020-09-28,1.2685652115995896,1.2712719356718598,1.2655976375089932,1.2658455213740936,121716
2020-09-29,1.2658455213740936,1.2679915230845558,1.2633507390798473,1.2637786353763512,119253
2020-09-30,1.2637786353763512,1.265098130160642,1.2612090071793338,1.2628019028882078,113839
2020-10-01,1.2628019028882078,1.2699734359339785,1.2619457955518334,1.2689760832384094,115325
2020-10-02,1.2689760832384094,1.273270745622183,1.268856206846843,1.269064941580777,122671
2020-10-05,1.269064941580777,1.2734228726817387,1.2684965903234222,1.272656558928031,114808
2020-10-06,1.272656558928031,1.2772708728427986,1.2721975445926914,1.276352294621895,137329
2020-10-07,1.276352294621895,1.2812094446215034,1.2761109968105504,1.2781010249838087,143421
2020-10-08,1.2781010249838087,1.2830561396496725,1.2762156412749224,1.2821028772696448,116808
2020-10-09,1.2821028772696448,1.2831472219903202,1.2799063000232238,1.2816485915110076,120669
2020-10-12,1.2816485915110076,1.2825867519543666,1.2796890164797758,1.2820860681955102,120430
2020-10-13,1.2820860681955102,1.286162980934447,1.2815562347932898,1.2843936090510593,116944
2020-10-14,1.2843936090510593,1.2860072212640865,1.2811495992683488,1.2812346088675122,125458
2020-10-15,1.2812346088675122,1.2843378062770854,1.2791856179679766,1.2815697080759707,124090
2020-10-16,1.2815697080759707,1.282891143002252,1.278733775771379,1.2791110609880465,157559
2020-10-19,1.2791110609880465,1.2789446001763436,1.2737098178808095,1.2755405603627246,109582
2020-10-20,1.2755405603627246,1.275792087332575,1.2674207309425958,1.268025169846907,113570
2020-10-21,1.268025169846907,1.2711639047609746,1.2668772755685611,1.2711625514086555,124889
2020-10-22,1.2711625514086555,1.2738273958783373,1.2675250608878057,1.2696476204286749,114393
2020-10-23,1.2696476204286749,1.2751000521763294,1.2682893688574215,1.27388904131469,121485
2020-10-26,1.27388904131469,1.2758991451651729,1.2725042161270277,1.2745013762031816,108539
2020-10-27,1.2745013762031816,1.2742089318795389,1.2708833359787173,1.273963536278358,151838
2020-10-28,1.273963536278358,1.275774371097523,1.2708058563903897,1.2738725428770672,115204
2020-10-29,1.2738725428770672,1.2777569975078744,1.273127852088956,1.2741815985189835,109944
2020-10-30,1.2741815985189835,1.278830140483767,1.2722339784701615,1.2782047014041944,115569
2020-11-02,1.2782047014041944,1.2812433194784578,1.2742766632612863,1.27485738575831,110820
2020-11-03,1.27485738575831,1.2758804627088534,1.2713801456675555,1.274038755461462,123929
2020-11-04,1.274038755461462,1.275562130944423,1.270008763340141,1.2708796525749753,148742
2020-11-05,1.2708796525749753,1.277374884149861,1.2700103502635816,1.2760255147316475,140180
2020-11-06,1.2760255147316475,1.278182123078809,1.272641461062603,1.2748200157184777,135109
2020-11-09,1.2748200157184777,1.2755013861048805,1.2703894265306337,1.2714360043999575,120557
2020-11-10,1.2714360043999575,1.2720428243785826,1.26902337493254,1.2704757035916452,120967
2020-11-11,1.2704757035916452,1.2709485628887571,1.2673783431501746,1.269650739487246,127910
2020-11-12,1.269650739487246,1.2718118057145036,1.2688087046015195,1.27111908543272,130268
2020-11-13,1.27111908543272,1.2755087574646344,1.2712235614040293,1.273356149229004,121152
2020-11-16,1.273356149229004,1.273804210556372,1.2701467054422977,1.2720965249079423,136924
2020-11-17,1.2720965249079423,1.2755516335929296,1.2709242397220748,1.273706869955844,123701
2020-11-18,1.273706869955844,1.2781105630480314,1.2737929553841592,1.2767326233823235,117364
2020-11-19,1.2767326233823235,1.2777540761976842,1.273321362029577,1.2735957336060364,95553
2020-11-20,1.2735957336060364,1.276560363327979,1.2710108423303874,1.2762744995063848,117027
2020-11-23,1.2762744995063848,1.275695466031732,1.2695471297919418,1.2724708465185002,123625
2020-11-24,1.2724708465185002,1.2726207446760276,1.2660375106006263,1.2667298717915203,102331
2020-11-25,1.2667298717915203,1.2689216042590723,1.263147389942393,1.268814986625413,131571
2020-11-26,1.268814986625413,1.2717787502004525,1.267604010725248,1.2682333032620567,129135
2020-11-27,1.2682333032620567,1.2684935816872387,1.265004752341742,1.2673755959427513,130601
2020-11-30,1.2673755959427513,1.273599481202283,1.265999432008826,1.2721144752213862,129507
2020-12-01,1.2721144752213862,1.2745686229476991,1.2685480015679145,1.269061631619329,137937
2020-12-02,1.269061631619329,1.2701524424576611,1.2662570443699888,1.268880556496015,146571
2020-12-03,1.268880556496015,1.2707972573302544,1.2656844401448766,1.2688653391393216,110789
2020-12-04,1.2688653391393216,1.271207345620644,1.2667430466979686,1.2699304249849044,97414
2020-12-07,1.2699304249849044,1.274993568751566,1.2700196699237194,1.2744716910041247,135490
2020-12-08,1.2744716910041247,1.275294311151754,1.2695977422628413,1.271472272711578,127099
2020-12-09,1.271472272711578,1.273448098003097,1.268102485099416,1.2695031327398536,118195
2020-12-10,1.2695031327398536,1.2693041744077864,1.2645894138862623,1.265938244260844,91035
2020-12-11,1.265938244260844,1.2658156482564544,1.260274771291062,1.2615233753304742,109797
2020-12-14,1.2615233753304742,1.2615430818518374,1.2529715641316668,1.2544362236100386,111871
2020-12-15,1.2544362236100386,1.2570077220760656,1.2528617280917416,1.2541856030554672,112966
2020-12-16,1.2541856030554672,1.2560016907006497,1.249805024695261,1.2507124203892763,125429
2020-12-17,1.2507124203892763,1.2560639513834393,1.249815120392725,1.255622074147288,130221
2020-12-18,1.255622074147288,1.2588471159645955,1.2547519861476968,1.255794053101169,125986
2020-12-21,1.255794053101169,1.2596244415811628,1.256137996705469,1.2582412303789696,117279
2020-12-22,1.2582412303789696,1.2605845289087625,1.2571221455863986,1.258024942894219,128321
2020-12-23,1.258024942894219,1.2605855301155326,1.2540615664100732,1.2550461236377917,153566
2020-12-24,1.2550461236377917,1.2573599154974964,1.254252378276921,1.2566711823303127,114147
2020-12-25,1.2566711823303127,1.2579510285889803,1.254560442365177,1.2560650222958365,117877
2020-12-28,1.2560650222958365,1.2612956034746623,1.2547808587416294,1.258369742590452,110716
2020-12-29,1.258369742590452,1.2600071455022157,1.2560037722647055,1.2572602852367931,116959
2020-12-30,1.2572602852367931,1.25923882250343,1.2543230205262978,1.2550768544309387,112307
2020-12-31,1.2550768544309387,1.2564102046701846,1.2523412389901585,1.255706344961987,122067
2021-01-01,1.255706344961987,1.2567801234869285,1.2535308843155095,1.2561789641825534,122917
2021-01-04,1.2561789641825534,1.2558868452180338,1.2516757013605595,1.2537352420625512,131294
2021-01-05,1.2537352420625512,1.2546418255019092,1.2500077223941786,1.2500189949132512,119512
2021-01-06,1.2500189949132512,1.2530063066865442,1.2480240956751791,1.251004916813128,93471
2021-01-07,1.251004916813128,1.2532237385081106,1.2500161736761823,1.2515459262372437,117856
2021-01-08,1.2515459262372437,1.2534030016285582,1.2500839578594845,1.2506336276751753,130049
2021-01-11,1.2506336276751753,1.2512859444322666,1.2453443385840663,1.2474479350370642,116500
2021-01-12,1.2474479350370642,1.2546265062775757,1.2477773170567488,1.2540502895064651,122960
2021-01-13,1.2540502895064651,1.2579014357413982,1.2530728033455607,1.2543167772266193,121207
2021-01-14,1.2543167772266193,1.2551927685331747,1.2525213450342174,1.2539256093758804,115805
2021-01-15,1.2539256093758804,1.2542734830973672,1.247619360992242,1.2476946665421464,136764
2021-01-18,1.2476946665421464,1.251977676782405,1.2470486496874251,1.2515869011688028,115003
2021-01-19,1.2515869011688028,1.2567065660436914,1.249256542958339,1.2566979836452474,113592
2021-01-20,1.2566979836452474,1.258041695844721,1.252985467200209,1.2568882095853555,109666
2021-01-21,1.2568882095853555,1.25984128517453,1.2552556771535583,1.257026730863314,130993
2021-01-22,1.257026730863314,1.2568454676920715,1.2534568565448734,1.2546025167994004,140654
2021-01-25,1.2546025167994004,1.2564332033165435,1.2510336046026045,1.2515341743281156,139416
2021-01-26,1.2515341743281156,1.2566327508812332,1.251184364289753,1.2527892523716442,123605
2021-01-27,1.2527892523716442,1.2579075236751602,1.251204533727399,1.2563253672746049,134248
2021-01-28,1.2563253672746049,1.2579369757414216,1.255011158045912,1.2561920431844955,125211
2021-01-29,1.2561920431844955,1.2618330075148705,1.2541404818067752,1.259370465136804,117293
2021-02-01,1.259370465136804,1.2645948380999124,1.2591320732236344,1.2614456456496794,132477
2021-02-02,1.2614456456496794,1.26394525912705,1.259755242782952,1.2614486671856386,103363
2021-02-03,1.2614486671856386,1.262255065931427,1.257306202673932,1.2580152626752938,112262
2021-02-04,1.2580152626752938,1.2596914406084438,1.2552678288443837,1.256144155041133,125439
2021-02-05,1.256144155041133,1.257863684835185,1.254438558162588,1.2567896017382367,127776
2021-02-08,1.2567896017382367,1.2628702993339644,1.2564735197481418,1.26169439278283,129020
2021-02-09,1.26169439278283,1.2637703399299418,1.2576010351292737,1.257922803133579,140392
2021-02-10,1.257922803133579,1.2591459784460175,1.2556681439799775,1.2574208544234864,114217
2021-02-11,1.2574208544234864,1.259962726381092,1.2561788100273408,1.2592221281615843,125156
2021-02-12,1.2592221281615843,1.2595328853992964,1.2550773531133168,1.2591923730901469,108781
2021-02-15,1.2591923730901469,1.2598689079066825,1.252885577965778,1.2558404937701693,119612
2021-02-16,1.2558404937701693,1.2574579174567737,1.2526927954326132,1.253028110229117,130474
2021-02-17,1.253028110229117,1.2565164389400587,1.2522199780008585,1.2548506409880418,122724
2021-02-18,1.2548506409880418,1.259146591978205,1.253931905744708,1.2584971741786175,110496
2021-02-19,1.2584971741786175,1.264226627823202,1.2582963308046704,1.2635445438339177,127372
2021-02-22,1.2635445438339177,1.2669833968435855,1.2624370067263089,1.2666304239015789,134737
2021-02-23,1.2666304239015789,1.2675171604145383,1.2617195175601588,1.2642524260213956,93038
2021-02-24,1.2642524260213956,1.26813362887876,1.2625022053305697,1.2664855848380732,110659
2021-02-25,1.2664855848380732,1.272757962700516,1.2651727442145817,1.2724712367744384,114828
2021-02-26,1.2724712367744384,1.2725740579947071,1.268091992062608,1.2689984090002795,149397
2021-03-01,1.2689984090002795,1.271081421714129,1.2661009621382218,1.2710154381661305,127088
2021-03-02,1.2710154381661305,1.273043264023919,1.26601868204296,1.267414199310568,122075
2021-03-03,1.267414199310568,1.2703474559673893,1.2653377516311295,1.2686353793944445,108654
2021-03-04,1.2686353793944445,1.2697116290103143,1.261790855629764,1.2651379712976467,107712
2021-03-05,1.2651379712976467,1.2672374312865988,1.262649679828093,1.266251987389499,143578
2021-03-08,1.266251987389499,1.266859885469709,1.2633259707413824,1.2635681632197215,136040
2021-03-09,1.2635681632197215,1.2648551988335155,1.2612071635843078,1.263140595085651,105951
2021-03-10,1.263140595085651,1.266403521247273,1.262498635401267,1.264577372045521,122757
2021-03-11,1.264577372045521,1.2673091135829386,1.2625749371298405,1.2663158638590553,129612
2021-03-12,1.2663158638590553,1.2700235788792904,1.265407025893864,1.269154375297665,139615
2021-03-15,1.269154375297665,1.2708612762278568,1.2674895913473203,1.2688856338860903,88546
2021-03-16,1.2688856338860903,1.2706988774500103,1.2673136353909975,1.2683646608727637,128655
2021-03-17,1.2683646608727637,1.269014416458066,1.266597025778628,1.268141276809406,102536
2021-03-18,1.268141276809406,1.271817534773603,1.2634951725493049,1.2637137435395438,136295
2021-03-19,1.2637137435395438,1.266088688009634,1.2602610922563242,1.265822666538576,143608
2021-03-22,1.265822666538576,1.2667077965598783,1.261969338216349,1.263148358143878,129533
2021-03-23,1.263148358143878,1.263273860924644,1.2599473352941828,1.262367264646685,118332
2021-03-24,1.262367264646685,1.2656509338776016,1.2606748157165857,1.2638947183237783,157953
2021-03-25,1.2638947183237783,1.2662082800191024,1.2596487059597778,1.259872832304623,124094
2021-03-26,1.259872832304623,1.2602635375349225,1.2570507125285857,1.258058386555145,114857
2021-03-29,1.258058386555145,1.2577267437504127,1.2507551964217751,1.251733202980889,128261
2021-03-30,1.251733202980889,1.255616060708204,1.2513181008094698,1.252680366157605,123755
2021-03-31,1.252680366157605,1.2592432322806577,1.2514200575626822,1.2575706738020576,121278
2021-04-01,1.2575706738020576,1.258804981012299,1.2550268970403549,1.257647584608769,152106
2021-04-02,1.257647584608769,1.260864731296815,1.2540305610869924,1.25962914850596,134490
2021-04-05,1.25962914850596,1.2613811094823726,1.2549207421275252,1.255292757686956,137787
2021-04-06,1.255292757686956,1.2560829539663976,1.2518359421478047,1.2555673938367546,123916
2021-04-07,1.2555673938367546,1.2571274199301847,1.2530805122743092,1.2556458823832592,115056
2021-04-08,1.2556458823832592,1.2558075751716955,1.2517725575263747,1.2537579344965557,104103
2021-04-09,1.2537579344965557,1.2570198003898574,1.252163090742803,1.2556100695789167,94686
2021-04-12,1.2556100695789167,1.257977243932533,1.253245159120702,1.2564127288882485,116494
2021-04-13,1.2564127288882485,1.257289080112118,1.2537466608179093,1.2550392670481294,143074
2021-04-14,1.2550392670481294,1.2597244100556282,1.2547100742916166,1.2591206417306884,129374
2021-04-15,1.2591206417306884,1.2639014433057554,1.2575871330223751,1.2635975622819235,110332
2021-04-16,1.2635975622819235,1.2647449177758834,1.2621436052648287,1.2629966111225532,137817
2021-04-19,1.2629966111225532,1.263432876795354,1.2587350624300238,1.260896133142687,145009
2021-04-20,1.260896133142687,1.262250431117106,1.2581476014042865,1.2590391299580437,129860
2021-04-21,1.2590391299580437,1.2600961025382793,1.2567943693021777,1.257196882596244,146232
2021-04-22,1.257196882596244,1.2626919245185633,1.2580016271111711,1.262553918162581,124055
2021-04-23,1.262553918162581,1.2639803957920523,1.25942065571433,1.2609463906548797,119163
2021-04-26,1.2609463906548797,1.2629688144114957,1.25621062186545,1.2576323718909173,123404
2021-04-27,1.2576323718909173,1.2626242973816677,1.2585202875412556,1.2612443409299106,101577
2021-04-28,1.2612443409299106,1.2661127201949944,1.2612753644202563,1.2655466261493875,124925
2021-04-29,1.2655466261493875,1.2672448274849415,1.2630652644907,1.2646659000667335,132603
2021-04-30,1.2646659000667335,1.2687471201208476,1.2632663408679994,1.2679009736373956,114566
2021-05-03,1.2679009736373956,1.26864562887682,1.2603928100225528,1.2614302096858012,111508
2021-05-04,1.2614302096858012,1.2646955649948035,1.2606912369226235,1.262642872187708,103350
2021-05-05,1.262642872187708,1.2673791069061802,1.262069000580292,1.2664746022325073,144005
2021-05-06,1.2664746022325073,1.2708529106598592,1.2656673410275348,1.2699684862912712,109641
2021-05-07,1.2699684862912712,1.2703431811754873,1.266360552178006,1.2684060573435711,134642
2021-05-10,1.2684060573435711,1.2698300965222669,1.2632416308346206,1.2640523396329857,115991
2021-05-11,1.2640523396329857,1.2668119034481269,1.26064350717928,1.2606470029270171,139561
2021-05-12,1.2606470029270171,1.260815489527561,1.2557748561709354,1.256776429517682,102470
2021-05-13,1.256776429517682,1.2601029646698902,1.2551502762692914,1.2595883695186711,121207
2021-05-14,1.2595883695186711,1.259938209569773,1.2527290230669117,1.2544765114640202,93612
2021-05-17,1.2544765114640202,1.2576996756914895,1.2543932211818007,1.255287488689999,116787
2021-05-18,1.255287488689999,1.2577118956780764,1.2524438277346333,1.2532663827849748,128537
2021-05-19,1.2532663827849748,1.2577104530277068,1.2540913667730351,1.2549632471735808,133036
2021-05-20,1.2549632471735808,1.2573633703777107,1.2535980213314413,1.2558700616158438,135473
2021-05-21,1.2558700616158438,1.2573675738618235,1.2525756097706942,1.2549498077532673,125829
2021-05-24,1.2549498077532673,1.2567342154423484,1.2521756932615782,1.255060736479961,129310
2021-05-25,1.255060736479961,1.2595809871289825,1.254978411029294,1.2553901090968185,121807
2021-05-26,1.2553901090968185,1.2569695966715888,1.2536178008811685,1.2542262991115118,102421
2021-05-27,1.2542262991115118,1.260070437804874,1.254365183202912,1.257855752203816,103707
2021-05-28,1.257855752203816,1.2641704869260049,1.257863528960779,1.2628910667385709,119632
2021-05-31,1.2628910667385709,1.2651855761112658,1.262186802418252,1.2638105212532331,124991
2021-06-01,1.2638105212532331,1.264554240065912,1.260607003642752,1.2633961636330142,146048
2021-06-02,1.2633961636330142,1.2637559590100158,1.2595485498677466,1.2607803128126958,117972
2021-06-03,1.2607803128126958,1.2606642565474695,1.2562323057033702,1.2569447480159788,111334
2021-06-04,1.2569447480159788,1.2572851101251208,1.253190391991883,1.2539028307880875,127288
2021-06-07,1.2539028307880875,1.254736049272139,1.2522934942611346,1.253238063970219,131150
2021-06-08,1.253238063970219,1.2574384101462002,1.2519976756083488,1.2549673063153772,136606
2021-06-09,1.2549673063153772,1.259607338539154,1.254454800367882,1.2550747239746496,122176
2021-06-10,1.2550747239746496,1.259904647119289,1.254962217174429,1.2587350714092254,126748
2021-06-11,1.2587350714092254,1.2627099523550058,1.2584566808359765,1.2611753511205333,137411
2021-06-14,1.2611753511205333,1.2655431883829753,1.259931711595647,1.2611284338882471,106929
2021-06-15,1.2611284338882471,1.261845150364955,1.2559576742553142,1.2560450437525106,104328
2021-06-16,1.2560450437525106,1.2578116353543434,1.2517359752788757,1.2533105276131633,117551
2021-06-17,1.2533105276131633,1.2592982566991608,1.2524921355781702,1.258843347349564,130912
2021-06-18,1.258843347349564,1.261930082244574,1.2550195906186603,1.2572304101958445,140621
2021-06-21,1.2572304101958445,1.2602931838180085,1.256586067372048,1.2601343773898583,96651
2021-06-22,1.2601343773898583,1.2617004847582407,1.258597201915351,1.260857127349788,135728
2021-06-23,1.260857127349788,1.26169213634079,1.2552558841355512,1.2563657037276423,92367
2021-06-24,1.2563657037276423,1.2586767838295203,1.2558182420020163,1.2583671020246274,147370
2021-06-25,1.2583671020246274,1.2589534611249282,1.2530346702818376,1.2536546103295385,116182
2021-06-28,1.2536546103295385,1.2561295411444215,1.2525404657544874,1.254637525136269,122802
2021-06-29,1.254637525136269,1.255600107889564,1.2521803161301377,1.2542355811930668,148278
2021-06-30,1.2542355811930668,1.255907309073132,1.2511730707976003,1.2554792116505276,113011
2021-07-01,1.2554792116505276,1.2554753607397524,1.2507788699182023,1.2513466409678682,111411
2021-07-02,1.2513466409678682,1.2520283943634467,1.248695742001842,1.250760264946785,117408
2021-07-05,1.250760264946785,1.2515728921241598,1.2471941073385584,1.2493032679750755,138959
2021-07-06,1.2493032679750755,1.2551202710820055,1.2488691375752374,1.2540082093357647,142366
2021-07-07,1.2540082093357647,1.2548396487978837,1.249629102953744,1.250038207349712,118484
2021-07-08,1.250038207349712,1.2528331481853805,1.2480792158666578,1.249751516747574,114793
2021-07-09,1.249751516747574,1.253499436149462,1.2485980104756191,1.2529412312999508,137206
2021-07-12,1.2529412312999508,1.2544608286795875,1.2517357330320191,1.2528399257528795,108711
2021-07-13,1.2528399257528795,1.2549756109951051,1.249322800614632,1.2507701845452537,147934
2021-07-14,1.2507701845452537,1.2552120200421968,1.250141348033524,1.2532577098524007,107420
2021-07-15,1.2532577098524007,1.2562288093500038,1.2503082731121735,1.250846260761602,107157
2021-07-16,1.250846260761602,1.2522215254390752,1.2472614878272572,1.2476986596847364,118174
2021-07-19,1.2476986596847364,1.2478367040894316,1.244184366567669,1.2462267089488972,124756
2021-07-20,1.2462267089488972,1.2462902512267269,1.2416750697839245,1.241981134766424,108796
2021-07-21,1.241981134766424,1.2439713050707395,1.238570485021614,1.2388394486145191,145062
2021-07-22,1.2388394486145191,1.2386362744117922,1.2326507766808237,1.2358038835945693,108093
2021-07-23,1.2358038835945693,1.2407507024392186,1.2354803038660391,1.2395109360261145,111357
2021-07-26,1.2395109360261145,1.2420603877702223,1.233159453682773,1.2343467962720789,109403
2021-07-27,1.2343467962720789,1.2348415732190117,1.22974415189804,1.2341887414541732,112247
2021-07-28,1.2341887414541732,1.237586819545938,1.2347954365408769,1.2368288973749355,132769
2021-07-29,1.2368288973749355,1.239777678140431,1.2354631749900993,1.23923580711085,108909
2021-07-30,1.23923580711085,1.2431885509353522,1.238304716030079,1.2425038654860925,109865
2021-08-02,1.2425038654860925,1.2439249335228983,1.2411698330817231,1.2427865624373893,106722
2021-08-03,1.2427865624373893,1.2461338749513493,1.242082309786308,1.2427423690880817,110113
2021-08-04,1.2427423690880817,1.2463344094850104,1.2428144017952307,1.2441668108602393,123197
2021-08-05,1.2441668108602393,1.2468535597105563,1.2422121240817845,1.2462765750085922,140134
2021-08-06,1.2462765750085922,1.247941960656087,1.2442683805139805,1.2451945498373709,142038
2021-08-09,1.2451945498373709,1.2495040076478643,1.2458270603433386,1.2484693018007964,119702
2021-08-10,1.2484693018007964,1.2514273616482638,1.2465194466246583,1.251021650278125,113021
2021-08-11,1.251021650278125,1.2505901777111008,1.2483013348300624,1.2490634189999368,123633
2021-08-12,1.2490634189999368,1.25266268687236,1.2478644450408676,1.2504085450170548,125833
2021-08-13,1.2504085450170548,1.252249851248341,1.2472267472509917,1.2485184015336308,137986
2021-08-16,1.2485184015336308,1.2512027492311886,1.2451446001139923,1.246254538222605,125983
2021-08-17,1.246254538222605,1.2486538484783578,1.243020306997093,1.2480095897518704,145598
2021-08-18,1.2480095897518704,1.2500140804318518,1.245282345232556,1.2495263249842032,118201
2021-08-19,1.2495263249842032,1.250252397483201,1.246776951780896,1.2490978097489935,151067
2021-08-20,1.2490978097489935,1.250809595959909,1.2468916288077652,1.249397746556781,132822
2021-08-23,1.249397746556781,1.25077435169066,1.2480545607078075,1.250096618761379,111768
2021-08-24,1.250096618761379,1.2497534990763806,1.2452260430377533,1.246117360330403,109087
2021-08-25,1.246117360330403,1.2467056752486487,1.2436634696015512,1.2449327636505236,118338
2021-08-26,1.2449327636505236,1.2463013154980656,1.2427656187043257,1.2432682212415551,81018
2021-08-27,1.2432682212415551,1.2476102290834623,1.2429122998619069,1.247493943430936,121291
2021-08-30,1.247493943430936,1.2476916208880766,1.2412539225728854,1.2445939528357652,126791
2021-08-31,1.2445939528357652,1.2497630657395482,1.2437493176442336,1.2485049142578613,116118
2021-09-01,1.2485049142578613,1.2510125765879323,1.2451098531375322,1.2504437271592204,109843
2021-09-02,1.2504437271592204,1.253024680116474,1.2487958138166038,1.2509871689320833,141534
2021-09-03,1.2509871689320833,1.2521304346198394,1.2468146127416335,1.2472414004228822,132254
2021-09-06,1.2472414004228822,1.250741915190155,1.2463678032475751,1.2483364463121998,147184
2021-09-07,1.2483364463121998,1.2517598355157518,1.245717412053154,1.251749258365789,100965
2021-09-08,1.251749258365789,1.2522679721281291,1.2500736637436105,1.251502367534885,119398
2021-09-09,1.251502367534885,1.254948991311325,1.2497750049251162,1.2545470093757052,103776
2021-09-10,1.2545470093757052,1.2560913023795586,1.2518058260432825,1.2548706867088062,135963
2021-09-13,1.2548706867088062,1.2591028808064162,1.253507081332846,1.2587895451109887,131227
2021-09-14,1.2587895451109887,1.263044449933643,1.258362399258812,1.2622674055677774,127100
2021-09-15,1.2622674055677774,1.2637055029316773,1.2574894656366045,1.2604049756679805,125707
2021-09-16,1.2604049756679805,1.2656222382805669,1.2594320769511698,1.2655889537362248,134435
2021-09-17,1.2655889537362248,1.2680406219234293,1.2629525355143447,1.266694742676862,128546
2021-09-20,1.266694742676862,1.2664234218903292,1.2624563955904384,1.263971249425706,140789
2021-09-21,1.263971249425706,1.2636605512018246,1.2557626377485422,1.2562444585023256,122986
2021-09-22,1.2562444585023256,1.2582491809259493,1.2554848910176186,1.258176961419125,149832
2021-09-23,1.258176961419125,1.2579638430446527,1.252901397200248,1.2539001781258716,135270
2021-09-24,1.2539001781258716,1.258159504969684,1.253662954498898,1.2570232812436242,131225
2021-09-27,1.2570232812436242,1.2635272435963023,1.2573315775881613,1.2628534732251249,130766
2021-09-28,1.2628534732251249,1.2621836982834032,1.2550516304409778,1.2572378891430254,112333
2021-09-29,1.2572378891430254,1.2581072570312808,1.2503627549513427,1.251689547497731,122447
2021-09-30,1.251689547497731,1.2524688781899591,1.2478849799594558,1.2487901895689322,145972
2021-10-01,1.2487901895689322,1.2560422590501072,1.2486159265215817,1.2557149265777907,128563
2021-10-04,1.2557149265777907,1.257132436445167,1.2539808545010864,1.2568611206508062,116652
2021-10-05,1.2568611206508062,1.260274114644112,1.2551486993906888,1.2558793496982177,140368
2021-10-06,1.2558793496982177,1.2567593212683394,1.2514622308813736,1.2523209384097072,149051
2021-10-07,1.2523209384097072,1.2551244797165462,1.2507503290325308,1.2529236260058902,136825
2021-10-08,1.2529236260058902,1.2548595847003348,1.2507778834185548,1.2537338381679126,120742
2021-10-11,1.2537338381679126,1.2557716393228904,1.2529751166907994,1.2538538645534696,113005
2021-10-12,1.2538538645534696,1.259189342281123,1.2536639437467227,1.258052568632791,123106
2021-10-13,1.258052568632791,1.2579436684928909,1.2499683899576133,1.2522369371689852,113713
2021-10-14,1.2522369371689852,1.2524473994455405,1.24705954595398,1.2473249810181926,97637
2021-10-15,1.2473249810181926,1.2495358016715217,1.2457455100541122,1.2471582583743748,98833
2021-10-18,1.2471582583743748,1.254388909858623,1.247171030764284,1.2533246971971366,109421
2021-10-19,1.2533246971971366,1.254866289966607,1.2471640162196933,1.2481741451381452,141031
2021-10-20,1.2481741451381452,1.248710698212399,1.245213452543037,1.2464877367496572,102001
2021-10-21,1.2464877367496572,1.2478120126991732,1.2437448773519826,1.2463819897500024,106738
2021-10-22,1.2463819897500024,1.2504919761096551,1.2453649255532315,1.2464847782956183,146066
2021-10-25,1.2464847782956183,1.2485537983908117,1.2447289104372772,1.248056611428819,123462
2021-10-26,1.248056611428819,1.249954063722937,1.244876719925523,1.2452622737657195,98390
2021-10-27,1.2452622737657195,1.248290695182051,1.2438887342714284,1.2445111237984394,124384
2021-10-28,1.2445111237984394,1.2453352322461495,1.2421489674729096,1.243012211604074,123817
2021-10-29,1.243012211604074,1.24419391421904,1.2410515800622337,1.2414794227003945,139098
2021-11-01,1.2414794227003945,1.2432784493708875,1.2382722411732696,1.2430091692986849,119489
2021-11-02,1.2430091692986849,1.244927283619544,1.2408790964318572,1.243620233389002,98680
2021-11-03,1.243620233389002,1.2453777417997718,1.2415104455039103,1.2421814826652746,137664
2021-11-04,1.2421814826652746,1.2443406537484882,1.2405538942760128,1.2430096543998728,117137
2021-11-05,1.2430096543998728,1.245971169440428,1.2422049423868815,1.2441044178828011,141852
2021-11-08,1.2441044178828011,1.250221471118606,1.2438891518700887,1.2480091687141674,143172
2021-11-09,1.2480091687141674,1.2509535287189275,1.2459499489937045,1.2501617602152533,121533
2021-11-10,1.2501617602152533,1.251441827507862,1.2477920407219611,1.2509734820022125,130907
2021-11-11,1.2509734820022125,1.2522988179325534,1.248503379353287,1.2495988106610028,129809
2021-11-12,1.2495988106610028,1.2494288359212218,1.2433959539316604,1.2433995131196378,118195
2021-11-15,1.2433995131196378,1.245168254790546,1.2414517296620111,1.2445418753988144,98883
2021-11-16,1.2445418753988144,1.2453737995018688,1.2409448070669595,1.2426888891140873,98570
2021-11-17,1.2426888891140873,1.246974899448951,1.2416617240338783,1.2460147503681367,129461
2021-11-18,1.2460147503681367,1.2540728158906018,1.2450203851498527,1.251745027755798,120045
2021-11-19,1.251745027755798,1.2525918864380832,1.2471506380906034,1.248308801112188,118883
2021-11-22,1.248308801112188,1.2535374377222368,1.2469545634044112,1.2525912804752997,113780
2021-11-23,1.2525912804752997,1.2562058589432787,1.2514175510666972,1.254652817147578,117446
2021-11-24,1.254652817147578,1.259011735113464,1.2536679623144389,1.256972318873996,117191
2021-11-25,1.256972318873996,1.2599837665162286,1.255291895717135,1.2565653474348737,150308
2021-11-26,1.2565653474348737,1.2577506234526652,1.2521215313148617,1.2524133205817711,135664
2021-11-29,1.2524133205817711,1.253899674340791,1.248233104632335,1.2518950530087896,123219
2021-11-30,1.2518950530087896,1.2528156263658887,1.248188560698279,1.2485061319905726,95002
2021-12-01,1.2485061319905726,1.255646765715715,1.2488846130918616,1.255292697884437,140204
2021-12-02,1.255292697884437,1.2578920314437012,1.2544126235644042,1.2562375306009728,131941
2021-12-03,1.2562375306009728,1.2567092529278878,1.2470247020012648,1.2477854506456625,157191
2021-12-06,1.2477854506456625,1.2498910484414214,1.244759117802445,1.2494175596227657,114971
2021-12-07,1.2494175596227657,1.252897032325045,1.2485017157923426,1.2507844506872323,128014
2021-12-08,1.2507844506872323,1.2519314432888389,1.249004687224325,1.2509736527126647,97895
2021-12-09,1.2509736527126647,1.2508211897034909,1.246242116853866,1.2505585353256885,124080
2021-12-10,1.2505585353256885,1.25110077754611,1.247157045819798,1.2494916094117687,127998
2021-12-13,1.2494916094117687,1.2519028258440152,1.248258074985277,1.2494280287713255,143315
2021-12-14,1.2494280287713255,1.2499863791527843,1.2470663138611249,1.2496471194280436,136978
2021-12-15,1.2496471194280436,1.2492493311923136,1.2447622424118834,1.2461399637801025,139711
2021-12-16,1.2461399637801025,1.2490002600969183,1.246004692725046,1.2478442470214852,104082
2021-12-17,1.2478442470214852,1.2495274863491437,1.245312692633629,1.2455932341172522,132971
2021-12-20,1.2455932341172522,1.2468551892344588,1.2435270439358013,1.244509390174737,120881
2021-12-21,1.244509390174737,1.2470530890350238,1.2426524159672088,1.2441675476630232,111741
2021-12-22,1.2441675476630232,1.2490540169555902,1.2454541545401592,1.2465913819188983,125466
2021-12-23,1.2465913819188983,1.2481499808570125,1.2440766543780652,1.2445926144469304,110420
2021-12-24,1.2445926144469304,1.2443702909274517,1.2408779839305748,1.2417223271396958,115785
2021-12-27,1.2417223271396958,1.244484855231821,1.2393542432804805,1.2408568301022196,121230
2021-12-28,1.2408568301022196,1.24256792102882,1.2392851563290692,1.239621162959495,146824
2021-12-29,1.239621162959495,1.2426213545604323,1.2385888820112514,1.2417087130496174,102798
2021-12-30,1.2417087130496174,1.2446273018592586,1.2407575764931875,1.243660133001855,129256
2021-12-31,1.243660133001855,1.2475310981569547,1.2432539133977076,1.2449745789110358,110065
2022-01-03,1.2449745789110358,1.24622445424964,1.240629872950423,1.2406786775755978,110634
2022-01-04,1.2406786775755978,1.2479681248742869,1.240842838774067,1.2477124444610077,121504
2022-01-05,1.2477124444610077,1.2507512066369402,1.246359410909822,1.249536524233821,131155
2022-01-06,1.249536524233821,1.2509790319187464,1.2462429136267812,1.2503676120482738,110756
2022-01-07,1.2503676120482738,1.254015024250206,1.248960975577484,1.2501349528666106,103409
2022-01-10,1.2501349528666106,1.252754036223624,1.2489529617510788,1.2517333113740647,125290
2022-01-11,1.2517333113740647,1.2548198258137728,1.2493895734849791,1.253627783241506,126691
2022-01-12,1.253627783241506,1.2568461868244405,1.2526603769282052,1.2556629753168198,114131
2022-01-13,1.2556629753168198,1.2648211748097062,1.2549852426837134,1.2638801694037427,127600
2022-01-14,1.2638801694037427,1.267806343412951,1.2631173901257853,1.2670901070300005,120338
2022-01-17,1.2670901070300005,1.267643295745014,1.2639847321702908,1.2651131337823711,108632
2022-01-18,1.2651131337823711,1.2690405989984792,1.265301208020039,1.2684532666740864,119535
2022-01-19,1.2684532666740864,1.2740573029099165,1.267489533571044,1.272647427387973,100271
2022-01-20,1.272647427387973,1.2745368170140805,1.271720925901394,1.2738186226478965,116084
2022-01-21,1.2738186226478965,1.276136478926098,1.2729218871432717,1.273382269213191,136798
2022-01-24,1.273382269213191,1.2773103038009843,1.2721453310677264,1.2762514960461788,139650
2022-01-25,1.2762514960461788,1.2803618448062102,1.2740858855660542,1.2741212434334062,139314
2022-01-26,1.2741212434334062,1.275246999096216,1.2716077528322332,1.2740093793646323,110654
2022-01-27,1.2740093793646323,1.2804926937962933,1.2734572835072453,1.2801863605063697,141849
2022-01-28,1.2801863605063697,1.282677245479517,1.279526791450946,1.2806078431257195,139450
2022-01-31,1.2806078431257195,1.2850550416725588,1.280215665010531,1.281099997801605,112251
2022-02-01,1.281099997801605,1.2830517602332474,1.2796522939211237,1.2809079254207034,135136
2022-02-02,1.2809079254207034,1.2856219704762697,1.279979213159503,1.285512015790421,128557
2022-02-03,1.285512015790421,1.2874252333316454,1.281697749336802,1.2850711976816138,139736
2022-02-04,1.2850711976816138,1.288422012499002,1.2847931837026607,1.2860635892098708,124392
2022-02-07,1.2860635892098708,1.291715034069988,1.2847323802844175,1.2909076301398894,110400
2022-02-08,1.2909076301398894,1.2941942262843855,1.2906265612525465,1.29366454526429,124450
2022-02-09,1.29366454526429,1.2977063731788712,1.292285044109771,1.2974801295742182,129525
2022-02-10,1.2974801295742182,1.2997985141495016,1.2954568214128634,1.2969802728921955,90826
2022-02-11,1.2969802728921955,1.305651678322027,1.297494995524357,1.3050966612098716,122691
2022-02-14,1.3050966612098716,1.3091896006270296,1.303056411720868,1.3087662162812592,128183
2022-02-15,1.3087662162812592,1.3149628965594269,1.3093124129765816,1.313724472517513,130443
2022-02-16,1.313724472517513,1.314742991636619,1.3063480662709737,1.307362152016757,126611
2022-02-17,1.307362152016757,1.3087984548281306,1.3034546261092994,1.3039166895051402,128827
2022-02-18,1.3039166895051402,1.3074967744162902,1.3024483322691534,1.307211441708401,119781
2022-02-21,1.307211441708401,1.30785958797409,1.3034042933258434,1.3068369398758912,123186
2022-02-22,1.3068369398758912,1.3091379829355316,1.301027475729338,1.301689893607514,133471
2022-02-23,1.301689893607514,1.3083822464534198,1.3025087960117137,1.3069404799023163,129311
2022-02-24,1.3069404799023163,1.308298735399839,1.3050798895946438,1.3062737345671822,118060
2022-02-25,1.3062737345671822,1.311225345445857,1.304204163674734,1.3102884554974916,133226
2022-02-28,1.3102884554974916,1.3116490563987877,1.3062075496344974,1.3068412787401595,129490
2022-03-01,1.3068412787401595,1.3101895737785234,1.3059413169523992,1.3084247702568597,96756
2022-03-02,1.3084247702568597,1.3089892547539168,1.3012546034286294,1.3020792126802516,134903
2022-03-03,1.3020792126802516,1.3034577291849851,1.297080101331725,1.2987924301833331,120641
2022-03-04,1.2987924301833331,1.2992567821909191,1.2955230166259193,1.2955280937552376,108030
2022-03-07,1.2955280937552376,1.296073628959262,1.2906055120651747,1.2919140486513057,116454
2022-03-08,1.2919140486513057,1.293798319556292,1.2882562956750558,1.2885220849495085,122425
2022-03-09,1.2885220849495085,1.2929258357433264,1.2860361777767615,1.2924608461260862,125060
2022-03-10,1.2924608461260862,1.2949219903187834,1.2889918435518977,1.2893614955809958,99497
2022-03-11,1.2893614955809958,1.2957122991158991,1.2885679613652756,1.294850802534773,118074
2022-03-14,1.294850802534773,1.2945132175918697,1.2909937595495862,1.2917789996665583,147940
2022-03-15,1.2917789996665583,1.2955356420803033,1.290019051850288,1.293263461908116,130916
2022-03-16,1.293263461908116,1.298442144513703,1.2937961343885,1.297802521423771,108889
2022-03-17,1.297802521423771,1.304217868956804,1.29817517562011,1.3029162748553365,134909
2022-03-18,1.3029162748553365,1.310026530518701,1.302426319514685,1.3084422937811775,101841
2022-03-21,1.3084422937811775,1.3136742897449585,1.3077616475912726,1.3135019185589458,143164
2022-03-22,1.3135019185589458,1.3146061190985094,1.3102687385901717,1.3112662488434867,114796
2022-03-23,1.3112662488434867,1.3121834418947604,1.3082297040125876,1.3094008203102443,126737
2022-03-24,1.3094008203102443,1.3118903879653592,1.308318529732743,1.310883047377159,130625
2022-03-25,1.310883047377159,1.3141261393156296,1.3079305688901486,1.3098948938730437,122969
2022-03-28,1.3098948938730437,1.310956589329203,1.3066732467730375,1.3084802205890056,122093
2022-03-29,1.3084802205890056,1.3109706255024032,1.307304098281268,1.3097725450744526,116843
2022-03-30,1.3097725450744526,1.3124664906549923,1.307800969968332,1.310684358731302,118631
2022-03-31,1.310684358731302,1.3111589649055506,1.3082408364314864,1.309580791697066,142123
2022-04-01,1.309580791697066,1.3115889157491052,1.3075949065285568,1.3104146354740134,111791
2022-04-04,1.3104146354740134,1.3117445183137777,1.307117327477859,1.3083363605271323,139259
2022-04-05,1.3083363605271323,1.3096211905528403,1.3030321375259424,1.3056860179505587,132410
2022-04-06,1.3056860179505587,1.310748643124289,1.304208203578289,1.3089123608919384,121276
2022-04-07,1.3089123608919384,1.3113979673471516,1.3075552880646104,1.3097930402836844,113668
2022-04-08,1.3097930402836844,1.312930680762008,1.3081742864855173,1.3126332370014893,112677
2022-04-11,1.3126332370014893,1.320192303125431,1.3119584501223518,1.3194741681889215,127475
2022-04-12,1.3194741681889215,1.3197793248144043,1.3165199101341596,1.3192038057287976,108736
2022-04-13,1.3192038057287976,1.3196780377536266,1.3152131397191318,1.316007305835826,125397
2022-04-14,1.316007305835826,1.319666759498226,1.3166884218689228,1.318901600919464,130941
2022-04-15,1.318901600919464,1.3185916369859734,1.3137189389872062,1.316593669108553,103208
2022-04-18,1.316593669108553,1.3182937746512255,1.312146335195568,1.3130359554217004,103240
2022-04-19,1.3130359554217004,1.3162331153763815,1.3108059459486028,1.3139997004494643,95409
2022-04-20,1.3139997004494643,1.320674147726189,1.3132866337222109,1.319630619749962,130490
2022-04-21,1.319630619749962,1.3202890897896973,1.3167824331163542,1.3172427300704284,135305
2022-04-22,1.3172427300704284,1.3192168177022032,1.310599331412657,1.3112605452327626,125376
2022-04-25,1.3112605452327626,1.3125168064917798,1.30867408050662,1.311226224334462,138911
2022-04-26,1.311226224334462,1.3119105957465174,1.3066221000563512,1.3091082050000729,137354
2022-04-27,1.3091082050000729,1.3151457502093082,1.3101820472174004,1.3146261237897483,100725
2022-04-28,1.3146261237897483,1.320966314747948,1.3134841348205517,1.319876658002076,143312
2022-04-29,1.319876658002076,1.3215206076369868,1.3184099263443283,1.321192421446551,126074
2022-05-02,1.321192421446551,1.322348019052004,1.317595763580356,1.3183382058999622,137724
2022-05-03,1.3183382058999622,1.3203308479737366,1.3163087649146967,1.3180954476237758,121250
2022-05-04,1.3180954476237758,1.318421270886173,1.3120651793122429,1.3136347106761626,127072
2022-05-05,1.3136347106761626,1.319311035621289,1.3121601476493705,1.3174122187864383,118879
2022-05-06,1.3174122187864383,1.3217405080846776,1.3168288310103755,1.320524561872201,116330
2022-05-09,1.320524561872201,1.3213468105687118,1.318473668544918,1.3191272709359945,124175
2022-05-10,1.3191272709359945,1.322254942020204,1.3177784423437642,1.3221162533855024,134642
2022-05-11,1.3221162533855024,1.323785866935451,1.321178203721267,1.3234079212047898,120754
2022-05-12,1.3234079212047898,1.3272009073331028,1.3226112069758575,1.3270328998059675,138048
2022-05-13,1.3270328998059675,1.3274245193696057,1.3234165844566304,1.3262626943169833,136816
2022-05-16,1.3262626943169833,1.328982616086584,1.3245753490596457,1.3262628525291835,122051
2022-05-17,1.3262628525291835,1.3273508690900135,1.3219952940853277,1.3233240349441846,114783
2022-05-18,1.3233240349441846,1.3242680894415155,1.3213798484354211,1.323805271346701,114864
2022-05-19,1.323805271346701,1.3267787995456477,1.322393562868269,1.3242895830565184,143522
2022-05-20,1.3242895830565184,1.32763946958074,1.3221422199249038,1.3255319156254612,115088
2022-05-23,1.3255319156254612,1.3267520236583736,1.3212727871496042,1.3230841074454356,149756
2022-05-24,1.3230841074454356,1.3260245224445355,1.322444732648827,1.324029953707891,119581
2022-05-25,1.324029953707891,1.3270431018030573,1.3222092373135226,1.3251918388361297,99418
2022-05-26,1.3251918388361297,1.3311110146020682,1.323326349247838,1.3298417548035824,126192
2022-05-27,1.3298417548035824,1.333110194519154,1.3283530717861651,1.3328147000153616,121880
2022-05-30,1.3328147000153616,1.339773376790916,1.330935767903205,1.3363505753725589,133083
2022-05-31,1.3363505753725589,1.3412277316308925,1.335654291058156,1.3406753101998723,133794
2022-06-01,1.3406753101998723,1.3439265636583972,1.3389461240709375,1.3422329375921973,110305
2022-06-02,1.3422329375921973,1.3437961516518433,1.3361851475761946,1.3382372162360472,105436
2022-06-03,1.3382372162360472,1.3429752253570657,1.3374418678279163,1.3418314696351117,134640
2022-06-06,1.3418314696351117,1.3425997518518191,1.339686386359104,1.3406014725370423,131589
2022-06-07,1.3406014725370423,1.3419723869107658,1.3371631348507815,1.3378172188288877,131232
2022-06-08,1.3378172188288877,1.337948838500103,1.329601793941218,1.3299901501107068,101563
2022-06-09,1.3299901501107068,1.332285107649073,1.328744250459478,1.3306418401717164,123798
2022-06-10,1.3306418401717164,1.3328438891810233,1.3274416637105255,1.32929745110175,120140
2022-06-13,1.32929745110175,1.3307163731140863,1.324257438438688,1.3246473815996271,115920
2022-06-14,1.3246473815996271,1.3297537232824632,1.3240607524821533,1.327594458065237,108372
2022-06-15,1.327594458065237,1.3290933296125869,1.3242856298973913,1.3247578714250114,118228
2022-06-16,1.3247578714250114,1.329682537744198,1.3251765550180308,1.3275829701666235,109751
2022-06-17,1.3275829701666235,1.3294543714016198,1.3212326412428808,1.3238054768378575,138921
2022-06-20,1.3238054768378575,1.3294847312441131,1.322169494752924,1.3279180369351182,147071
2022-06-21,1.3279180369351182,1.3325188690481893,1.3282040444429082,1.3308406660145475,114578
2022-06-22,1.3308406660145475,1.3310378898918411,1.3269050448565085,1.3282785129064278,111355
2022-06-23,1.3282785129064278,1.330070874638349,1.3243232991329208,1.3259787193157668,122839
2022-06-24,1.3259787193157668,1.3310310248080683,1.3259116586980797,1.3308075428222117,92925
2022-06-27,1.3308075428222117,1.333138794335201,1.3284672160571047,1.3311100616307487,125762
2022-06-28,1.3311100616307487,1.33316458753324,1.3286156460517746,1.3292512087837067,132790
2022-06-29,1.3292512087837067,1.3302414529358804,1.3250972800181755,1.3273183416350294,121568
2022-06-30,1.3273183416350294,1.3327044997361737,1.3257264499359032,1.331989168663574,100446
2022-07-01,1.331989168663574,1.3327711170537824,1.3292653136450594,1.329466354397544,128542
2022-07-04,1.329466354397544,1.33201025220154,1.3263698138315496,1.3293231451501084,106438
2022-07-05,1.3293231451501084,1.3302593276545012,1.3258900279855783,1.325937156499338,124757
2022-07-06,1.325937156499338,1.327836353913204,1.3236830593858022,1.325763497494049,131449
2022-07-07,1.325763497494049,1.3255347840524403,1.3184063707270772,1.3195226369713406,132886
2022-07-08,1.3195226369713406,1.327880142599767,1.3196802333804654,1.327525570275654,117346
2022-07-11,1.327525570275654,1.3305540842575163,1.3268490245248583,1.329589577601753,111238
2022-07-12,1.329589577601753,1.3327129222862282,1.3283626876684378,1.3303128477315036,118613
2022-07-13,1.3303128477315036,1.3343295124766454,1.3305712025956444,1.331985509446138,114788
2022-07-14,1.331985509446138,1.3342426356664725,1.3286910614581644,1.330238279445149,143985
2022-07-15,1.330238279445149,1.332652165905538,1.3280710691671451,1.3324147640458548,141801
2022-07-18,1.3324147640458548,1.3364732218779285,1.329306432414415,1.3294300691836969,127826
2022-07-19,1.3294300691836969,1.332147296259535,1.32805143637486,1.3290323765690533,138057
2022-07-20,1.3290323765690533,1.332196144061267,1.3296576827625537,1.3305167802792373,136959
2022-07-21,1.3305167802792373,1.330909436775736,1.3263756364049937,1.3279657074205111,120869
2022-07-22,1.3279657074205111,1.3289499558430404,1.3246318482818282,1.3259924287805216,89549
2022-07-25,1.3259924287805216,1.3322855069726935,1.3242683909278563,1.3318407669040655,114294
2022-07-26,1.3318407669040655,1.337548481085227,1.3325404742128772,1.337224335194861,118297
2022-07-27,1.337224335194861,1.33789923640212,1.33246965992123,1.333332241794576,127752
2022-07-28,1.333332241794576,1.3350559162444835,1.3285502937318556,1.3298342465030344,108404
2022-07-29,1.3298342465030344,1.3322978222833943,1.3287167557500934,1.3319205180921887,125675
2022-08-01,1.3319205180921887,1.3357084558245398,1.3300816026292774,1.3303782942788624,134232
2022-08-02,1.3303782942788624,1.3385678266070873,1.3305051197077098,1.3381335870904156,109647
2022-08-03,1.3381335870904156,1.338038034771792,1.3343063375252582,1.3361793700593751,99201
2022-08-04,1.3361793700593751,1.3389305609845958,1.334275323235807,1.3347645714799845,99459
2022-08-05,1.3347645714799845,1.339251016932898,1.3340710633325952,1.3383905598825176,127582
2022-08-08,1.3383905598825176,1.34366348463695,1.3372357377626645,1.3431437726273194,137440
2022-08-09,1.3431437726273194,1.3490057668223727,1.3413578795066097,1.3467981845318528,115445
2022-08-10,1.3467981845318528,1.3492508459739876,1.3454615306473825,1.3477942052596363,145650
2022-08-11,1.3477942052596363,1.349444974228823,1.3443124142783307,1.3452810492153886,127708
2022-08-12,1.3452810492153886,1.3494016269304316,1.3437132220973689,1.3475457447043346,109816
2022-08-15,1.3475457447043346,1.348573613303914,1.3410571181160311,1.3451861734995398,125478
2022-08-16,1.3451861734995398,1.3452789257401487,1.3413412492816268,1.3430005552589668,110914
2022-08-17,1.3430005552589668,1.3447796963608143,1.3401808690980823,1.3414936365203396,119508
2022-08-18,1.3414936365203396,1.342446531776724,1.3372830816727417,1.3383523372541346,113599
2022-08-19,1.3383523372541346,1.3390445213023567,1.3346422687691448,1.3386491135880685,156438
2022-08-22,1.3386491135880685,1.344169370519216,1.3379062308227525,1.3435281817394542,126378
2022-08-23,1.3435281817394542,1.34383449277058,1.3389091900353012,1.3429853473139948,121893
2022-08-24,1.3429853473139948,1.3492067888339538,1.343372774684125,1.3486585566515523,101847
2022-08-25,1.3486585566515523,1.348649586831886,1.3433647662664563,1.344176687216658,138161
2022-08-26,1.344176687216658,1.3454482297717911,1.3378916763144255,1.3398743953996473,125677
2022-08-29,1.3398743953996473,1.3407414306191414,1.3347381911187408,1.3352043191672025,127891
2022-08-30,1.3352043191672025,1.338699404990699,1.3345900018207375,1.3377939738372604,117612
2022-08-31,1.3377939738372604,1.3428326428598396,1.3377786626094057,1.3394518267553075,119579
2022-09-01,1.3394518267553075,1.341041448959751,1.335146985898447,1.336192732889226,136770
2022-09-02,1.336192732889226,1.3410604103197876,1.3353826095685453,1.3357479189352457,109985
2022-09-05,1.3357479189352457,1.3364099429131278,1.3328149433601313,1.33546151921472,114973
2022-09-06,1.33546151921472,1.3380537452778063,1.334052566765026,1.3343393773427146,109485
2022-09-07,1.3343393773427146,1.3380946311292163,1.3337059233939736,1.3378965434298196,131808
2022-09-08,1.3378965434298196,1.3399162445668744,1.3353317296121283,1.337171569309616,82709
2022-09-09,1.337171569309616,1.3383483071586868,1.331736951285919,1.3338742302493751,122745
2022-09-12,1.3338742302493751,1.3376481039725068,1.3325832898920165,1.3373041562059218,132047
2022-09-13,1.3373041562059218,1.3415908920156792,1.3355067518203347,1.338588324954505,116289
2022-09-14,1.338588324954505,1.3433624548707557,1.3362025225498313,1.3427899798740093,144825
2022-09-15,1.3427899798740093,1.3421508671817788,1.3358518603795395,1.3378720779934774,137433
2022-09-16,1.3378720779934774,1.3394436259219864,1.33555142888886,1.336687048548134,124055
2022-09-19,1.336687048548134,1.3392578053651176,1.3351826764503378,1.3372527803480134,129778
2022-09-20,1.3372527803480134,1.3415659961301636,1.3363697095662324,1.3366364041611525,135248
2022-09-21,1.3366364041611525,1.3387978991818896,1.3331791844437009,1.3373683376586156,136401
2022-09-22,1.3373683376586156,1.336651787098476,1.3289465784579535,1.329001132809888,115310
2022-09-23,1.329001132809888,1.3293182436698978,1.32348002349493,1.3238211231771693,128994
2022-09-26,1.3238211231771693,1.3248157664770637,1.316620053475678,1.3187871840480831,115640
2022-09-27,1.3187871840480831,1.3224507451343592,1.318400308449754,1.320418157278768,116565
2022-09-28,1.320418157278768,1.3217468465382185,1.3173221899126777,1.3213837282681646,130425
2022-09-29,1.3213837282681646,1.3225204562061064,1.316071160544731,1.3182385249689428,105339
2022-09-30,1.3182385249689428,1.3194492026531874,1.315231683597047,1.316370157909473,131938
2022-10-03,1.316370157909473,1.3179792826797798,1.3126497537944095,1.3167524011813874,143845
2022-10-04,1.3167524011813874,1.3164987459356,1.3107383659657084,1.3136439685983494,134223
2022-10-05,1.3136439685983494,1.316734209553291,1.3126116237256114,1.314737341277356,113750
2022-10-06,1.314737341277356,1.3161441775777696,1.3137887063825913,1.3149931239536736,116473
2022-10-07,1.3149931239536736,1.319123925814386,1.3129560600625658,1.3160073644268646,136534
2022-10-10,1.3160073644268646,1.3190037668858876,1.3151283342338569,1.3160335507676892,126066
2022-10-11,1.3160335507676892,1.3210415115170395,1.315217479908836,1.3188036503546767,114102
2022-10-12,1.3188036503546767,1.3211286227082344,1.3174120185605116,1.321047195289214,121109
2022-10-13,1.321047195289214,1.3219930540866127,1.3187277138028466,1.3190709147127024,119499
2022-10-14,1.3190709147127024,1.3287230653101134,1.3184039160102878,1.3280571979210698,131604
2022-10-17,1.3280571979210698,1.3321177915938052,1.326860821054417,1.3287210338937572,121225
2022-10-18,1.3287210338937572,1.3296569515294778,1.3268228951261485,1.3282139582722656,107690
2022-10-19,1.3282139582722656,1.3332475933466756,1.3270326569764117,1.3325330753121476,110348
2022-10-20,1.3325330753121476,1.3379498822894684,1.3318491492877762,1.337733579509644,104272
2022-10-21,1.337733579509644,1.339965105606637,1.3332053894724072,1.3337604744574112,119212
2022-10-24,1.3337604744574112,1.3373048701391363,1.3326806463017415,1.3330516900470233,114115
2022-10-25,1.3330516900470233,1.336975051740488,1.3303850396253605,1.3366425592101592,109275
2022-10-26,1.3366425592101592,1.340165345372324,1.3351066542189216,1.3397099414851672,150578
2022-10-27,1.3397099414851672,1.3449027570862817,1.3405413678350635,1.3411498552805778,126430
2022-10-28,1.3411498552805778,1.3492912583576926,1.340886664435185,1.3484732138641644,123256
2022-10-31,1.3484732138641644,1.348372285587808,1.3439918163095346,1.345618066133994,124399
2022-11-01,1.345618066133994,1.3512421610152998,1.3460953323970886,1.3462445155772669,113672
2022-11-02,1.3462445155772669,1.346581142152535,1.3414706203852724,1.343236560419884,121191
2022-11-03,1.343236560419884,1.3455921688979169,1.3422350245901995,1.3441184314275585,129406
2022-11-04,1.3441184314275585,1.3449192809981978,1.3405463529884167,1.3428806880630206,130633
2022-11-07,1.3428806880630206,1.3455991091140076,1.342287355290602,1.3451517368296082,91336
2022-11-08,1.3451517368296082,1.345023757082214,1.339965200467452,1.3423222886051145,125459
2022-11-09,1.3423222886051145,1.3419777457228634,1.336298971320064,1.337057903302627,128928
2022-11-10,1.337057903302627,1.3435522408061364,1.336362569929997,1.3420759954528825,113620
2022-11-11,1.3420759954528825,1.3467090798641068,1.3415367912232548,1.3453145904564348,137061
2022-11-14,1.3453145904564348,1.3473776381337723,1.3416353232640268,1.342308258659504,108829
2022-11-15,1.342308258659504,1.3435629415276913,1.3394050590583677,1.340927057443325,124780
2022-11-16,1.340927057443325,1.3415915511532428,1.336913251967693,1.3374193609128,132687
2022-11-17,1.3374193609128,1.3397839701691496,1.3328155809795983,1.3340520773079312,119744
2022-11-18,1.3340520773079312,1.3354238006131778,1.3290433801690325,1.3347902554305957,115269
2022-11-21,1.3347902554305957,1.335890915669962,1.3292368573254585,1.33569448589149,138496
2022-11-22,1.33569448589149,1.3370404157772575,1.3334779057858843,1.3346562413547645,132143
2022-11-23,1.3346562413547645,1.337181991908246,1.334338344218097,1.336534279615273,137707
2022-11-24,1.336534279615273,1.337389867085239,1.3310548337758383,1.3342308924597048,116582
2022-11-25,1.3342308924597048,1.3359839733258454,1.3332021991432317,1.3346506333122343,118978
2022-11-28,1.3346506333122343,1.3368899799192755,1.330689883621153,1.33656302589896,153731
2022-11-29,1.33656302589896,1.338224430057089,1.3341506858472374,1.335215475920757,119202
2022-11-30,1.335215475920757,1.336695426529758,1.3343687860127127,1.3358813490748058,107713
2022-12-01,1.3358813490748058,1.3361739275901274,1.3317463831130971,1.332375271607993,124486
2022-12-02,1.332375271607993,1.3344517564748386,1.328795503522865,1.3312817357114568,112365
2022-12-05,1.3312817357114568,1.3335730063439637,1.3288947773733693,1.330712727064685,99978
2022-12-06,1.330712727064685,1.3384487630927635,1.331314866992538,1.3350046427760065,110584
2022-12-07,1.3350046427760065,1.3401602905194243,1.3352348489363013,1.339765605596071,127734
2022-12-08,1.339765605596071,1.3399860000998138,1.3352625172271546,1.3355936925423464,137860
2022-12-09,1.3355936925423464,1.3386831337838252,1.334814787917066,1.336272899635827,134967
2022-12-12,1.336272899635827,1.3412483569449425,1.335626349303191,1.341056365665099,130468
2022-12-13,1.341056365665099,1.3467428970247348,1.3408002731181703,1.3457069792677,100804
2022-12-14,1.3457069792677,1.3468291001943973,1.3432195105966074,1.3437807860716915,135021
2022-12-15,1.3437807860716915,1.3437862097379014,1.336142856937058,1.3367756563439923,135012
2022-12-16,1.3367756563439923,1.3406359913609565,1.336900349526268,1.3391716922013353,133994
2022-12-19,1.3391716922013353,1.3401271327414228,1.3348995650620863,1.3352179474862544,143717
2022-12-20,1.3352179474862544,1.3358008359728817,1.3328118235645965,1.3354838959889406,112530
2022-12-21,1.3354838959889406,1.3411139525668485,1.3362319671656335,1.3396020556724366,137698
2022-12-22,1.3396020556724366,1.3398493127318138,1.3355590316141646,1.3378084581886909,117540
2022-12-23,1.3378084581886909,1.3413994284230102,1.334142313673362,1.340935545619934,132423
2022-12-26,1.340935545619934,1.3413351543332592,1.336069462057012,1.3378573605172208,93153
2022-12-27,1.3378573605172208,1.341813530227647,1.3367806087259706,1.3399450641065247,135024
2022-12-28,1.3399450641065247,1.3425368999364244,1.3379494412546635,1.342378354262459,107247
2022-12-29,1.342378354262459,1.3434607149618514,1.3402089481325854,1.3406720242292385,111612
2022-12-30,1.3406720242292385,1.3433065152787806,1.3396104491195782,1.3418316006157114,134602
2023-01-02,1.3418316006157114,1.3484975669040855,1.3414227931986902,1.3482596539805982,131890
2023-01-03,1.3482596539805982,1.352246105209938,1.3464974576944788,1.347414518156331,108570
2023-01-04,1.347414518156331,1.3505532248001206,1.3454214927485777,1.349122910349684,113005
2023-01-05,1.349122910349684,1.351634559032933,1.3472394435744035,1.3481476801208248,114870
2023-01-06,1.3481476801208248,1.3486009192548092,1.3459278627443658,1.3466194976436003,102733
2023-01-09,1.3466194976436003,1.3463874695017644,1.3418805605283923,1.342480822963653,132693
2023-01-10,1.342480822963653,1.342952124975897,1.3392508513968648,1.3421458687330587,120812
2023-01-11,1.3421458687330587,1.3456011616136812,1.339881875528521,1.3449577588881192,124172
2023-01-12,1.3449577588881192,1.3463740297865971,1.3420265682803083,1.3421263822595453,148301
2023-01-13,1.3421263822595453,1.346486539100887,1.340889289256758,1.3452078865392632,110257
2023-01-16,1.3452078865392632,1.3485572146269809,1.3441100500537648,1.3482034598661734,132505
2023-01-17,1.3482034598661734,1.3504036182999697,1.3459539692890932,1.3465187695589782,131409
2023-01-18,1.3465187695589782,1.3503559280587876,1.3454565285541464,1.34971979977135,97548
2023-01-19,1.34971979977135,1.3516552914392814,1.347553478278593,1.351496378875659,114993
2023-01-20,1.351496378875659,1.354143741918397,1.3493752306054343,1.3536051840378378,126756
2023-01-23,1.3536051840378378,1.358476522119258,1.3540729895973087,1.3554732036870931,133619
2023-01-24,1.3554732036870931,1.355631664784129,1.351542870230809,1.3532435894010717,140614
2023-01-25,1.3532435894010717,1.3612446649574956,1.352640266267484,1.3600507297104654,111795
2023-01-26,1.3600507297104654,1.3637352047011349,1.3588365893532752,1.3626103972327124,98501
2023-01-27,1.3626103972327124,1.366567891724532,1.361079881361716,1.3658892252919252,109473
2023-01-30,1.3658892252919252,1.370210180829089,1.3650231174081868,1.3686867799116351,103231
2023-01-31,1.3686867799116351,1.3702954470969304,1.3656860140890783,1.367438456391299,94727
2023-02-01,1.367438456391299,1.3681251641730523,1.3640269718431672,1.3675088222588418,114875
2023-02-02,1.3675088222588418,1.3670110235025423,1.3628239110014946,1.3638720968328757,119725
2023-02-03,1.3638720968328757,1.3645351233683436,1.360070646458154,1.3601083175261743,113077
2023-02-06,1.3601083175261743,1.3659293685627316,1.360020078949265,1.3637619269291632,141741
2023-02-07,1.3637619269291632,1.3702554449003634,1.3632746736198529,1.368090244223746,134984
2023-02-08,1.368090244223746,1.372921702576381,1.366725511897182,1.3673823691104654,97035
2023-02-09,1.3673823691104654,1.3708080120242785,1.3664356940473064,1.3704250406680356,81508
2023-02-10,1.3704250406680356,1.3716385642724964,1.3635854641019811,1.364544241355446,112155
2023-02-13,1.364544241355446,1.370666207391595,1.3629657528910006,1.3697067801280232,122477
2023-02-14,1.3697067801280232,1.3712003659701626,1.366456003552757,1.3696411249741212,126496
2023-02-15,1.3696411249741212,1.371173920649827,1.3675019958629704,1.368508281532909,135367
2023-02-16,1.368508281532909,1.370357313004867,1.365688263042928,1.3696456933716072,127386
2023-02-17,1.3696456933716072,1.3734361100121508,1.3688010356031457,1.3718075823952511,128647
2023-02-20,1.3718075823952511,1.3730945349475732,1.3668934962157977,1.3675820650898178,115834
2023-02-21,1.3675820650898178,1.374676142153438,1.366673998899254,1.3726148405598682,151049
2023-02-22,1.3726148405598682,1.374662679529137,1.3677291520008457,1.371240901901272,131636
2023-02-23,1.371240901901272,1.3727411344719351,1.367596779812133,1.368512867100105,110947
2023-02-24,1.368512867100105,1.3689180580324087,1.363346651720846,1.365664977949237,115737
2023-02-27,1.365664977949237,1.3680677984765253,1.361329792226003,1.3673750360425692,92635
2023-02-28,1.3673750360425692,1.3709787223843068,1.3634136521117108,1.3665622766866647,125907
2023-03-01,1.3665622766866647,1.3705784769805904,1.3630827100748049,1.3701688755636008,124435
2023-03-02,1.3701688755636008,1.374772036746602,1.3704958693269236,1.3713471241172346,144172
2023-03-03,1.3713471241172346,1.3738192608618591,1.3710631113344165,1.3734572798664522,122096
2023-03-06,1.3734572798664522,1.377544473527803,1.3722381206151608,1.3743196916935032,129819
2023-03-07,1.3743196916935032,1.3757748173240794,1.370474823694544,1.373868855075105,134294
2023-03-08,1.373868855075105,1.3742075549341186,1.371177512328792,1.3718460870679694,121234
2023-03-09,1.3718460870679694,1.3729653281146996,1.370370640651113,1.370552119747284,110994
2023-03-10,1.370552119747284,1.372679171615151,1.3689081361234552,1.3699894960711836,106411
2023-03-13,1.3699894960711836,1.3754288116018962,1.3700980826186806,1.373250148339633,97034
2023-03-14,1.373250148339633,1.376737354777784,1.3711939738341192,1.3719915464489971,112313
2023-03-15,1.3719915464489971,1.3713720737650037,1.3654105806675272,1.3674160150621526,145170
2023-03-16,1.3674160150621526,1.367943327583227,1.3616152379111148,1.364061613686933,126877
2023-03-17,1.364061613686933,1.3651039315673412,1.3612159262294534,1.322022600945435,122611
2023-03-20,1.322022600945435,1.362307383494764,1.359114770143638,1.361083297326091,116337
2023-03-21,1.361083297326091,1.3647248595255033,1.3598652406202725,1.3645379939794524,153216
2023-03-22,1.3645379939794524,1.366293279584918,1.3619277158701983,1.365278399438183,133767
2023-03-23,1.365278399438183,1.3686931163567304,1.3647882880483193,1.366376027762033,106992
2023-03-24,1.366376027762033,1.368796784336367,1.363880434585217,1.3670509564742417,118490
2023-03-27,1.3670509564742417,1.3690074478043257,1.3655359226661952,1.3666932787498085,120495
2023-03-28,1.3666932787498085,1.367452750114536,1.363924436583998,1.3657407903857013,107362
2023-03-29,1.3657407903857013,1.3700599892889926,1.364974896923659,1.3693464564558686,142462
2023-03-30,1.3693464564558686,1.37200025227608,1.3664966316251328,1.3705152793769897,105360
2023-03-31,1.3705152793769897,1.3714181996475177,1.3656035715172623,1.368018167451434,123801
2023-04-03,1.368018167451434,1.3692470695294494,1.3625827593569386,1.3637832993483971,107381
2023-04-04,1.3637832993483971,1.367062872471375,1.362040355074663,1.3662196314569706,115459
2023-04-05,1.3662196314569706,1.367219683881268,1.3635372223179782,1.365348762141476,102210
2023-04-06,1.365348762141476,1.368998535148892,1.363827123110612,1.3688177026703343,115908
2023-04-07,1.3688177026703343,1.3734469474959956,1.3681025434048697,1.3708669344953333,99780
2023-04-10,1.3708669344953333,1.3711557950943851,1.3670795559255118,1.3709213379491378,113225
2023-04-11,1.3709213379491378,1.3718417739462554,1.367988433518179,1.368225654167281,126928
2023-04-12,1.368225654167281,1.368901727766662,1.3637605065964062,1.3685200007894136,141034
2023-04-13,1.3685200007894136,1.3714265076907155,1.3666467500244563,1.3682014467188537,139439
2023-04-14,1.3682014467188537,1.3706787931300075,1.366380932940266,1.370254156198723,112905
2023-04-17,1.370254156198723,1.376582181239624,1.3701928784873407,1.374093087504074,118194
2023-04-18,1.374093087504074,1.3763620488835502,1.3706158008291351,1.3718113798818132,135768
2023-04-19,1.3718113798818132,1.372301261211972,1.3680557213738835,1.3690434939738658,143501
2023-04-20,1.3690434939738658,1.3710433803496218,1.3668028012691174,1.3680481242320923,115024
2023-04-21,1.3680481242320923,1.3688366400161769,1.3636687375495442,1.3649422207979316,125392
2023-04-24,1.3649422207979316,1.369013517466385,1.3646610061848516,1.3671669320731803,139029
2023-04-25,1.3671669320731803,1.3680882675959496,1.360869870112283,1.361380473274646,97852
2023-04-26,1.361380473274646,1.3641087581591145,1.35913371775185,1.3630061920683922,112422
2023-04-27,1.3630061920683922,1.3630473868270223,1.3588425949936938,1.3606366449555034,111410
2023-04-28,1.3606366449555034,1.361389742391952,1.3583282106520238,1.3591065993704303,129907
2023-05-01,1.3591065993704303,1.3589796685463356,1.352052850434215,1.3533748313975855,115556
2023-05-02,1.3533748313975855,1.3543668622326217,1.349986091032173,1.350209341786297,101763
2023-05-03,1.350209341786297,1.3513651149435444,1.347522562982804,1.35031121348931,134287
2023-05-04,1.35031121348931,1.353130477274388,1.3476153155153352,1.351920918515327,127809
2023-05-05,1.351920918515327,1.3568131351511692,1.3513941586912193,1.3538442945535938,122815
2023-05-08,1.3538442945535938,1.354320790856586,1.3502965614680158,1.350653434843549,131599
2023-05-09,1.350653434843549,1.349335544651557,1.3432542409220705,1.3458053921483313,119853
2023-05-10,1.3458053921483313,1.346342051577392,1.3412273118195264,1.3413548234927597,107621
2023-05-11,1.3413548234927597,1.342321185191108,1.3344457437951844,1.3345673557381403,96770
2023-05-12,1.3345673557381403,1.3421897920139227,1.3334237751159812,1.3412323156277426,149067
2023-05-15,1.3412323156277426,1.3465404188555683,1.3408799000775866,1.3434803013549734,113230
2023-05-16,1.3434803013549734,1.3438504255063477,1.3400284775631113,1.342676283549632,112351
2023-05-17,1.342676283549632,1.3450922921312465,1.3411088983726045,1.3424164374904033,136049
2023-05-18,1.3424164374904033,1.3452193524310958,1.3398729354923928,1.3424100136085144,126920
2023-05-19,1.3424100136085144,1.3449465650638015,1.340560030172427,1.3408948141039057,118415
2023-05-22,1.3408948141039057,1.3443988283795851,1.3383446740084792,1.34439089983551,139463
2023-05-23,1.34439089983551,1.3487484347095189,1.3435526565486409,1.3470152887027906,104038
2023-05-24,1.3470152887027906,1.3489585371551744,1.34313073052929,1.344747375334217,128109
2023-05-25,1.344747375334217,1.345815083899962,1.342472629726496,1.3451438906273536,120608
2023-05-26,1.3451438906273536,1.349484351236504,1.344514331497009,1.348760766054199,103802
2023-05-29,1.348760766054199,1.3494414528148957,1.3448468685203572,1.3478264599740728,119525
2023-05-30,1.3478264599740728,1.3493959229444623,1.3468573479612052,1.3485031839566342,115842
2023-05-31,1.3485031839566342,1.354919917465161,1.3484769777622987,1.351779541263086,113088
2023-06-01,1.351779541263086,1.3549805045822636,1.3511461448514863,1.3516471971095994,133149
2023-06-02,1.3516471971095994,1.356599681839038,1.350131569987852,1.3563472733171262,122164
2023-06-05,1.3563472733171262,1.359705219538152,1.3569007468039085,1.3587815209420595,146381
2023-06-06,1.3587815209420595,1.363505329395635,1.3587978358431718,1.3617584747740628,99071
2023-06-07,1.3617584747740628,1.3669305048803264,1.361418063752936,1.3654117763533398,99187
2023-06-08,1.3654117763533398,1.368233840885818,1.3624691995248053,1.367110715721738,124224
2023-06-09,1.367110715721738,1.3664756779772076,1.3626457049005147,1.3651578555245367,133761
2023-06-12,1.3651578555245367,1.366835605177014,1.3643486344089597,1.3655502023588364,102369
2023-06-13,1.3655502023588364,1.3719606440200236,1.3635333556741365,1.3717938467792368,110414
2023-06-14,1.3717938467792368,1.3724660848900412,1.3630491526385056,1.3632160907131174,115392
2023-06-15,1.3632160907131174,1.366087818841688,1.3579067551670871,1.361025350919153,148405
2023-06-16,1.361025350919153,1.3629667879488472,1.3571937062585104,1.3580909733942217,107608
2023-06-19,1.3580909733942217,1.3654627504327346,1.357596755702826,1.3638529662602914,134100
2023-06-20,1.3638529662602914,1.3660212479330656,1.3599657432052543,1.3656459728939772,119084
2023-06-21,1.3656459728939772,1.3698555478236072,1.3648932857910174,1.367749267229223,85622
2023-06-22,1.367749267229223,1.3690792868228472,1.365201944953761,1.367301977696502,122287
2023-06-23,1.367301977696502,1.3695467689874998,1.3624882611962097,1.36319917941453,135952
2023-06-26,1.36319917941453,1.3675653877146627,1.36126960581991,1.3620370098912715,100499
2023-06-27,1.3620370098912715,1.3705533682003843,1.3609856158549758,1.3704893632655657,124525
2023-06-28,1.3704893632655657,1.3716036984894198,1.3666556284835225,1.3687485918611964,104403
2023-06-29,1.3687485918611964,1.3706608833189835,1.3627153248859205,1.3654469068111794,122561
2023-06-30,1.3654469068111794,1.3648880669319072,1.3602610635334471,1.3614144655103104,119058
2023-07-03,1.3614144655103104,1.3655843484224113,1.3595004739476848,1.3643678705377462,133589
2023-07-04,1.3643678705377462,1.3702016873163498,1.3623995811365062,1.3697488691963036,136111
2023-07-05,1.3697488691963036,1.3706770563462023,1.3641608151764295,1.3646081610517962,137021
2023-07-06,1.3646081610517962,1.36670921411175,1.3614028410900678,1.3634716309415562,139961
2023-07-07,1.3634716309415562,1.3648265861884104,1.356194018699053,1.3580180238841155,127924
2023-07-10,1.3580180238841155,1.3614526449438469,1.357652845484045,1.3597082600349042,119528
2023-07-11,1.3597082600349042,1.3605926234207284,1.35628361723345,1.358285958586682,133468
2023-07-12,1.358285958586682,1.3577251318210417,1.3515360549812137,1.3518783261805565,106770
2023-07-13,1.3518783261805565,1.3536100248253302,1.347748425758125,1.349888432410173,126115
2023-07-14,1.349888432410173,1.3543112409598783,1.3501028436803504,1.3539569387784949,136743
2023-07-17,1.3539569387784949,1.356301480652127,1.3525172974768656,1.3548070571224111,126343
2023-07-18,1.3548070571224111,1.3550750765591246,1.3501250983507682,1.352698548550075,111251
2023-07-19,1.352698548550075,1.352622845788798,1.347829765727928,1.3485287647727071,146421
2023-07-20,1.3485287647727071,1.3500676698403946,1.3431747083357355,1.3463132565208265,131513
2023-07-21,1.3463132565208265,1.3514353512789845,1.3453287226128103,1.3503990782727051,121220
2023-07-24,1.3503990782727051,1.3561715284505689,1.3487997262566425,1.3518637603860637,144384
2023-07-25,1.3518637603860637,1.3531883134788276,1.347761053624582,1.350324225110712,143470
2023-07-26,1.350324225110712,1.3549474081031678,1.3504347715027525,1.3541744753394422,116073
2023-07-27,1.3541744753394422,1.356488035852871,1.353716281285166,1.355949580727271,107709
2023-07-28,1.355949580727271,1.3554961543052564,1.3507596636432089,1.354901146955586,113047
2023-07-31,1.354901146955586,1.356834754451924,1.353629811445388,1.354794578132127,128552
2023-08-01,1.354794578132127,1.3583083716369524,1.3545098699934492,1.3550326126748848,142786
2023-08-02,1.3550326126748848,1.359790452620373,1.3544214423990382,1.358024130665148,136393
2023-08-03,1.358024130665148,1.3611255894365202,1.356283905428994,1.3608455173536995,110638
2023-08-04,1.3608455173536995,1.3608871540048653,1.3570484529735602,1.3583529165614672,120604
2023-08-07,1.3583529165614672,1.3603405517291474,1.3569623044727572,1.359012353323227,119434
2023-08-08,1.359012353323227,1.360493741443622,1.3565642855278817,1.3590326957390229,128142
2023-08-09,1.3590326957390229,1.361177976416864,1.3551269915579005,1.3561374017974468,96779
2023-08-10,1.3561374017974468,1.359284810276581,1.3551609145727537,1.3561450095317436,127237
2023-08-11,1.3561450095317436,1.3572460300153188,1.349964597504241,1.3503502116814603,141447
2023-08-14,1.3503502116814603,1.3506974559820977,1.3467066948673618,1.3471226219273238,121408
2023-08-15,1.3471226219273238,1.3514066728262195,1.3467202043086588,1.348887646519971,114352
2023-08-16,1.348887646519971,1.3494940602390468,1.3433124131068075,1.3450185712465794,120599
2023-08-17,1.3450185712465794,1.3477787859559451,1.342731701421143,1.3474341058971326,153361
2023-08-18,1.3474341058971326,1.3496949045163755,1.3436180059618783,1.346818246735722,146021
2023-08-21,1.346818246735722,1.3470388239809632,1.3446069670057683,1.3467577753886395,120642
2023-08-22,1.3467577753886395,1.3523369686722395,1.343530611097017,1.345756652294328,146090
2023-08-23,1.345756652294328,1.3454623825153016,1.3404508265436557,1.344106566922996,121834
2023-08-24,1.344106566922996,1.3459244224456932,1.3414234479198874,1.3441361345683336,136455
2023-08-25,1.3441361345683336,1.3494483491160525,1.343279712699167,1.3459264679415164,105711
2023-08-28,1.3459264679415164,1.349760442330005,1.3444576446684091,1.3465467518832108,105697
2023-08-29,1.3465467518832108,1.347211618793945,1.3421433171678092,1.3422800856484003,120931
2023-08-30,1.3422800856484003,1.344205394242734,1.339013875166625,1.3434253384029962,124490
2023-08-31,1.3434253384029962,1.3443078103404489,1.3421057657017854,1.343551603486232,125116
2023-09-01,1.343551603486232,1.3463182948235248,1.3417663426000173,1.3458627796373257,143532
2023-09-04,1.3458627796373257,1.3469526582671545,1.3439084082560322,1.346594877828574,138253
2023-09-05,1.346594877828574,1.35395406110628,1.3452860215535738,1.3518191495957546,95797
2023-09-06,1.3518191495957546,1.3612337721836498,1.3509408061701282,1.36060238787416,111388
2023-09-07,1.36060238787416,1.363577513203396,1.3569421646469852,1.358077558570692,109176
2023-09-08,1.358077558570692,1.3606068267041809,1.3547207756674278,1.355447346571259,123505
2023-09-11,1.355447346571259,1.354785178417929,1.3492004533422994,1.3518152693715475,124265
2023-09-12,1.3518152693715475,1.3576134716607884,1.3518911298851457,1.3563452668932652,131621
2023-09-13,1.3563452668932652,1.3626993333198485,1.3552857231943196,1.3615263014068786,115900
2023-09-14,1.3615263014068786,1.3649431627336206,1.3580315424471163,1.3581738561334638,125791
2023-09-15,1.3581738561334638,1.3612204195277966,1.3540113662469837,1.3611037830693165,132937
2023-09-18,1.3611037830693165,1.3669174581365335,1.3604628795939149,1.3662778712700137,113376
2023-09-19,1.3662778712700137,1.3690749545772178,1.3655744395147391,1.3680391703003825,98252
2023-09-20,1.3680391703003825,1.373464317340701,1.3656072752102784,1.3724673087268506,110249
2023-09-21,1.3724673087268506,1.3736387132625458,1.368034104749662,1.3690553660228444,134479
2023-09-22,1.3690553660228444,1.371151631250635,1.3647143649177338,1.3650951101035105,118826
2023-09-25,1.3650951101035105,1.3673500311018203,1.3620109477803377,1.362299329044858,117382
2023-09-26,1.362299329044858,1.3663785856957609,1.3588825951061658,1.3597366063402092,115139
2023-09-27,1.3597366063402092,1.3605482952156005,1.3582447755957174,1.3588351057367882,131274
2023-09-28,1.3588351057367882,1.35894754393745,1.3523985539883625,1.3572639048838897,121821
2023-09-29,1.3572639048838897,1.3622954392768871,1.3562432380507108,1.361112704125235,130901
2023-10-02,1.361112704125235,1.3622153023588917,1.35792717592214,1.3593287687832594,124587
2023-10-03,1.3593287687832594,1.36337182548363,1.358422564222654,1.3607129486267495,121332
2023-10-04,1.3607129486267495,1.362500093949303,1.3590108024847891,1.3600979466177108,118978
2023-10-05,1.3600979466177108,1.363345014577361,1.3584918614378898,1.3630902342370548,130506
2023-10-06,1.3630902342370548,1.369597583208051,1.360594603421979,1.3693139114454316,118311
2023-10-09,1.3693139114454316,1.375000386357489,1.3671480701302527,1.372751039570411,123317
2023-10-10,1.372751039570411,1.374241600976451,1.3690248180561273,1.371363144867889,124893
2023-10-11,1.371363144867889,1.3755428683653046,1.3713772564286002,1.3719744126961873,129740
2023-10-12,1.3719744126961873,1.3751336322303982,1.371855956502272,1.373476174632013,132910
2023-10-13,1.373476174632013,1.3776889607332872,1.372374333900704,1.3741840294174843,111635
2023-10-16,1.3741840294174843,1.378015211239227,1.3716446536131406,1.3778729314601674,118500
2023-10-17,1.3778729314601674,1.3829349658444434,1.3769625841697084,1.382698749708908,109069
2023-10-18,1.382698749708908,1.3849106045312989,1.3792902920183736,1.3806333557081332,135481
2023-10-19,1.3806333557081332,1.3825705772135588,1.3790058442286028,1.382483958401107,99066
2023-10-20,1.382483958401107,1.3854221137852225,1.3806889760378482,1.3808583250659094,121012
2023-10-23,1.3808583250659094,1.3844369530577216,1.3801300320922096,1.3831481308566556,106629
2023-10-24,1.3831481308566556,1.386247914479516,1.3826759206988748,1.3846763734331755,118620
2023-10-25,1.3846763734331755,1.396394550148559,1.3842952207308867,1.3953029708809113,118077
2023-10-26,1.3953029708809113,1.3965102322830976,1.3920359242812623,1.3956215494751916,134213
2023-10-27,1.3956215494751916,1.3965222648351856,1.3896701167640808,1.3930698924712162,126814
2023-10-30,1.3930698924712162,1.3938309299825715,1.3887882025455969,1.391719250242836,114010
2023-10-31,1.391719250242836,1.395182197230438,1.3908583410005124,1.394690113008784,138521
2023-11-01,1.394690113008784,1.3964384533544514,1.392544751062215,1.3954890236090691,131263
2023-11-02,1.3954890236090691,1.39845082886259,1.3910801701109765,1.3917231254269342,116427
2023-11-03,1.3917231254269342,1.3917023385913725,1.386212074462967,1.3864571233538068,116490
2023-11-06,1.3864571233538068,1.3882613002514668,1.3848689570302593,1.3863670283581224,135883
2023-11-07,1.3863670283581224,1.387341914873035,1.382996205311454,1.3832209955020007,92226
2023-11-08,1.3832209955020007,1.3917904898339173,1.381903250188319,1.391105892975112,124911
2023-11-09,1.391105892975112,1.3916815390622306,1.3865510108368466,1.386741664416924,118475
2023-11-10,1.386741664416924,1.389230691578633,1.385409076994551,1.387721166643099,112409
2023-11-13,1.387721166643099,1.3899990621437144,1.381849838296885,1.3830911199106286,123679
2023-11-14,1.3830911199106286,1.3829429965255091,1.3800801895624764,1.381404318819606,135593
2023-11-15,1.381404318819606,1.3872652260041698,1.3783227914743927,1.380902202720462,124030
2023-11-16,1.380902202720462,1.38346942245626,1.3794980096579204,1.3821824889090548,120169
2023-11-17,1.3821824889090548,1.385149142063459,1.3803137621511816,1.3818162158494554,108731
2023-11-20,1.3818162158494554,1.383085518835646,1.375049344718792,1.3775577253524116,96417
2023-11-21,1.3775577253524116,1.3799464343963497,1.375640436856649,1.3797418434425237,113513
2023-11-22,1.3797418434425237,1.3826428358914031,1.3780973484641996,1.3787287568665076,95875
2023-11-23,1.3787287568665076,1.37948597776892,1.3766036221705125,1.378222533159046,107579
2023-11-24,1.378222533159046,1.379102766509858,1.373979763521726,1.3742840001360586,122493
2023-11-27,1.3742840001360586,1.3760009488668186,1.3711697434825707,1.3718060741338567,121668
2023-11-28,1.3718060741338567,1.376814520178469,1.3692307898612328,1.375501703609342,102320
2023-11-29,1.375501703609342,1.377214002667327,1.3715119394169109,1.37302141268626,144730
2023-11-30,1.37302141268626,1.3740026076024134,1.369813823509315,1.3722656456462845,120283
2023-12-01,1.3722656456462845,1.376474939614225,1.369564711353082,1.3755385628981585,118825
2023-12-04,1.3755385628981585,1.3825646649931378,1.3746912019277615,1.3800029082811809,115909
2023-12-05,1.3800029082811809,1.3810679177664589,1.375334060137776,1.3762675405972764,123176
2023-12-06,1.3762675405972764,1.3770565833828017,1.3712969199202334,1.3736670716842825,90675
2023-12-07,1.3736670716842825,1.3773768463222014,1.3722407957323493,1.3758671336523771,133395
2023-12-08,1.3758671336523771,1.3780130667541226,1.3743479952006137,1.375148359714333,125858
2023-12-11,1.375148359714333,1.3765774954899348,1.370709886777632,1.3712048210977712,121759
2023-12-12,1.3712048210977712,1.3717184641883595,1.3656556755865628,1.3659929840204,142001
2023-12-13,1.3659929840204,1.366534409735734,1.360796916719763,1.3615068982605671,89829
2023-12-14,1.3615068982605671,1.3624218806043775,1.358776585127624,1.3622597725977932,119626
2023-12-15,1.3622597725977932,1.3628894758301533,1.360069808137012,1.361918897482038,112417
2023-12-18,1.361918897482038,1.3619542986146138,1.3578551979574158,1.3580712616626294,121541
2023-12-19,1.3580712616626294,1.359015159818652,1.3544337828148163,1.3556983345826608,121262
2023-12-20,1.3556983345826608,1.3615292502005472,1.3545484241905652,1.3607775796146495,123681
2023-12-21,1.3607775796146495,1.3629930562064494,1.358962103883698,1.359889443531228,109856
2023-12-22,1.359889443531228,1.364217706115796,1.357942097727944,1.358341429003944,112472
2023-12-25,1.358341429003944,1.358574514532345,1.3555855257855838,1.3581639457173431,126738
2023-12-26,1.3581639457173431,1.3649442302663457,1.355162914150151,1.3644991583425978,152402
2023-12-27,1.3644991583425978,1.3644888041939225,1.3594211935324574,1.360174060998225,131861
2023-12-28,1.360174060998225,1.3709334472546877,1.3611495488849994,1.3691431613488814,127681
2023-12-29,1.3691431613488814,1.370501317293246,1.3669581633810122,1.3692722618223048,130792
2024-01-01,1.3692722618223048,1.370553728987799,1.3649223897062404,1.3650711723073388,121082
2024-01-02,1.3650711723073388,1.36942009817524,1.3652774493752808,1.3669028817899136,131233
2024-01-03,1.3669028817899136,1.3689538490920548,1.3650209142350018,1.3651387649179787,116796
2024-01-04,1.3651387649179787,1.3705620575011284,1.3642439742239003,1.3695589995794926,114158
2024-01-05,1.3695589995794926,1.370550715235518,1.3675273135914106,1.3692368188017126,102596
2024-01-08,1.3692368188017126,1.37135601126161,1.3672594748657936,1.370255703022522,132128
2024-01-09,1.370255703022522,1.3735487982967456,1.3680599585247657,1.3716054124339634,102414
2024-01-10,1.3716054124339634,1.3767486898859147,1.3710897580743575,1.3749803247891386,91134
2024-01-11,1.3749803247891386,1.378022757131523,1.3694056223890043,1.3773969479508668,117652
2024-01-12,1.3773969479508668,1.382834693533859,1.3755429785495246,1.380618057095129,107007
2024-01-15,1.380618057095129,1.3805048374813231,1.3741118419186762,1.3749815234850322,115572
2024-01-16,1.3749815234850322,1.3775119248184633,1.3741170144452746,1.375354516264908,111934
2024-01-17,1.375354516264908,1.3767550336832792,1.368946125640058,1.3706105674687394,113825
2024-01-18,1.3706105674687394,1.3712915514075097,1.367880937258093,1.3697225472153949,130690
2024-01-19,1.3697225472153949,1.3753274469036865,1.3694261089186464,1.3740784778026056,96571
2024-01-22,1.3740784778026056,1.3759113439443105,1.3715237830267928,1.3750742840740613,90534
2024-01-23,1.3750742840740613,1.375018121418685,1.3674639974708829,1.368052386838832,101730
2024-01-24,1.368052386838832,1.3716375489903976,1.3673799496309194,1.369070604275942,137696
2024-01-25,1.369070604275942,1.3704318194178329,1.3653200909845011,1.3661633660734742,134010
2024-01-26,1.3661633660734742,1.367088193627798,1.362409262555403,1.3665418732071155,109219
2024-01-29,1.3665418732071155,1.3683049822073083,1.3632128351638748,1.3663068156729337,120481
2024-01-30,1.3663068156729337,1.371415035079074,1.3649155818148164,1.3709003495287158,131253
2024-01-31,1.3709003495287158,1.374663326689504,1.3700656659685548,1.37201956429436,134214
2024-02-01,1.37201956429436,1.3727000006676715,1.3679986708326102,1.3699198905651244,136061
2024-02-02,1.3699198905651244,1.3697664212410243,1.362705762294544,1.367490314922315,131378
2024-02-05,1.367490314922315,1.3694754067595236,1.3660712960197547,1.369206831457678,120502
2024-02-06,1.369206831457678,1.3758939164851045,1.3692375872296552,1.3748133079924172,138371
2024-02-07,1.3748133079924172,1.378563203530952,1.3724453283461184,1.3729200547678904,123386
2024-02-08,1.3729200547678904,1.3761726298166803,1.3721115666703203,1.3739944581759034,113113
2024-02-09,1.3739944581759034,1.376324530804181,1.3711483073867667,1.3715321816713244,135594
2024-02-12,1.3715321816713244,1.3722844083591597,1.36926719916688,1.3701159206102342,110916
2024-02-13,1.3701159206102342,1.372526268818561,1.3692673483025417,1.3721182845032305,124079
2024-02-14,1.3721182845032305,1.3764565992279632,1.3696870196949191,1.3745781602004032,125244
2024-02-15,1.3745781602004032,1.3746649222650038,1.3662107073813274,1.3674991873864188,114311
2024-02-16,1.3674991873864188,1.3689170454637487,1.3656373289426402,1.3662929673024522,112645
2024-02-19,1.3662929673024522,1.3670952256351363,1.3608852058334209,1.3618848917551212,131658
2024-02-20,1.3618848917551212,1.3696408357836607,1.3604487247955224,1.369318591281459,123759
2024-02-21,1.369318591281459,1.3706829002482044,1.3638088000736035,1.364267995850652,130985
2024-02-22,1.364267995850652,1.3658564825670327,1.362464620966251,1.3647166568567002,143663
2024-02-23,1.3647166568567002,1.3672518104779747,1.3613557643746856,1.3651087359597815,121787
2024-02-26,1.3651087359597815,1.3698426202648697,1.362667904408347,1.3688788777246923,150493
2024-02-27,1.3688788777246923,1.3690194899975427,1.363780590612491,1.3644403911319825,113761
2024-02-28,1.3644403911319825,1.3668301019589535,1.3627029378114426,1.3664247381626824,92922
2024-02-29,1.3664247381626824,1.367870225383573,1.363776122961158,1.365441232702235,101857
2024-03-01,1.365441232702235,1.369417457894576,1.3633085526755284,1.3658813777052634,148622
2024-03-04,1.3658813777052634,1.3666664381359608,1.3617413744045308,1.3620397249009577,117034
2024-03-05,1.3620397249009577,1.3620880229030994,1.3575997576647498,1.3606815789892124,116814
2024-03-06,1.3606815789892124,1.3667784700930994,1.3607607581614922,1.3661226751204751,142249
2024-03-07,1.3661226751204751,1.3679565516750047,1.3586200726407447,1.3591084247871108,122127
2024-03-08,1.3591084247871108,1.3621240906539995,1.3584362848308484,1.36054014841466,122051
2024-03-11,1.36054014841466,1.362173834397432,1.357864860504853,1.360581328797978,119858
2024-03-12,1.360581328797978,1.3641554729409673,1.3587950400965474,1.3634093562266454,101143
2024-03-13,1.3634093562266454,1.365628948533305,1.361734873013327,1.3654866690654388,144084
2024-03-14,1.3654866690654388,1.366904196090574,1.3618081379954323,1.3637263443453471,112858
2024-03-15,1.3637263443453471,1.3646683401369446,1.3582807924434417,1.3614912500744252,110505
2024-03-18,1.3614912500744252,1.3656946317089838,1.3615098475853826,1.3649715526002373,98359
2024-03-19,1.3649715526002373,1.3663478087490708,1.3623613832385135,1.3654587089029269,102691
2024-03-20,1.3654587089029269,1.368896283170102,1.364181629495974,1.367503217730858,94418
2024-03-21,1.367503217730858,1.3699877352985972,1.364561740800146,1.3648231522497971,119758
2024-03-22,1.3648231522497971,1.3706550967770916,1.3631671816033075,1.3704431692258745,132144
2024-03-25,1.3704431692258745,1.371588804836919,1.3681798373536216,1.370171871481006,129252
2024-03-26,1.370171871481006,1.3702549273646834,1.3636368146188604,1.3658678547955996,119087
2024-03-27,1.3658678547955996,1.3666372189203853,1.3609366148808892,1.3614964493044617,137722
2024-03-28,1.3614964493044617,1.3653466255635467,1.3610515012040147,1.36407541029306,128303
2024-03-29,1.36407541029306,1.366086213196505,1.362025648553298,1.3649892878474066,116120
2024-04-01,1.3649892878474066,1.3657142873573125,1.353517368688458,1.3546294442990938,140054
2024-04-02,1.3546294442990938,1.3575809074605494,1.3542478875401784,1.3562677492729962,131448
2024-04-03,1.3562677492729962,1.3609111500057975,1.355244919899195,1.3582030559464606,163284
2024-04-04,1.3582030559464606,1.3580919709702717,1.3513412169620815,1.3518639034762383,112957
2024-04-05,1.3518639034762383,1.3544691606473724,1.3499445162687016,1.3527491734002008,128960
2024-04-08,1.3527491734002008,1.3529405026870998,1.3478504104812168,1.348807064530684,136231
2024-04-09,1.348807064530684,1.3534848425081882,1.347673388393164,1.352754440621678,119241
2024-04-10,1.352754440621678,1.3547526954526776,1.3514713121289963,1.3522793387301644,108707
2024-04-11,1.3522793387301644,1.3547508249555351,1.3503096160916808,1.3511063494825744,121755
2024-04-12,1.3511063494825744,1.35167422872524,1.3443700583798526,1.3459841643440102,137870
2024-04-15,1.3459841643440102,1.3467787164268916,1.3395343068219507,1.3430118681070786,121660
2024-04-16,1.3430118681070786,1.3445482664187596,1.3403273844870969,1.3422572122474536,143433
2024-04-17,1.3422572122474536,1.3426778079692665,1.338531652267129,1.3408090207816603,127508
2024-04-18,1.3408090207816603,1.3425438225058703,1.3360556841894462,1.3381484513576347,129563
2024-04-19,1.3381484513576347,1.3404880002609794,1.3371285426244646,1.3388696735717818,104956
2024-04-22,1.3388696735717818,1.3387153846636752,1.3344137381003327,1.336284123153846,97515
2024-04-23,1.336284123153846,1.3374056873832416,1.331350305519502,1.331699249105175,115630
2024-04-24,1.331699249105175,1.332727643059206,1.327070913225378,1.3319870958510327,151755
2024-04-25,1.3319870958510327,1.336213591921848,1.3313380154724337,1.3339647964530743,104572
2024-04-26,1.3339647964530743,1.336589713587033,1.3314900610362828,1.334481056220093,109583
2024-04-29,1.334481056220093,1.3368609960907076,1.333641226718108,1.3360473494476344,94482
2024-04-30,1.3360473494476344,1.340560994971446,1.3365428514064417,1.3401218906286552,112845
2024-05-01,1.3401218906286552,1.344592741791592,1.3381089777198238,1.3443438113506283,130811
2024-05-02,1.3443438113506283,1.3490920000759472,1.342547810920978,1.3458000372403454,125338
2024-05-03,1.3458000372403454,1.3488663428809224,1.3451872359651078,1.3470530807903107,110173
2024-05-06,1.3470530807903107,1.34771557932405,1.3432860323690243,1.3454430195860791,113941
2024-05-07,1.3454430195860791,1.3480507834325772,1.340725851368335,1.3413781548171395,140972
2024-05-08,1.3413781548171395,1.3412111372202655,1.328466550431845,1.329376787711183,113555
2024-05-09,1.329376787711183,1.3308299256804728,1.3270016287391069,1.32902107147476,123178
2024-05-10,1.32902107147476,1.333296906114779,1.3281915998220533,1.3314377909833948,120575
2024-05-13,1.3314377909833948,1.334932575605864,1.3298912257103723,1.333599031238944,122285
2024-05-14,1.333599031238944,1.3364626750496065,1.330845971573282,1.3320332352033473,98899
2024-05-15,1.3320332352033473,1.3328999037451916,1.3289343016701372,1.331676837346865,115813
2024-05-16,1.331676837346865,1.3354789859100766,1.3311826225108592,1.3347001956578013,145514
2024-05-17,1.3347001956578013,1.3372932674980205,1.331551387164564,1.3328887590418448,148393
2024-05-20,1.3328887590418448,1.3347958393797266,1.332103199053655,1.3343211481854995,113299
2024-05-21,1.3343211481854995,1.3343531394226704,1.330135150982595,1.3315396485313409,105830
2024-05-22,1.3315396485313409,1.335890298477786,1.3303941900082454,1.3352519950500108,121726
2024-05-23,1.3352519950500108,1.3357912540513373,1.3305135961806542,1.332779208798907,149191
2024-05-24,1.332779208798907,1.3397075064955164,1.3320464299568038,1.3383269437088474,142765
2024-05-27,1.3383269437088474,1.3410989612886102,1.3375469608111827,1.338045155523072,118442
2024-05-28,1.338045155523072,1.3387568552293874,1.333381406947465,1.3377702847605255,120711
2024-05-29,1.3377702847605255,1.3425563331943478,1.3366762984186529,1.337966046212183,111762
2024-05-30,1.337966046212183,1.3388679718759349,1.3311234761443034,1.3315394647710046,125051
2024-05-31,1.3315394647710046,1.3316121973532038,1.326729990280756,1.3279194731120434,113315
2024-06-03,1.3279194731120434,1.3297372904341442,1.3255093826218267,1.3277274145809157,121679
2024-06-04,1.3277274145809157,1.3309087404197677,1.3256501569310373,1.325665232538981,114251
2024-06-05,1.325665232538981,1.3302688253984765,1.3251879942183904,1.3260087634875717,119676
2024-06-06,1.3260087634875717,1.332531844153978,1.3250460217372824,1.3259346269680743,130306
2024-06-07,1.3259346269680743,1.3303616146138453,1.325896229386522,1.326991610031358,117492
2024-06-10,1.326991610031358,1.3305408873805171,1.3266911386214648,1.3273230824071776,125976
2024-06-11,1.3273230824071776,1.3306882583024249,1.326026488332881,1.327119183715369,138342
2024-06-12,1.327119183715369,1.3274791002359525,1.3197677477916918,1.320033297989427,133884
2024-06-13,1.320033297989427,1.3198490140008836,1.3133631722046748,1.3150607310332234,128014
2024-06-14,1.3150607310332234,1.319950239271254,1.3141443942183513,1.3191783484075543,125572
2024-06-17,1.3191783484075543,1.3207012619572216,1.3159039296892503,1.3180756980372967,113816
2024-06-18,1.3180756980372967,1.3224877658699308,1.3179186522130306,1.3220831705279592,117274
2024-06-19,1.3220831705279592,1.3241502273997243,1.3200841830366532,1.3213913795495786,130566
2024-06-20,1.3213913795495786,1.3261010868756726,1.320654918429688,1.3257325818108092,115526
2024-06-21,1.3257325818108092,1.328257929349822,1.3244860912103515,1.3274941832598333,115625
2024-06-24,1.3274941832598333,1.3284498872447337,1.3218420024680757,1.3224960305594835,120556
2024-06-25,1.3224960305594835,1.3231367284615496,1.31756802206526,1.318521016741835,116912
2024-06-26,1.318521016741835,1.3217979341820076,1.3164264920629023,1.31862972307009,111912
2024-06-27,1.31862972307009,1.3226911856984644,1.317849449538466,1.3223728744053316,120531
2024-06-28,1.3223728744053316,1.323748191632954,1.3170270479504471,1.317611125113617,120521
2024-07-01,1.317611125113617,1.3202089485329562,1.3161507184254686,1.3182548075603298,137226
2024-07-02,1.3182548075603298,1.3206226782269417,1.3148513081085202,1.3167482871923513,130815
2024-07-03,1.3167482871923513,1.3215652442226646,1.3165893239251465,1.3198531024656073,118330
2024-07-04,1.3198531024656073,1.3202137494909545,1.316139586807612,1.31711996065971,110232
2024-07-05,1.31711996065971,1.3190249668954035,1.3140918950365243,1.3142341855214097,134520
2024-07-08,1.3142341855214097,1.3190516160284944,1.3134115175216132,1.3185105252644802,127228
2024-07-09,1.3185105252644802,1.3206737280435783,1.3156794574731054,1.316896497610436,106075
2024-07-10,1.316896497610436,1.317212071555698,1.310862954190031,1.3116917180712018,123580
2024-07-11,1.3116917180712018,1.312787386476742,1.309826378541541,1.3109931057281845,116547
2024-07-12,1.3109931057281845,1.312596848584191,1.3090048101798877,1.3113336055191471,96449
2024-07-15,1.3113336055191471,1.3122552196958257,1.3093236161772854,1.311609939302841,130698
2024-07-16,1.311609939302841,1.3165225904544755,1.3107950546031115,1.316307367786138,115410
2024-07-17,1.316307367786138,1.3239210420177845,1.3155615934848377,1.3238847701986325,139890
2024-07-18,1.3238847701986325,1.3268093191703814,1.3200794129208642,1.324096569184598,104466
2024-07-19,1.324096569184598,1.3259402071252469,1.316522691622228,1.319737243988048,128263
2024-07-22,1.319737243988048,1.3213613845410552,1.3175449731929156,1.32009205801234,138917
2024-07-23,1.32009205801234,1.326938793357794,1.3180112765742686,1.3268616803708628,138900
2024-07-24,1.3268616803708628,1.3283157581619205,1.323499289342401,1.3257035254636598,118767
2024-07-25,1.3257035254636598,1.3276079829597822,1.3246078969870207,1.3251383800831036,106459
2024-07-26,1.3251383800831036,1.3314527244539611,1.3251261582913834,1.3296575691469406,110078
2024-07-29,1.3296575691469406,1.3294078807980931,1.3198379531073177,1.319976274025206,107540
2024-07-30,1.319976274025206,1.3248127779532437,1.3193503996406444,1.3226037663251615,151275
2024-07-31,1.3226037663251615,1.3229583170326595,1.3191570300780338,1.320709026813785,116438
2024-08-01,1.320709026813785,1.3248134778567122,1.3206698525352196,1.323273850471048,112788
2024-08-02,1.323273850471048,1.327515303338419,1.3232591962819231,1.3262693059875772,108881
2024-08-05,1.3262693059875772,1.3298138988658632,1.3258292450439588,1.328175967096618,105229
2024-08-06,1.328175967096618,1.3328414005014797,1.3287554272205124,1.332208963710768,95190
2024-08-07,1.332208963710768,1.335529879661819,1.3290499209084554,1.3345463518759413,102243
2024-08-08,1.3345463518759413,1.3350105354025097,1.329196925354179,1.3305097987971803,113453
2024-08-09,1.3305097987971803,1.336157755892721,1.3300875925923694,1.3337959541237363,110020
2024-08-12,1.3337959541237363,1.3357330458543546,1.3321196426500872,1.3335161091625118,128955
2024-08-13,1.3335161091625118,1.3403628049581002,1.3336893204938445,1.3376110226847893,144128
2024-08-14,1.3376110226847893,1.3400439452544757,1.336798860744096,1.3379476252895626,121115
2024-08-15,1.3379476252895626,1.3380039033919702,1.3304470604499223,1.3319028430768376,135653
2024-08-16,1.3319028430768376,1.330726619385476,1.3266996236958415,1.329280213534289,122254
2024-08-19,1.329280213534289,1.3339613019643974,1.3282584602254388,1.3329526365699702,119128
2024-08-20,1.3329526365699702,1.334344793610202,1.325614839474794,1.325673997479181,99492
2024-08-21,1.325673997479181,1.332749719548003,1.3248315177765777,1.3249677645257918,112982
2024-08-22,1.3249677645257918,1.3263939629578765,1.3211628583004398,1.323462304960413,128771
2024-08-23,1.323462304960413,1.3246877832706965,1.319362978925258,1.32026112213399,121488
2024-08-26,1.32026112213399,1.326044082231696,1.3204772317176414,1.3214603361799533,116769
2024-08-27,1.3214603361799533,1.3232747622499097,1.3203005421426572,1.3207977746324258,120779
2024-08-28,1.3207977746324258,1.3261005649338018,1.320601829498066,1.32558229242461,96290
2024-08-29,1.32558229242461,1.3312843325247867,1.324937421169266,1.3300800440649223,140716
2024-08-30,1.3300800440649223,1.3347618703488986,1.329607567706702,1.332116408505837,120915
2024-09-02,1.332116408505837,1.33507894596031,1.330954202848912,1.333773987710766,115488
2024-09-03,1.333773987710766,1.3335993660342556,1.3289300502453454,1.33004361167359,102203
2024-09-04,1.33004361167359,1.3328950244966244,1.327943059062194,1.3318302754060796,107340
2024-09-05,1.3318302754060796,1.3324622154678414,1.3282356580761072,1.3298211861244766,164378
2024-09-06,1.3298211861244766,1.33069539678674,1.326452012010016,1.3265338230751076,132964
2024-09-09,1.3265338230751076,1.328997683704302,1.3256927640441707,1.3262764472697823,109730
2024-09-10,1.3262764472697823,1.327202135511187,1.3223726331170629,1.3246110303456715,98395
2024-09-11,1.3246110303456715,1.325826438636169,1.322471950955775,1.323980726347257,115547
2024-09-12,1.323980726347257,1.3241248511146275,1.3200383440925507,1.322459567844145,136850
2024-09-13,1.322459567844145,1.322098468937948,1.317551363494229,1.3196026979078026,139607
2024-09-16,1.3196026979078026,1.3187083022924482,1.313707091304234,1.3158685024364083,129201
2024-09-17,1.3158685024364083,1.3193433270303556,1.3155342403070889,1.3165470617294828,131179
2024-09-18,1.3165470617294828,1.315829914331074,1.3088306240388132,1.3106115133730682,135278
2024-09-19,1.3106115133730682,1.3138402811696843,1.309929079252704,1.3118489041860275,138206
2024-09-20,1.3118489041860275,1.31503894729168,1.3100795419368372,1.3109066067625292,125357
2024-09-23,1.3109066067625292,1.3127834746717666,1.3084929432964356,1.3108861188036145,118589
2024-09-24,1.3108861188036145,1.312787369299842,1.3088173402843133,1.3092914317357804,112486
2024-09-25,1.3092914317357804,1.31270196181797,1.30705570097527,1.3090951099459385,118856
2024-09-26,1.3090951099459385,1.3135616331628397,1.3081927817392809,1.3129426417147552,133106
2024-09-27,1.3129426417147552,1.314064268424476,1.309343836592623,1.309898385802777,114087
2024-09-30,1.309898385802777,1.3150079210496612,1.3084775536853164,1.312848198517345,122509
2024-10-01,1.312848198517345,1.31602560217623,1.309968815759507,1.310613302067113,122565
2024-10-02,1.310613302067113,1.310863690003014,1.3071132939346084,1.308194917612062,138687
2024-10-03,1.308194917612062,1.3116016610397736,1.3075443987043902,1.3091127739934012,139811
2024-10-04,1.3091127739934012,1.3103495510543917,1.3070516137049188,1.3084748347925084,162856
2024-10-07,1.3084748347925084,1.309736713628762,1.30561687976499,1.3075150158794782,109795
2024-10-08,1.3075150158794782,1.3077041607172477,1.301646022403924,1.3029717303391162,135874
2024-10-09,1.3029717303391162,1.3064404837318533,1.3029963304733807,1.3041997675909305,119358
2024-10-10,1.3041997675909305,1.3049835320213958,1.29799675867085,1.2993178563860894,122675
2024-10-11,1.2993178563860894,1.3020224007610957,1.2989882964622943,1.300825312748492,116216
2024-10-14,1.300825312748492,1.302917272226649,1.2989916125296217,1.3006900835691095,142727
2024-10-15,1.3006900835691095,1.3030009161509923,1.2995513870437176,1.3019235543046812,121178
2024-10-16,1.3019235543046812,1.3052477246231744,1.300996024052672,1.3043338725328784,124458
2024-10-17,1.3043338725328784,1.3050983119381043,1.302023831055579,1.3032490306821518,103809
2024-10-18,1.3032490306821518,1.3034424191522855,1.2954499164157258,1.2957356701531642,121658
2024-10-21,1.2957356701531642,1.295169108725533,1.2891285977148952,1.2895137778140755,120954
2024-10-22,1.2895137778140755,1.2908136023660386,1.2869734997512978,1.2877149976572249,95019
2024-10-23,1.2877149976572249,1.29328616510054,1.2876846555101775,1.2894007431601728,113271
2024-10-24,1.2894007431601728,1.2902362040215434,1.287015383709011,1.2884468200358867,118191
2024-10-25,1.2884468200358867,1.293181459793764,1.2886102176186125,1.291005738738387,126960
2024-10-28,1.291005738738387,1.294002406542026,1.289481051197473,1.2899927777418994,107387
2024-10-29,1.2899927777418994,1.3012885234755176,1.290989322883994,1.301216668873947,114600
2024-10-30,1.301216668873947,1.3058061776361445,1.3005286406070766,1.3016592854575832,137505
2024-10-31,1.3016592854575832,1.3025714129269033,1.2987074615655132,1.3016095386662994,113914
2024-11-01,1.3016095386662994,1.3027775206287755,1.300032070411531,1.3011098856485563,131789
2024-11-04,1.3011098856485563,1.30250957352258,1.2987153531953215,1.3023743221784492,106789
2024-11-05,1.3023743221784492,1.3035188679206446,1.3000105739840089,1.303109135565797,130768
2024-11-06,1.303109135565797,1.3051242032025834,1.2988670831876516,1.2996394251834145,130608
2024-11-07,1.2996394251834145,1.302817778660737,1.298057368208759,1.2984090268050157,151510
2024-11-08,1.2984090268050157,1.2996976789104602,1.2960401589023498,1.2965162635616514,137297
2024-11-11,1.2965162635616514,1.2972524077759466,1.2926934000476171,1.2945810747841542,111808
2024-11-12,1.2945810747841542,1.2976411111691548,1.293421873201773,1.296749050347706,122470
2024-11-13,1.296749050347706,1.299424346896468,1.2942277738165582,1.2986298653161168,137588
2024-11-14,1.2986298653161168,1.3017831805783415,1.2974581014051152,1.298967326353185,128098
2024-11-15,1.298967326353185,1.299631518741556,1.2961428243582818,1.297436436269459,136732
2024-11-18,1.297436436269459,1.2990687710798705,1.2938379795672994,1.2946905206212047,122538
2024-11-19,1.2946905206212047,1.2966569821110736,1.293496753580797,1.2946353761231606,97691
2024-11-20,1.2946353761231606,1.2980585981628916,1.2940237519996356,1.296714425363422,128500
2024-11-21,1.296714425363422,1.2994517993075765,1.2957710346028823,1.2965806059577123,117759
2024-11-22,1.2965806059577123,1.2972859432894317,1.2926018703137032,1.293635505029205,100583
2024-11-25,1.293635505029205,1.2946098623094122,1.2895575106570634,1.2906439271753405,136222
2024-11-26,1.2906439271753405,1.290622069783854,1.2864267383423218,1.2876069950340552,124632
2024-11-27,1.2876069950340552,1.295396992289794,1.2866144226451512,1.2949316255632932,155050
2024-11-28,1.2949316255632932,1.2948631852316026,1.2917770462638176,1.2932956741937334,112848
2024-11-29,1.2932956741937334,1.2985759584203385,1.2910046186521822,1.2960589623717953,130181
2024-12-02,1.2960589623717953,1.297759528257787,1.292980902577897,1.296945002645447,135425
2024-12-03,1.296945002645447,1.3018355275478235,1.2956152083350727,1.3017495952756986,107321
2024-12-04,1.3017495952756986,1.3040906110900756,1.2992915413264214,1.30027974396845,129906
2024-12-05,1.30027974396845,1.299932315080195,1.294887057269315,1.2980247701876364,121743
2024-12-06,1.2980247701876364,1.3000972247209237,1.2958184345356043,1.2992764660085363,115950
2024-12-09,1.2992764660085363,1.2996629915635256,1.2944324805157237,1.294739915178354,115008
2024-12-10,1.294739915178354,1.2971741181083545,1.289245592786383,1.2903325918638144,119401
2024-12-11,1.2903325918638144,1.291134627686196,1.2872974725277793,1.287615759274067,118497
2024-12-12,1.287615759274067,1.2918001733657458,1.2860910260602407,1.2876328709859386,148852
2024-12-13,1.2876328709859386,1.2918043710774076,1.2867516006152655,1.2905655553601407,122367
2024-12-16,1.2905655553601407,1.2950724941244256,1.2906750297294896,1.293928939738126,156970
2024-12-17,1.293928939738126,1.2966245188582928,1.289823096752814,1.2899053616571026,130215
2024-12-18,1.2899053616571026,1.299192949726535,1.2898058490869857,1.2989965257751728,116288
2024-12-19,1.2989965257751728,1.3015076488436332,1.2973795124679943,1.2988301724836189,139484
2024-12-20,1.2988301724836189,1.3014373767959575,1.2978878879028672,1.2985229812316488,89623
2024-12-23,1.2985229812316488,1.2982281818291077,1.293441645891939,1.2968189372932604,115626
2024-12-24,1.2968189372932604,1.3021361960042448,1.2970393215522218,1.2998896761303755,116386
2024-12-25,1.2998896761303755,1.3023383824844772,1.298160085624589,1.301956947704742,119017
2024-12-26,1.301956947704742,1.306562563506214,1.3015291107931442,1.3062355872355975,90211
2024-12-27,1.3062355872355975,1.3143445452053533,1.3053392344156551,1.3140810441791593,130260
2024-12-30,1.3140810441791593,1.315079992384397,1.3088663357210424,1.3118596473322732,127274
2024-12-31,1.3118596473322732,1.312608389809064,1.311596941133085,1.3119184689952923,7391
