asset,timeframe,horizon_bucket,model_family,experiment_phase,input_family,coverage_weeks,test_year,mean_weekly_return_pct,annual_return_pct,mean_weekly_rap_pct,annual_rap_pct,mean_weekly_drawdown_pct,mean_weekly_test_trades,rel_volume,sltp_risk_mode,k_sl,k_tp,risk_penalty_lambda,train_years,training_policy,candidate_id,olap_profile_key
solusdt,4h,long,sac,adaptive_top_seed_extension_seed17_v1,kitchen_sink_guarded,10,2023,6.315702,63.157022,4.624337,46.24337,3.382731,4.6,0.5,margin_aware_atr,2.0,3.0,0.5,3,fine_tune_recent_window_chain,solusdt_4h_kitchen_sink_guarded_all_available_sac_fine_tune_recent_window_m6_base3y_margin_aware_rv0p50_cap2p5_sltp_risk_geometry_phase8_v1_seed9_adaptive_top_seed_extension_seed9_v1_seed17_adaptive_top_seed_extension_seed17_v1,margin_aware_rv0p50_cap2p5
solusdt,4h,long,sac,adaptive_top_seed_extension_seed6_v1,kitchen_sink_guarded,10,2023,6.468716,64.687163,4.479989,44.799891,3.977454,4.3,0.5,rel_volume_aware_atr,2.0,3.0,0.5,3,fine_tune_recent_window_chain,solusdt_4h_kitchen_sink_guarded_all_available_sac_fine_tune_recent_window_m6_base3y_aware_rv0p50_base_sltp_risk_geometry_phase8_v1_seed6_adaptive_top_seed_extension_seed6_v1,aware_rv0p50_base
solusdt,4h,long,sac,adaptive_top_seed_extension_seed16_v1,kitchen_sink_guarded,10,2023,5.787449,57.874493,3.830929,38.309288,3.913041,5.0,0.5,margin_aware_atr,2.0,3.0,0.5,3,fine_tune_recent_window_chain,solusdt_4h_kitchen_sink_guarded_all_available_sac_fine_tune_recent_window_m6_base3y_margin_aware_rv0p50_cap2p5_sltp_risk_geometry_phase8_v1_seed9_adaptive_top_seed_extension_seed9_v1_seed16_adaptive_top_seed_extension_seed16_v1,margin_aware_rv0p50_cap2p5
solusdt,4h,long,sac,adaptive_top_seed_extension_seed17_v1,kitchen_sink_guarded,10,2023,5.286057,52.860573,3.273234,32.73234,4.025647,4.0,0.5,rel_volume_aware_atr,2.0,3.0,0.5,3,fine_tune_recent_window_chain,solusdt_4h_kitchen_sink_guarded_all_available_sac_fine_tune_recent_window_m6_base3y_aware_rv0p50_base_sltp_risk_geometry_phase8_v1_seed17_adaptive_top_seed_extension_seed17_v1,aware_rv0p50_base
solusdt,4h,long,sac,adaptive_top_seed_extension_seed12_v1,kitchen_sink_guarded,10,2023,4.982411,49.824105,2.983403,29.834027,3.998016,4.2,0.5,rel_volume_aware_atr,2.0,3.0,0.5,3,fine_tune_recent_window_chain,solusdt_4h_kitchen_sink_guarded_all_available_sac_fine_tune_recent_window_m6_base3y_aware_rv0p50_base_sltp_risk_geometry_phase8_v1_seed12_adaptive_top_seed_extension_seed12_v1,aware_rv0p50_base
solusdt,4h,long,sac,adaptive_top_seed_extension_seed8_v1,kitchen_sink_guarded,10,2023,5.153497,51.534965,2.926619,29.26619,4.453755,4.4,0.5,rel_volume_aware_atr,2.0,3.0,0.5,3,fine_tune_recent_window_chain,solusdt_4h_kitchen_sink_guarded_all_available_sac_fine_tune_recent_window_m6_base3y_aware_rv0p50_base_sltp_risk_geometry_phase8_v1_seed8_adaptive_top_seed_extension_seed8_v1,aware_rv0p50_base
solusdt,4h,long,sac,adaptive_top_seed_extension_seed17_v1,kitchen_sink_guarded,10,2023,4.792131,47.921306,2.777994,27.779941,4.028273,6.6,0.5,fixed_atr,1.25,1.25,0.5,3,fine_tune_recent_window_chain,solusdt_4h_kitchen_sink_guarded_all_available_sac_fine_tune_recent_window_m6_base3y_fixed_rv0p50_sl1p25_tp1p25_sltp_risk_geometry_phase8_v1_seed7_adaptive_top_seed_extension_seed7_v1_seed17_adaptive_top_seed_extension_seed17_v1,fixed_rv0p50_sl1p25_tp1p25
solusdt,4h,long,sac,adaptive_top_seed_extension_seed7_v1,kitchen_sink_guarded,10,2023,5.170646,51.706459,2.765596,27.655961,4.8101,4.2,0.5,rel_volume_aware_atr,2.0,3.0,0.5,3,fine_tune_recent_window_chain,solusdt_4h_kitchen_sink_guarded_all_available_sac_fine_tune_recent_window_m6_base3y_aware_rv0p50_base_sltp_risk_geometry_phase8_v1_seed7_adaptive_top_seed_extension_seed7_v1,aware_rv0p50_base
solusdt,4h,long,sac,sltp_risk_geometry_phase8_v1,kitchen_sink_guarded,10,2023,4.737692,47.376921,2.715387,27.153868,4.04461,6.3,0.5,margin_aware_atr,2.0,3.0,0.5,3,fine_tune_recent_window_chain,solusdt_4h_kitchen_sink_guarded_all_available_sac_fine_tune_recent_window_m6_base3y_margin_aware_rv0p50_cap2p5_sltp_risk_geometry_phase8_v1,margin_aware_rv0p50_cap2p5
solusdt,4h,long,sac,adaptive_top_seed_extension_seed7_v1,kitchen_sink_guarded,10,2023,4.814072,48.14072,2.483723,24.837233,4.660697,4.1,0.5,margin_aware_atr,2.0,3.0,0.5,3,fine_tune_recent_window_chain,solusdt_4h_kitchen_sink_guarded_all_available_sac_fine_tune_recent_window_m6_base3y_margin_aware_rv0p50_cap2p5_sltp_risk_geometry_phase8_v1_seed7_adaptive_top_seed_extension_seed7_v1,margin_aware_rv0p50_cap2p5
solusdt,4h,long,sac,adaptive_top_seed_extension_seed8_v1,kitchen_sink_guarded,10,2023,4.530515,45.305148,2.384905,23.849048,4.29122,3.9,0.5,margin_aware_atr,2.0,3.0,0.5,3,fine_tune_recent_window_chain,solusdt_4h_kitchen_sink_guarded_all_available_sac_fine_tune_recent_window_m6_base3y_margin_aware_rv0p50_cap2p5_sltp_risk_geometry_phase8_v1_seed8_adaptive_top_seed_extension_seed8_v1,margin_aware_rv0p50_cap2p5
solusdt,4h,long,sac,sltp_risk_geometry_phase8_v1,kitchen_sink_guarded,10,2023,4.231899,42.31899,2.212952,22.129517,4.037895,7.6,0.5,fixed_atr,1.25,1.25,0.5,3,fine_tune_recent_window_chain,solusdt_4h_kitchen_sink_guarded_all_available_sac_fine_tune_recent_window_m6_base3y_fixed_rv0p50_sl1p25_tp1p25_sltp_risk_geometry_phase8_v1,fixed_rv0p50_sl1p25_tp1p25
solusdt,4h,long,sac,adaptive_top_seed_extension_seed13_v1,kitchen_sink_guarded,10,2023,4.408389,44.083895,2.078277,20.782773,4.660224,3.5,0.5,rel_volume_aware_atr,2.0,3.0,0.5,3,fine_tune_recent_window_chain,solusdt_4h_kitchen_sink_guarded_all_available_sac_fine_tune_recent_window_m6_base3y_aware_rv0p50_base_sltp_risk_geometry_phase8_v1_seed13_adaptive_top_seed_extension_seed13_v1,aware_rv0p50_base
solusdt,4h,long,sac,adaptive_top_seed_extension_seed9_v1,kitchen_sink_guarded,10,2023,4.617306,46.173063,2.013012,20.130125,5.208588,3.8,0.5,rel_volume_aware_atr,2.0,3.0,0.5,3,fine_tune_recent_window_chain,solusdt_4h_kitchen_sink_guarded_all_available_sac_fine_tune_recent_window_m6_base3y_aware_rv0p50_base_sltp_risk_geometry_phase8_v1_seed9_adaptive_top_seed_extension_seed9_v1,aware_rv0p50_base
solusdt,4h,long,sac,adaptive_top_seed_extension_seed16_v1,kitchen_sink_guarded,10,2023,4.049465,40.49465,1.58488,15.848797,4.929171,4.2,0.5,rel_volume_aware_atr,2.0,3.0,0.5,3,fine_tune_recent_window_chain,solusdt_4h_kitchen_sink_guarded_all_available_sac_fine_tune_recent_window_m6_base3y_aware_rv0p50_base_sltp_risk_geometry_phase8_v1_seed16_adaptive_top_seed_extension_seed16_v1,aware_rv0p50_base
solusdt,4h,long,sac,adaptive_top_seed_extension_seed9_v1,kitchen_sink_guarded,10,2023,3.916543,39.165434,1.426836,14.268357,4.979415,6.7,0.5,fixed_atr,1.25,1.25,0.5,3,fine_tune_recent_window_chain,solusdt_4h_kitchen_sink_guarded_all_available_sac_fine_tune_recent_window_m6_base3y_fixed_rv0p50_sl1p25_tp1p25_sltp_risk_geometry_phase8_v1_seed9_adaptive_top_seed_extension_seed9_v1,fixed_rv0p50_sl1p25_tp1p25
solusdt,4h,long,sac,adaptive_top_seed_extension_seed11_v1,kitchen_sink_guarded,10,2023,3.839641,38.39641,1.414486,14.144859,4.85031,7.6,0.5,fixed_atr,1.25,1.25,0.5,3,fine_tune_recent_window_chain,solusdt_4h_kitchen_sink_guarded_all_available_sac_fine_tune_recent_window_m6_base3y_fixed_rv0p50_sl1p25_tp1p25_sltp_risk_geometry_phase8_v1_seed9_adaptive_top_seed_extension_seed9_v1_seed11_adaptive_top_seed_extension_seed11_v1,fixed_rv0p50_sl1p25_tp1p25
solusdt,4h,long,sac,adaptive_top_seed_extension_seed14_v1,kitchen_sink_guarded,10,2023,3.716947,37.169467,1.329476,13.294763,4.774941,4.6,0.5,margin_aware_atr,2.0,3.0,0.5,3,fine_tune_recent_window_chain,solusdt_4h_kitchen_sink_guarded_all_available_sac_fine_tune_recent_window_m6_base3y_margin_aware_rv0p50_cap2p5_sltp_risk_geometry_phase8_v1_seed9_adaptive_top_seed_extension_seed9_v1_seed14_adaptive_top_seed_extension_seed14_v1,margin_aware_rv0p50_cap2p5
solusdt,4h,long,sac,adaptive_top_seed_extension_seed13_v1,kitchen_sink_guarded,10,2023,3.687127,36.87127,1.32434,13.243397,4.725575,7.7,0.5,fixed_atr,1.25,1.25,0.5,3,fine_tune_recent_window_chain,solusdt_4h_kitchen_sink_guarded_all_available_sac_fine_tune_recent_window_m6_base3y_fixed_rv0p50_sl1p25_tp1p25_sltp_risk_geometry_phase8_v1_seed7_adaptive_top_seed_extension_seed7_v1_seed13_adaptive_top_seed_extension_seed13_v1,fixed_rv0p50_sl1p25_tp1p25
solusdt,4h,long,sac,sltp_risk_geometry_phase8_v1,kitchen_sink_guarded,10,2023,3.654515,36.545147,1.303697,13.036972,4.701635,7.7,0.5,rel_volume_aware_atr,2.0,3.0,0.5,3,fine_tune_recent_window_chain,solusdt_4h_kitchen_sink_guarded_all_available_sac_fine_tune_recent_window_m6_base3y_aware_rv0p50_base_sltp_risk_geometry_phase8_v1,aware_rv0p50_base
solusdt,4h,long,sac,sltp_risk_geometry_phase8_v1,kitchen_sink_guarded,10,2023,2.387219,23.872193,1.147032,11.470317,2.480375,4.4,0.25,rel_volume_aware_atr,2.0,3.0,0.5,3,fine_tune_recent_window_chain,solusdt_4h_kitchen_sink_guarded_all_available_sac_fine_tune_recent_window_m6_base3y_aware_rv0p25_base_sltp_risk_geometry_phase8_v1,aware_rv0p25_base
solusdt,4h,long,sac,adaptive_top_seed_extension_seed17_v1,kitchen_sink_guarded,10,2023,3.510226,35.102261,1.106375,11.06375,4.807702,7.1,0.5,fixed_atr,1.25,1.25,0.5,3,fine_tune_recent_window_chain,solusdt_4h_kitchen_sink_guarded_all_available_sac_fine_tune_recent_window_m6_base3y_fixed_rv0p50_sl1p25_tp1p25_sltp_risk_geometry_phase8_v1_seed9_adaptive_top_seed_extension_seed9_v1_seed17_adaptive_top_seed_extension_seed17_v1,fixed_rv0p50_sl1p25_tp1p25
solusdt,4h,long,sac,adaptive_top_seed_extension_seed14_v1,kitchen_sink_guarded,10,2023,3.307858,33.078576,1.038022,10.380216,4.539672,5.0,0.5,rel_volume_aware_atr,2.0,3.0,0.5,3,fine_tune_recent_window_chain,solusdt_4h_kitchen_sink_guarded_all_available_sac_fine_tune_recent_window_m6_base3y_aware_rv0p50_base_sltp_risk_geometry_phase8_v1_seed14_adaptive_top_seed_extension_seed14_v1,aware_rv0p50_base
solusdt,4h,long,sac,adaptive_top_seed_extension_seed14_v1,kitchen_sink_guarded,10,2023,2.898284,28.982838,1.008109,10.081092,3.780349,6.5,0.5,fixed_atr,1.25,1.25,0.5,3,fine_tune_recent_window_chain,solusdt_4h_kitchen_sink_guarded_all_available_sac_fine_tune_recent_window_m6_base3y_fixed_rv0p50_sl1p25_tp1p25_sltp_risk_geometry_phase8_v1_seed9_adaptive_top_seed_extension_seed9_v1_seed14_adaptive_top_seed_extension_seed14_v1,fixed_rv0p50_sl1p25_tp1p25
solusdt,4h,long,sac,adaptive_top_seed_extension_seed14_v1,kitchen_sink_guarded,10,2023,2.963498,29.634975,0.827557,8.275573,4.271881,8.1,0.5,fixed_atr,1.25,1.25,0.5,3,fine_tune_recent_window_chain,solusdt_4h_kitchen_sink_guarded_all_available_sac_fine_tune_recent_window_m6_base3y_fixed_rv0p50_sl1p25_tp1p25_sltp_risk_geometry_phase8_v1_seed7_adaptive_top_seed_extension_seed7_v1_seed14_adaptive_top_seed_extension_seed14_v1,fixed_rv0p50_sl1p25_tp1p25
solusdt,4h,long,sac,adaptive_top_seed_extension_seed6_v1,kitchen_sink_guarded,10,2023,3.338358,33.383578,0.81933,8.193301,5.038055,5.1,0.5,margin_aware_atr,2.0,3.0,0.5,3,fine_tune_recent_window_chain,solusdt_4h_kitchen_sink_guarded_all_available_sac_fine_tune_recent_window_m6_base3y_margin_aware_rv0p50_cap2p5_sltp_risk_geometry_phase8_v1_seed6_adaptive_top_seed_extension_seed6_v1,margin_aware_rv0p50_cap2p5
solusdt,4h,long,sac,adaptive_top_seed_extension_seed16_v1,kitchen_sink_guarded,10,2023,2.739713,27.397129,0.709547,7.09547,4.060332,6.5,0.5,fixed_atr,1.25,1.25,0.5,3,fine_tune_recent_window_chain,solusdt_4h_kitchen_sink_guarded_all_available_sac_fine_tune_recent_window_m6_base3y_fixed_rv0p50_sl1p25_tp1p25_sltp_risk_geometry_phase8_v1_seed9_adaptive_top_seed_extension_seed9_v1_seed16_adaptive_top_seed_extension_seed16_v1,fixed_rv0p50_sl1p25_tp1p25
solusdt,4h,long,sac,adaptive_top_seed_extension_seed8_v1,kitchen_sink_guarded,10,2023,3.049388,30.493879,0.55158,5.515798,4.995616,6.6,0.5,fixed_atr,1.25,1.25,0.5,3,fine_tune_recent_window_chain,solusdt_4h_kitchen_sink_guarded_all_available_sac_fine_tune_recent_window_m6_base3y_fixed_rv0p50_sl1p25_tp1p25_sltp_risk_geometry_phase8_v1_seed8_adaptive_top_seed_extension_seed8_v1,fixed_rv0p50_sl1p25_tp1p25
solusdt,4h,long,sac,sltp_risk_geometry_phase8_v1,kitchen_sink_guarded,10,2023,0.974945,9.749454,0.468346,4.683457,1.013199,5.7,0.1,fixed_atr,1.5,2.0,0.5,3,fine_tune_recent_window_chain,solusdt_4h_kitchen_sink_guarded_all_available_sac_fine_tune_recent_window_m6_base3y_fixed_rv0p10_sl1p5_tp2_sltp_risk_geometry_phase8_v1,fixed_rv0p10_sl1p5_tp2
solusdt,4h,long,sac,adaptive_top_seed_extension_seed6_v1,kitchen_sink_guarded,10,2023,2.719479,27.194787,0.312076,3.120761,4.814805,7.2,0.5,fixed_atr,1.25,1.25,0.5,3,fine_tune_recent_window_chain,solusdt_4h_kitchen_sink_guarded_all_available_sac_fine_tune_recent_window_m6_base3y_fixed_rv0p50_sl1p25_tp1p25_sltp_risk_geometry_phase8_v1_seed6_adaptive_top_seed_extension_seed6_v1,fixed_rv0p50_sl1p25_tp1p25
solusdt,4h,long,sac,sltp_risk_geometry_phase8_v1,kitchen_sink_guarded,10,2023,0.762749,7.627485,0.271736,2.717358,0.982025,3.4,0.1,rel_volume_aware_atr,2.0,3.0,0.5,3,fine_tune_recent_window_chain,solusdt_4h_kitchen_sink_guarded_all_available_sac_fine_tune_recent_window_m6_base3y_aware_rv0p10_base_sltp_risk_geometry_phase8_v1,aware_rv0p10_base
solusdt,4h,long,sac,sltp_risk_geometry_phase8_v1,kitchen_sink_guarded,10,2023,0.83341,8.334097,0.267522,2.675218,1.131776,4.6,0.1,fixed_atr,2.0,3.0,0.5,3,fine_tune_recent_window_chain,solusdt_4h_kitchen_sink_guarded_all_available_sac_fine_tune_recent_window_m6_base3y_fixed_rv0p10_sl2_tp3_sltp_risk_geometry_phase8_v1,fixed_rv0p10_sl2_tp3
solusdt,1h,short,sac,sltp_risk_geometry_phase8_v1,tech_stat_decomp,8,2023,0.560886,4.487086,0.249957,1.999652,0.621859,20.625,0.05,fixed_atr,2.0,4.0,0.5,1,warm_start_chain_n_years,solusdt_1h_tech_stat_decomp_sac_warm_start_chain_1y_seed5_asset_preset_broadening_phase5_v1_fixed_rv0p05_sl2_tp4_sltp_risk_geometry_phase8_v1,fixed_rv0p05_sl2_tp4
solusdt,4h,long,sac,sltp_risk_geometry_phase8_v1,kitchen_sink_guarded,10,2023,0.457227,4.572266,0.228019,2.280186,0.458416,7.1,0.05,fixed_atr,1.25,1.25,0.5,3,fine_tune_recent_window_chain,solusdt_4h_kitchen_sink_guarded_all_available_sac_fine_tune_recent_window_m6_base3y_fixed_rv0p05_sl1p25_tp1p25_sltp_risk_geometry_phase8_v1,fixed_rv0p05_sl1p25_tp1p25
ethusdt,4h,long,sac,sltp_risk_geometry_phase8_v3,kitchen_sink_guarded,5,2023,1.088111,5.440556,0.203325,1.016626,1.769572,4.2,0.5,margin_aware_atr,2.0,3.0,0.5,4,fine_tune_recent_window_chain,ethusdt_4h_kitchen_sink_guarded_exec_annual_4y_2022val_2023test_rap_sac_annual_fyv2022_fyt2023_fine_tune_recent_window_m12_base4y_testyear_margin_aware_rv0p50_cap2p5_sltp_risk_geometry_phase8_v3,margin_aware_rv0p50_cap2p5
ethusdt,4h,long,sac,sltp_risk_geometry_phase8_v3,kitchen_sink_guarded,5,2023,1.078922,5.39461,0.194136,0.970681,1.769572,4.2,0.5,rel_volume_aware_atr,2.0,3.0,0.5,4,fine_tune_recent_window_chain,ethusdt_4h_kitchen_sink_guarded_exec_annual_4y_2022val_2023test_rap_sac_annual_fyv2022_fyt2023_fine_tune_recent_window_m12_base4y_testyear_aware_rv0p50_base_sltp_risk_geometry_phase8_v3,aware_rv0p50_base
ethusdt,4h,long,sac,risk_adjusted_reward_phase7_v3,kitchen_sink_guarded,13,2023,0.278204,3.616655,0.190709,2.479215,0.349981,2.538462,0.1,fixed_atr,2.0,3.0,0.25,4,fine_tune_recent_window_chain,ethusdt_4h_kitchen_sink_guarded_exec_annual_4y_2022val_2023test_rap_sac_annual_fyv2022_fyt2023_fine_tune_recent_window_m12_base4y_testyear_rap_l0p25_rv0p1_risk_adjusted_reward_phase7_v3,fixed_atr
solusdt,4h,long,sac,sltp_risk_geometry_phase8_v1,kitchen_sink_guarded,10,2023,0.435212,4.352117,0.182717,1.827172,0.504989,4.0,0.05,fixed_atr,2.0,4.0,0.5,3,fine_tune_recent_window_chain,solusdt_4h_kitchen_sink_guarded_all_available_sac_fine_tune_recent_window_m6_base3y_fixed_rv0p05_sl2_tp4_sltp_risk_geometry_phase8_v1,fixed_rv0p05_sl2_tp4
ethusdt,4h,long,sac,risk_adjusted_reward_phase7_v3,kitchen_sink_guarded,5,2023,0.4727,2.363498,0.172516,0.86258,0.300184,2.8,0.1,fixed_atr,2.0,3.0,1.0,4,fine_tune_recent_window_chain,ethusdt_4h_kitchen_sink_guarded_exec_annual_4y_2022val_2023test_rap_sac_annual_fyv2022_fyt2023_fine_tune_recent_window_m12_base4y_testyear_rap_l1p0_rv0p1_risk_adjusted_reward_phase7_v3,fixed_atr
ethusdt,4h,long,sac,risk_adjusted_reward_phase7_v3,kitchen_sink_guarded,5,2023,0.348642,1.743212,0.159925,0.799627,0.188717,2.4,0.075,fixed_atr,2.0,3.0,1.0,4,scratch_n_years,ethusdt_4h_kitchen_sink_guarded_exec_annual_4y_2022val_2023test_rap_sac_annual_fyv2022_fyt2023_scratch_4y_testyear_rap_l1p0_rv0p075_risk_adjusted_reward_phase7_v3,fixed_atr
ethusdt,4h,long,sac,sltp_risk_geometry_phase8_v3,kitchen_sink_guarded,10,2023,0.57649,5.764897,0.151993,1.519933,0.848993,4.8,0.25,fixed_atr,1.25,1.5,0.5,4,fine_tune_recent_window_chain,ethusdt_4h_kitchen_sink_guarded_exec_annual_4y_2022val_2023test_rap_sac_annual_fyv2022_fyt2023_fine_tune_recent_window_m12_base4y_testyear_fixed_rv0p25_sl1p25_tp1p5_sltp_risk_geometry_phase8_v3,fixed_rv0p25_sl1p25_tp1p5
ethusdt,4h,long,sac,sltp_risk_geometry_phase8_v3,kitchen_sink_guarded,11,2023,0.293058,3.223634,0.149261,1.641872,0.287593,2.545455,0.1,rel_volume_aware_atr,2.0,3.0,0.5,4,fine_tune_recent_window_chain,ethusdt_4h_kitchen_sink_guarded_exec_annual_4y_2022val_2023test_rap_sac_annual_fyv2022_fyt2023_fine_tune_recent_window_m12_base4y_testyear_aware_rv0p10_base_sltp_risk_geometry_phase8_v3,aware_rv0p10_base
ethusdt,4h,long,sac,risk_adjusted_reward_phase7_v3,kitchen_sink_guarded,13,2023,0.212003,2.756038,0.14636,1.902675,0.262573,2.615385,0.075,fixed_atr,2.0,3.0,0.25,4,fine_tune_recent_window_chain,ethusdt_4h_kitchen_sink_guarded_exec_annual_4y_2022val_2023test_rap_sac_annual_fyv2022_fyt2023_fine_tune_recent_window_m12_base4y_testyear_rap_l0p25_rv0p075_risk_adjusted_reward_phase7_v3,fixed_atr
ethusdt,4h,long,sac,sltp_risk_geometry_phase8_v3,kitchen_sink_guarded,5,2023,0.317151,1.585754,0.133071,0.665354,0.36816,4.4,0.1,fixed_atr,1.5,2.0,0.5,4,fine_tune_recent_window_chain,ethusdt_4h_kitchen_sink_guarded_exec_annual_4y_2022val_2023test_rap_sac_annual_fyv2022_fyt2023_fine_tune_recent_window_m12_base4y_testyear_fixed_rv0p10_sl1p5_tp2_sltp_risk_geometry_phase8_v3,fixed_rv0p10_sl1p5_tp2
solusdt,4h,long,sac,sltp_risk_geometry_phase8_v1,kitchen_sink_guarded,10,2023,0.366158,3.661577,0.109844,1.098444,0.512627,6.4,0.05,fixed_atr,1.5,2.0,0.5,3,fine_tune_recent_window_chain,solusdt_4h_kitchen_sink_guarded_all_available_sac_fine_tune_recent_window_m6_base3y_fixed_rv0p05_sl1p5_tp2_sltp_risk_geometry_phase8_v1,fixed_rv0p05_sl1p5_tp2
solusdt,4h,long,sac,,crypto_full,13,2023,0.451674,5.871761,0.103849,1.350036,0.347825,2.076923,0.05,fixed_atr,2.0,3.0,1.0,3,scratch_n_years,solusdt_4h_crypto_full_all_available_sac_scratch_3y,fixed_atr
solusdt,4h,long,sac,,sota_low_cost,13,2023,0.448465,5.830042,0.098392,1.279099,0.350073,1.923077,0.05,fixed_atr,2.0,3.0,1.0,3,scratch_n_years,solusdt_4h_sota_low_cost_all_available_sac_scratch_3y,fixed_atr
solusdt,4h,long,sac,,kitchen_sink_guarded,10,2023,0.545673,5.456732,0.096525,0.965254,0.449148,2.5,0.05,fixed_atr,2.0,3.0,1.0,3,scratch_n_years,solusdt_4h_kitchen_sink_guarded_all_available_sac_scratch_3y,fixed_atr
solusdt,4h,long,sac,,crypto_full,13,2023,0.395601,5.142819,0.084456,1.097922,0.311146,1.692308,0.05,fixed_atr,2.0,3.0,1.0,3,fine_tune_recent_window_chain,solusdt_4h_crypto_full_all_available_sac_fine_tune_recent_window_m1_base3y,fixed_atr
solusdt,4h,long,sac,,kitchen_sink_guarded,10,2023,0.534005,5.340053,0.081487,0.814874,0.452518,2.4,0.05,fixed_atr,2.0,3.0,1.0,3,warm_start_chain_n_years,solusdt_4h_kitchen_sink_guarded_all_available_sac_warm_start_chain_3y,fixed_atr
solusdt,4h,long,sac,adaptive_top_seed_extension_seed11_v1,kitchen_sink_guarded,10,2023,2.339028,23.390276,0.079806,0.798062,4.518443,4.3,0.5,margin_aware_atr,2.0,3.0,0.5,3,fine_tune_recent_window_chain,solusdt_4h_kitchen_sink_guarded_all_available_sac_fine_tune_recent_window_m6_base3y_margin_aware_rv0p50_cap2p5_sltp_risk_geometry_phase8_v1_seed9_adaptive_top_seed_extension_seed9_v1_seed11_adaptive_top_seed_extension_seed11_v1,margin_aware_rv0p50_cap2p5
ethusdt,4h,long,sac,risk_adjusted_reward_phase7_v3,kitchen_sink_guarded,11,2023,0.1228,1.350802,0.074144,0.815586,0.194624,2.545455,0.05,fixed_atr,2.0,3.0,0.25,4,fine_tune_recent_window_chain,ethusdt_4h_kitchen_sink_guarded_exec_annual_4y_2022val_2023test_rap_sac_annual_fyv2022_fyt2023_fine_tune_recent_window_m12_base4y_testyear_rap_l0p25_rv0p05_risk_adjusted_reward_phase7_v3,fixed_atr
btcusdt,1h,short,sac,asset_preset_broadening_phase5_v1,kitchen_sink_guarded,5,2023,0.233543,1.167713,0.073023,0.365117,0.160519,5.8,0.05,fixed_atr,2.0,3.0,1.0,3,warm_start_chain_n_years,btcusdt_1h_kitchen_sink_guarded_sac_warm_start_chain_3y_seed5_asset_preset_broadening_phase5_v1,fixed_atr
btcusdt,1h,short,sac,asset_preset_broadening_phase5_v1,sota_low_cost,5,2023,0.233543,1.167713,0.073023,0.365117,0.160519,5.8,0.05,fixed_atr,2.0,3.0,1.0,3,warm_start_chain_n_years,btcusdt_1h_sota_low_cost_sac_warm_start_chain_3y_seed5_asset_preset_broadening_phase5_v1,fixed_atr
ethusdt,4h,long,sac,sltp_risk_geometry_phase8_v3,kitchen_sink_guarded,8,2023,0.162979,1.303833,0.069997,0.55998,0.185963,2.625,0.05,fixed_atr,2.0,3.0,0.5,4,fine_tune_recent_window_chain,ethusdt_4h_kitchen_sink_guarded_exec_annual_4y_2022val_2023test_rap_sac_annual_fyv2022_fyt2023_fine_tune_recent_window_m12_base4y_testyear_control_rv0p05_sl2_tp3_sltp_risk_geometry_phase8_v3,control_rv0p05_sl2_tp3
ethusdt,4h,long,sac,sltp_risk_geometry_phase8_v3,kitchen_sink_guarded,11,2023,0.223433,2.457763,0.057173,0.628906,0.332519,2.454545,0.1,fixed_atr,2.0,3.0,0.5,4,fine_tune_recent_window_chain,ethusdt_4h_kitchen_sink_guarded_exec_annual_4y_2022val_2023test_rap_sac_annual_fyv2022_fyt2023_fine_tune_recent_window_m12_base4y_testyear_fixed_rv0p10_sl2_tp3_sltp_risk_geometry_phase8_v3,fixed_rv0p10_sl2_tp3
solusdt,1h,short,sac,sltp_risk_geometry_phase8_v1,tech_stat_decomp,8,2023,0.71625,5.730004,0.053677,0.429414,1.325147,21.125,0.1,rel_volume_aware_atr,2.0,3.0,0.5,1,warm_start_chain_n_years,solusdt_1h_tech_stat_decomp_sac_warm_start_chain_1y_seed5_asset_preset_broadening_phase5_v1_aware_rv0p10_base_sltp_risk_geometry_phase8_v1,aware_rv0p10_base
ethusdt,4h,long,sac,risk_adjusted_reward_phase7_v3,kitchen_sink_guarded,9,2023,0.245267,2.207405,0.048245,0.434205,0.394044,3.0,0.1,fixed_atr,2.0,3.0,0.5,4,fine_tune_recent_window_chain,ethusdt_4h_kitchen_sink_guarded_exec_annual_4y_2022val_2023test_rap_sac_annual_fyv2022_fyt2023_fine_tune_recent_window_m12_base4y_testyear_rap_l0p5_rv0p1_risk_adjusted_reward_phase7_v3,fixed_atr
ethusdt,4h,long,sac,sltp_risk_geometry_phase8_v3,kitchen_sink_guarded,9,2023,0.143169,1.288521,0.043428,0.390854,0.199481,2.222222,0.05,fixed_atr,2.0,4.0,0.5,4,fine_tune_recent_window_chain,ethusdt_4h_kitchen_sink_guarded_exec_annual_4y_2022val_2023test_rap_sac_annual_fyv2022_fyt2023_fine_tune_recent_window_m12_base4y_testyear_fixed_rv0p05_sl2_tp4_sltp_risk_geometry_phase8_v3,fixed_rv0p05_sl2_tp4
ethusdt,4h,long,sac,risk_adjusted_reward_phase7_v3,kitchen_sink_guarded,10,2023,0.167435,1.674349,0.041485,0.414849,0.2519,2.5,0.075,fixed_atr,2.0,3.0,0.5,4,fine_tune_recent_window_chain,ethusdt_4h_kitchen_sink_guarded_exec_annual_4y_2022val_2023test_rap_sac_annual_fyv2022_fyt2023_fine_tune_recent_window_m12_base4y_testyear_rap_l0p5_rv0p075_risk_adjusted_reward_phase7_v3,fixed_atr
ethusdt,4h,long,sac,risk_adjusted_reward_phase7_v3,kitchen_sink_guarded,10,2023,0.126496,1.264959,0.036947,0.36947,0.179098,2.3,0.05,fixed_atr,2.0,3.0,0.5,4,fine_tune_recent_window_chain,ethusdt_4h_kitchen_sink_guarded_exec_annual_4y_2022val_2023test_rap_sac_annual_fyv2022_fyt2023_fine_tune_recent_window_m12_base4y_testyear_rap_l0p5_rv0p05_risk_adjusted_reward_phase7_v3,fixed_atr
solusdt,4h,long,sac,adaptive_top_seed_extension_seed9_v1,kitchen_sink_guarded,10,2023,2.845055,28.450553,0.029157,0.291566,5.631797,6.7,0.5,margin_aware_atr,2.0,3.0,0.5,3,fine_tune_recent_window_chain,solusdt_4h_kitchen_sink_guarded_all_available_sac_fine_tune_recent_window_m6_base3y_margin_aware_rv0p50_cap2p5_sltp_risk_geometry_phase8_v1_seed9_adaptive_top_seed_extension_seed9_v1,margin_aware_rv0p50_cap2p5
solusdt,4h,long,sac,,sota_low_cost,13,2023,0.456686,5.936923,0.021072,0.27393,0.435615,2.846154,0.05,fixed_atr,2.0,3.0,1.0,3,oracle_bc_transfer_e1_v1__warm_start_chain_n_years,solusdt_4h_sota_low_cost_all_available_sac_warm_start_chain_3y__oracle_bc_transfer_e1_v1,fixed_atr
adausdt,1h,short,sac,asset_preset_broadening_phase5_v1,kitchen_sink_guarded,12,2023,0.042345,0.508145,0.018479,0.221749,0.023866,10.083333,0.05,fixed_atr,2.0,3.0,1.0,1,warm_start_chain_n_years,adausdt_1h_kitchen_sink_guarded_sac_warm_start_chain_1y_seed5_asset_preset_broadening_phase5_v1,fixed_atr
ethusdt,4h,long,sac,adaptive_top_seed_extension_seed20_v1,kitchen_sink_guarded,12,2022,0.09821,1.178524,0.014786,0.177431,0.333698,2.083333,0.075,fixed_atr,2.0,3.0,0.25,4,scratch_n_years,ethusdt_4h_kitchen_sink_guarded_exec_annual_4y_2022val_2023test_rap_sac_annual_fyv2022_fyt2023_scratch_4y_valyear_rap_l0p25_rv0p075_risk_adjusted_reward_phase7_v3_seed20_adaptive_top_seed_extension_seed20_v1,fixed_atr
adausdt,4h,long,sac,asset_preset_broadening_phase5_v1,tech_stat_decomp,14,2023,0.024949,0.349279,0.011801,0.165216,0.013147,2.714286,0.05,fixed_atr,2.0,3.0,1.0,3,scratch_n_years,adausdt_4h_tech_stat_decomp_sac_scratch_3y_seed5_asset_preset_broadening_phase5_v1,fixed_atr
ethusdt,4h,long,sac,asset_preset_broadening_phase5_v1,crypto_full,5,2023,0.059958,0.299789,0.004997,0.024986,0.054961,1.4,0.05,fixed_atr,2.0,3.0,1.0,3,warm_start_chain_n_years,ethusdt_4h_crypto_full_sac_warm_start_chain_3y_seed5_asset_preset_broadening_phase5_v1,fixed_atr
ethusdt,4h,long,sac,risk_adjusted_reward_phase7_v3,kitchen_sink_guarded,37,2023,0.122918,4.547954,0.004896,0.181151,0.236043,2.459459,0.075,fixed_atr,2.0,3.0,0.5,4,scratch_n_years,ethusdt_4h_kitchen_sink_guarded_exec_annual_4y_2022val_2023test_rap_sac_annual_fyv2022_fyt2023_scratch_4y_testyear_rap_l0p5_rv0p075_risk_adjusted_reward_phase7_v3,fixed_atr
xrpusdt,1h,short,sac,asset_preset_broadening_phase5_v1,kitchen_sink_guarded,8,2023,0.029807,0.238453,0.004338,0.034703,0.025469,14.375,0.05,fixed_atr,2.0,3.0,1.0,1,warm_start_chain_n_years,xrpusdt_1h_kitchen_sink_guarded_sac_warm_start_chain_1y_seed5_asset_preset_broadening_phase5_v1,fixed_atr
solusdt,4h,long,sac,,sota_low_cost,13,2023,0.433104,5.63035,0.001738,0.022592,0.431366,3.307692,0.05,fixed_atr,2.0,3.0,1.0,3,oracle_bc_transfer_e5_v1__warm_start_chain_n_years,solusdt_4h_sota_low_cost_all_available_sac_warm_start_chain_3y__oracle_bc_transfer_e5_v1,fixed_atr
adausdt,1h,short,sac,asset_preset_broadening_phase5_v1,tech_stat_decomp,5,2023,0.002316,0.011581,0.000932,0.004661,0.001384,0.4,0.05,fixed_atr,2.0,3.0,1.0,3,scratch_n_years,adausdt_1h_tech_stat_decomp_sac_scratch_3y_seed5_asset_preset_broadening_phase5_v1,fixed_atr
adausdt,1h,short,sac,asset_preset_broadening_phase5_v1,kitchen_sink_guarded,5,2023,0.004335,0.021677,0.000716,0.003579,0.00362,0.2,0.05,fixed_atr,2.0,3.0,1.0,3,scratch_n_years,adausdt_1h_kitchen_sink_guarded_sac_scratch_3y_seed5_asset_preset_broadening_phase5_v1,fixed_atr
nzdusd,4h,long,sac,annual_diversity_survey_v1,fx_full,17,2023,0.000193,0.003285,0.000168,0.00286,5e-05,0.058824,0.1,fixed_atr,1.5,2.0,0.5,1,scratch_n_years,nzdusd_4h_fx_full_exec_annual_diversity_survey_v1_sac_annual_fyv2022_fyt2023_scratch_1y,annual_survey_rv0p10_sl1p5_tp2
audusd,4h,long,sac,annual_diversity_survey_v1,fx_full,18,2023,2.5e-05,0.000457,2.5e-05,0.000457,0.0,0.055556,0.1,fixed_atr,1.5,2.0,0.5,1,scratch_n_years,audusd_4h_fx_full_exec_annual_diversity_survey_v1_sac_annual_fyv2022_fyt2023_scratch_1y,annual_survey_rv0p10_sl1p5_tp2
gbpusd,4h,long,sac,annual_diversity_survey_v1,fx_full,18,2023,0.0,0.0,0.0,0.0,0.0,0.0,0.1,fixed_atr,1.5,2.0,0.5,1,scratch_n_years,gbpusd_4h_fx_full_exec_annual_diversity_survey_v1_sac_annual_fyv2022_fyt2023_scratch_1y,annual_survey_rv0p10_sl1p5_tp2
usdcad,4h,long,sac,annual_diversity_survey_v1,fx_full,18,2023,0.0,0.0,0.0,0.0,0.0,0.0,0.1,fixed_atr,1.5,2.0,0.5,1,scratch_n_years,usdcad_4h_fx_full_exec_annual_diversity_survey_v1_sac_annual_fyv2022_fyt2023_scratch_1y,annual_survey_rv0p10_sl1p5_tp2
usdchf,4h,long,sac,annual_diversity_survey_v1,fx_full,18,2023,0.0,0.0,0.0,0.0,0.0,0.0,0.1,fixed_atr,1.5,2.0,0.5,1,scratch_n_years,usdchf_4h_fx_full_exec_annual_diversity_survey_v1_sac_annual_fyv2022_fyt2023_scratch_1y,annual_survey_rv0p10_sl1p5_tp2
solusdt,4h,long,sac,annual_diversity_survey_v1,kitchen_sink_guarded,17,2023,0.0,0.0,0.0,0.0,0.0,0.0,0.1,fixed_atr,1.5,2.0,0.5,1,scratch_n_years,solusdt_4h_kitchen_sink_guarded_exec_annual_diversity_survey_v1_sac_annual_fyv2022_fyt2023_scratch_1y,annual_survey_rv0p10_sl1p5_tp2
btcusdt_perp,4h,long,sac,,sota_low_cost,8,2023,0.0,0.0,0.0,0.0,0.0,0.0,,fixed_atr,,,1.0,4,fine_tune_recent_window_chain,btcusdt_perp_4h_sota_low_cost_sac_fine_tune_recent_window_m12_base4y,fixed_atr
btcusdt_perp,4h,long,sac,,sota_low_cost,8,2023,0.0,0.0,0.0,0.0,0.0,0.0,,fixed_atr,,,1.0,4,fine_tune_recent_window_chain,btcusdt_perp_4h_sota_low_cost_sac_fine_tune_recent_window_m1_base4y,fixed_atr
btcusdt_perp,4h,long,sac,,sota_low_cost,8,2023,0.0,0.0,0.0,0.0,0.0,0.0,,fixed_atr,,,1.0,4,fine_tune_recent_window_chain,btcusdt_perp_4h_sota_low_cost_sac_fine_tune_recent_window_m3_base4y,fixed_atr
btcusdt_perp,4h,long,sac,,sota_low_cost,8,2023,0.0,0.0,0.0,0.0,0.0,0.0,,fixed_atr,,,1.0,4,fine_tune_recent_window_chain,btcusdt_perp_4h_sota_low_cost_sac_fine_tune_recent_window_m6_base4y,fixed_atr
btcusdt_perp,4h,long,sac,,sota_low_cost,8,2023,0.0,0.0,0.0,0.0,0.0,0.0,,fixed_atr,,,1.0,2,scratch_n_years,btcusdt_perp_4h_sota_low_cost_sac_scratch_2y_etd28_vd28_td28,fixed_atr
btcusdt_perp,4h,long,sac,,sota_low_cost,8,2023,0.0,0.0,0.0,0.0,0.0,0.0,,fixed_atr,,,1.0,4,scratch_n_years,btcusdt_perp_4h_sota_low_cost_sac_scratch_4y,fixed_atr
btcusdt_perp,4h,long,sac,,sota_low_cost,8,2023,0.0,0.0,0.0,0.0,0.0,0.0,,fixed_atr,,,1.0,1,warm_start_chain_n_years,btcusdt_perp_4h_sota_low_cost_sac_warm_start_chain_1y_etd28_vd28_td28,fixed_atr
btcusdt_perp,4h,long,sac,,sota_low_cost,8,2023,0.0,0.0,0.0,0.0,0.0,0.0,,fixed_atr,,,1.0,2,warm_start_chain_n_years,btcusdt_perp_4h_sota_low_cost_sac_warm_start_chain_2y,fixed_atr
btcusdt_perp,4h,long,sac,,sota_low_cost,8,2023,0.0,0.0,0.0,0.0,0.0,0.0,,fixed_atr,,,1.0,2,warm_start_chain_n_years,btcusdt_perp_4h_sota_low_cost_sac_warm_start_chain_2y_etd14_vd14_td14,fixed_atr
btcusdt_perp,4h,long,sac,,sota_low_cost,8,2023,0.0,0.0,0.0,0.0,0.0,0.0,,fixed_atr,,,1.0,2,warm_start_chain_n_years,btcusdt_perp_4h_sota_low_cost_sac_warm_start_chain_2y_etd28_vd28_td28,fixed_atr
btcusdt_perp,4h,long,sac,,sota_low_cost,7,2023,0.0,0.0,0.0,0.0,0.0,0.0,,fixed_atr,,,1.0,4,scratch_n_years,btcusdt_perp_4h_sota_low_cost_sac_scratch_4y_etd14_vd14_td14,fixed_atr
btcusdt_perp,4h,long,sac,,sota_low_cost,7,2023,0.0,0.0,0.0,0.0,0.0,0.0,,fixed_atr,,,1.0,4,warm_start_chain_n_years,btcusdt_perp_4h_sota_low_cost_sac_warm_start_chain_4y_etd14_vd14_td14,fixed_atr
adausdt,15m,short,sac,annual_diversity_survey_v1,kitchen_sink_guarded,5,2023,0.0,0.0,0.0,0.0,0.0,0.0,0.1,fixed_atr,1.5,2.0,0.5,1,scratch_n_years,adausdt_15m_kitchen_sink_guarded_exec_annual_diversity_survey_v1_sac_annual_fyv2022_fyt2023_scratch_1y,annual_survey_rv0p10_sl1p5_tp2
adausdt,1h,short,sac,annual_diversity_survey_v1,kitchen_sink_guarded,5,2023,0.0,0.0,0.0,0.0,0.0,0.0,0.1,fixed_atr,1.5,2.0,0.5,1,scratch_n_years,adausdt_1h_kitchen_sink_guarded_exec_annual_diversity_survey_v1_sac_annual_fyv2022_fyt2023_scratch_1y,annual_survey_rv0p10_sl1p5_tp2
audusd,15m,short,sac,annual_diversity_survey_v1,fx_full,5,2023,0.0,0.0,0.0,0.0,0.0,0.0,0.1,fixed_atr,1.5,2.0,0.5,1,scratch_n_years,audusd_15m_fx_full_exec_annual_diversity_survey_v1_sac_annual_fyv2022_fyt2023_scratch_1y,annual_survey_rv0p10_sl1p5_tp2
audusd,1h,short,sac,annual_diversity_survey_v1,fx_full,5,2023,0.0,0.0,0.0,0.0,0.0,0.0,0.1,fixed_atr,1.5,2.0,0.5,1,scratch_n_years,audusd_1h_fx_full_exec_annual_diversity_survey_v1_sac_annual_fyv2022_fyt2023_scratch_1y,annual_survey_rv0p10_sl1p5_tp2
dogeusdt,15m,short,sac,annual_diversity_survey_v1,kitchen_sink_guarded,5,2023,0.0,0.0,0.0,0.0,0.0,0.0,0.1,fixed_atr,1.5,2.0,0.5,1,scratch_n_years,dogeusdt_15m_kitchen_sink_guarded_exec_annual_diversity_survey_v1_sac_annual_fyv2022_fyt2023_scratch_1y,annual_survey_rv0p10_sl1p5_tp2
dogeusdt,1h,short,sac,annual_diversity_survey_v1,kitchen_sink_guarded,5,2023,0.0,0.0,0.0,0.0,0.0,0.0,0.1,fixed_atr,1.5,2.0,0.5,1,scratch_n_years,dogeusdt_1h_kitchen_sink_guarded_exec_annual_diversity_survey_v1_sac_annual_fyv2022_fyt2023_scratch_1y,annual_survey_rv0p10_sl1p5_tp2
eurgbp,15m,short,sac,annual_diversity_survey_v1,fx_full,5,2023,0.0,0.0,0.0,0.0,0.0,0.0,0.1,fixed_atr,1.5,2.0,0.5,1,scratch_n_years,eurgbp_15m_fx_full_exec_annual_diversity_survey_v1_sac_annual_fyv2022_fyt2023_scratch_1y,annual_survey_rv0p10_sl1p5_tp2
eurgbp,1h,short,sac,annual_diversity_survey_v1,fx_full,5,2023,0.0,0.0,0.0,0.0,0.0,0.0,0.1,fixed_atr,1.5,2.0,0.5,1,scratch_n_years,eurgbp_1h_fx_full_exec_annual_diversity_survey_v1_sac_annual_fyv2022_fyt2023_scratch_1y,annual_survey_rv0p10_sl1p5_tp2
eurusd,15m,short,sac,annual_diversity_survey_v1,fx_full,5,2023,0.0,0.0,0.0,0.0,0.0,0.0,0.1,fixed_atr,1.5,2.0,0.5,1,scratch_n_years,eurusd_15m_fx_full_exec_annual_diversity_survey_v1_sac_annual_fyv2022_fyt2023_scratch_1y,annual_survey_rv0p10_sl1p5_tp2
eurusd,1h,short,sac,annual_diversity_survey_v1,fx_full,5,2023,0.0,0.0,0.0,0.0,0.0,0.0,0.1,fixed_atr,1.5,2.0,0.5,1,scratch_n_years,eurusd_1h_fx_full_exec_annual_diversity_survey_v1_sac_annual_fyv2022_fyt2023_scratch_1y,annual_survey_rv0p10_sl1p5_tp2
gbpusd,15m,short,sac,annual_diversity_survey_v1,tech_stat_decomp,5,2023,0.0,0.0,0.0,0.0,0.0,0.0,0.1,fixed_atr,1.5,2.0,0.5,1,scratch_n_years,gbpusd_15m_tech_stat_decomp_exec_annual_diversity_survey_v1_sac_annual_fyv2022_fyt2023_scratch_1y,annual_survey_rv0p10_sl1p5_tp2
gbpusd,1h,short,sac,annual_diversity_survey_v1,fx_full,5,2023,0.0,0.0,0.0,0.0,0.0,0.0,0.1,fixed_atr,1.5,2.0,0.5,1,scratch_n_years,gbpusd_1h_fx_full_exec_annual_diversity_survey_v1_sac_annual_fyv2022_fyt2023_scratch_1y,annual_survey_rv0p10_sl1p5_tp2
nzdusd,15m,short,sac,annual_diversity_survey_v1,fx_full,5,2023,0.0,0.0,0.0,0.0,0.0,0.0,0.1,fixed_atr,1.5,2.0,0.5,1,scratch_n_years,nzdusd_15m_fx_full_exec_annual_diversity_survey_v1_sac_annual_fyv2022_fyt2023_scratch_1y,annual_survey_rv0p10_sl1p5_tp2
nzdusd,1h,short,sac,annual_diversity_survey_v1,fx_full,5,2023,0.0,0.0,0.0,0.0,0.0,0.0,0.1,fixed_atr,1.5,2.0,0.5,1,scratch_n_years,nzdusd_1h_fx_full_exec_annual_diversity_survey_v1_sac_annual_fyv2022_fyt2023_scratch_1y,annual_survey_rv0p10_sl1p5_tp2
usdcad,15m,short,sac,annual_diversity_survey_v1,fx_full,5,2023,0.0,0.0,0.0,0.0,0.0,0.0,0.1,fixed_atr,1.5,2.0,0.5,1,scratch_n_years,usdcad_15m_fx_full_exec_annual_diversity_survey_v1_sac_annual_fyv2022_fyt2023_scratch_1y,annual_survey_rv0p10_sl1p5_tp2
usdcad,1h,short,sac,annual_diversity_survey_v1,fx_full,5,2023,0.0,0.0,0.0,0.0,0.0,0.0,0.1,fixed_atr,1.5,2.0,0.5,1,scratch_n_years,usdcad_1h_fx_full_exec_annual_diversity_survey_v1_sac_annual_fyv2022_fyt2023_scratch_1y,annual_survey_rv0p10_sl1p5_tp2
usdchf,15m,short,sac,annual_diversity_survey_v1,fx_full,5,2023,0.0,0.0,0.0,0.0,0.0,0.0,0.1,fixed_atr,1.5,2.0,0.5,1,scratch_n_years,usdchf_15m_fx_full_exec_annual_diversity_survey_v1_sac_annual_fyv2022_fyt2023_scratch_1y,annual_survey_rv0p10_sl1p5_tp2
usdchf,1h,short,sac,annual_diversity_survey_v1,fx_full,5,2023,0.0,0.0,0.0,0.0,0.0,0.0,0.1,fixed_atr,1.5,2.0,0.5,1,scratch_n_years,usdchf_1h_fx_full_exec_annual_diversity_survey_v1_sac_annual_fyv2022_fyt2023_scratch_1y,annual_survey_rv0p10_sl1p5_tp2
xrpusdt,15m,short,sac,annual_diversity_survey_v1,kitchen_sink_guarded,5,2023,0.0,0.0,0.0,0.0,0.0,0.0,0.1,fixed_atr,1.5,2.0,0.5,1,scratch_n_years,xrpusdt_15m_kitchen_sink_guarded_exec_annual_diversity_survey_v1_sac_annual_fyv2022_fyt2023_scratch_1y,annual_survey_rv0p10_sl1p5_tp2
xrpusdt,1h,short,sac,annual_diversity_survey_v1,kitchen_sink_guarded,5,2023,0.0,0.0,0.0,0.0,0.0,0.0,0.1,fixed_atr,1.5,2.0,0.5,1,scratch_n_years,xrpusdt_1h_kitchen_sink_guarded_exec_annual_diversity_survey_v1_sac_annual_fyv2022_fyt2023_scratch_1y,annual_survey_rv0p10_sl1p5_tp2
dogeusdt,4h,long,sac,annual_diversity_survey_v1,kitchen_sink_guarded,13,2023,7e-06,8.5e-05,-0.000158,-0.002052,0.000329,0.307692,0.1,fixed_atr,1.5,2.0,0.5,1,scratch_n_years,dogeusdt_4h_kitchen_sink_guarded_exec_annual_diversity_survey_v1_sac_annual_fyv2022_fyt2023_scratch_1y,annual_survey_rv0p10_sl1p5_tp2
eurgbp,4h,long,sac,annual_diversity_survey_v1,fx_full,18,2023,-0.000209,-0.003761,-0.000313,-0.005642,0.000209,0.111111,0.1,fixed_atr,1.5,2.0,0.5,1,scratch_n_years,eurgbp_4h_fx_full_exec_annual_diversity_survey_v1_sac_annual_fyv2022_fyt2023_scratch_1y,annual_survey_rv0p10_sl1p5_tp2
adausdt,4h,long,sac,annual_diversity_survey_v1,kitchen_sink_guarded,13,2023,0.000326,0.004232,-0.000329,-0.004279,0.001309,0.230769,0.1,fixed_atr,1.5,2.0,0.5,1,scratch_n_years,adausdt_4h_kitchen_sink_guarded_exec_annual_diversity_survey_v1_sac_annual_fyv2022_fyt2023_scratch_1y,annual_survey_rv0p10_sl1p5_tp2
eurusd,4h,long,sac,annual_diversity_survey_v1,fx_full,14,2023,-0.000526,-0.007369,-0.00079,-0.011053,0.000526,0.214286,0.1,fixed_atr,1.5,2.0,0.5,1,scratch_n_years,eurusd_4h_fx_full_exec_annual_diversity_survey_v1_sac_annual_fyv2022_fyt2023_scratch_1y,annual_survey_rv0p10_sl1p5_tp2
adausdt,1h,short,sac,asset_preset_broadening_phase5_v1,sota_low_cost,5,2023,0.005188,0.02594,-0.001127,-0.005633,0.006315,1.4,0.05,fixed_atr,2.0,3.0,1.0,3,scratch_n_years,adausdt_1h_sota_low_cost_sac_scratch_3y_seed5_asset_preset_broadening_phase5_v1,fixed_atr
dogeusdt,4h,long,sac,,sota_low_cost,32,2023,-0.000305,-0.009758,-0.001223,-0.039132,0.000918,1.15625,0.05,fixed_atr,2.0,3.0,1.0,1,scratch_n_years,dogeusdt_4h_sota_low_cost_all_available_sac_scratch_1y,fixed_atr
adausdt,4h,long,sac,asset_preset_broadening_phase5_v1,crypto_full,8,2023,0.000111,0.00089,-0.001289,-0.010315,0.001401,1.0,0.05,fixed_atr,2.0,3.0,1.0,1,warm_start_chain_n_years,adausdt_4h_crypto_full_sac_warm_start_chain_1y_seed5_asset_preset_broadening_phase5_v1,fixed_atr
adausdt,4h,long,sac,asset_preset_broadening_phase5_v1,kitchen_sink_guarded,8,2023,0.000111,0.00089,-0.001289,-0.010315,0.001401,1.0,0.05,fixed_atr,2.0,3.0,1.0,1,warm_start_chain_n_years,adausdt_4h_kitchen_sink_guarded_sac_warm_start_chain_1y_seed5_asset_preset_broadening_phase5_v1,fixed_atr
xrpusdt,4h,long,sac,annual_diversity_survey_v1,kitchen_sink_guarded,13,2023,0.000644,0.008374,-0.001348,-0.017522,0.003984,0.769231,0.1,fixed_atr,1.5,2.0,0.5,1,scratch_n_years,xrpusdt_4h_kitchen_sink_guarded_exec_annual_diversity_survey_v1_sac_annual_fyv2022_fyt2023_scratch_1y,annual_survey_rv0p10_sl1p5_tp2
adausdt,4h,long,sac,asset_preset_broadening_phase5_v1,sota_low_cost,15,2023,0.014265,0.213968,-0.00144,-0.021593,0.015704,1.8,0.05,fixed_atr,2.0,3.0,1.0,3,scratch_n_years,adausdt_4h_sota_low_cost_sac_scratch_3y_seed5_asset_preset_broadening_phase5_v1,fixed_atr
adausdt,4h,long,sac,,sota_low_cost,32,2023,0.009891,0.316509,-0.001562,-0.049999,0.011453,1.75,0.05,fixed_atr,2.0,3.0,1.0,1,scratch_n_years,adausdt_4h_sota_low_cost_all_available_sac_scratch_1y,fixed_atr
dogeusdt,4h,long,sac,,sota_low_cost,32,2023,-5.1e-05,-0.001646,-0.001615,-0.051674,0.001563,2.28125,0.05,fixed_atr,2.0,3.0,1.0,1,warm_start_chain_n_years,dogeusdt_4h_sota_low_cost_all_available_sac_warm_start_chain_1y,fixed_atr
adausdt,4h,long,sac,asset_preset_broadening_phase5_v1,kitchen_sink_guarded,20,2023,0.010406,0.208125,-0.001854,-0.037088,0.012261,2.1,0.05,fixed_atr,2.0,3.0,1.0,1,scratch_n_years,adausdt_4h_kitchen_sink_guarded_sac_scratch_1y_seed5_asset_preset_broadening_phase5_v1,fixed_atr
xrpusdt,1h,short,sac,asset_preset_broadening_phase5_v1,sota_low_cost,8,2023,0.022273,0.178181,-0.003334,-0.026674,0.025607,13.5,0.05,fixed_atr,2.0,3.0,1.0,1,warm_start_chain_n_years,xrpusdt_1h_sota_low_cost_sac_warm_start_chain_1y_seed5_asset_preset_broadening_phase5_v1,fixed_atr
adausdt,1h,short,sac,asset_preset_broadening_phase5_v1,crypto_full,5,2023,0.001185,0.005926,-0.003428,-0.017141,0.004613,1.2,0.05,fixed_atr,2.0,3.0,1.0,3,scratch_n_years,adausdt_1h_crypto_full_sac_scratch_3y_seed5_asset_preset_broadening_phase5_v1,fixed_atr
adausdt,4h,long,sac,,sota_low_cost,32,2023,0.01471,0.470735,-0.003776,-0.120821,0.018486,5.8125,0.05,fixed_atr,2.0,3.0,1.0,1,warm_start_chain_n_years,adausdt_4h_sota_low_cost_all_available_sac_warm_start_chain_1y,fixed_atr
adausdt,4h,long,sac,asset_preset_broadening_phase5_v1,sota_low_cost,20,2023,0.014732,0.294637,-0.004519,-0.090387,0.019251,2.0,0.05,fixed_atr,2.0,3.0,1.0,1,warm_start_chain_n_years,adausdt_4h_sota_low_cost_sac_warm_start_chain_1y_seed5_asset_preset_broadening_phase5_v1,fixed_atr
xrpusdt,4h,long,sac,asset_preset_broadening_phase5_v1,kitchen_sink_guarded,20,2023,0.006781,0.135617,-0.00453,-0.090595,0.011311,1.55,0.05,fixed_atr,2.0,3.0,1.0,1,scratch_n_years,xrpusdt_4h_kitchen_sink_guarded_sac_scratch_1y_seed5_asset_preset_broadening_phase5_v1,fixed_atr
adausdt,4h,long,sac,asset_preset_broadening_phase5_v1,tech_stat_decomp,20,2023,0.007255,0.145105,-0.005412,-0.108236,0.012667,2.2,0.05,fixed_atr,2.0,3.0,1.0,1,scratch_n_years,adausdt_4h_tech_stat_decomp_sac_scratch_1y_seed5_asset_preset_broadening_phase5_v1,fixed_atr
xrpusdt,4h,long,sac,asset_preset_broadening_phase5_v1,crypto_full,20,2023,0.00395,0.078991,-0.005879,-0.117584,0.009829,1.3,0.05,fixed_atr,2.0,3.0,1.0,1,scratch_n_years,xrpusdt_4h_crypto_full_sac_scratch_1y_seed5_asset_preset_broadening_phase5_v1,fixed_atr
adausdt,4h,long,sac,asset_preset_broadening_phase5_v1,sota_low_cost,20,2023,0.007188,0.143756,-0.006031,-0.120624,0.013219,2.2,0.05,fixed_atr,2.0,3.0,1.0,1,scratch_n_years,adausdt_4h_sota_low_cost_sac_scratch_1y_seed5_asset_preset_broadening_phase5_v1,fixed_atr
adausdt,4h,long,sac,asset_preset_broadening_phase5_v1,tech_stat_decomp,20,2023,0.013905,0.278095,-0.006252,-0.125047,0.020157,3.35,0.05,fixed_atr,2.0,3.0,1.0,1,warm_start_chain_n_years,adausdt_4h_tech_stat_decomp_sac_warm_start_chain_1y_seed5_asset_preset_broadening_phase5_v1,fixed_atr
xrpusdt,4h,long,sac,asset_preset_broadening_phase5_v1,tech_stat_decomp,20,2023,0.005167,0.103345,-0.007362,-0.14723,0.012529,2.25,0.05,fixed_atr,2.0,3.0,1.0,1,scratch_n_years,xrpusdt_4h_tech_stat_decomp_sac_scratch_1y_seed5_asset_preset_broadening_phase5_v1,fixed_atr
xrpusdt,4h,long,sac,asset_preset_broadening_phase5_v1,kitchen_sink_guarded,5,2023,0.009088,0.045438,-0.007641,-0.038204,0.016728,1.6,0.05,fixed_atr,2.0,3.0,1.0,3,scratch_n_years,xrpusdt_4h_kitchen_sink_guarded_sac_scratch_3y_seed5_asset_preset_broadening_phase5_v1,fixed_atr
xrpusdt,4h,long,sac,asset_preset_broadening_phase5_v1,kitchen_sink_guarded,20,2023,0.013597,0.271943,-0.008537,-0.17075,0.022135,6.25,0.05,fixed_atr,2.0,3.0,1.0,1,warm_start_chain_n_years,xrpusdt_4h_kitchen_sink_guarded_sac_warm_start_chain_1y_seed5_asset_preset_broadening_phase5_v1,fixed_atr
xrpusdt,4h,long,sac,,sota_low_cost,32,2023,0.00699,0.223678,-0.008753,-0.280093,0.015743,2.3125,0.05,fixed_atr,2.0,3.0,1.0,1,scratch_n_years,xrpusdt_4h_sota_low_cost_all_available_sac_scratch_1y,fixed_atr
adausdt,1h,short,sac,asset_preset_broadening_phase5_v1,crypto_full,12,2023,0.013932,0.167189,-0.00899,-0.107875,0.022922,5.25,0.05,fixed_atr,2.0,3.0,1.0,1,scratch_n_years,adausdt_1h_crypto_full_sac_scratch_1y_seed5_asset_preset_broadening_phase5_v1,fixed_atr
xrpusdt,4h,long,sac,asset_preset_broadening_phase5_v1,sota_low_cost,20,2023,0.002399,0.047972,-0.009364,-0.187281,0.011763,2.1,0.05,fixed_atr,2.0,3.0,1.0,1,scratch_n_years,xrpusdt_4h_sota_low_cost_sac_scratch_1y_seed5_asset_preset_broadening_phase5_v1,fixed_atr
eurjpy,4h,long,sac,annual_diversity_survey_v1,fx_full,42,2023,0.025794,1.083368,-0.009982,-0.419246,0.071553,2.595238,0.1,fixed_atr,1.5,2.0,0.5,1,scratch_n_years,eurjpy_4h_fx_full_exec_annual_diversity_survey_v1_sac_annual_fyv2022_fyt2023_scratch_1y,annual_survey_rv0p10_sl1p5_tp2
ethusdt,4h,long,sac,adaptive_top_seed_extension_seed18_v1,kitchen_sink_guarded,12,2022,0.069843,0.838121,-0.010329,-0.123948,0.32069,2.25,0.075,fixed_atr,2.0,3.0,0.25,4,scratch_n_years,ethusdt_4h_kitchen_sink_guarded_exec_annual_4y_2022val_2023test_rap_sac_annual_fyv2022_fyt2023_scratch_4y_valyear_rap_l0p25_rv0p075_risk_adjusted_reward_phase7_v3_seed18_adaptive_top_seed_extension_seed18_v1,fixed_atr
xrpusdt,1h,short,sac,asset_preset_broadening_phase5_v1,sota_low_cost,5,2023,0.004631,0.023155,-0.010787,-0.053937,0.015418,2.8,0.05,fixed_atr,2.0,3.0,1.0,3,scratch_n_years,xrpusdt_1h_sota_low_cost_sac_scratch_3y_seed5_asset_preset_broadening_phase5_v1,fixed_atr
xrpusdt,1h,short,sac,asset_preset_broadening_phase5_v1,tech_stat_decomp,5,2023,0.004631,0.023155,-0.010787,-0.053937,0.015418,2.8,0.05,fixed_atr,2.0,3.0,1.0,3,scratch_n_years,xrpusdt_1h_tech_stat_decomp_sac_scratch_3y_seed5_asset_preset_broadening_phase5_v1,fixed_atr
xrpusdt,4h,long,sac,asset_preset_broadening_phase5_v1,tech_stat_decomp,5,2023,-0.003966,-0.01983,-0.010882,-0.054411,0.006916,0.8,0.05,fixed_atr,2.0,3.0,1.0,3,scratch_n_years,xrpusdt_4h_tech_stat_decomp_sac_scratch_3y_seed5_asset_preset_broadening_phase5_v1,fixed_atr
adausdt,4h,long,sac,asset_preset_broadening_phase5_v1,crypto_full,20,2023,0.003775,0.075491,-0.011378,-0.227557,0.015152,1.65,0.05,fixed_atr,2.0,3.0,1.0,1,scratch_n_years,adausdt_4h_crypto_full_sac_scratch_1y_seed5_asset_preset_broadening_phase5_v1,fixed_atr
xrpusdt,1h,short,sac,asset_preset_broadening_phase5_v1,crypto_full,5,2023,-0.000409,-0.002043,-0.012056,-0.060279,0.011647,1.8,0.05,fixed_atr,2.0,3.0,1.0,3,scratch_n_years,xrpusdt_1h_crypto_full_sac_scratch_3y_seed5_asset_preset_broadening_phase5_v1,fixed_atr
xrpusdt,4h,long,sac,asset_preset_broadening_phase5_v1,sota_low_cost,20,2023,0.009272,0.185435,-0.013161,-0.263213,0.022432,2.95,0.05,fixed_atr,2.0,3.0,1.0,1,warm_start_chain_n_years,xrpusdt_4h_sota_low_cost_sac_warm_start_chain_1y_seed5_asset_preset_broadening_phase5_v1,fixed_atr
xrpusdt,4h,long,sac,,sota_low_cost,32,2023,0.019079,0.610523,-0.013361,-0.427559,0.03244,5.71875,0.05,fixed_atr,2.0,3.0,1.0,1,warm_start_chain_n_years,xrpusdt_4h_sota_low_cost_all_available_sac_warm_start_chain_1y,fixed_atr
xrpusdt,4h,long,sac,asset_preset_broadening_phase5_v1,tech_stat_decomp,20,2023,0.01141,0.228208,-0.01353,-0.270598,0.02494,5.4,0.05,fixed_atr,2.0,3.0,1.0,1,warm_start_chain_n_years,xrpusdt_4h_tech_stat_decomp_sac_warm_start_chain_1y_seed5_asset_preset_broadening_phase5_v1,fixed_atr
ethusdt,1h,short,sac,asset_preset_broadening_phase5_v1,sota_low_cost,5,2023,0.190437,0.952187,-0.013536,-0.06768,0.203973,9.2,0.05,fixed_atr,2.0,3.0,1.0,3,fine_tune_recent_window_chain,ethusdt_1h_sota_low_cost_sac_fine_tune_recent_window_m6_base3y_seed5_asset_preset_broadening_phase5_v1,fixed_atr
ethusdt,4h,long,sac,sltp_risk_geometry_phase8_v3,kitchen_sink_guarded,9,2023,0.069939,0.629451,-0.013938,-0.125441,0.167754,4.666667,0.05,fixed_atr,1.25,1.25,0.5,4,fine_tune_recent_window_chain,ethusdt_4h_kitchen_sink_guarded_exec_annual_4y_2022val_2023test_rap_sac_annual_fyv2022_fyt2023_fine_tune_recent_window_m12_base4y_testyear_fixed_rv0p05_sl1p25_tp1p25_sltp_risk_geometry_phase8_v3,fixed_rv0p05_sl1p25_tp1p25
ethusdt,4h,long,sac,,sota_low_cost_plus_event_engineered_v1,8,2023,0.115099,0.920792,-0.015882,-0.127053,0.130981,1.625,0.05,fixed_atr,2.0,3.0,1.0,1,warm_start_chain_n_years,ethusdt_4h_sota_low_cost_plus_event_engineered_v1_sac_warm_start_chain_1y,fixed_atr
adausdt,4h,long,sac,asset_preset_broadening_phase5_v1,kitchen_sink_guarded,15,2023,-0.00257,-0.038548,-0.015993,-0.239897,0.013423,2.0,0.05,fixed_atr,2.0,3.0,1.0,3,scratch_n_years,adausdt_4h_kitchen_sink_guarded_sac_scratch_3y_seed5_asset_preset_broadening_phase5_v1,fixed_atr
xrpusdt,1h,short,sac,asset_preset_broadening_phase5_v1,kitchen_sink_guarded,5,2023,0.000503,0.002514,-0.016221,-0.081106,0.016724,3.2,0.05,fixed_atr,2.0,3.0,1.0,3,scratch_n_years,xrpusdt_1h_kitchen_sink_guarded_sac_scratch_3y_seed5_asset_preset_broadening_phase5_v1,fixed_atr
xrpusdt,4h,long,sac,asset_preset_broadening_phase5_v1,crypto_full,20,2023,0.008072,0.161447,-0.016955,-0.339104,0.025028,2.95,0.05,fixed_atr,2.0,3.0,1.0,1,warm_start_chain_n_years,xrpusdt_4h_crypto_full_sac_warm_start_chain_1y_seed5_asset_preset_broadening_phase5_v1,fixed_atr
xrpusdt,1h,short,sac,asset_preset_broadening_phase5_v1,crypto_full,12,2023,0.002936,0.035231,-0.017422,-0.209062,0.020358,6.583333,0.05,fixed_atr,2.0,3.0,1.0,1,scratch_n_years,xrpusdt_1h_crypto_full_sac_scratch_1y_seed5_asset_preset_broadening_phase5_v1,fixed_atr
xrpusdt,1h,short,sac,asset_preset_broadening_phase5_v1,crypto_full,8,2023,0.010473,0.083785,-0.017427,-0.13942,0.027901,14.25,0.05,fixed_atr,2.0,3.0,1.0,1,warm_start_chain_n_years,xrpusdt_1h_crypto_full_sac_warm_start_chain_1y_seed5_asset_preset_broadening_phase5_v1,fixed_atr
solusdt,4h,long,sac,adaptive_top_seed_extension_seed13_v1,kitchen_sink_guarded,10,2023,2.418135,24.181353,-0.019768,-0.197684,4.875807,7.8,0.5,fixed_atr,1.25,1.25,0.5,3,fine_tune_recent_window_chain,solusdt_4h_kitchen_sink_guarded_all_available_sac_fine_tune_recent_window_m6_base3y_fixed_rv0p50_sl1p25_tp1p25_sltp_risk_geometry_phase8_v1_seed9_adaptive_top_seed_extension_seed9_v1_seed13_adaptive_top_seed_extension_seed13_v1,fixed_rv0p50_sl1p25_tp1p25
xrpusdt,4h,long,sac,asset_preset_broadening_phase5_v1,sota_low_cost,5,2023,-0.008466,-0.042332,-0.020217,-0.101086,0.011751,0.8,0.05,fixed_atr,2.0,3.0,1.0,3,scratch_n_years,xrpusdt_4h_sota_low_cost_sac_scratch_3y_seed5_asset_preset_broadening_phase5_v1,fixed_atr
xrpusdt,1h,short,sac,asset_preset_broadening_phase5_v1,tech_stat_decomp,8,2023,0.004413,0.035307,-0.021246,-0.169966,0.025659,3.625,0.05,fixed_atr,2.0,3.0,1.0,1,warm_start_chain_n_years,xrpusdt_1h_tech_stat_decomp_sac_warm_start_chain_1y_seed5_asset_preset_broadening_phase5_v1,fixed_atr
solusdt,4h,long,sac,,sota_low_cost,32,2023,0.145904,4.668926,-0.021409,-0.685078,0.167313,2.3125,0.05,fixed_atr,2.0,3.0,1.0,1,fine_tune_recent_window_chain,solusdt_4h_sota_low_cost_all_available_sac_fine_tune_recent_window_m1_base1y,fixed_atr
adausdt,4h,long,sac,asset_preset_broadening_phase5_v1,crypto_full,15,2023,-0.001055,-0.015832,-0.021785,-0.326779,0.02073,2.066667,0.05,fixed_atr,2.0,3.0,1.0,3,scratch_n_years,adausdt_4h_crypto_full_sac_scratch_3y_seed5_asset_preset_broadening_phase5_v1,fixed_atr
bnbusdt,4h,long,sac,asset_preset_broadening_phase5_v1,crypto_full,5,2023,0.094696,0.473482,-0.021817,-0.109086,0.116513,2.4,0.05,fixed_atr,2.0,3.0,1.0,3,warm_start_chain_n_years,bnbusdt_4h_crypto_full_sac_warm_start_chain_3y_seed5_asset_preset_broadening_phase5_v1,fixed_atr
bnbusdt,4h,long,sac,asset_preset_broadening_phase5_v1,kitchen_sink_guarded,5,2023,0.094696,0.473482,-0.021817,-0.109086,0.116513,2.4,0.05,fixed_atr,2.0,3.0,1.0,3,warm_start_chain_n_years,bnbusdt_4h_kitchen_sink_guarded_sac_warm_start_chain_3y_seed5_asset_preset_broadening_phase5_v1,fixed_atr
bnbusdt,4h,long,sac,asset_preset_broadening_phase5_v1,sota_low_cost,5,2023,0.094696,0.473482,-0.021817,-0.109086,0.116513,2.4,0.05,fixed_atr,2.0,3.0,1.0,3,warm_start_chain_n_years,bnbusdt_4h_sota_low_cost_sac_warm_start_chain_3y_seed5_asset_preset_broadening_phase5_v1,fixed_atr
bnbusdt,4h,long,sac,asset_preset_broadening_phase5_v1,tech_stat_decomp,5,2023,0.094696,0.473482,-0.021817,-0.109086,0.116513,2.4,0.05,fixed_atr,2.0,3.0,1.0,3,warm_start_chain_n_years,bnbusdt_4h_tech_stat_decomp_sac_warm_start_chain_3y_seed5_asset_preset_broadening_phase5_v1,fixed_atr
adausdt,1h,short,sac,asset_preset_broadening_phase5_v1,kitchen_sink_guarded,12,2023,0.001059,0.012708,-0.029446,-0.353351,0.030505,4.666667,0.05,fixed_atr,2.0,3.0,1.0,1,scratch_n_years,adausdt_1h_kitchen_sink_guarded_sac_scratch_1y_seed5_asset_preset_broadening_phase5_v1,fixed_atr
xrpusdt,4h,long,sac,asset_preset_broadening_phase5_v1,crypto_full,5,2023,-0.013429,-0.067147,-0.029933,-0.149665,0.016504,1.0,0.05,fixed_atr,2.0,3.0,1.0,3,scratch_n_years,xrpusdt_4h_crypto_full_sac_scratch_3y_seed5_asset_preset_broadening_phase5_v1,fixed_atr
xrpusdt,1h,short,sac,asset_preset_broadening_phase5_v1,kitchen_sink_guarded,12,2023,-0.005995,-0.071941,-0.031453,-0.377435,0.025458,5.5,0.05,fixed_atr,2.0,3.0,1.0,1,scratch_n_years,xrpusdt_1h_kitchen_sink_guarded_sac_scratch_1y_seed5_asset_preset_broadening_phase5_v1,fixed_atr
ethusdt,4h,long,sac,,sota_low_cost_plus_event_engineered_v1,16,2023,0.136499,2.183979,-0.033745,-0.539925,0.170244,2.125,0.05,fixed_atr,2.0,3.0,1.0,1,oracle_bc_transfer_e1_v1__warm_start_chain_n_years,ethusdt_4h_sota_low_cost_plus_event_engineered_v1_sac_warm_start_chain_1y__oracle_bc_transfer_e1_v1,fixed_atr
ethusdt,4h,long,sac,,sota_low_cost_plus_event_engineered_v1,16,2023,0.136499,2.183979,-0.033745,-0.539925,0.170244,2.125,0.05,fixed_atr,2.0,3.0,1.0,1,oracle_bc_transfer_e2_v1__warm_start_chain_n_years,ethusdt_4h_sota_low_cost_plus_event_engineered_v1_sac_warm_start_chain_1y__oracle_bc_transfer_e2_v1,fixed_atr
ethusdt,4h,long,sac,,sota_low_cost_plus_event_engineered_v1,16,2023,0.136499,2.183979,-0.033745,-0.539925,0.170244,2.125,0.05,fixed_atr,2.0,3.0,1.0,1,oracle_bc_transfer_e5_v1__warm_start_chain_n_years,ethusdt_4h_sota_low_cost_plus_event_engineered_v1_sac_warm_start_chain_1y__oracle_bc_transfer_e5_v1,fixed_atr
ethusdt,4h,long,sac,event_context_seed_robustness_phase2_v1,sota_low_cost_plus_event_engineered_v1,16,2023,0.136499,2.183979,-0.033745,-0.539925,0.170244,2.125,0.05,fixed_atr,2.0,3.0,1.0,1,warm_start_chain_n_years,ethusdt_4h_sota_low_cost_plus_event_engineered_v1_sac_warm_start_chain_1y_seed1_eventctx_seed_robustness_phase2_v1,fixed_atr
ethusdt,4h,long,sac,event_context_seed_robustness_phase2_v1,sota_low_cost_plus_event_engineered_v1,16,2023,0.136499,2.183979,-0.033745,-0.539925,0.170244,2.125,0.05,fixed_atr,2.0,3.0,1.0,1,warm_start_chain_n_years,ethusdt_4h_sota_low_cost_plus_event_engineered_v1_sac_warm_start_chain_1y_seed3_eventctx_seed_robustness_phase2_v1,fixed_atr
ethusdt,4h,long,sac,,sota_low_cost,16,2023,0.136499,2.183979,-0.033745,-0.539925,0.170244,2.125,0.05,fixed_atr,2.0,3.0,1.0,1,warm_start_chain_n_years,ethusdt_4h_sota_low_cost_sac_warm_start_chain_1y,fixed_atr
ethusdt,4h,long,sac,event_context_seed_robustness_phase2_v1,sota_low_cost,16,2023,0.136499,2.183979,-0.033745,-0.539925,0.170244,2.125,0.05,fixed_atr,2.0,3.0,1.0,1,warm_start_chain_n_years,ethusdt_4h_sota_low_cost_sac_warm_start_chain_1y_seed1_eventctx_seed_robustness_phase2_v1,fixed_atr
ethusdt,4h,long,sac,event_context_seed_robustness_phase2_v1,sota_low_cost,16,2023,0.136499,2.183979,-0.033745,-0.539925,0.170244,2.125,0.05,fixed_atr,2.0,3.0,1.0,1,warm_start_chain_n_years,ethusdt_4h_sota_low_cost_sac_warm_start_chain_1y_seed3_eventctx_seed_robustness_phase2_v1,fixed_atr
bnbusdt,4h,long,sac,asset_preset_broadening_phase5_v1,crypto_full,9,2023,0.061075,0.549673,-0.034986,-0.314878,0.096061,1.888889,0.05,fixed_atr,2.0,3.0,1.0,1,warm_start_chain_n_years,bnbusdt_4h_crypto_full_sac_warm_start_chain_1y_seed5_asset_preset_broadening_phase5_v1,fixed_atr
adausdt,1h,short,sac,asset_preset_broadening_phase5_v1,sota_low_cost,12,2023,-0.003039,-0.036466,-0.035316,-0.423789,0.032277,5.333333,0.05,fixed_atr,2.0,3.0,1.0,1,scratch_n_years,adausdt_1h_sota_low_cost_sac_scratch_1y_seed5_asset_preset_broadening_phase5_v1,fixed_atr
adausdt,1h,short,sac,asset_preset_broadening_phase5_v1,tech_stat_decomp,12,2023,-0.003966,-0.047593,-0.036468,-0.437612,0.032502,5.0,0.05,fixed_atr,2.0,3.0,1.0,1,scratch_n_years,adausdt_1h_tech_stat_decomp_sac_scratch_1y_seed5_asset_preset_broadening_phase5_v1,fixed_atr
xrpusdt,1h,short,sac,asset_preset_broadening_phase5_v1,tech_stat_decomp,12,2023,-0.011241,-0.134896,-0.039258,-0.471099,0.028017,5.666667,0.05,fixed_atr,2.0,3.0,1.0,1,scratch_n_years,xrpusdt_1h_tech_stat_decomp_sac_scratch_1y_seed5_asset_preset_broadening_phase5_v1,fixed_atr
gbpjpy,4h,long,sac,annual_diversity_survey_v1,fx_full,41,2023,0.003363,0.137886,-0.039348,-1.613257,0.085422,2.731707,0.1,fixed_atr,1.5,2.0,0.5,1,scratch_n_years,gbpjpy_4h_fx_full_exec_annual_diversity_survey_v1_sac_annual_fyv2022_fyt2023_scratch_1y,annual_survey_rv0p10_sl1p5_tp2
ethusdt,4h,long,sac,sltp_risk_geometry_phase8_v3,kitchen_sink_guarded,12,2023,0.057348,0.688174,-0.039622,-0.475466,0.19394,3.333333,0.05,fixed_atr,1.5,2.0,0.5,4,fine_tune_recent_window_chain,ethusdt_4h_kitchen_sink_guarded_exec_annual_4y_2022val_2023test_rap_sac_annual_fyv2022_fyt2023_fine_tune_recent_window_m12_base4y_testyear_fixed_rv0p05_sl1p5_tp2_sltp_risk_geometry_phase8_v3,fixed_rv0p05_sl1p5_tp2
ethusdt,4h,long,sac,,sota_low_cost_plus_event_engineered_v1,16,2023,0.129419,2.070707,-0.040825,-0.653197,0.170244,2.3125,0.05,fixed_atr,2.0,3.0,1.0,1,scratch_n_years,ethusdt_4h_sota_low_cost_plus_event_engineered_v1_exec_event_no_trade_overlay_v1_sac_scratch_1y,fixed_atr
ethusdt,4h,long,sac,,sota_low_cost_plus_event_engineered_v1,16,2023,0.129419,2.070707,-0.040825,-0.653197,0.170244,2.3125,0.05,fixed_atr,2.0,3.0,1.0,1,warm_start_chain_n_years,ethusdt_4h_sota_low_cost_plus_event_engineered_v1_exec_event_no_trade_overlay_v1_sac_warm_start_chain_1y,fixed_atr
bnbusdt,4h,long,sac,asset_preset_broadening_phase5_v1,sota_low_cost,9,2023,0.058224,0.524019,-0.041524,-0.373719,0.099749,1.888889,0.05,fixed_atr,2.0,3.0,1.0,1,warm_start_chain_n_years,bnbusdt_4h_sota_low_cost_sac_warm_start_chain_1y_seed5_asset_preset_broadening_phase5_v1,fixed_atr
adausdt,1h,short,sac,asset_preset_broadening_phase5_v1,sota_low_cost,12,2023,-0.000448,-0.005379,-0.041949,-0.503387,0.041501,5.666667,0.05,fixed_atr,2.0,3.0,1.0,1,warm_start_chain_n_years,adausdt_1h_sota_low_cost_sac_warm_start_chain_1y_seed5_asset_preset_broadening_phase5_v1,fixed_atr
usdjpy,4h,long,sac,annual_diversity_survey_v1,fx_full,42,2023,0.00201,0.084414,-0.044867,-1.884417,0.093754,2.97619,0.1,fixed_atr,1.5,2.0,0.5,1,scratch_n_years,usdjpy_4h_fx_full_exec_annual_diversity_survey_v1_sac_annual_fyv2022_fyt2023_scratch_1y,annual_survey_rv0p10_sl1p5_tp2
xrpusdt,1h,short,sac,asset_preset_broadening_phase5_v1,sota_low_cost,12,2023,-0.010488,-0.125856,-0.046593,-0.559119,0.036105,9.333333,0.05,fixed_atr,2.0,3.0,1.0,1,scratch_n_years,xrpusdt_1h_sota_low_cost_sac_scratch_1y_seed5_asset_preset_broadening_phase5_v1,fixed_atr
solusdt,1h,short,sac,sltp_risk_geometry_phase8_v1,tech_stat_decomp,8,2023,0.267283,2.138264,-0.047684,-0.38147,0.629934,28.625,0.05,fixed_atr,1.25,1.25,0.5,1,warm_start_chain_n_years,solusdt_1h_tech_stat_decomp_sac_warm_start_chain_1y_seed5_asset_preset_broadening_phase5_v1_fixed_rv0p05_sl1p25_tp1p25_sltp_risk_geometry_phase8_v1,fixed_rv0p05_sl1p25_tp1p25
ethusdt,4h,long,sac,event_token_embedding_phase4_v1,sota_low_cost_plus_event_engineered_v1,24,2023,0.098952,2.374858,-0.048706,-1.168935,0.147658,2.083333,0.05,fixed_atr,2.0,3.0,1.0,3,fine_tune_recent_window_chain,ethusdt_4h_sota_low_cost_plus_event_engineered_v1_sac_fine_tune_recent_window_m3_base3y_seed6_event_token_embedding_phase4_v1,fixed_atr
solusdt,4h,long,sac,,kitchen_sink_guarded,32,2023,0.206833,6.618655,-0.04884,-1.562873,0.255673,2.0625,0.05,fixed_atr,2.0,3.0,1.0,1,scratch_n_years,solusdt_4h_kitchen_sink_guarded_all_available_sac_scratch_1y,fixed_atr
adausdt,1h,short,sac,asset_preset_broadening_phase5_v1,tech_stat_decomp,12,2023,-0.004744,-0.056932,-0.048984,-0.587802,0.044239,19.583333,0.05,fixed_atr,2.0,3.0,1.0,1,warm_start_chain_n_years,adausdt_1h_tech_stat_decomp_sac_warm_start_chain_1y_seed5_asset_preset_broadening_phase5_v1,fixed_atr
solusdt,4h,long,sac,adaptive_top_seed_extension_seed13_v1,kitchen_sink_guarded,10,2023,2.467647,24.676466,-0.04988,-0.498802,5.035054,5.1,0.5,margin_aware_atr,2.0,3.0,0.5,3,fine_tune_recent_window_chain,solusdt_4h_kitchen_sink_guarded_all_available_sac_fine_tune_recent_window_m6_base3y_margin_aware_rv0p50_cap2p5_sltp_risk_geometry_phase8_v1_seed9_adaptive_top_seed_extension_seed9_v1_seed13_adaptive_top_seed_extension_seed13_v1,margin_aware_rv0p50_cap2p5
solusdt,1h,short,sac,sltp_risk_geometry_phase8_v1,tech_stat_decomp,8,2023,0.246157,1.969253,-0.051153,-0.409222,0.594619,25.125,0.05,fixed_atr,1.5,2.0,0.5,1,warm_start_chain_n_years,solusdt_1h_tech_stat_decomp_sac_warm_start_chain_1y_seed5_asset_preset_broadening_phase5_v1_fixed_rv0p05_sl1p5_tp2_sltp_risk_geometry_phase8_v1,fixed_rv0p05_sl1p5_tp2
btcusdt,4h,long,sac,,sota_low_cost,8,2023,0.104101,0.83281,-0.053711,-0.429686,0.157812,2.0,0.05,fixed_atr,2.0,3.0,1.0,4,warm_start_chain_n_years,btcusdt_4h_sota_low_cost_sac_warm_start_chain_4y,fixed_atr
bnbusdt,4h,long,sac,asset_preset_broadening_phase5_v1,tech_stat_decomp,8,2023,0.038996,0.31197,-0.054014,-0.432108,0.09301,1.75,0.05,fixed_atr,2.0,3.0,1.0,1,warm_start_chain_n_years,bnbusdt_4h_tech_stat_decomp_sac_warm_start_chain_1y_seed5_asset_preset_broadening_phase5_v1,fixed_atr
ethusdt,4h,long,sac,risk_adjusted_reward_phase7_v3,kitchen_sink_guarded,15,2023,0.132646,1.989691,-0.054156,-0.812347,0.186803,2.333333,0.05,fixed_atr,2.0,3.0,1.0,4,scratch_n_years,ethusdt_4h_kitchen_sink_guarded_exec_annual_4y_2022val_2023test_rap_sac_annual_fyv2022_fyt2023_scratch_4y_testyear_rap_l1p0_rv0p05_risk_adjusted_reward_phase7_v3,fixed_atr
usdjpy,1h,short,sac,annual_diversity_survey_v1,fx_full,29,2023,-0.006804,-0.197316,-0.054805,-1.589333,0.096001,8.0,0.1,fixed_atr,1.5,2.0,0.5,1,scratch_n_years,usdjpy_1h_fx_full_exec_annual_diversity_survey_v1_sac_annual_fyv2022_fyt2023_scratch_1y,annual_survey_rv0p10_sl1p5_tp2
adausdt,1h,short,sac,asset_preset_broadening_phase5_v1,crypto_full,12,2023,-0.002795,-0.033536,-0.055844,-0.670123,0.053049,9.833333,0.05,fixed_atr,2.0,3.0,1.0,1,warm_start_chain_n_years,adausdt_1h_crypto_full_sac_warm_start_chain_1y_seed5_asset_preset_broadening_phase5_v1,fixed_atr
solusdt,4h,long,sac,asset_preset_broadening_phase5_v1,kitchen_sink_guarded,20,2023,0.28799,5.759807,-0.058217,-1.16435,0.346208,2.6,0.05,fixed_atr,2.0,3.0,1.0,1,scratch_n_years,solusdt_4h_kitchen_sink_guarded_sac_scratch_1y_seed5_asset_preset_broadening_phase5_v1,fixed_atr
ethusdt,4h,long,sac,asset_preset_broadening_phase5_v1,sota_low_cost,5,2023,0.065621,0.328106,-0.058565,-0.292825,0.124186,2.4,0.05,fixed_atr,2.0,3.0,1.0,3,warm_start_chain_n_years,ethusdt_4h_sota_low_cost_sac_warm_start_chain_3y_seed5_asset_preset_broadening_phase5_v1,fixed_atr
ethusdt,4h,long,sac,asset_preset_broadening_phase5_v1,tech_stat_decomp,5,2023,0.065621,0.328106,-0.058565,-0.292825,0.124186,2.4,0.05,fixed_atr,2.0,3.0,1.0,3,warm_start_chain_n_years,ethusdt_4h_tech_stat_decomp_sac_warm_start_chain_3y_seed5_asset_preset_broadening_phase5_v1,fixed_atr
bnbusdt,4h,long,sac,asset_preset_broadening_phase5_v1,kitchen_sink_guarded,11,2023,0.044529,0.489824,-0.059275,-0.652029,0.103805,1.727273,0.05,fixed_atr,2.0,3.0,1.0,1,warm_start_chain_n_years,bnbusdt_4h_kitchen_sink_guarded_sac_warm_start_chain_1y_seed5_asset_preset_broadening_phase5_v1,fixed_atr
ethusdt,4h,long,sac,eventctx_metric_window_phase3_v1,sota_low_cost_plus_event_engineered_v1,32,2023,0.088137,2.820392,-0.065163,-2.085209,0.1533,2.28125,0.05,fixed_atr,2.0,3.0,1.0,3,warm_start_chain_n_years,ethusdt_4h_sota_low_cost_plus_event_engineered_v1_sac_warm_start_chain_3y_etd14_vd7_td7_seed4_eventctx_metric_window_phase3_v1,fixed_atr
ethusdt,4h,long,sac,event_token_embedding_phase4_v1,sota_low_cost_plus_event_engineered_v1,24,2023,0.084267,2.022404,-0.068689,-1.648535,0.152956,2.0,0.05,fixed_atr,2.0,3.0,1.0,3,fine_tune_recent_window_chain,ethusdt_4h_sota_low_cost_plus_event_engineered_v1_sac_fine_tune_recent_window_m6_base3y_seed6_event_token_embedding_phase4_v1,fixed_atr
btcusdt,1h,short,sac,asset_preset_broadening_phase5_v1,crypto_full,12,2023,0.124108,1.489291,-0.070845,-0.850143,0.194953,8.0,0.05,fixed_atr,2.0,3.0,1.0,3,fine_tune_recent_window_chain,btcusdt_1h_crypto_full_sac_fine_tune_recent_window_m3_base3y_seed5_asset_preset_broadening_phase5_v1,fixed_atr
btcusdt,1h,short,sac,asset_preset_broadening_phase5_v1,crypto_full,12,2023,0.124108,1.489291,-0.070845,-0.850143,0.194953,8.0,0.05,fixed_atr,2.0,3.0,1.0,3,fine_tune_recent_window_chain,btcusdt_1h_crypto_full_sac_fine_tune_recent_window_m6_base3y_seed5_asset_preset_broadening_phase5_v1,fixed_atr
btcusdt,1h,short,sac,asset_preset_broadening_phase5_v1,crypto_full,12,2023,0.124108,1.489291,-0.070845,-0.850143,0.194953,8.0,0.05,fixed_atr,2.0,3.0,1.0,1,scratch_n_years,btcusdt_1h_crypto_full_sac_scratch_1y_seed5_asset_preset_broadening_phase5_v1,fixed_atr
btcusdt,1h,short,sac,asset_preset_broadening_phase5_v1,crypto_full,12,2023,0.124108,1.489291,-0.070845,-0.850143,0.194953,8.0,0.05,fixed_atr,2.0,3.0,1.0,3,scratch_n_years,btcusdt_1h_crypto_full_sac_scratch_3y_seed5_asset_preset_broadening_phase5_v1,fixed_atr
btcusdt,1h,short,sac,asset_preset_broadening_phase5_v1,crypto_full,12,2023,0.124108,1.489291,-0.070845,-0.850143,0.194953,8.0,0.05,fixed_atr,2.0,3.0,1.0,1,warm_start_chain_n_years,btcusdt_1h_crypto_full_sac_warm_start_chain_1y_seed5_asset_preset_broadening_phase5_v1,fixed_atr
btcusdt,1h,short,sac,asset_preset_broadening_phase5_v1,crypto_full,12,2023,0.124108,1.489291,-0.070845,-0.850143,0.194953,8.0,0.05,fixed_atr,2.0,3.0,1.0,3,warm_start_chain_n_years,btcusdt_1h_crypto_full_sac_warm_start_chain_3y_seed5_asset_preset_broadening_phase5_v1,fixed_atr
btcusdt,1h,short,sac,asset_preset_broadening_phase5_v1,kitchen_sink_guarded,12,2023,0.124108,1.489291,-0.070845,-0.850143,0.194953,8.0,0.05,fixed_atr,2.0,3.0,1.0,1,scratch_n_years,btcusdt_1h_kitchen_sink_guarded_sac_scratch_1y_seed5_asset_preset_broadening_phase5_v1,fixed_atr
btcusdt,1h,short,sac,asset_preset_broadening_phase5_v1,kitchen_sink_guarded,12,2023,0.124108,1.489291,-0.070845,-0.850143,0.194953,8.0,0.05,fixed_atr,2.0,3.0,1.0,3,scratch_n_years,btcusdt_1h_kitchen_sink_guarded_sac_scratch_3y_seed5_asset_preset_broadening_phase5_v1,fixed_atr
btcusdt,1h,short,sac,asset_preset_broadening_phase5_v1,kitchen_sink_guarded,12,2023,0.124108,1.489291,-0.070845,-0.850143,0.194953,8.0,0.05,fixed_atr,2.0,3.0,1.0,1,warm_start_chain_n_years,btcusdt_1h_kitchen_sink_guarded_sac_warm_start_chain_1y_seed5_asset_preset_broadening_phase5_v1,fixed_atr
btcusdt,1h,short,sac,asset_preset_broadening_phase5_v1,sota_low_cost,12,2023,0.124108,1.489291,-0.070845,-0.850143,0.194953,8.0,0.05,fixed_atr,2.0,3.0,1.0,1,scratch_n_years,btcusdt_1h_sota_low_cost_sac_scratch_1y_seed5_asset_preset_broadening_phase5_v1,fixed_atr
btcusdt,1h,short,sac,asset_preset_broadening_phase5_v1,sota_low_cost,12,2023,0.124108,1.489291,-0.070845,-0.850143,0.194953,8.0,0.05,fixed_atr,2.0,3.0,1.0,3,scratch_n_years,btcusdt_1h_sota_low_cost_sac_scratch_3y_seed5_asset_preset_broadening_phase5_v1,fixed_atr
btcusdt,1h,short,sac,asset_preset_broadening_phase5_v1,sota_low_cost,12,2023,0.124108,1.489291,-0.070845,-0.850143,0.194953,8.0,0.05,fixed_atr,2.0,3.0,1.0,1,warm_start_chain_n_years,btcusdt_1h_sota_low_cost_sac_warm_start_chain_1y_seed5_asset_preset_broadening_phase5_v1,fixed_atr
btcusdt,1h,short,sac,asset_preset_broadening_phase5_v1,tech_stat_decomp,12,2023,0.124108,1.489291,-0.070845,-0.850143,0.194953,8.0,0.05,fixed_atr,2.0,3.0,1.0,3,fine_tune_recent_window_chain,btcusdt_1h_tech_stat_decomp_sac_fine_tune_recent_window_m3_base3y_seed5_asset_preset_broadening_phase5_v1,fixed_atr
btcusdt,1h,short,sac,asset_preset_broadening_phase5_v1,tech_stat_decomp,12,2023,0.124108,1.489291,-0.070845,-0.850143,0.194953,8.0,0.05,fixed_atr,2.0,3.0,1.0,3,fine_tune_recent_window_chain,btcusdt_1h_tech_stat_decomp_sac_fine_tune_recent_window_m6_base3y_seed5_asset_preset_broadening_phase5_v1,fixed_atr
btcusdt,1h,short,sac,asset_preset_broadening_phase5_v1,tech_stat_decomp,12,2023,0.124108,1.489291,-0.070845,-0.850143,0.194953,8.0,0.05,fixed_atr,2.0,3.0,1.0,1,scratch_n_years,btcusdt_1h_tech_stat_decomp_sac_scratch_1y_seed5_asset_preset_broadening_phase5_v1,fixed_atr
btcusdt,1h,short,sac,asset_preset_broadening_phase5_v1,tech_stat_decomp,12,2023,0.124108,1.489291,-0.070845,-0.850143,0.194953,8.0,0.05,fixed_atr,2.0,3.0,1.0,3,scratch_n_years,btcusdt_1h_tech_stat_decomp_sac_scratch_3y_seed5_asset_preset_broadening_phase5_v1,fixed_atr
btcusdt,1h,short,sac,asset_preset_broadening_phase5_v1,tech_stat_decomp,12,2023,0.124108,1.489291,-0.070845,-0.850143,0.194953,8.0,0.05,fixed_atr,2.0,3.0,1.0,1,warm_start_chain_n_years,btcusdt_1h_tech_stat_decomp_sac_warm_start_chain_1y_seed5_asset_preset_broadening_phase5_v1,fixed_atr
btcusdt,1h,short,sac,asset_preset_broadening_phase5_v1,tech_stat_decomp,12,2023,0.124108,1.489291,-0.070845,-0.850143,0.194953,8.0,0.05,fixed_atr,2.0,3.0,1.0,3,warm_start_chain_n_years,btcusdt_1h_tech_stat_decomp_sac_warm_start_chain_3y_seed5_asset_preset_broadening_phase5_v1,fixed_atr
ethusdt,4h,long,sac,sltp_risk_geometry_phase8_v3,kitchen_sink_guarded,11,2023,0.314976,3.464734,-0.070881,-0.77969,0.771713,2.545455,0.25,rel_volume_aware_atr,2.0,3.0,0.5,4,fine_tune_recent_window_chain,ethusdt_4h_kitchen_sink_guarded_exec_annual_4y_2022val_2023test_rap_sac_annual_fyv2022_fyt2023_fine_tune_recent_window_m12_base4y_testyear_aware_rv0p25_base_sltp_risk_geometry_phase8_v3,aware_rv0p25_base
ethusdt,4h,long,sac,risk_adjusted_reward_phase7_v3,kitchen_sink_guarded,5,2023,0.133597,0.667983,-0.072226,-0.361132,0.205823,3.2,0.05,fixed_atr,2.0,3.0,1.0,4,fine_tune_recent_window_chain,ethusdt_4h_kitchen_sink_guarded_exec_annual_4y_2022val_2023test_rap_sac_annual_fyv2022_fyt2023_fine_tune_recent_window_m12_base4y_testyear_rap_l1p0_rv0p05_risk_adjusted_reward_phase7_v3,fixed_atr
btcusdt,4h,long,sac,,sota_low_cost,8,2023,0.092207,0.737654,-0.074066,-0.592528,0.166273,2.125,0.05,fixed_atr,2.0,3.0,1.0,4,scratch_n_years,btcusdt_4h_sota_low_cost_sac_scratch_4y,fixed_atr
solusdt,4h,long,sac,,crypto_full,32,2023,0.064063,2.050015,-0.077316,-2.474104,0.141379,0.96875,0.05,fixed_atr,2.0,3.0,1.0,2,scratch_n_years,solusdt_4h_crypto_full_all_available_sac_scratch_2y,fixed_atr
ethusdt,4h,long,sac,asset_preset_broadening_phase5_v1,sota_low_cost,20,2023,0.100205,2.004093,-0.078839,-1.576783,0.179044,2.7,0.05,fixed_atr,2.0,3.0,1.0,3,fine_tune_recent_window_chain,ethusdt_4h_sota_low_cost_sac_fine_tune_recent_window_m6_base3y_seed5_asset_preset_broadening_phase5_v1,fixed_atr
solusdt,4h,long,sac,,sota_low_cost,13,2023,0.227748,2.96073,-0.080548,-1.047126,0.308297,1.307692,0.05,fixed_atr,2.0,3.0,1.0,3,fine_tune_recent_window_chain,solusdt_4h_sota_low_cost_all_available_sac_fine_tune_recent_window_m1_base3y,fixed_atr
ethusdt,4h,long,sac,risk_adjusted_reward_phase7_v3,kitchen_sink_guarded,26,2023,0.193596,5.033504,-0.081942,-2.130484,0.275538,2.576923,0.1,fixed_atr,2.0,3.0,1.0,4,scratch_n_years,ethusdt_4h_kitchen_sink_guarded_exec_annual_4y_2022val_2023test_rap_sac_annual_fyv2022_fyt2023_scratch_4y_testyear_rap_l1p0_rv0p1_risk_adjusted_reward_phase7_v3,fixed_atr
eurjpy,1h,short,sac,annual_diversity_survey_v1,fx_full,29,2023,-0.029038,-0.842091,-0.08699,-2.522722,0.115906,10.0,0.1,fixed_atr,1.5,2.0,0.5,1,scratch_n_years,eurjpy_1h_fx_full_exec_annual_diversity_survey_v1_sac_annual_fyv2022_fyt2023_scratch_1y,annual_survey_rv0p10_sl1p5_tp2
solusdt,1h,short,sac,,sota_low_cost,32,2023,0.202678,6.485708,-0.087504,-2.80014,0.290183,4.03125,0.05,fixed_atr,2.0,3.0,1.0,1,scratch_n_years,solusdt_1h_sota_low_cost_all_available_1h_sac_scratch_1y,fixed_atr
solusdt,4h,long,sac,asset_preset_broadening_phase5_v1,sota_low_cost,8,2023,0.149385,1.19508,-0.08773,-0.701837,0.237115,9.125,0.05,fixed_atr,2.0,3.0,1.0,1,fine_tune_recent_window_chain,solusdt_4h_sota_low_cost_sac_fine_tune_recent_window_m3_base1y_seed5_asset_preset_broadening_phase5_v1,fixed_atr
solusdt,4h,long,sac,,crypto_full,32,2023,0.133179,4.261744,-0.088665,-2.837295,0.221845,2.125,0.05,fixed_atr,2.0,3.0,1.0,2,fine_tune_recent_window_chain,solusdt_4h_crypto_full_all_available_sac_fine_tune_recent_window_m1_base2y,fixed_atr
solusdt,4h,long,sac,,sota_low_cost,32,2023,0.057306,1.833808,-0.09195,-2.942412,0.149257,2.1875,0.05,fixed_atr,2.0,3.0,1.0,2,fine_tune_recent_window_chain,solusdt_4h_sota_low_cost_all_available_sac_fine_tune_recent_window_m1_base2y,fixed_atr
linkusdt,4h,long,sac,annual_diversity_survey_v1,kitchen_sink_guarded,13,2023,-0.038814,-0.504585,-0.093662,-1.217604,0.109695,0.615385,0.1,fixed_atr,1.5,2.0,0.5,1,scratch_n_years,linkusdt_4h_kitchen_sink_guarded_exec_annual_diversity_survey_v1_sac_annual_fyv2022_fyt2023_scratch_1y,annual_survey_rv0p10_sl1p5_tp2
bnbusdt,1h,short,sac,asset_preset_broadening_phase5_v1,kitchen_sink_guarded,5,2023,-0.022974,-0.11487,-0.095638,-0.47819,0.072664,2.2,0.05,fixed_atr,2.0,3.0,1.0,3,fine_tune_recent_window_chain,bnbusdt_1h_kitchen_sink_guarded_sac_fine_tune_recent_window_m3_base3y_seed5_asset_preset_broadening_phase5_v1,fixed_atr
btcusdt,4h,long,sac,asset_preset_broadening_phase5_v1,crypto_full,20,2023,0.057941,1.158829,-0.097247,-1.944941,0.155188,2.2,0.05,fixed_atr,2.0,3.0,1.0,1,scratch_n_years,btcusdt_4h_crypto_full_sac_scratch_1y_seed5_asset_preset_broadening_phase5_v1,fixed_atr
btcusdt,4h,long,sac,asset_preset_broadening_phase5_v1,crypto_full,20,2023,0.057941,1.158829,-0.097247,-1.944941,0.155188,2.2,0.05,fixed_atr,2.0,3.0,1.0,3,scratch_n_years,btcusdt_4h_crypto_full_sac_scratch_3y_seed5_asset_preset_broadening_phase5_v1,fixed_atr
btcusdt,4h,long,sac,asset_preset_broadening_phase5_v1,kitchen_sink_guarded,20,2023,0.057941,1.158829,-0.097247,-1.944941,0.155188,2.2,0.05,fixed_atr,2.0,3.0,1.0,1,scratch_n_years,btcusdt_4h_kitchen_sink_guarded_sac_scratch_1y_seed5_asset_preset_broadening_phase5_v1,fixed_atr
btcusdt,4h,long,sac,asset_preset_broadening_phase5_v1,kitchen_sink_guarded,20,2023,0.057941,1.158829,-0.097247,-1.944941,0.155188,2.2,0.05,fixed_atr,2.0,3.0,1.0,3,scratch_n_years,btcusdt_4h_kitchen_sink_guarded_sac_scratch_3y_seed5_asset_preset_broadening_phase5_v1,fixed_atr
btcusdt,4h,long,sac,asset_preset_broadening_phase5_v1,sota_low_cost,20,2023,0.057941,1.158829,-0.097247,-1.944941,0.155188,2.2,0.05,fixed_atr,2.0,3.0,1.0,1,scratch_n_years,btcusdt_4h_sota_low_cost_sac_scratch_1y_seed5_asset_preset_broadening_phase5_v1,fixed_atr
btcusdt,4h,long,sac,asset_preset_broadening_phase5_v1,sota_low_cost,20,2023,0.057941,1.158829,-0.097247,-1.944941,0.155188,2.2,0.05,fixed_atr,2.0,3.0,1.0,3,scratch_n_years,btcusdt_4h_sota_low_cost_sac_scratch_3y_seed5_asset_preset_broadening_phase5_v1,fixed_atr
btcusdt,4h,long,sac,asset_preset_broadening_phase5_v1,tech_stat_decomp,20,2023,0.057941,1.158829,-0.097247,-1.944941,0.155188,2.2,0.05,fixed_atr,2.0,3.0,1.0,1,scratch_n_years,btcusdt_4h_tech_stat_decomp_sac_scratch_1y_seed5_asset_preset_broadening_phase5_v1,fixed_atr
btcusdt,4h,long,sac,asset_preset_broadening_phase5_v1,tech_stat_decomp,20,2023,0.057941,1.158829,-0.097247,-1.944941,0.155188,2.2,0.05,fixed_atr,2.0,3.0,1.0,3,scratch_n_years,btcusdt_4h_tech_stat_decomp_sac_scratch_3y_seed5_asset_preset_broadening_phase5_v1,fixed_atr
solusdt,1h,short,sac,,crypto_full,32,2023,0.070735,2.263533,-0.097373,-3.115925,0.168108,2.15625,0.05,fixed_atr,2.0,3.0,1.0,2,scratch_n_years,solusdt_1h_crypto_full_all_available_1h_sac_scratch_2y,fixed_atr
ethusdt,4h,long,sac,sltp_risk_geometry_phase8_v3,kitchen_sink_guarded,26,2023,0.00551,0.143253,-0.099574,-2.588925,0.210168,4.692308,0.05,fixed_atr,1.25,1.25,0.5,4,scratch_n_years,ethusdt_4h_kitchen_sink_guarded_exec_annual_4y_2022val_2023test_rap_sac_annual_fyv2022_fyt2023_scratch_4y_testyear_fixed_rv0p05_sl1p25_tp1p25_sltp_risk_geometry_phase8_v3,fixed_rv0p05_sl1p25_tp1p25
ethusdt,4h,long,sac,adaptive_top_seed_extension_seed19_v1,kitchen_sink_guarded,12,2022,-0.017378,-0.208531,-0.105203,-1.262436,0.351302,2.416667,0.075,fixed_atr,2.0,3.0,0.25,4,scratch_n_years,ethusdt_4h_kitchen_sink_guarded_exec_annual_4y_2022val_2023test_rap_sac_annual_fyv2022_fyt2023_scratch_4y_valyear_rap_l0p25_rv0p075_risk_adjusted_reward_phase7_v3_seed19_adaptive_top_seed_extension_seed19_v1,fixed_atr
solusdt,4h,long,sac,,kitchen_sink_guarded,32,2023,0.062423,1.997521,-0.105554,-3.37772,0.167976,1.25,0.05,fixed_atr,2.0,3.0,1.0,2,scratch_n_years,solusdt_4h_kitchen_sink_guarded_all_available_sac_scratch_2y,fixed_atr
eurjpy,15m,short,sac,annual_diversity_survey_v1,fx_full,5,2023,-0.061399,-0.306993,-0.106999,-0.534997,0.091202,9.6,0.1,fixed_atr,1.5,2.0,0.5,1,scratch_n_years,eurjpy_15m_fx_full_exec_annual_diversity_survey_v1_sac_annual_fyv2022_fyt2023_scratch_1y,annual_survey_rv0p10_sl1p5_tp2
ethusdt,4h,long,sac,risk_adjusted_reward_phase7_v3,kitchen_sink_guarded,5,2023,0.200513,1.002563,-0.108082,-0.540411,0.308595,3.2,0.075,fixed_atr,2.0,3.0,1.0,4,fine_tune_recent_window_chain,ethusdt_4h_kitchen_sink_guarded_exec_annual_4y_2022val_2023test_rap_sac_annual_fyv2022_fyt2023_fine_tune_recent_window_m12_base4y_testyear_rap_l1p0_rv0p075_risk_adjusted_reward_phase7_v3,fixed_atr
ethusdt,4h,long,sac,event_context_seed_robustness_phase2_v1,sota_low_cost_plus_event_engineered_v1,16,2023,0.085793,1.372695,-0.108114,-1.729827,0.193908,2.25,0.05,fixed_atr,2.0,3.0,1.0,1,warm_start_chain_n_years,ethusdt_4h_sota_low_cost_plus_event_engineered_v1_sac_warm_start_chain_1y_seed2_eventctx_seed_robustness_phase2_v1,fixed_atr
ethusdt,4h,long,sac,event_context_seed_robustness_phase2_v1,sota_low_cost,16,2023,0.085793,1.372695,-0.108114,-1.729827,0.193908,2.25,0.05,fixed_atr,2.0,3.0,1.0,1,warm_start_chain_n_years,ethusdt_4h_sota_low_cost_sac_warm_start_chain_1y_seed2_eventctx_seed_robustness_phase2_v1,fixed_atr
ethusdt,4h,long,sac,asset_preset_broadening_phase5_v1,kitchen_sink_guarded,20,2023,0.066784,1.335682,-0.109154,-2.18309,0.175939,2.15,0.05,fixed_atr,2.0,3.0,1.0,3,warm_start_chain_n_years,ethusdt_4h_kitchen_sink_guarded_sac_warm_start_chain_3y_seed5_asset_preset_broadening_phase5_v1,fixed_atr
ethusdt,4h,long,sac,annual_diversity_survey_v1,kitchen_sink_guarded,37,2023,0.100738,3.727306,-0.110434,-4.08607,0.422345,3.540541,0.1,fixed_atr,1.5,2.0,0.5,1,scratch_n_years,ethusdt_4h_kitchen_sink_guarded_exec_annual_diversity_survey_v1_sac_annual_fyv2022_fyt2023_scratch_1y,annual_survey_rv0p10_sl1p5_tp2
gbpjpy,1h,short,sac,annual_diversity_survey_v1,fx_full,29,2023,-0.039047,-1.132364,-0.111966,-3.247028,0.145839,11.068966,0.1,fixed_atr,1.5,2.0,0.5,1,scratch_n_years,gbpjpy_1h_fx_full_exec_annual_diversity_survey_v1_sac_annual_fyv2022_fyt2023_scratch_1y,annual_survey_rv0p10_sl1p5_tp2
ethusdt,4h,long,sac,eventctx_metric_window_phase3_v1,sota_low_cost,32,2023,0.046936,1.501965,-0.112573,-3.602345,0.15951,2.15625,0.05,fixed_atr,2.0,3.0,1.0,3,fine_tune_recent_window_chain,ethusdt_4h_sota_low_cost_sac_fine_tune_recent_window_m6_base3y_etd14_vd7_td7_seed4_eventctx_metric_window_phase3_v1,fixed_atr
ethusdt,4h,long,sac,,sota_low_cost_plus_event_engineered_v1,32,2023,0.057638,1.844413,-0.11308,-3.618555,0.170718,2.28125,0.05,fixed_atr,2.0,3.0,1.0,1,fine_tune_recent_window_chain,ethusdt_4h_sota_low_cost_plus_event_engineered_v1_sac_fine_tune_recent_window_m12_base1y,fixed_atr
ethusdt,4h,long,sac,,sota_low_cost_plus_event_engineered_v1,32,2023,0.057638,1.844413,-0.11308,-3.618555,0.170718,2.28125,0.05,fixed_atr,2.0,3.0,1.0,1,fine_tune_recent_window_chain,ethusdt_4h_sota_low_cost_plus_event_engineered_v1_sac_fine_tune_recent_window_m12_base1y_etd14_vd7_td7,fixed_atr
ethusdt,4h,long,sac,,sota_low_cost_plus_event_engineered_v1,32,2023,0.057638,1.844413,-0.11308,-3.618555,0.170718,2.28125,0.05,fixed_atr,2.0,3.0,1.0,1,fine_tune_recent_window_chain,ethusdt_4h_sota_low_cost_plus_event_engineered_v1_sac_fine_tune_recent_window_m12_base1y_etd28_vd7_td7,fixed_atr
ethusdt,4h,long,sac,,sota_low_cost_plus_event_engineered_v1,32,2023,0.057638,1.844413,-0.11308,-3.618555,0.170718,2.28125,0.05,fixed_atr,2.0,3.0,1.0,1,fine_tune_recent_window_chain,ethusdt_4h_sota_low_cost_plus_event_engineered_v1_sac_fine_tune_recent_window_m1_base1y,fixed_atr
ethusdt,4h,long,sac,,sota_low_cost_plus_event_engineered_v1,32,2023,0.057638,1.844413,-0.11308,-3.618555,0.170718,2.28125,0.05,fixed_atr,2.0,3.0,1.0,1,fine_tune_recent_window_chain,ethusdt_4h_sota_low_cost_plus_event_engineered_v1_sac_fine_tune_recent_window_m1_base1y_etd14_vd7_td7,fixed_atr
ethusdt,4h,long,sac,,sota_low_cost_plus_event_engineered_v1,32,2023,0.057638,1.844413,-0.11308,-3.618555,0.170718,2.28125,0.05,fixed_atr,2.0,3.0,1.0,1,fine_tune_recent_window_chain,ethusdt_4h_sota_low_cost_plus_event_engineered_v1_sac_fine_tune_recent_window_m1_base1y_etd28_vd7_td7,fixed_atr
ethusdt,4h,long,sac,,sota_low_cost_plus_event_engineered_v1,32,2023,0.057638,1.844413,-0.11308,-3.618555,0.170718,2.28125,0.05,fixed_atr,2.0,3.0,1.0,1,fine_tune_recent_window_chain,ethusdt_4h_sota_low_cost_plus_event_engineered_v1_sac_fine_tune_recent_window_m3_base1y,fixed_atr
ethusdt,4h,long,sac,,sota_low_cost_plus_event_engineered_v1,32,2023,0.057638,1.844413,-0.11308,-3.618555,0.170718,2.28125,0.05,fixed_atr,2.0,3.0,1.0,1,fine_tune_recent_window_chain,ethusdt_4h_sota_low_cost_plus_event_engineered_v1_sac_fine_tune_recent_window_m3_base1y_etd14_vd7_td7,fixed_atr
ethusdt,4h,long,sac,,sota_low_cost_plus_event_engineered_v1,32,2023,0.057638,1.844413,-0.11308,-3.618555,0.170718,2.28125,0.05,fixed_atr,2.0,3.0,1.0,1,fine_tune_recent_window_chain,ethusdt_4h_sota_low_cost_plus_event_engineered_v1_sac_fine_tune_recent_window_m3_base1y_etd28_vd7_td7,fixed_atr
ethusdt,4h,long,sac,,sota_low_cost_plus_event_engineered_v1,32,2023,0.057638,1.844413,-0.11308,-3.618555,0.170718,2.28125,0.05,fixed_atr,2.0,3.0,1.0,1,fine_tune_recent_window_chain,ethusdt_4h_sota_low_cost_plus_event_engineered_v1_sac_fine_tune_recent_window_m6_base1y,fixed_atr
ethusdt,4h,long,sac,,sota_low_cost_plus_event_engineered_v1,32,2023,0.057638,1.844413,-0.11308,-3.618555,0.170718,2.28125,0.05,fixed_atr,2.0,3.0,1.0,1,fine_tune_recent_window_chain,ethusdt_4h_sota_low_cost_plus_event_engineered_v1_sac_fine_tune_recent_window_m6_base1y_etd14_vd7_td7,fixed_atr
ethusdt,4h,long,sac,,sota_low_cost_plus_event_engineered_v1,32,2023,0.057638,1.844413,-0.11308,-3.618555,0.170718,2.28125,0.05,fixed_atr,2.0,3.0,1.0,1,fine_tune_recent_window_chain,ethusdt_4h_sota_low_cost_plus_event_engineered_v1_sac_fine_tune_recent_window_m6_base1y_etd28_vd7_td7,fixed_atr
ethusdt,4h,long,sac,,sota_low_cost_plus_event_engineered_v1,32,2023,0.057638,1.844413,-0.11308,-3.618555,0.170718,2.28125,0.05,fixed_atr,2.0,3.0,1.0,1,scratch_n_years,ethusdt_4h_sota_low_cost_plus_event_engineered_v1_sac_scratch_1y_etd14_vd7_td7,fixed_atr
ethusdt,4h,long,sac,,sota_low_cost_plus_event_engineered_v1,32,2023,0.057638,1.844413,-0.11308,-3.618555,0.170718,2.28125,0.05,fixed_atr,2.0,3.0,1.0,1,scratch_n_years,ethusdt_4h_sota_low_cost_plus_event_engineered_v1_sac_scratch_1y_etd28_vd7_td7,fixed_atr
ethusdt,4h,long,sac,event_context_seed_robustness_phase2_v1,sota_low_cost_plus_event_engineered_v1,32,2023,0.057638,1.844413,-0.11308,-3.618555,0.170718,2.28125,0.05,fixed_atr,2.0,3.0,1.0,1,scratch_n_years,ethusdt_4h_sota_low_cost_plus_event_engineered_v1_sac_scratch_1y_seed1_eventctx_seed_robustness_phase2_v1,fixed_atr
ethusdt,4h,long,sac,event_context_seed_robustness_phase2_v1,sota_low_cost_plus_event_engineered_v1,32,2023,0.057638,1.844413,-0.11308,-3.618555,0.170718,2.28125,0.05,fixed_atr,2.0,3.0,1.0,1,scratch_n_years,ethusdt_4h_sota_low_cost_plus_event_engineered_v1_sac_scratch_1y_seed3_eventctx_seed_robustness_phase2_v1,fixed_atr
ethusdt,4h,long,sac,,sota_low_cost_plus_event_engineered_v1,32,2023,0.057638,1.844413,-0.11308,-3.618555,0.170718,2.28125,0.05,fixed_atr,2.0,3.0,1.0,1,warm_start_chain_n_years,ethusdt_4h_sota_low_cost_plus_event_engineered_v1_sac_warm_start_chain_1y_etd14_vd7_td7,fixed_atr
ethusdt,4h,long,sac,,sota_low_cost_plus_event_engineered_v1,32,2023,0.057638,1.844413,-0.11308,-3.618555,0.170718,2.28125,0.05,fixed_atr,2.0,3.0,1.0,1,warm_start_chain_n_years,ethusdt_4h_sota_low_cost_plus_event_engineered_v1_sac_warm_start_chain_1y_etd28_vd7_td7,fixed_atr
ethusdt,4h,long,sac,,sota_low_cost,32,2023,0.057638,1.844413,-0.11308,-3.618555,0.170718,2.28125,0.05,fixed_atr,2.0,3.0,1.0,1,fine_tune_recent_window_chain,ethusdt_4h_sota_low_cost_sac_fine_tune_recent_window_m12_base1y,fixed_atr
ethusdt,4h,long,sac,,sota_low_cost,32,2023,0.057638,1.844413,-0.11308,-3.618555,0.170718,2.28125,0.05,fixed_atr,2.0,3.0,1.0,1,fine_tune_recent_window_chain,ethusdt_4h_sota_low_cost_sac_fine_tune_recent_window_m12_base1y_etd14_vd7_td7,fixed_atr
ethusdt,4h,long,sac,,sota_low_cost,32,2023,0.057638,1.844413,-0.11308,-3.618555,0.170718,2.28125,0.05,fixed_atr,2.0,3.0,1.0,1,fine_tune_recent_window_chain,ethusdt_4h_sota_low_cost_sac_fine_tune_recent_window_m12_base1y_etd28_vd7_td7,fixed_atr
ethusdt,4h,long,sac,,sota_low_cost,32,2023,0.057638,1.844413,-0.11308,-3.618555,0.170718,2.28125,0.05,fixed_atr,2.0,3.0,1.0,1,fine_tune_recent_window_chain,ethusdt_4h_sota_low_cost_sac_fine_tune_recent_window_m1_base1y,fixed_atr
ethusdt,4h,long,sac,,sota_low_cost,32,2023,0.057638,1.844413,-0.11308,-3.618555,0.170718,2.28125,0.05,fixed_atr,2.0,3.0,1.0,1,fine_tune_recent_window_chain,ethusdt_4h_sota_low_cost_sac_fine_tune_recent_window_m1_base1y_etd14_vd7_td7,fixed_atr
ethusdt,4h,long,sac,,sota_low_cost,32,2023,0.057638,1.844413,-0.11308,-3.618555,0.170718,2.28125,0.05,fixed_atr,2.0,3.0,1.0,1,fine_tune_recent_window_chain,ethusdt_4h_sota_low_cost_sac_fine_tune_recent_window_m1_base1y_etd28_vd7_td7,fixed_atr
ethusdt,4h,long,sac,,sota_low_cost,32,2023,0.057638,1.844413,-0.11308,-3.618555,0.170718,2.28125,0.05,fixed_atr,2.0,3.0,1.0,1,fine_tune_recent_window_chain,ethusdt_4h_sota_low_cost_sac_fine_tune_recent_window_m3_base1y,fixed_atr
ethusdt,4h,long,sac,,sota_low_cost,32,2023,0.057638,1.844413,-0.11308,-3.618555,0.170718,2.28125,0.05,fixed_atr,2.0,3.0,1.0,1,fine_tune_recent_window_chain,ethusdt_4h_sota_low_cost_sac_fine_tune_recent_window_m3_base1y_etd14_vd7_td7,fixed_atr
ethusdt,4h,long,sac,,sota_low_cost,32,2023,0.057638,1.844413,-0.11308,-3.618555,0.170718,2.28125,0.05,fixed_atr,2.0,3.0,1.0,1,fine_tune_recent_window_chain,ethusdt_4h_sota_low_cost_sac_fine_tune_recent_window_m3_base1y_etd28_vd7_td7,fixed_atr
ethusdt,4h,long,sac,,sota_low_cost,32,2023,0.057638,1.844413,-0.11308,-3.618555,0.170718,2.28125,0.05,fixed_atr,2.0,3.0,1.0,1,fine_tune_recent_window_chain,ethusdt_4h_sota_low_cost_sac_fine_tune_recent_window_m6_base1y,fixed_atr
ethusdt,4h,long,sac,,sota_low_cost,32,2023,0.057638,1.844413,-0.11308,-3.618555,0.170718,2.28125,0.05,fixed_atr,2.0,3.0,1.0,1,fine_tune_recent_window_chain,ethusdt_4h_sota_low_cost_sac_fine_tune_recent_window_m6_base1y_etd14_vd7_td7,fixed_atr
ethusdt,4h,long,sac,,sota_low_cost,32,2023,0.057638,1.844413,-0.11308,-3.618555,0.170718,2.28125,0.05,fixed_atr,2.0,3.0,1.0,1,fine_tune_recent_window_chain,ethusdt_4h_sota_low_cost_sac_fine_tune_recent_window_m6_base1y_etd28_vd7_td7,fixed_atr
ethusdt,4h,long,sac,,sota_low_cost,32,2023,0.057638,1.844413,-0.11308,-3.618555,0.170718,2.28125,0.05,fixed_atr,2.0,3.0,1.0,1,scratch_n_years,ethusdt_4h_sota_low_cost_sac_scratch_1y,fixed_atr
ethusdt,4h,long,sac,,sota_low_cost,32,2023,0.057638,1.844413,-0.11308,-3.618555,0.170718,2.28125,0.05,fixed_atr,2.0,3.0,1.0,1,scratch_n_years,ethusdt_4h_sota_low_cost_sac_scratch_1y_etd14_vd7_td7,fixed_atr
ethusdt,4h,long,sac,,sota_low_cost,32,2023,0.057638,1.844413,-0.11308,-3.618555,0.170718,2.28125,0.05,fixed_atr,2.0,3.0,1.0,1,scratch_n_years,ethusdt_4h_sota_low_cost_sac_scratch_1y_etd28_vd7_td7,fixed_atr
ethusdt,4h,long,sac,event_context_seed_robustness_phase2_v1,sota_low_cost,32,2023,0.057638,1.844413,-0.11308,-3.618555,0.170718,2.28125,0.05,fixed_atr,2.0,3.0,1.0,1,scratch_n_years,ethusdt_4h_sota_low_cost_sac_scratch_1y_seed1_eventctx_seed_robustness_phase2_v1,fixed_atr
ethusdt,4h,long,sac,event_context_seed_robustness_phase2_v1,sota_low_cost,32,2023,0.057638,1.844413,-0.11308,-3.618555,0.170718,2.28125,0.05,fixed_atr,2.0,3.0,1.0,1,scratch_n_years,ethusdt_4h_sota_low_cost_sac_scratch_1y_seed3_eventctx_seed_robustness_phase2_v1,fixed_atr
ethusdt,4h,long,sac,,sota_low_cost,32,2023,0.057638,1.844413,-0.11308,-3.618555,0.170718,2.28125,0.05,fixed_atr,2.0,3.0,1.0,1,warm_start_chain_n_years,ethusdt_4h_sota_low_cost_sac_warm_start_chain_1y_etd14_vd7_td7,fixed_atr
ethusdt,4h,long,sac,,sota_low_cost,32,2023,0.057638,1.844413,-0.11308,-3.618555,0.170718,2.28125,0.05,fixed_atr,2.0,3.0,1.0,1,warm_start_chain_n_years,ethusdt_4h_sota_low_cost_sac_warm_start_chain_1y_etd28_vd7_td7,fixed_atr
ethusdt,4h,long,sac,asset_preset_broadening_phase5_v1,tech_stat_decomp,19,2023,0.070477,1.339061,-0.114016,-2.166305,0.184493,2.315789,0.05,fixed_atr,2.0,3.0,1.0,3,scratch_n_years,ethusdt_4h_tech_stat_decomp_sac_scratch_3y_seed5_asset_preset_broadening_phase5_v1,fixed_atr
ethusdt,4h,long,sac,eventctx_metric_window_phase3_v1,sota_low_cost,32,2023,0.036455,1.166574,-0.114892,-3.676549,0.151348,1.9375,0.05,fixed_atr,2.0,3.0,1.0,3,fine_tune_recent_window_chain,ethusdt_4h_sota_low_cost_sac_fine_tune_recent_window_m12_base3y_etd14_vd7_td7_seed4_eventctx_metric_window_phase3_v1,fixed_atr
solusdt,1h,short,sac,,crypto_full,32,2023,0.177408,5.677057,-0.116528,-3.728909,0.293936,3.78125,0.05,fixed_atr,2.0,3.0,1.0,1,scratch_n_years,solusdt_1h_crypto_full_all_available_1h_sac_scratch_1y,fixed_atr
bnbusdt,4h,long,sac,asset_preset_broadening_phase5_v1,kitchen_sink_guarded,20,2023,0.060294,1.205879,-0.116966,-2.33932,0.17726,5.55,0.05,fixed_atr,2.0,3.0,1.0,3,fine_tune_recent_window_chain,bnbusdt_4h_kitchen_sink_guarded_sac_fine_tune_recent_window_m3_base3y_seed5_asset_preset_broadening_phase5_v1,fixed_atr
bnbusdt,4h,long,sac,asset_preset_broadening_phase5_v1,crypto_full,20,2023,0.040899,0.817977,-0.1183,-2.365993,0.159199,4.8,0.05,fixed_atr,2.0,3.0,1.0,3,fine_tune_recent_window_chain,bnbusdt_4h_crypto_full_sac_fine_tune_recent_window_m3_base3y_seed5_asset_preset_broadening_phase5_v1,fixed_atr
solusdt,1h,short,sac,asset_preset_broadening_phase5_v1,tech_stat_decomp,12,2023,0.495832,5.949984,-0.118525,-1.422301,0.614357,7.083333,0.05,fixed_atr,2.0,3.0,1.0,1,scratch_n_years,solusdt_1h_tech_stat_decomp_sac_scratch_1y_seed5_asset_preset_broadening_phase5_v1,fixed_atr
ethusdt,4h,long,sac,event_token_embedding_phase4_v1,sota_low_cost_plus_event_engineered_v1,24,2023,0.049356,1.184541,-0.120541,-2.892992,0.169897,2.083333,0.05,fixed_atr,2.0,3.0,1.0,3,warm_start_chain_n_years,ethusdt_4h_sota_low_cost_plus_event_engineered_v1_sac_warm_start_chain_3y_seed6_event_token_embedding_phase4_v1,fixed_atr
ethusdt,4h,long,sac,eventctx_metric_window_phase3_v1,sota_low_cost_plus_event_engineered_v1,31,2023,0.027334,0.847367,-0.12482,-3.869408,0.152154,2.0,0.05,fixed_atr,2.0,3.0,1.0,3,fine_tune_recent_window_chain,ethusdt_4h_sota_low_cost_plus_event_engineered_v1_sac_fine_tune_recent_window_m12_base3y_etd28_vd7_td7_seed4_eventctx_metric_window_phase3_v1,fixed_atr
ethusdt,4h,long,sac,eventctx_metric_window_phase3_v1,sota_low_cost_plus_event_engineered_v1,32,2023,0.040142,1.284545,-0.127081,-4.066589,0.167223,2.09375,0.05,fixed_atr,2.0,3.0,1.0,3,fine_tune_recent_window_chain,ethusdt_4h_sota_low_cost_plus_event_engineered_v1_sac_fine_tune_recent_window_m6_base3y_etd14_vd7_td7_seed4_eventctx_metric_window_phase3_v1,fixed_atr
solusdt,1h,short,sac,asset_preset_broadening_phase5_v1,sota_low_cost,12,2023,0.486334,5.836004,-0.129459,-1.553512,0.615793,7.083333,0.05,fixed_atr,2.0,3.0,1.0,1,scratch_n_years,solusdt_1h_sota_low_cost_sac_scratch_1y_seed5_asset_preset_broadening_phase5_v1,fixed_atr
solusdt,4h,long,sac,,sota_low_cost,13,2023,0.227134,2.952746,-0.12992,-1.688957,0.357054,4.615385,0.05,fixed_atr,2.0,3.0,1.0,3,oracle_bc_transfer_e5_v1__fine_tune_recent_window_chain,solusdt_4h_sota_low_cost_all_available_sac_fine_tune_recent_window_m3_base3y__oracle_bc_transfer_e5_v1,fixed_atr
ethusdt,4h,long,sac,event_context_seed_robustness_phase2_v1,sota_low_cost_plus_event_engineered_v1,16,2023,0.064933,1.038933,-0.130459,-2.087339,0.195392,2.1875,0.05,fixed_atr,2.0,3.0,1.0,3,warm_start_chain_n_years,ethusdt_4h_sota_low_cost_plus_event_engineered_v1_sac_warm_start_chain_3y_seed2_eventctx_seed_robustness_phase2_v1,fixed_atr
ethusdt_perp,4h,long,sac,annual_diversity_survey_v1,kitchen_sink_guarded,37,2023,0.087851,3.250495,-0.130599,-4.832178,0.436901,3.594595,0.1,fixed_atr,1.5,2.0,0.5,1,scratch_n_years,ethusdt_perp_4h_kitchen_sink_guarded_exec_annual_diversity_survey_v1_sac_annual_fyv2022_fyt2023_scratch_1y,annual_survey_rv0p10_sl1p5_tp2
ethusdt,4h,long,sac,eventctx_metric_window_phase3_v1,sota_low_cost,32,2023,0.041231,1.319389,-0.13062,-4.179827,0.171851,2.21875,0.05,fixed_atr,2.0,3.0,1.0,3,warm_start_chain_n_years,ethusdt_4h_sota_low_cost_sac_warm_start_chain_3y_etd14_vd7_td7_seed4_eventctx_metric_window_phase3_v1,fixed_atr
bnbusdt,4h,long,sac,,sota_low_cost,32,2023,0.024987,0.799578,-0.130821,-4.186282,0.155808,1.8125,0.05,fixed_atr,2.0,3.0,1.0,1,warm_start_chain_n_years,bnbusdt_4h_sota_low_cost_all_available_sac_warm_start_chain_1y,fixed_atr
solusdt,4h,long,sac,asset_preset_broadening_phase5_v1,crypto_full,20,2023,0.301466,6.029314,-0.131894,-2.637887,0.43336,10.4,0.05,fixed_atr,2.0,3.0,1.0,1,warm_start_chain_n_years,solusdt_4h_crypto_full_sac_warm_start_chain_1y_seed5_asset_preset_broadening_phase5_v1,fixed_atr
ethusdt,4h,long,sac,event_context_seed_robustness_phase2_v1,sota_low_cost_plus_event_engineered_v1,16,2023,0.0656,1.049596,-0.132715,-2.123448,0.198315,2.25,0.05,fixed_atr,2.0,3.0,1.0,3,scratch_n_years,ethusdt_4h_sota_low_cost_plus_event_engineered_v1_sac_scratch_3y_seed3_eventctx_seed_robustness_phase2_v1,fixed_atr
ethusdt,4h,long,sac,event_context_seed_robustness_phase2_v1,sota_low_cost,16,2023,0.0656,1.049596,-0.132715,-2.123448,0.198315,2.25,0.05,fixed_atr,2.0,3.0,1.0,3,scratch_n_years,ethusdt_4h_sota_low_cost_sac_scratch_3y_seed3_eventctx_seed_robustness_phase2_v1,fixed_atr
solusdt,1h,short,sac,,kitchen_sink_guarded,32,2023,0.057631,1.844207,-0.13297,-4.255042,0.190602,2.5,0.05,fixed_atr,2.0,3.0,1.0,2,scratch_n_years,solusdt_1h_kitchen_sink_guarded_all_available_1h_sac_scratch_2y,fixed_atr
solusdt,4h,long,sac,,sota_low_cost,13,2023,0.253181,3.291359,-0.133334,-1.733337,0.386515,3.538462,0.05,fixed_atr,2.0,3.0,1.0,3,oracle_bc_transfer_e2_v1__fine_tune_recent_window_chain,solusdt_4h_sota_low_cost_all_available_sac_fine_tune_recent_window_m3_base3y__oracle_bc_transfer_e2_v1,fixed_atr
solusdt,4h,long,sac,asset_preset_broadening_phase5_v1,crypto_full,20,2023,0.20789,4.157801,-0.133371,-2.667424,0.341261,2.4,0.05,fixed_atr,2.0,3.0,1.0,1,scratch_n_years,solusdt_4h_crypto_full_sac_scratch_1y_seed5_asset_preset_broadening_phase5_v1,fixed_atr
ethusdt,4h,long,sac,,sota_low_cost_plus_event_engineered_v1,24,2023,0.024218,0.581225,-0.13357,-3.205684,0.157788,2.166667,0.05,fixed_atr,2.0,3.0,1.0,1,scratch_n_years,ethusdt_4h_sota_low_cost_plus_event_engineered_v1_sac_scratch_1y,fixed_atr
solusdt,4h,long,sac,,sota_low_cost,13,2023,0.344365,4.47674,-0.13365,-1.737448,0.478014,3.923077,0.05,fixed_atr,2.0,3.0,1.0,3,warm_start_chain_n_years,solusdt_4h_sota_low_cost_all_available_sac_warm_start_chain_3y,fixed_atr
ethusdt,4h,long,sac,adaptive_top_seed_extension_seed19_v1,kitchen_sink_guarded,39,2022,0.03924,1.530368,-0.134088,-5.229439,0.693314,3.051282,0.1,fixed_atr,2.0,3.0,0.25,4,scratch_n_years,ethusdt_4h_kitchen_sink_guarded_exec_annual_4y_2022val_2023test_rap_sac_annual_fyv2022_fyt2023_scratch_4y_valyear_rap_l0p25_rv0p1_risk_adjusted_reward_phase7_v3_seed19_adaptive_top_seed_extension_seed19_v1,fixed_atr
solusdt,4h,long,sac,,sota_low_cost,32,2023,0.03722,1.191037,-0.135224,-4.327174,0.172444,1.4375,0.05,fixed_atr,2.0,3.0,1.0,2,scratch_n_years,solusdt_4h_sota_low_cost_all_available_sac_scratch_2y,fixed_atr
solusdt,4h,long,sac,asset_preset_broadening_phase5_v1,sota_low_cost,8,2023,0.164968,1.319746,-0.139229,-1.113834,0.304198,10.375,0.05,fixed_atr,2.0,3.0,1.0,1,fine_tune_recent_window_chain,solusdt_4h_sota_low_cost_sac_fine_tune_recent_window_m6_base1y_seed5_asset_preset_broadening_phase5_v1,fixed_atr
ethusdt,4h,long,sac,asset_preset_broadening_phase5_v1,tech_stat_decomp,9,2023,-0.006718,-0.060459,-0.141074,-1.269667,0.134356,2.111111,0.05,fixed_atr,2.0,3.0,1.0,3,fine_tune_recent_window_chain,ethusdt_4h_tech_stat_decomp_sac_fine_tune_recent_window_m3_base3y_seed5_asset_preset_broadening_phase5_v1,fixed_atr
solusdt,4h,long,sac,sltp_risk_geometry_phase8_v1,kitchen_sink_guarded,10,2023,0.175089,1.750891,-0.141782,-1.41782,0.633742,3.8,0.05,fixed_atr,2.0,3.0,0.5,3,fine_tune_recent_window_chain,solusdt_4h_kitchen_sink_guarded_all_available_sac_fine_tune_recent_window_m6_base3y_control_rv0p05_sl2_tp3_sltp_risk_geometry_phase8_v1,control_rv0p05_sl2_tp3
ethusdt,4h,long,sac,eventctx_metric_window_phase3_v1,sota_low_cost_plus_event_engineered_v1,32,2023,0.03291,1.053115,-0.14272,-4.567025,0.175629,2.25,0.05,fixed_atr,2.0,3.0,1.0,3,warm_start_chain_n_years,ethusdt_4h_sota_low_cost_plus_event_engineered_v1_sac_warm_start_chain_3y_etd28_vd7_td7_seed4_eventctx_metric_window_phase3_v1,fixed_atr
ethusdt,4h,long,sac,asset_preset_broadening_phase5_v1,sota_low_cost,8,2023,0.009528,0.076223,-0.143051,-1.144408,0.152579,2.375,0.05,fixed_atr,2.0,3.0,1.0,3,fine_tune_recent_window_chain,ethusdt_4h_sota_low_cost_sac_fine_tune_recent_window_m3_base3y_seed5_asset_preset_broadening_phase5_v1,fixed_atr
solusdt,4h,long,sac,adaptive_top_seed_extension_seed15_v1,kitchen_sink_guarded,10,2023,2.481597,24.815974,-0.146481,-1.464811,5.256157,7.6,0.5,fixed_atr,1.25,1.25,0.5,3,fine_tune_recent_window_chain,solusdt_4h_kitchen_sink_guarded_all_available_sac_fine_tune_recent_window_m6_base3y_fixed_rv0p50_sl1p25_tp1p25_sltp_risk_geometry_phase8_v1_seed7_adaptive_top_seed_extension_seed7_v1_seed15_adaptive_top_seed_extension_seed15_v1,fixed_rv0p50_sl1p25_tp1p25
solusdt,4h,long,sac,,sota_low_cost,32,2023,0.165278,5.288901,-0.147646,-4.724672,0.312924,7.5625,0.05,fixed_atr,2.0,3.0,1.0,1,fine_tune_recent_window_chain,solusdt_4h_sota_low_cost_all_available_sac_fine_tune_recent_window_m3_base1y,fixed_atr
ethusdt,4h,long,sac,eventctx_metric_window_phase3_v1,sota_low_cost,32,2023,0.027062,0.865992,-0.150449,-4.814359,0.177511,2.21875,0.05,fixed_atr,2.0,3.0,1.0,3,fine_tune_recent_window_chain,ethusdt_4h_sota_low_cost_sac_fine_tune_recent_window_m12_base3y_etd28_vd7_td7_seed4_eventctx_metric_window_phase3_v1,fixed_atr
ethusdt,4h,long,sac,adaptive_top_seed_extension_seed18_v1,kitchen_sink_guarded,39,2022,0.01883,0.734361,-0.151136,-5.894293,0.679862,2.589744,0.1,fixed_atr,2.0,3.0,0.25,4,scratch_n_years,ethusdt_4h_kitchen_sink_guarded_exec_annual_4y_2022val_2023test_rap_sac_annual_fyv2022_fyt2023_scratch_4y_valyear_rap_l0p25_rv0p1_risk_adjusted_reward_phase7_v3_seed18_adaptive_top_seed_extension_seed18_v1,fixed_atr
ethusdt,4h,long,sac,,sota_low_cost_plus_event_engineered_v1,16,2023,0.0414,0.6624,-0.152346,-2.437531,0.193746,2.3125,0.05,fixed_atr,2.0,3.0,1.0,3,scratch_n_years,ethusdt_4h_sota_low_cost_plus_event_engineered_v1_exec_event_no_trade_overlay_v1_sac_scratch_3y,fixed_atr
ethusdt,4h,long,sac,risk_adjusted_reward_phase7_v3,kitchen_sink_guarded,44,2022,0.015841,0.697014,-0.154162,-6.783111,0.680011,3.818182,0.075,fixed_atr,2.0,3.0,0.25,4,fine_tune_recent_window_chain,ethusdt_4h_kitchen_sink_guarded_exec_annual_4y_2022val_2023test_rap_sac_annual_fyv2022_fyt2023_fine_tune_recent_window_m12_base4y_valyear_rap_l0p25_rv0p075_risk_adjusted_reward_phase7_v3,fixed_atr
bnbusdt,4h,long,sac,asset_preset_broadening_phase5_v1,tech_stat_decomp,20,2023,0.016372,0.327431,-0.15454,-3.090791,0.170911,1.75,0.05,fixed_atr,2.0,3.0,1.0,3,scratch_n_years,bnbusdt_4h_tech_stat_decomp_sac_scratch_3y_seed5_asset_preset_broadening_phase5_v1,fixed_atr
bnbusdt,4h,long,sac,asset_preset_broadening_phase5_v1,kitchen_sink_guarded,20,2023,0.015085,0.301699,-0.155765,-3.115294,0.17085,1.75,0.05,fixed_atr,2.0,3.0,1.0,1,scratch_n_years,bnbusdt_4h_kitchen_sink_guarded_sac_scratch_1y_seed5_asset_preset_broadening_phase5_v1,fixed_atr
ethusdt,4h,long,sac,,sota_low_cost_plus_event_engineered_v1,16,2023,0.024021,0.384344,-0.155909,-2.494539,0.17993,2.125,0.05,fixed_atr,2.0,3.0,1.0,3,warm_start_chain_n_years,ethusdt_4h_sota_low_cost_plus_event_engineered_v1_exec_event_no_trade_overlay_v1_sac_warm_start_chain_3y,fixed_atr
bnbusdt,4h,long,sac,asset_preset_broadening_phase5_v1,kitchen_sink_guarded,20,2023,0.011489,0.229787,-0.156725,-3.134493,0.168214,1.7,0.05,fixed_atr,2.0,3.0,1.0,3,scratch_n_years,bnbusdt_4h_kitchen_sink_guarded_sac_scratch_3y_seed5_asset_preset_broadening_phase5_v1,fixed_atr
ethusdt,4h,long,sac,eventctx_metric_window_phase3_v1,sota_low_cost,32,2023,0.020506,0.656198,-0.156958,-5.022651,0.177464,2.28125,0.05,fixed_atr,2.0,3.0,1.0,3,warm_start_chain_n_years,ethusdt_4h_sota_low_cost_sac_warm_start_chain_3y_etd28_vd7_td7_seed4_eventctx_metric_window_phase3_v1,fixed_atr
ethusdt,4h,long,sac,event_context_seed_robustness_phase2_v1,sota_low_cost_plus_event_engineered_v1,32,2023,0.0259,0.828812,-0.157759,-5.048286,0.183659,2.25,0.05,fixed_atr,2.0,3.0,1.0,1,scratch_n_years,ethusdt_4h_sota_low_cost_plus_event_engineered_v1_sac_scratch_1y_seed2_eventctx_seed_robustness_phase2_v1,fixed_atr
solusdt,4h,long,sac,adaptive_top_seed_extension_seed10_v1,kitchen_sink_guarded,10,2023,2.487195,24.871949,-0.15814,-1.581405,5.290671,8.2,0.5,fixed_atr,1.25,1.25,0.5,3,fine_tune_recent_window_chain,solusdt_4h_kitchen_sink_guarded_all_available_sac_fine_tune_recent_window_m6_base3y_fixed_rv0p50_sl1p25_tp1p25_sltp_risk_geometry_phase8_v1_seed7_adaptive_top_seed_extension_seed7_v1_seed10_adaptive_top_seed_extension_seed10_v1,fixed_rv0p50_sl1p25_tp1p25
bnbusdt,4h,long,sac,asset_preset_broadening_phase5_v1,crypto_full,20,2023,0.013351,0.267013,-0.158281,-3.165622,0.171632,1.8,0.05,fixed_atr,2.0,3.0,1.0,3,scratch_n_years,bnbusdt_4h_crypto_full_sac_scratch_3y_seed5_asset_preset_broadening_phase5_v1,fixed_atr
ethusdt,4h,long,sac,event_context_seed_robustness_phase2_v1,sota_low_cost_plus_event_engineered_v1,16,2023,0.043389,0.694226,-0.158397,-2.534349,0.201786,2.1875,0.05,fixed_atr,2.0,3.0,1.0,3,warm_start_chain_n_years,ethusdt_4h_sota_low_cost_plus_event_engineered_v1_sac_warm_start_chain_3y_seed3_eventctx_seed_robustness_phase2_v1,fixed_atr
ethusdt,1h,short,sac,asset_preset_broadening_phase5_v1,kitchen_sink_guarded,5,2023,0.043006,0.215028,-0.15938,-0.796898,0.202385,6.4,0.05,fixed_atr,2.0,3.0,1.0,3,warm_start_chain_n_years,ethusdt_1h_kitchen_sink_guarded_sac_warm_start_chain_3y_seed5_asset_preset_broadening_phase5_v1,fixed_atr
ethusdt,4h,long,sac,event_context_seed_robustness_phase2_v1,sota_low_cost,32,2023,0.022618,0.723768,-0.159696,-5.110272,0.182314,2.3125,0.05,fixed_atr,2.0,3.0,1.0,1,scratch_n_years,ethusdt_4h_sota_low_cost_sac_scratch_1y_seed2_eventctx_seed_robustness_phase2_v1,fixed_atr
ethusdt,4h,long,sac,eventctx_metric_window_phase3_v1,sota_low_cost,32,2023,0.0121,0.387197,-0.160355,-5.131366,0.172455,2.15625,0.05,fixed_atr,2.0,3.0,1.0,3,fine_tune_recent_window_chain,ethusdt_4h_sota_low_cost_sac_fine_tune_recent_window_m3_base3y_etd28_vd7_td7_seed4_eventctx_metric_window_phase3_v1,fixed_atr
ethusdt,4h,long,sac,event_context_seed_robustness_phase2_v1,sota_low_cost,16,2023,0.04741,0.758558,-0.161627,-2.586032,0.209037,2.75,0.05,fixed_atr,2.0,3.0,1.0,3,warm_start_chain_n_years,ethusdt_4h_sota_low_cost_sac_warm_start_chain_3y_seed2_eventctx_seed_robustness_phase2_v1,fixed_atr
ethusdt,4h,long,sac,asset_preset_broadening_phase5_v1,crypto_full,20,2023,0.032714,0.654288,-0.161708,-3.234169,0.194423,2.45,0.05,fixed_atr,2.0,3.0,1.0,3,scratch_n_years,ethusdt_4h_crypto_full_sac_scratch_3y_seed5_asset_preset_broadening_phase5_v1,fixed_atr
bnbusdt,4h,long,sac,asset_preset_broadening_phase5_v1,sota_low_cost,20,2023,0.005899,0.117987,-0.162229,-3.244586,0.168129,1.9,0.05,fixed_atr,2.0,3.0,1.0,1,scratch_n_years,bnbusdt_4h_sota_low_cost_sac_scratch_1y_seed5_asset_preset_broadening_phase5_v1,fixed_atr
bnbusdt,4h,long,sac,asset_preset_broadening_phase5_v1,tech_stat_decomp,20,2023,0.006863,0.13725,-0.162797,-3.255935,0.169659,1.7,0.05,fixed_atr,2.0,3.0,1.0,1,scratch_n_years,bnbusdt_4h_tech_stat_decomp_sac_scratch_1y_seed5_asset_preset_broadening_phase5_v1,fixed_atr
ethusdt,4h,long,sac,risk_adjusted_reward_phase7_v3,kitchen_sink_guarded,6,2022,-0.01183,-0.07098,-0.162991,-0.977943,0.604642,6.0,0.05,fixed_atr,2.0,3.0,0.25,4,fine_tune_recent_window_chain,ethusdt_4h_kitchen_sink_guarded_exec_annual_4y_2022val_2023test_rap_sac_annual_fyv2022_fyt2023_fine_tune_recent_window_m12_base4y_valyear_rap_l0p25_rv0p05_risk_adjusted_reward_phase7_v3,fixed_atr
ethusdt,4h,long,sac,asset_preset_broadening_phase5_v1,sota_low_cost,20,2023,0.030393,0.607862,-0.163938,-3.27876,0.194331,2.45,0.05,fixed_atr,2.0,3.0,1.0,3,scratch_n_years,ethusdt_4h_sota_low_cost_sac_scratch_3y_seed5_asset_preset_broadening_phase5_v1,fixed_atr
bnbusdt,4h,long,sac,asset_preset_broadening_phase5_v1,sota_low_cost,20,2023,0.007832,0.156641,-0.164758,-3.295157,0.17259,1.75,0.05,fixed_atr,2.0,3.0,1.0,3,scratch_n_years,bnbusdt_4h_sota_low_cost_sac_scratch_3y_seed5_asset_preset_broadening_phase5_v1,fixed_atr
ethusdt,4h,long,sac,,sota_low_cost,16,2023,0.040129,0.642061,-0.167141,-2.674252,0.20727,2.1875,0.05,fixed_atr,2.0,3.0,1.0,3,warm_start_chain_n_years,ethusdt_4h_sota_low_cost_sac_warm_start_chain_3y,fixed_atr
ethusdt,4h,long,sac,eventctx_metric_window_phase3_v1,sota_low_cost,32,2023,0.007113,0.227605,-0.167448,-5.358345,0.174561,2.25,0.05,fixed_atr,2.0,3.0,1.0,3,fine_tune_recent_window_chain,ethusdt_4h_sota_low_cost_sac_fine_tune_recent_window_m3_base3y_etd14_vd7_td7_seed4_eventctx_metric_window_phase3_v1,fixed_atr
bnbusdt,4h,long,sac,asset_preset_broadening_phase5_v1,crypto_full,20,2023,0.006871,0.137414,-0.167995,-3.359891,0.174865,1.75,0.05,fixed_atr,2.0,3.0,1.0,1,scratch_n_years,bnbusdt_4h_crypto_full_sac_scratch_1y_seed5_asset_preset_broadening_phase5_v1,fixed_atr
ethusdt,4h,long,sac,event_token_transformer_phase_next_v1,sota_low_cost_plus_event_engineered_v1,32,2023,0.017491,0.559704,-0.170626,-5.460021,0.188116,2.34375,0.05,fixed_atr,2.0,3.0,1.0,1,scratch_n_years,ethusdt_4h_sota_low_cost_plus_event_engineered_v1_sac_scratch_1y_seed7_event_token_transformer_phase_next_v1,fixed_atr
ethusdt,4h,long,sac,asset_preset_broadening_phase5_v1,kitchen_sink_guarded,20,2023,0.030073,0.601454,-0.171383,-3.427666,0.201456,2.5,0.05,fixed_atr,2.0,3.0,1.0,3,scratch_n_years,ethusdt_4h_kitchen_sink_guarded_sac_scratch_3y_seed5_asset_preset_broadening_phase5_v1,fixed_atr
ethusdt,4h,long,sac,event_context_seed_robustness_phase2_v1,sota_low_cost_plus_event_engineered_v1,16,2023,0.03908,0.625277,-0.171406,-2.742501,0.210486,2.3125,0.05,fixed_atr,2.0,3.0,1.0,3,scratch_n_years,ethusdt_4h_sota_low_cost_plus_event_engineered_v1_sac_scratch_3y_seed2_eventctx_seed_robustness_phase2_v1,fixed_atr
btcusdt,4h,long,sac,asset_preset_broadening_phase5_v1,crypto_full,8,2023,-0.014996,-0.119971,-0.173174,-1.385396,0.158178,2.625,0.05,fixed_atr,2.0,3.0,1.0,1,warm_start_chain_n_years,btcusdt_4h_crypto_full_sac_warm_start_chain_1y_seed5_asset_preset_broadening_phase5_v1,fixed_atr
btcusdt,4h,long,sac,asset_preset_broadening_phase5_v1,kitchen_sink_guarded,8,2023,-0.014996,-0.119971,-0.173174,-1.385396,0.158178,2.625,0.05,fixed_atr,2.0,3.0,1.0,1,warm_start_chain_n_years,btcusdt_4h_kitchen_sink_guarded_sac_warm_start_chain_1y_seed5_asset_preset_broadening_phase5_v1,fixed_atr
btcusdt,4h,long,sac,asset_preset_broadening_phase5_v1,sota_low_cost,8,2023,-0.014996,-0.119971,-0.173174,-1.385396,0.158178,2.625,0.05,fixed_atr,2.0,3.0,1.0,1,warm_start_chain_n_years,btcusdt_4h_sota_low_cost_sac_warm_start_chain_1y_seed5_asset_preset_broadening_phase5_v1,fixed_atr
btcusdt,4h,long,sac,asset_preset_broadening_phase5_v1,tech_stat_decomp,8,2023,-0.014996,-0.119971,-0.173174,-1.385396,0.158178,2.625,0.05,fixed_atr,2.0,3.0,1.0,1,warm_start_chain_n_years,btcusdt_4h_tech_stat_decomp_sac_warm_start_chain_1y_seed5_asset_preset_broadening_phase5_v1,fixed_atr
ethusdt,4h,long,sac,event_token_transformer_phase_next_v1,sota_low_cost_plus_event_engineered_v1,16,2023,0.035997,0.575949,-0.179163,-2.866606,0.21516,2.4375,0.05,fixed_atr,2.0,3.0,1.0,3,scratch_n_years,ethusdt_4h_sota_low_cost_plus_event_engineered_v1_sac_scratch_3y_seed7_event_token_transformer_phase_next_v1,fixed_atr
ethusdt,4h,long,sac,eventctx_metric_window_phase3_v1,sota_low_cost,32,2023,0.000266,0.008521,-0.179217,-5.734957,0.179484,2.1875,0.05,fixed_atr,2.0,3.0,1.0,3,fine_tune_recent_window_chain,ethusdt_4h_sota_low_cost_sac_fine_tune_recent_window_m6_base3y_etd28_vd7_td7_seed4_eventctx_metric_window_phase3_v1,fixed_atr
ethusdt,4h,long,sac,event_context_seed_robustness_phase2_v1,sota_low_cost,16,2023,0.027009,0.432146,-0.179325,-2.869208,0.206335,2.1875,0.05,fixed_atr,2.0,3.0,1.0,3,scratch_n_years,ethusdt_4h_sota_low_cost_sac_scratch_3y_seed2_eventctx_seed_robustness_phase2_v1,fixed_atr
usdjpy,15m,short,sac,annual_diversity_survey_v1,fx_full,5,2023,-0.087559,-0.437796,-0.181505,-0.907525,0.187892,25.2,0.1,fixed_atr,1.5,2.0,0.5,1,scratch_n_years,usdjpy_15m_fx_full_exec_annual_diversity_survey_v1_sac_annual_fyv2022_fyt2023_scratch_1y,annual_survey_rv0p10_sl1p5_tp2
ethusdt,4h,long,sac,event_context_seed_robustness_phase2_v1,sota_low_cost,16,2023,0.014448,0.231165,-0.181631,-2.906095,0.196079,2.09375,0.05,fixed_atr,2.0,3.0,1.0,3,warm_start_chain_n_years,ethusdt_4h_sota_low_cost_sac_warm_start_chain_3y_seed1_eventctx_seed_robustness_phase2_v1,fixed_atr
solusdt,4h,long,sac,asset_preset_broadening_phase5_v1,sota_low_cost,20,2023,0.183138,3.662752,-0.182232,-3.644637,0.365369,2.8,0.05,fixed_atr,2.0,3.0,1.0,1,scratch_n_years,solusdt_4h_sota_low_cost_sac_scratch_1y_seed5_asset_preset_broadening_phase5_v1,fixed_atr
ethusdt,4h,long,sac,eventctx_metric_window_phase3_v1,sota_low_cost_plus_event_engineered_v1,32,2023,-0.002471,-0.079074,-0.182407,-5.837017,0.179936,2.1875,0.05,fixed_atr,2.0,3.0,1.0,3,fine_tune_recent_window_chain,ethusdt_4h_sota_low_cost_plus_event_engineered_v1_sac_fine_tune_recent_window_m3_base3y_etd28_vd7_td7_seed4_eventctx_metric_window_phase3_v1,fixed_atr
ethusdt,4h,long,sac,,sota_low_cost_plus_event_engineered_v1,16,2023,0.032445,0.519125,-0.182508,-2.920124,0.214953,2.25,0.05,fixed_atr,2.0,3.0,1.0,3,warm_start_chain_n_years,ethusdt_4h_sota_low_cost_plus_event_engineered_v1_sac_warm_start_chain_3y,fixed_atr
ethusdt,4h,long,sac,event_context_seed_robustness_phase2_v1,sota_low_cost_plus_event_engineered_v1,16,2023,0.032445,0.519125,-0.182508,-2.920124,0.214953,2.25,0.05,fixed_atr,2.0,3.0,1.0,3,warm_start_chain_n_years,ethusdt_4h_sota_low_cost_plus_event_engineered_v1_sac_warm_start_chain_3y_seed1_eventctx_seed_robustness_phase2_v1,fixed_atr
ethusdt,1h,short,sac,asset_preset_broadening_phase5_v1,tech_stat_decomp,5,2023,0.080459,0.402297,-0.185824,-0.929118,0.266283,8.4,0.05,fixed_atr,2.0,3.0,1.0,3,warm_start_chain_n_years,ethusdt_1h_tech_stat_decomp_sac_warm_start_chain_3y_seed5_asset_preset_broadening_phase5_v1,fixed_atr
ethusdt,4h,long,sac,eventctx_metric_window_phase3_v1,sota_low_cost_plus_event_engineered_v1,32,2023,0.00149,0.047671,-0.186049,-5.953569,0.187539,2.34375,0.05,fixed_atr,2.0,3.0,1.0,3,fine_tune_recent_window_chain,ethusdt_4h_sota_low_cost_plus_event_engineered_v1_sac_fine_tune_recent_window_m6_base3y_etd28_vd7_td7_seed4_eventctx_metric_window_phase3_v1,fixed_atr
solusdt,4h,long,sac,,kitchen_sink_guarded,11,2023,0.161931,1.781239,-0.188698,-2.075677,0.350629,5.909091,0.05,fixed_atr,2.0,3.0,1.0,2,fine_tune_recent_window_chain,solusdt_4h_kitchen_sink_guarded_all_available_sac_fine_tune_recent_window_m12_base2y,fixed_atr
ethusdt,1h,short,sac,asset_preset_broadening_phase5_v1,crypto_full,12,2023,0.066088,0.793053,-0.188792,-2.265504,0.25488,10.25,0.05,fixed_atr,2.0,3.0,1.0,3,scratch_n_years,ethusdt_1h_crypto_full_sac_scratch_3y_seed5_asset_preset_broadening_phase5_v1,fixed_atr
ethusdt,4h,long,sac,event_context_seed_robustness_phase2_v1,sota_low_cost,16,2023,0.02783,0.445286,-0.189049,-3.024782,0.216879,2.3125,0.05,fixed_atr,2.0,3.0,1.0,3,scratch_n_years,ethusdt_4h_sota_low_cost_sac_scratch_3y_seed1_eventctx_seed_robustness_phase2_v1,fixed_atr
ethusdt,4h,long,sac,event_context_seed_robustness_phase2_v1,sota_low_cost_plus_event_engineered_v1,16,2023,0.027645,0.442322,-0.189139,-3.02623,0.216784,2.3125,0.05,fixed_atr,2.0,3.0,1.0,3,scratch_n_years,ethusdt_4h_sota_low_cost_plus_event_engineered_v1_sac_scratch_3y_seed1_eventctx_seed_robustness_phase2_v1,fixed_atr
solusdt,1h,short,sac,,kitchen_sink_guarded,32,2023,0.129483,4.143443,-0.190742,-6.103753,0.320225,4.53125,0.05,fixed_atr,2.0,3.0,1.0,1,scratch_n_years,solusdt_1h_kitchen_sink_guarded_all_available_1h_sac_scratch_1y,fixed_atr
bnbusdt,4h,long,sac,annual_diversity_survey_v1,kitchen_sink_guarded,37,2023,0.006522,0.241302,-0.19165,-7.091049,0.396343,3.081081,0.1,fixed_atr,1.5,2.0,0.5,1,scratch_n_years,bnbusdt_4h_kitchen_sink_guarded_exec_annual_diversity_survey_v1_sac_annual_fyv2022_fyt2023_scratch_1y,annual_survey_rv0p10_sl1p5_tp2
bnbusdt,4h,long,sac,asset_preset_broadening_phase5_v1,sota_low_cost,20,2023,-0.015993,-0.319856,-0.192319,-3.846381,0.176326,4.5,0.05,fixed_atr,2.0,3.0,1.0,3,fine_tune_recent_window_chain,bnbusdt_4h_sota_low_cost_sac_fine_tune_recent_window_m3_base3y_seed5_asset_preset_broadening_phase5_v1,fixed_atr
ethusdt,4h,long,sac,eventctx_metric_window_phase3_v1,sota_low_cost_plus_event_engineered_v1,32,2023,-0.00487,-0.155827,-0.193927,-6.205649,0.189057,2.28125,0.05,fixed_atr,2.0,3.0,1.0,3,fine_tune_recent_window_chain,ethusdt_4h_sota_low_cost_plus_event_engineered_v1_sac_fine_tune_recent_window_m3_base3y_etd14_vd7_td7_seed4_eventctx_metric_window_phase3_v1,fixed_atr
solusdt,4h,long,sac,,kitchen_sink_guarded,32,2023,0.016033,0.513041,-0.195173,-6.245522,0.211205,1.71875,0.05,fixed_atr,2.0,3.0,1.0,2,fine_tune_recent_window_chain,solusdt_4h_kitchen_sink_guarded_all_available_sac_fine_tune_recent_window_m1_base2y,fixed_atr
ethusdt,4h,long,sac,asset_preset_broadening_phase5_v1,crypto_full,8,2023,-0.021181,-0.169444,-0.197014,-1.576108,0.175833,2.25,0.05,fixed_atr,2.0,3.0,1.0,1,warm_start_chain_n_years,ethusdt_4h_crypto_full_sac_warm_start_chain_1y_seed5_asset_preset_broadening_phase5_v1,fixed_atr
ethusdt,4h,long,sac,asset_preset_broadening_phase5_v1,kitchen_sink_guarded,8,2023,-0.021181,-0.169444,-0.197014,-1.576108,0.175833,2.25,0.05,fixed_atr,2.0,3.0,1.0,1,warm_start_chain_n_years,ethusdt_4h_kitchen_sink_guarded_sac_warm_start_chain_1y_seed5_asset_preset_broadening_phase5_v1,fixed_atr
ethusdt,4h,long,sac,asset_preset_broadening_phase5_v1,sota_low_cost,8,2023,-0.021181,-0.169444,-0.197014,-1.576108,0.175833,2.25,0.05,fixed_atr,2.0,3.0,1.0,1,warm_start_chain_n_years,ethusdt_4h_sota_low_cost_sac_warm_start_chain_1y_seed5_asset_preset_broadening_phase5_v1,fixed_atr
ethusdt,4h,long,sac,asset_preset_broadening_phase5_v1,tech_stat_decomp,8,2023,-0.021181,-0.169444,-0.197014,-1.576108,0.175833,2.25,0.05,fixed_atr,2.0,3.0,1.0,1,warm_start_chain_n_years,ethusdt_4h_tech_stat_decomp_sac_warm_start_chain_1y_seed5_asset_preset_broadening_phase5_v1,fixed_atr
ethusdt,4h,long,sac,adaptive_top_seed_extension_seed20_v1,kitchen_sink_guarded,39,2022,0.090048,3.511867,-0.197802,-7.71426,0.287849,2.25641,0.05,fixed_atr,2.0,3.0,1.0,4,scratch_n_years,ethusdt_4h_kitchen_sink_guarded_exec_annual_4y_2022val_2023test_rap_sac_annual_fyv2022_fyt2023_scratch_4y_valyear_seed20_adaptive_top_seed_extension_seed20_v1,fixed_atr
solusdt,4h,long,sac,asset_preset_broadening_phase5_v1,tech_stat_decomp,20,2023,0.150877,3.01755,-0.20091,-4.018195,0.351787,2.2,0.05,fixed_atr,2.0,3.0,1.0,1,scratch_n_years,solusdt_4h_tech_stat_decomp_sac_scratch_1y_seed5_asset_preset_broadening_phase5_v1,fixed_atr
solusdt,4h,long,sac,,sota_low_cost,13,2023,0.268595,3.491736,-0.201942,-2.625246,0.470537,2.769231,0.05,fixed_atr,2.0,3.0,1.0,3,oracle_bc_transfer_e2_v1__warm_start_chain_n_years,solusdt_4h_sota_low_cost_all_available_sac_warm_start_chain_3y__oracle_bc_transfer_e2_v1,fixed_atr
ethusdt,1h,short,sac,asset_preset_broadening_phase5_v1,sota_low_cost,12,2023,0.082464,0.989572,-0.202709,-2.432507,0.285173,12.0,0.05,fixed_atr,2.0,3.0,1.0,1,scratch_n_years,ethusdt_1h_sota_low_cost_sac_scratch_1y_seed5_asset_preset_broadening_phase5_v1,fixed_atr
solusdt,4h,long,sac,asset_preset_broadening_phase5_v1,crypto_full,8,2023,0.08626,0.690079,-0.202732,-1.62186,0.288992,11.25,0.05,fixed_atr,2.0,3.0,1.0,1,fine_tune_recent_window_chain,solusdt_4h_crypto_full_sac_fine_tune_recent_window_m6_base1y_seed5_asset_preset_broadening_phase5_v1,fixed_atr
bnbusdt,15m,short,sac,annual_diversity_survey_v1,kitchen_sink_guarded,5,2023,0.007344,0.036722,-0.206347,-1.031736,0.427383,27.2,0.1,fixed_atr,1.5,2.0,0.5,1,scratch_n_years,bnbusdt_15m_kitchen_sink_guarded_exec_annual_diversity_survey_v1_sac_annual_fyv2022_fyt2023_scratch_1y,annual_survey_rv0p10_sl1p5_tp2
ethusdt,4h,long,sac,asset_preset_broadening_phase5_v1,tech_stat_decomp,12,2023,-0.044579,-0.534953,-0.209709,-2.516507,0.16513,2.416667,0.05,fixed_atr,2.0,3.0,1.0,3,fine_tune_recent_window_chain,ethusdt_4h_tech_stat_decomp_sac_fine_tune_recent_window_m6_base3y_seed5_asset_preset_broadening_phase5_v1,fixed_atr
bnbusdt,4h,long,sac,,sota_low_cost,32,2023,-0.028049,-0.897581,-0.211024,-6.752772,0.182975,1.84375,0.05,fixed_atr,2.0,3.0,1.0,1,scratch_n_years,bnbusdt_4h_sota_low_cost_all_available_sac_scratch_1y,fixed_atr
ethusdt,4h,long,sac,event_token_transformer_phase_next_v1,sota_low_cost_plus_event_engineered_v1,16,2023,0.006118,0.09788,-0.211969,-3.391497,0.218086,2.375,0.05,fixed_atr,2.0,3.0,1.0,1,warm_start_chain_n_years,ethusdt_4h_sota_low_cost_plus_event_engineered_v1_sac_warm_start_chain_1y_seed7_event_token_transformer_phase_next_v1,fixed_atr
bnbusdt,1h,short,sac,asset_preset_broadening_phase5_v1,kitchen_sink_guarded,8,2023,-0.021214,-0.169709,-0.212116,-1.69693,0.190903,6.0,0.05,fixed_atr,2.0,3.0,1.0,1,warm_start_chain_n_years,bnbusdt_1h_kitchen_sink_guarded_sac_warm_start_chain_1y_seed5_asset_preset_broadening_phase5_v1,fixed_atr
btcusdt,4h,long,sac,,sota_low_cost,32,2023,-0.042097,-1.347115,-0.215324,-6.890359,0.173226,2.28125,0.05,fixed_atr,2.0,3.0,1.0,1,warm_start_chain_n_years,btcusdt_4h_sota_low_cost_all_available_sac_warm_start_chain_1y,fixed_atr
btcusdt,4h,long,sac,,sota_low_cost,32,2023,-0.035503,-1.136084,-0.21738,-6.956156,0.181877,2.4375,0.05,fixed_atr,2.0,3.0,1.0,1,scratch_n_years,btcusdt_4h_sota_low_cost_all_available_sac_scratch_1y,fixed_atr
ethusdt,4h,long,sac,eventctx_metric_window_phase3_v1,sota_low_cost,32,2023,-0.020373,-0.651949,-0.217423,-6.957522,0.197049,2.53125,0.05,fixed_atr,2.0,3.0,1.0,3,scratch_n_years,ethusdt_4h_sota_low_cost_sac_scratch_3y_etd14_vd7_td7_seed4_eventctx_metric_window_phase3_v1,fixed_atr
ethusdt,4h,long,sac,adaptive_top_seed_extension_seed20_v1,kitchen_sink_guarded,39,2022,-0.033465,-1.305125,-0.219082,-8.544214,0.742471,3.230769,0.1,fixed_atr,2.0,3.0,0.25,4,scratch_n_years,ethusdt_4h_kitchen_sink_guarded_exec_annual_4y_2022val_2023test_rap_sac_annual_fyv2022_fyt2023_scratch_4y_valyear_rap_l0p25_rv0p1_risk_adjusted_reward_phase7_v3_seed20_adaptive_top_seed_extension_seed20_v1,fixed_atr
ethusdt,4h,long,sac,asset_preset_broadening_phase5_v1,sota_low_cost,20,2023,0.006754,0.135082,-0.21916,-4.383194,0.225914,2.3,0.05,fixed_atr,2.0,3.0,1.0,1,scratch_n_years,ethusdt_4h_sota_low_cost_sac_scratch_1y_seed5_asset_preset_broadening_phase5_v1,fixed_atr
ethusdt,4h,long,sac,asset_preset_broadening_phase5_v1,tech_stat_decomp,20,2023,0.006754,0.135082,-0.21916,-4.383194,0.225914,2.3,0.05,fixed_atr,2.0,3.0,1.0,1,scratch_n_years,ethusdt_4h_tech_stat_decomp_sac_scratch_1y_seed5_asset_preset_broadening_phase5_v1,fixed_atr
solusdt,1h,short,sac,asset_preset_broadening_phase5_v1,crypto_full,12,2023,0.416329,4.995948,-0.221432,-2.657178,0.637761,8.583333,0.05,fixed_atr,2.0,3.0,1.0,1,scratch_n_years,solusdt_1h_crypto_full_sac_scratch_1y_seed5_asset_preset_broadening_phase5_v1,fixed_atr
ethusdt,4h,long,sac,eventctx_metric_window_phase3_v1,sota_low_cost_plus_event_engineered_v1,32,2023,-0.027741,-0.887702,-0.227299,-7.273582,0.199559,2.4375,0.05,fixed_atr,2.0,3.0,1.0,3,scratch_n_years,ethusdt_4h_sota_low_cost_plus_event_engineered_v1_sac_scratch_3y_etd28_vd7_td7_seed4_eventctx_metric_window_phase3_v1,fixed_atr
ethusdt,4h,long,sac,eventctx_metric_window_phase3_v1,sota_low_cost_plus_event_engineered_v1,32,2023,-0.028463,-0.910802,-0.227887,-7.292383,0.199424,2.25,0.05,fixed_atr,2.0,3.0,1.0,3,scratch_n_years,ethusdt_4h_sota_low_cost_plus_event_engineered_v1_sac_scratch_3y_etd14_vd7_td7_seed4_eventctx_metric_window_phase3_v1,fixed_atr
bnbusdt,4h,long,sac,asset_preset_broadening_phase5_v1,kitchen_sink_guarded,20,2023,-0.010546,-0.210919,-0.229857,-4.597146,0.219311,3.65,0.05,fixed_atr,2.0,3.0,1.0,3,fine_tune_recent_window_chain,bnbusdt_4h_kitchen_sink_guarded_sac_fine_tune_recent_window_m6_base3y_seed5_asset_preset_broadening_phase5_v1,fixed_atr
solusdt,1h,short,sac,asset_preset_broadening_phase5_v1,kitchen_sink_guarded,5,2023,0.407147,2.035736,-0.230535,-1.152676,0.637682,13.4,0.05,fixed_atr,2.0,3.0,1.0,3,warm_start_chain_n_years,solusdt_1h_kitchen_sink_guarded_sac_warm_start_chain_3y_seed5_asset_preset_broadening_phase5_v1,fixed_atr
ethusdt,4h,long,sac,eventctx_metric_window_phase3_v1,sota_low_cost,32,2023,-0.029196,-0.934278,-0.231397,-7.404695,0.202201,2.375,0.05,fixed_atr,2.0,3.0,1.0,3,scratch_n_years,ethusdt_4h_sota_low_cost_sac_scratch_3y_etd28_vd7_td7_seed4_eventctx_metric_window_phase3_v1,fixed_atr
solusdt,4h,long,sac,,sota_low_cost,32,2023,0.14064,4.500481,-0.234957,-7.518628,0.375597,3.6875,0.05,fixed_atr,2.0,3.0,1.0,1,scratch_n_years,solusdt_4h_sota_low_cost_all_available_sac_scratch_1y,fixed_atr
solusdt,4h,long,sac,oracle_bc_followup_phase6_v1,kitchen_sink_guarded,10,2023,0.32724,3.2724,-0.239495,-2.39495,0.566735,9.2,0.05,fixed_atr,2.0,3.0,1.0,3,oracle_bc_pretrain_then_sac__fine_tune_recent_window_chain,solusdt_4h_kitchen_sink_guarded_all_available_sac_fine_tune_recent_window_m6_base3y_oracle_bc_pretrain_v1_oracle_bc_e5_oracle_bc_followup_phase6_v1,fixed_atr
ethusdt,1h,short,sac,asset_preset_broadening_phase5_v1,crypto_full,12,2023,0.066343,0.79611,-0.244214,-2.930571,0.310557,15.333333,0.05,fixed_atr,2.0,3.0,1.0,1,scratch_n_years,ethusdt_1h_crypto_full_sac_scratch_1y_seed5_asset_preset_broadening_phase5_v1,fixed_atr
ethusdt,4h,long,sac,eventctx_metric_window_phase3_v1,sota_low_cost_plus_event_engineered_v1,32,2023,-0.03714,-1.188494,-0.244586,-7.826749,0.207445,2.40625,0.05,fixed_atr,2.0,3.0,1.0,3,fine_tune_recent_window_chain,ethusdt_4h_sota_low_cost_plus_event_engineered_v1_sac_fine_tune_recent_window_m12_base3y_etd14_vd7_td7_seed4_eventctx_metric_window_phase3_v1,fixed_atr
ethusdt,4h,long,sac,,sota_low_cost_plus_event_engineered_v1,16,2023,-0.018003,-0.288053,-0.245546,-3.92874,0.227543,2.375,0.05,fixed_atr,2.0,3.0,1.0,3,scratch_n_years,ethusdt_4h_sota_low_cost_plus_event_engineered_v1_sac_scratch_3y,fixed_atr
ethusdt,4h,long,sac,,sota_low_cost,16,2023,-0.018003,-0.288053,-0.245546,-3.92874,0.227543,2.375,0.05,fixed_atr,2.0,3.0,1.0,3,scratch_n_years,ethusdt_4h_sota_low_cost_sac_scratch_3y,fixed_atr
solusdt,4h,long,sac,,crypto_full,13,2023,0.234756,3.051831,-0.245844,-3.195976,0.480601,3.230769,0.05,fixed_atr,2.0,3.0,1.0,3,fine_tune_recent_window_chain,solusdt_4h_crypto_full_all_available_sac_fine_tune_recent_window_m6_base3y,fixed_atr
solusdt,1h,short,sac,asset_preset_broadening_phase5_v1,crypto_full,5,2023,0.411623,2.058117,-0.25063,-1.253152,0.662254,11.6,0.05,fixed_atr,2.0,3.0,1.0,3,warm_start_chain_n_years,solusdt_1h_crypto_full_sac_warm_start_chain_3y_seed5_asset_preset_broadening_phase5_v1,fixed_atr
bnbusdt,1h,short,sac,asset_preset_broadening_phase5_v1,sota_low_cost,12,2023,0.03182,0.381842,-0.251591,-3.019097,0.283412,6.083333,0.05,fixed_atr,2.0,3.0,1.0,3,scratch_n_years,bnbusdt_1h_sota_low_cost_sac_scratch_3y_seed5_asset_preset_broadening_phase5_v1,fixed_atr
ethusdt_perp,1h,short,sac,annual_diversity_survey_v1,kitchen_sink_guarded,29,2023,0.032373,0.938821,-0.252348,-7.318085,0.569442,16.413793,0.1,fixed_atr,1.5,2.0,0.5,1,scratch_n_years,ethusdt_perp_1h_kitchen_sink_guarded_exec_annual_diversity_survey_v1_sac_annual_fyv2022_fyt2023_scratch_1y,annual_survey_rv0p10_sl1p5_tp2
bnbusdt,4h,long,sac,asset_preset_broadening_phase5_v1,sota_low_cost,20,2023,-0.047608,-0.952161,-0.252863,-5.057263,0.205255,2.65,0.05,fixed_atr,2.0,3.0,1.0,3,fine_tune_recent_window_chain,bnbusdt_4h_sota_low_cost_sac_fine_tune_recent_window_m6_base3y_seed5_asset_preset_broadening_phase5_v1,fixed_atr
solusdt,4h,long,sac,,crypto_full,32,2023,0.127611,4.083541,-0.253067,-8.098142,0.380678,3.78125,0.05,fixed_atr,2.0,3.0,1.0,1,scratch_n_years,solusdt_4h_crypto_full_all_available_sac_scratch_1y,fixed_atr
ethusdt,4h,long,sac,asset_preset_broadening_phase5_v1,crypto_full,20,2023,-0.021471,-0.429426,-0.255335,-5.106695,0.233863,2.25,0.05,fixed_atr,2.0,3.0,1.0,1,scratch_n_years,ethusdt_4h_crypto_full_sac_scratch_1y_seed5_asset_preset_broadening_phase5_v1,fixed_atr
ethusdt,4h,long,sac,asset_preset_broadening_phase5_v1,kitchen_sink_guarded,20,2023,-0.021629,-0.432573,-0.261202,-5.224035,0.239573,2.55,0.05,fixed_atr,2.0,3.0,1.0,1,scratch_n_years,ethusdt_4h_kitchen_sink_guarded_sac_scratch_1y_seed5_asset_preset_broadening_phase5_v1,fixed_atr
solusdt,4h,long,sac,,sota_low_cost,13,2023,0.191839,2.493908,-0.264107,-3.43339,0.455946,2.615385,0.05,fixed_atr,2.0,3.0,1.0,3,fine_tune_recent_window_chain,solusdt_4h_sota_low_cost_all_available_sac_fine_tune_recent_window_m6_base3y,fixed_atr
btcusdt,4h,long,sac,asset_preset_broadening_phase5_v1,crypto_full,5,2023,-0.078347,-0.391736,-0.265339,-1.326696,0.186992,3.0,0.05,fixed_atr,2.0,3.0,1.0,3,fine_tune_recent_window_chain,btcusdt_4h_crypto_full_sac_fine_tune_recent_window_m3_base3y_seed5_asset_preset_broadening_phase5_v1,fixed_atr
btcusdt,4h,long,sac,asset_preset_broadening_phase5_v1,crypto_full,5,2023,-0.078347,-0.391736,-0.265339,-1.326696,0.186992,3.0,0.05,fixed_atr,2.0,3.0,1.0,3,fine_tune_recent_window_chain,btcusdt_4h_crypto_full_sac_fine_tune_recent_window_m6_base3y_seed5_asset_preset_broadening_phase5_v1,fixed_atr
btcusdt,4h,long,sac,asset_preset_broadening_phase5_v1,crypto_full,5,2023,-0.078347,-0.391736,-0.265339,-1.326696,0.186992,3.0,0.05,fixed_atr,2.0,3.0,1.0,3,warm_start_chain_n_years,btcusdt_4h_crypto_full_sac_warm_start_chain_3y_seed5_asset_preset_broadening_phase5_v1,fixed_atr
btcusdt,4h,long,sac,asset_preset_broadening_phase5_v1,kitchen_sink_guarded,5,2023,-0.078347,-0.391736,-0.265339,-1.326696,0.186992,3.0,0.05,fixed_atr,2.0,3.0,1.0,3,warm_start_chain_n_years,btcusdt_4h_kitchen_sink_guarded_sac_warm_start_chain_3y_seed5_asset_preset_broadening_phase5_v1,fixed_atr
btcusdt,4h,long,sac,asset_preset_broadening_phase5_v1,sota_low_cost,5,2023,-0.078347,-0.391736,-0.265339,-1.326696,0.186992,3.0,0.05,fixed_atr,2.0,3.0,1.0,3,warm_start_chain_n_years,btcusdt_4h_sota_low_cost_sac_warm_start_chain_3y_seed5_asset_preset_broadening_phase5_v1,fixed_atr
btcusdt,4h,long,sac,asset_preset_broadening_phase5_v1,tech_stat_decomp,5,2023,-0.078347,-0.391736,-0.265339,-1.326696,0.186992,3.0,0.05,fixed_atr,2.0,3.0,1.0,3,fine_tune_recent_window_chain,btcusdt_4h_tech_stat_decomp_sac_fine_tune_recent_window_m3_base3y_seed5_asset_preset_broadening_phase5_v1,fixed_atr
btcusdt,4h,long,sac,asset_preset_broadening_phase5_v1,tech_stat_decomp,5,2023,-0.078347,-0.391736,-0.265339,-1.326696,0.186992,3.0,0.05,fixed_atr,2.0,3.0,1.0,3,fine_tune_recent_window_chain,btcusdt_4h_tech_stat_decomp_sac_fine_tune_recent_window_m6_base3y_seed5_asset_preset_broadening_phase5_v1,fixed_atr
btcusdt,4h,long,sac,asset_preset_broadening_phase5_v1,tech_stat_decomp,5,2023,-0.078347,-0.391736,-0.265339,-1.326696,0.186992,3.0,0.05,fixed_atr,2.0,3.0,1.0,3,warm_start_chain_n_years,btcusdt_4h_tech_stat_decomp_sac_warm_start_chain_3y_seed5_asset_preset_broadening_phase5_v1,fixed_atr
bnbusdt,1h,short,sac,asset_preset_broadening_phase5_v1,tech_stat_decomp,12,2023,0.025438,0.305254,-0.267422,-3.209068,0.29286,6.166667,0.05,fixed_atr,2.0,3.0,1.0,3,scratch_n_years,bnbusdt_1h_tech_stat_decomp_sac_scratch_3y_seed5_asset_preset_broadening_phase5_v1,fixed_atr
solusdt,4h,long,sac,,crypto_full,13,2023,0.246428,3.203568,-0.267444,-3.476771,0.513872,4.384615,0.05,fixed_atr,2.0,3.0,1.0,3,warm_start_chain_n_years,solusdt_4h_crypto_full_all_available_sac_warm_start_chain_3y,fixed_atr
ethusdt,1h,short,sac,asset_preset_broadening_phase5_v1,tech_stat_decomp,12,2023,0.022382,0.268581,-0.267886,-3.214634,0.290268,11.5,0.05,fixed_atr,2.0,3.0,1.0,3,scratch_n_years,ethusdt_1h_tech_stat_decomp_sac_scratch_3y_seed5_asset_preset_broadening_phase5_v1,fixed_atr
ethusdt,4h,long,sac,adaptive_top_seed_extension_seed20_v1,kitchen_sink_guarded,39,2022,0.046771,1.824066,-0.269554,-10.512615,0.63265,3.179487,0.1,rel_volume_aware_atr,2.0,3.0,0.5,4,scratch_n_years,ethusdt_4h_kitchen_sink_guarded_exec_annual_4y_2022val_2023test_rap_sac_annual_fyv2022_fyt2023_scratch_4y_valyear_aware_rv0p10_base_sltp_risk_geometry_phase8_v3_seed20_adaptive_top_seed_extension_seed20_v1,aware_rv0p10_base
bnbusdt,4h,long,sac,asset_preset_broadening_phase5_v1,crypto_full,20,2023,-0.048876,-0.977522,-0.271246,-5.424914,0.22237,5.8,0.05,fixed_atr,2.0,3.0,1.0,3,fine_tune_recent_window_chain,bnbusdt_4h_crypto_full_sac_fine_tune_recent_window_m6_base3y_seed5_asset_preset_broadening_phase5_v1,fixed_atr
gbpjpy,15m,short,sac,annual_diversity_survey_v1,fx_full,5,2023,-0.165082,-0.82541,-0.27154,-1.357701,0.212917,31.0,0.1,fixed_atr,1.5,2.0,0.5,1,scratch_n_years,gbpjpy_15m_fx_full_exec_annual_diversity_survey_v1_sac_annual_fyv2022_fyt2023_scratch_1y,annual_survey_rv0p10_sl1p5_tp2
bnbusdt,1h,short,sac,asset_preset_broadening_phase5_v1,sota_low_cost,8,2023,-0.067702,-0.541615,-0.272114,-2.176914,0.204412,5.0,0.05,fixed_atr,2.0,3.0,1.0,1,warm_start_chain_n_years,bnbusdt_1h_sota_low_cost_sac_warm_start_chain_1y_seed5_asset_preset_broadening_phase5_v1,fixed_atr
solusdt,4h,long,sac,asset_preset_broadening_phase5_v1,kitchen_sink_guarded,8,2023,0.045644,0.365153,-0.272797,-2.182377,0.318441,9.25,0.05,fixed_atr,2.0,3.0,1.0,1,fine_tune_recent_window_chain,solusdt_4h_kitchen_sink_guarded_sac_fine_tune_recent_window_m3_base1y_seed5_asset_preset_broadening_phase5_v1,fixed_atr
ethusdt,4h,long,sac,adaptive_top_seed_extension_seed19_v1,kitchen_sink_guarded,39,2022,0.047899,1.868072,-0.274996,-10.724853,0.322896,2.564103,0.05,fixed_atr,2.0,3.0,1.0,4,scratch_n_years,ethusdt_4h_kitchen_sink_guarded_exec_annual_4y_2022val_2023test_rap_sac_annual_fyv2022_fyt2023_scratch_4y_valyear_seed19_adaptive_top_seed_extension_seed19_v1,fixed_atr
solusdt,1h,short,sac,asset_preset_broadening_phase5_v1,tech_stat_decomp,12,2023,0.528033,6.336402,-0.279767,-3.357206,0.807801,20.333333,0.05,fixed_atr,2.0,3.0,1.0,3,fine_tune_recent_window_chain,solusdt_1h_tech_stat_decomp_sac_fine_tune_recent_window_m6_base3y_seed5_asset_preset_broadening_phase5_v1,fixed_atr
solusdt,4h,long,sac,adaptive_top_seed_extension_seed15_v1,kitchen_sink_guarded,10,2023,2.375097,23.750971,-0.280252,-2.802516,5.310697,7.4,0.5,fixed_atr,1.25,1.25,0.5,3,fine_tune_recent_window_chain,solusdt_4h_kitchen_sink_guarded_all_available_sac_fine_tune_recent_window_m6_base3y_fixed_rv0p50_sl1p25_tp1p25_sltp_risk_geometry_phase8_v1_seed9_adaptive_top_seed_extension_seed9_v1_seed15_adaptive_top_seed_extension_seed15_v1,fixed_rv0p50_sl1p25_tp1p25
bnbusdt,1h,short,sac,annual_diversity_survey_v1,kitchen_sink_guarded,29,2023,-0.023856,-0.691835,-0.282137,-8.181977,0.516562,13.172414,0.1,fixed_atr,1.5,2.0,0.5,1,scratch_n_years,bnbusdt_1h_kitchen_sink_guarded_exec_annual_diversity_survey_v1_sac_annual_fyv2022_fyt2023_scratch_1y,annual_survey_rv0p10_sl1p5_tp2
bnbusdt,1h,short,sac,asset_preset_broadening_phase5_v1,crypto_full,8,2023,0.011835,0.09468,-0.284181,-2.27345,0.296016,8.25,0.05,fixed_atr,2.0,3.0,1.0,3,fine_tune_recent_window_chain,bnbusdt_1h_crypto_full_sac_fine_tune_recent_window_m6_base3y_seed5_asset_preset_broadening_phase5_v1,fixed_atr
bnbusdt,1h,short,sac,asset_preset_broadening_phase5_v1,kitchen_sink_guarded,8,2023,0.011835,0.09468,-0.284181,-2.27345,0.296016,8.25,0.05,fixed_atr,2.0,3.0,1.0,3,fine_tune_recent_window_chain,bnbusdt_1h_kitchen_sink_guarded_sac_fine_tune_recent_window_m6_base3y_seed5_asset_preset_broadening_phase5_v1,fixed_atr
ethusdt,4h,long,sac,event_token_embedding_phase4_v1,sota_low_cost_plus_event_engineered_v1,24,2023,-0.072672,-1.744138,-0.286727,-6.881448,0.214055,2.208333,0.05,fixed_atr,2.0,3.0,1.0,1,fine_tune_recent_window_chain,ethusdt_4h_sota_low_cost_plus_event_engineered_v1_sac_fine_tune_recent_window_m3_base1y_seed6_event_token_embedding_phase4_v1,fixed_atr
ethusdt,4h,long,sac,event_token_embedding_phase4_v1,sota_low_cost_plus_event_engineered_v1,24,2023,-0.072672,-1.744138,-0.286727,-6.881448,0.214055,2.208333,0.05,fixed_atr,2.0,3.0,1.0,1,fine_tune_recent_window_chain,ethusdt_4h_sota_low_cost_plus_event_engineered_v1_sac_fine_tune_recent_window_m6_base1y_seed6_event_token_embedding_phase4_v1,fixed_atr
ethusdt,4h,long,sac,event_token_embedding_phase4_v1,sota_low_cost_plus_event_engineered_v1,24,2023,-0.072672,-1.744138,-0.286727,-6.881448,0.214055,2.208333,0.05,fixed_atr,2.0,3.0,1.0,1,scratch_n_years,ethusdt_4h_sota_low_cost_plus_event_engineered_v1_sac_scratch_1y_seed6_event_token_embedding_phase4_v1,fixed_atr
ethusdt,4h,long,sac,event_token_embedding_phase4_v1,sota_low_cost_plus_event_engineered_v1,24,2023,-0.072672,-1.744138,-0.286727,-6.881448,0.214055,2.208333,0.05,fixed_atr,2.0,3.0,1.0,1,warm_start_chain_n_years,ethusdt_4h_sota_low_cost_plus_event_engineered_v1_sac_warm_start_chain_1y_seed6_event_token_embedding_phase4_v1,fixed_atr
ethusdt,1h,short,sac,annual_diversity_survey_v1,kitchen_sink_guarded,29,2023,-0.009703,-0.281377,-0.286807,-8.317403,0.554209,16.689655,0.1,fixed_atr,1.5,2.0,0.5,1,scratch_n_years,ethusdt_1h_kitchen_sink_guarded_exec_annual_diversity_survey_v1_sac_annual_fyv2022_fyt2023_scratch_1y,annual_survey_rv0p10_sl1p5_tp2
solusdt,1h,short,sac,asset_preset_broadening_phase5_v1,tech_stat_decomp,12,2023,0.408485,4.901825,-0.290002,-3.480023,0.698487,9.833333,0.05,fixed_atr,2.0,3.0,1.0,3,scratch_n_years,solusdt_1h_tech_stat_decomp_sac_scratch_3y_seed5_asset_preset_broadening_phase5_v1,fixed_atr
bnbusdt,1h,short,sac,asset_preset_broadening_phase5_v1,tech_stat_decomp,12,2023,0.052515,0.630179,-0.29138,-3.49656,0.343895,6.666667,0.05,fixed_atr,2.0,3.0,1.0,1,scratch_n_years,bnbusdt_1h_tech_stat_decomp_sac_scratch_1y_seed5_asset_preset_broadening_phase5_v1,fixed_atr
ethusdt,4h,long,sac,eventctx_metric_window_phase3_v1,sota_low_cost_plus_event_engineered_v1,32,2023,-0.073516,-2.352497,-0.292777,-9.368855,0.219261,2.28125,0.05,fixed_atr,2.0,3.0,1.0,1,fine_tune_recent_window_chain,ethusdt_4h_sota_low_cost_plus_event_engineered_v1_sac_fine_tune_recent_window_m12_base1y_etd14_vd7_td7_seed4_eventctx_metric_window_phase3_v1,fixed_atr
ethusdt,4h,long,sac,eventctx_metric_window_phase3_v1,sota_low_cost_plus_event_engineered_v1,32,2023,-0.073516,-2.352497,-0.292777,-9.368855,0.219261,2.28125,0.05,fixed_atr,2.0,3.0,1.0,1,fine_tune_recent_window_chain,ethusdt_4h_sota_low_cost_plus_event_engineered_v1_sac_fine_tune_recent_window_m12_base1y_etd28_vd7_td7_seed4_eventctx_metric_window_phase3_v1,fixed_atr
ethusdt,4h,long,sac,eventctx_metric_window_phase3_v1,sota_low_cost_plus_event_engineered_v1,32,2023,-0.073516,-2.352497,-0.292777,-9.368855,0.219261,2.28125,0.05,fixed_atr,2.0,3.0,1.0,1,fine_tune_recent_window_chain,ethusdt_4h_sota_low_cost_plus_event_engineered_v1_sac_fine_tune_recent_window_m3_base1y_etd14_vd7_td7_seed4_eventctx_metric_window_phase3_v1,fixed_atr
ethusdt,4h,long,sac,eventctx_metric_window_phase3_v1,sota_low_cost_plus_event_engineered_v1,32,2023,-0.073516,-2.352497,-0.292777,-9.368855,0.219261,2.28125,0.05,fixed_atr,2.0,3.0,1.0,1,fine_tune_recent_window_chain,ethusdt_4h_sota_low_cost_plus_event_engineered_v1_sac_fine_tune_recent_window_m3_base1y_etd28_vd7_td7_seed4_eventctx_metric_window_phase3_v1,fixed_atr
ethusdt,4h,long,sac,eventctx_metric_window_phase3_v1,sota_low_cost_plus_event_engineered_v1,32,2023,-0.073516,-2.352497,-0.292777,-9.368855,0.219261,2.28125,0.05,fixed_atr,2.0,3.0,1.0,1,fine_tune_recent_window_chain,ethusdt_4h_sota_low_cost_plus_event_engineered_v1_sac_fine_tune_recent_window_m6_base1y_etd14_vd7_td7_seed4_eventctx_metric_window_phase3_v1,fixed_atr
ethusdt,4h,long,sac,eventctx_metric_window_phase3_v1,sota_low_cost_plus_event_engineered_v1,32,2023,-0.073516,-2.352497,-0.292777,-9.368855,0.219261,2.28125,0.05,fixed_atr,2.0,3.0,1.0,1,fine_tune_recent_window_chain,ethusdt_4h_sota_low_cost_plus_event_engineered_v1_sac_fine_tune_recent_window_m6_base1y_etd28_vd7_td7_seed4_eventctx_metric_window_phase3_v1,fixed_atr
ethusdt,4h,long,sac,eventctx_metric_window_phase3_v1,sota_low_cost_plus_event_engineered_v1,32,2023,-0.073516,-2.352497,-0.292777,-9.368855,0.219261,2.28125,0.05,fixed_atr,2.0,3.0,1.0,1,scratch_n_years,ethusdt_4h_sota_low_cost_plus_event_engineered_v1_sac_scratch_1y_etd14_vd7_td7_seed4_eventctx_metric_window_phase3_v1,fixed_atr
ethusdt,4h,long,sac,eventctx_metric_window_phase3_v1,sota_low_cost_plus_event_engineered_v1,32,2023,-0.073516,-2.352497,-0.292777,-9.368855,0.219261,2.28125,0.05,fixed_atr,2.0,3.0,1.0,1,scratch_n_years,ethusdt_4h_sota_low_cost_plus_event_engineered_v1_sac_scratch_1y_etd28_vd7_td7_seed4_eventctx_metric_window_phase3_v1,fixed_atr
ethusdt,4h,long,sac,eventctx_metric_window_phase3_v1,sota_low_cost_plus_event_engineered_v1,32,2023,-0.073516,-2.352497,-0.292777,-9.368855,0.219261,2.28125,0.05,fixed_atr,2.0,3.0,1.0,1,warm_start_chain_n_years,ethusdt_4h_sota_low_cost_plus_event_engineered_v1_sac_warm_start_chain_1y_etd14_vd7_td7_seed4_eventctx_metric_window_phase3_v1,fixed_atr
ethusdt,4h,long,sac,eventctx_metric_window_phase3_v1,sota_low_cost_plus_event_engineered_v1,32,2023,-0.073516,-2.352497,-0.292777,-9.368855,0.219261,2.28125,0.05,fixed_atr,2.0,3.0,1.0,1,warm_start_chain_n_years,ethusdt_4h_sota_low_cost_plus_event_engineered_v1_sac_warm_start_chain_1y_etd28_vd7_td7_seed4_eventctx_metric_window_phase3_v1,fixed_atr
ethusdt,4h,long,sac,eventctx_metric_window_phase3_v1,sota_low_cost,32,2023,-0.073516,-2.352497,-0.292777,-9.368855,0.219261,2.28125,0.05,fixed_atr,2.0,3.0,1.0,1,fine_tune_recent_window_chain,ethusdt_4h_sota_low_cost_sac_fine_tune_recent_window_m12_base1y_etd14_vd7_td7_seed4_eventctx_metric_window_phase3_v1,fixed_atr
ethusdt,4h,long,sac,eventctx_metric_window_phase3_v1,sota_low_cost,32,2023,-0.073516,-2.352497,-0.292777,-9.368855,0.219261,2.28125,0.05,fixed_atr,2.0,3.0,1.0,1,fine_tune_recent_window_chain,ethusdt_4h_sota_low_cost_sac_fine_tune_recent_window_m12_base1y_etd28_vd7_td7_seed4_eventctx_metric_window_phase3_v1,fixed_atr
ethusdt,4h,long,sac,eventctx_metric_window_phase3_v1,sota_low_cost,32,2023,-0.073516,-2.352497,-0.292777,-9.368855,0.219261,2.28125,0.05,fixed_atr,2.0,3.0,1.0,1,fine_tune_recent_window_chain,ethusdt_4h_sota_low_cost_sac_fine_tune_recent_window_m3_base1y_etd14_vd7_td7_seed4_eventctx_metric_window_phase3_v1,fixed_atr
ethusdt,4h,long,sac,eventctx_metric_window_phase3_v1,sota_low_cost,32,2023,-0.073516,-2.352497,-0.292777,-9.368855,0.219261,2.28125,0.05,fixed_atr,2.0,3.0,1.0,1,fine_tune_recent_window_chain,ethusdt_4h_sota_low_cost_sac_fine_tune_recent_window_m3_base1y_etd28_vd7_td7_seed4_eventctx_metric_window_phase3_v1,fixed_atr
ethusdt,4h,long,sac,eventctx_metric_window_phase3_v1,sota_low_cost,32,2023,-0.073516,-2.352497,-0.292777,-9.368855,0.219261,2.28125,0.05,fixed_atr,2.0,3.0,1.0,1,fine_tune_recent_window_chain,ethusdt_4h_sota_low_cost_sac_fine_tune_recent_window_m6_base1y_etd14_vd7_td7_seed4_eventctx_metric_window_phase3_v1,fixed_atr
ethusdt,4h,long,sac,eventctx_metric_window_phase3_v1,sota_low_cost,32,2023,-0.073516,-2.352497,-0.292777,-9.368855,0.219261,2.28125,0.05,fixed_atr,2.0,3.0,1.0,1,fine_tune_recent_window_chain,ethusdt_4h_sota_low_cost_sac_fine_tune_recent_window_m6_base1y_etd28_vd7_td7_seed4_eventctx_metric_window_phase3_v1,fixed_atr
ethusdt,4h,long,sac,eventctx_metric_window_phase3_v1,sota_low_cost,32,2023,-0.073516,-2.352497,-0.292777,-9.368855,0.219261,2.28125,0.05,fixed_atr,2.0,3.0,1.0,1,scratch_n_years,ethusdt_4h_sota_low_cost_sac_scratch_1y_etd14_vd7_td7_seed4_eventctx_metric_window_phase3_v1,fixed_atr
ethusdt,4h,long,sac,eventctx_metric_window_phase3_v1,sota_low_cost,32,2023,-0.073516,-2.352497,-0.292777,-9.368855,0.219261,2.28125,0.05,fixed_atr,2.0,3.0,1.0,1,scratch_n_years,ethusdt_4h_sota_low_cost_sac_scratch_1y_etd28_vd7_td7_seed4_eventctx_metric_window_phase3_v1,fixed_atr
ethusdt,4h,long,sac,eventctx_metric_window_phase3_v1,sota_low_cost,32,2023,-0.073516,-2.352497,-0.292777,-9.368855,0.219261,2.28125,0.05,fixed_atr,2.0,3.0,1.0,1,warm_start_chain_n_years,ethusdt_4h_sota_low_cost_sac_warm_start_chain_1y_etd14_vd7_td7_seed4_eventctx_metric_window_phase3_v1,fixed_atr
ethusdt,4h,long,sac,eventctx_metric_window_phase3_v1,sota_low_cost,32,2023,-0.073516,-2.352497,-0.292777,-9.368855,0.219261,2.28125,0.05,fixed_atr,2.0,3.0,1.0,1,warm_start_chain_n_years,ethusdt_4h_sota_low_cost_sac_warm_start_chain_1y_etd28_vd7_td7_seed4_eventctx_metric_window_phase3_v1,fixed_atr
ethusdt,1h,short,sac,asset_preset_broadening_phase5_v1,kitchen_sink_guarded,5,2023,-0.088286,-0.441431,-0.293693,-1.468465,0.205407,5.2,0.05,fixed_atr,2.0,3.0,1.0,3,fine_tune_recent_window_chain,ethusdt_1h_kitchen_sink_guarded_sac_fine_tune_recent_window_m6_base3y_seed5_asset_preset_broadening_phase5_v1,fixed_atr
solusdt,1h,short,sac,sltp_risk_geometry_phase8_v1,sota_low_cost,8,2023,0.185025,1.480201,-0.294796,-2.358371,0.959643,12.625,0.05,fixed_atr,2.0,4.0,0.5,1,warm_start_chain_n_years,solusdt_1h_sota_low_cost_sac_warm_start_chain_1y_seed5_asset_preset_broadening_phase5_v1_fixed_rv0p05_sl2_tp4_sltp_risk_geometry_phase8_v1,fixed_rv0p05_sl2_tp4
ethusdt,1h,short,sac,asset_preset_broadening_phase5_v1,kitchen_sink_guarded,5,2023,-0.050946,-0.25473,-0.295949,-1.479744,0.245003,6.2,0.05,fixed_atr,2.0,3.0,1.0,3,fine_tune_recent_window_chain,ethusdt_1h_kitchen_sink_guarded_sac_fine_tune_recent_window_m3_base3y_seed5_asset_preset_broadening_phase5_v1,fixed_atr
solusdt,4h,long,sac,,kitchen_sink_guarded,10,2023,0.267639,2.676395,-0.296165,-2.961648,0.563804,6.8,0.05,fixed_atr,2.0,3.0,1.0,3,oracle_bc_pretrain_then_sac__fine_tune_recent_window_chain,solusdt_4h_kitchen_sink_guarded_all_available_sac_fine_tune_recent_window_m6_base3y__oracle_bc_pretrain_v1,fixed_atr
solusdt,4h,long,sac,oracle_bc_followup_phase6_v1,kitchen_sink_guarded,10,2023,0.267639,2.676395,-0.296165,-2.961648,0.563804,6.8,0.05,fixed_atr,2.0,3.0,1.0,3,oracle_bc_pretrain_then_sac__fine_tune_recent_window_chain,solusdt_4h_kitchen_sink_guarded_all_available_sac_fine_tune_recent_window_m6_base3y_oracle_bc_pretrain_v1_oracle_bc_e3_oracle_bc_followup_phase6_v1,fixed_atr
ethusdt,4h,long,sac,sltp_risk_geometry_phase8_v3,kitchen_sink_guarded,46,2023,0.154443,7.104365,-0.297545,-13.687065,0.903975,4.586957,0.25,fixed_atr,1.25,1.5,0.5,4,scratch_n_years,ethusdt_4h_kitchen_sink_guarded_exec_annual_4y_2022val_2023test_rap_sac_annual_fyv2022_fyt2023_scratch_4y_testyear_fixed_rv0p25_sl1p25_tp1p5_sltp_risk_geometry_phase8_v3,fixed_rv0p25_sl1p25_tp1p5
ethusdt,4h,long,sac,event_token_embedding_phase4_v1,sota_low_cost_plus_event_engineered_v1,24,2023,-0.08256,-1.981435,-0.298604,-7.166493,0.216044,2.166667,0.05,fixed_atr,2.0,3.0,1.0,3,scratch_n_years,ethusdt_4h_sota_low_cost_plus_event_engineered_v1_sac_scratch_3y_seed6_event_token_embedding_phase4_v1,fixed_atr
btcusdt,4h,long,sac,annual_diversity_survey_v1,kitchen_sink_guarded,37,2023,-0.078004,-2.886135,-0.298913,-11.059773,0.441818,3.459459,0.1,fixed_atr,1.5,2.0,0.5,1,scratch_n_years,btcusdt_4h_kitchen_sink_guarded_exec_annual_diversity_survey_v1_sac_annual_fyv2022_fyt2023_scratch_1y,annual_survey_rv0p10_sl1p5_tp2
btcusdt_perp,4h,long,sac,annual_diversity_survey_v1,kitchen_sink_guarded,37,2023,-0.072739,-2.691341,-0.299294,-11.073878,0.45311,3.540541,0.1,fixed_atr,1.5,2.0,0.5,1,scratch_n_years,btcusdt_perp_4h_kitchen_sink_guarded_exec_annual_diversity_survey_v1_sac_annual_fyv2022_fyt2023_scratch_1y,annual_survey_rv0p10_sl1p5_tp2
solusdt,4h,long,sac,asset_preset_broadening_phase5_v1,tech_stat_decomp,20,2023,0.152195,3.043902,-0.30235,-6.047009,0.454546,9.1,0.05,fixed_atr,2.0,3.0,1.0,1,warm_start_chain_n_years,solusdt_4h_tech_stat_decomp_sac_warm_start_chain_1y_seed5_asset_preset_broadening_phase5_v1,fixed_atr
bnbusdt,1h,short,sac,asset_preset_broadening_phase5_v1,sota_low_cost,12,2023,0.038224,0.45869,-0.303832,-3.64599,0.342057,6.666667,0.05,fixed_atr,2.0,3.0,1.0,1,scratch_n_years,bnbusdt_1h_sota_low_cost_sac_scratch_1y_seed5_asset_preset_broadening_phase5_v1,fixed_atr
ethusdt,1h,short,sac,asset_preset_broadening_phase5_v1,kitchen_sink_guarded,12,2023,0.017024,0.204287,-0.30413,-3.649557,0.321154,13.166667,0.05,fixed_atr,2.0,3.0,1.0,1,scratch_n_years,ethusdt_1h_kitchen_sink_guarded_sac_scratch_1y_seed5_asset_preset_broadening_phase5_v1,fixed_atr
bnbusdt,1h,short,sac,asset_preset_broadening_phase5_v1,crypto_full,12,2023,0.008932,0.107186,-0.304481,-3.65377,0.313413,5.916667,0.05,fixed_atr,2.0,3.0,1.0,1,scratch_n_years,bnbusdt_1h_crypto_full_sac_scratch_1y_seed5_asset_preset_broadening_phase5_v1,fixed_atr
btcusdt,1h,short,sac,annual_diversity_survey_v1,kitchen_sink_guarded,29,2023,-0.051013,-1.479382,-0.315302,-9.14375,0.528577,14.965517,0.1,fixed_atr,1.5,2.0,0.5,1,scratch_n_years,btcusdt_1h_kitchen_sink_guarded_exec_annual_diversity_survey_v1_sac_annual_fyv2022_fyt2023_scratch_1y,annual_survey_rv0p10_sl1p5_tp2
ethusdt,4h,long,sac,event_context_seed_robustness_phase2_v1,sota_low_cost,16,2023,-0.06971,-1.115361,-0.317392,-5.078277,0.247682,2.375,0.05,fixed_atr,2.0,3.0,1.0,3,warm_start_chain_n_years,ethusdt_4h_sota_low_cost_sac_warm_start_chain_3y_seed3_eventctx_seed_robustness_phase2_v1,fixed_atr
solusdt,4h,long,sac,,kitchen_sink_guarded,32,2023,0.068884,2.204287,-0.317981,-10.175397,0.386865,7.21875,0.05,fixed_atr,2.0,3.0,1.0,2,fine_tune_recent_window_chain,solusdt_4h_kitchen_sink_guarded_all_available_sac_fine_tune_recent_window_m3_base2y,fixed_atr
solusdt,1h,short,sac,sltp_risk_geometry_phase8_v1,tech_stat_decomp,8,2023,0.095782,0.766253,-0.318801,-2.550408,0.829165,23.625,0.05,fixed_atr,2.0,3.0,0.5,1,warm_start_chain_n_years,solusdt_1h_tech_stat_decomp_sac_warm_start_chain_1y_seed5_asset_preset_broadening_phase5_v1_control_rv0p05_sl2_tp3_sltp_risk_geometry_phase8_v1,control_rv0p05_sl2_tp3
ethusdt,4h,long,sac,adaptive_top_seed_extension_seed18_v1,kitchen_sink_guarded,39,2022,0.017949,0.700013,-0.322779,-12.588375,0.340728,2.923077,0.05,fixed_atr,2.0,3.0,1.0,4,scratch_n_years,ethusdt_4h_kitchen_sink_guarded_exec_annual_4y_2022val_2023test_rap_sac_annual_fyv2022_fyt2023_scratch_4y_valyear_seed18_adaptive_top_seed_extension_seed18_v1,fixed_atr
solusdt,1h,short,sac,asset_preset_broadening_phase5_v1,kitchen_sink_guarded,12,2023,0.540367,6.484406,-0.330587,-3.967048,0.870955,18.166667,0.05,fixed_atr,2.0,3.0,1.0,3,fine_tune_recent_window_chain,solusdt_1h_kitchen_sink_guarded_sac_fine_tune_recent_window_m6_base3y_seed5_asset_preset_broadening_phase5_v1,fixed_atr
ethusdt,1h,short,sac,asset_preset_broadening_phase5_v1,tech_stat_decomp,12,2023,-0.006646,-0.079755,-0.332161,-3.985926,0.325514,10.833333,0.05,fixed_atr,2.0,3.0,1.0,1,scratch_n_years,ethusdt_1h_tech_stat_decomp_sac_scratch_1y_seed5_asset_preset_broadening_phase5_v1,fixed_atr
bnbusdt,1h,short,sac,asset_preset_broadening_phase5_v1,crypto_full,8,2023,-0.04809,-0.384719,-0.334616,-2.676929,0.286526,6.875,0.05,fixed_atr,2.0,3.0,1.0,1,warm_start_chain_n_years,bnbusdt_1h_crypto_full_sac_warm_start_chain_1y_seed5_asset_preset_broadening_phase5_v1,fixed_atr
solusdt,1h,short,sac,asset_preset_broadening_phase5_v1,tech_stat_decomp,8,2023,0.396878,3.175025,-0.336812,-2.694494,0.73369,17.25,0.05,fixed_atr,2.0,3.0,1.0,1,warm_start_chain_n_years,solusdt_1h_tech_stat_decomp_sac_warm_start_chain_1y_seed5_asset_preset_broadening_phase5_v1,fixed_atr
bnbusdt,1h,short,sac,asset_preset_broadening_phase5_v1,crypto_full,5,2023,-0.080391,-0.401954,-0.340922,-1.704612,0.260532,6.2,0.05,fixed_atr,2.0,3.0,1.0,3,fine_tune_recent_window_chain,bnbusdt_1h_crypto_full_sac_fine_tune_recent_window_m3_base3y_seed5_asset_preset_broadening_phase5_v1,fixed_atr
ethusdt,4h,long,sac,adaptive_top_seed_extension_seed19_v1,kitchen_sink_guarded,38,2022,0.001128,0.042873,-0.345577,-13.131925,0.69341,3.078947,0.1,rel_volume_aware_atr,2.0,3.0,0.5,4,scratch_n_years,ethusdt_4h_kitchen_sink_guarded_exec_annual_4y_2022val_2023test_rap_sac_annual_fyv2022_fyt2023_scratch_4y_valyear_aware_rv0p10_base_sltp_risk_geometry_phase8_v3_seed19_adaptive_top_seed_extension_seed19_v1,aware_rv0p10_base
btcusdt_perp,1h,short,sac,annual_diversity_survey_v1,kitchen_sink_guarded,29,2023,-0.076203,-2.209899,-0.345953,-10.032627,0.539498,14.0,0.1,fixed_atr,1.5,2.0,0.5,1,scratch_n_years,btcusdt_perp_1h_kitchen_sink_guarded_exec_annual_diversity_survey_v1_sac_annual_fyv2022_fyt2023_scratch_1y,annual_survey_rv0p10_sl1p5_tp2
solusdt,4h,long,sac,,kitchen_sink_guarded,32,2023,0.13329,4.265274,-0.346852,-11.099249,0.480141,10.5,0.05,fixed_atr,2.0,3.0,1.0,1,oracle_bc_transfer_e2_v1__warm_start_chain_n_years,solusdt_4h_kitchen_sink_guarded_all_available_sac_warm_start_chain_1y__oracle_bc_transfer_e2_v1,fixed_atr
solusdt,1h,short,sac,asset_preset_broadening_phase5_v1,sota_low_cost,12,2023,0.3882,4.658401,-0.347764,-4.173167,0.735964,10.083333,0.05,fixed_atr,2.0,3.0,1.0,3,scratch_n_years,solusdt_1h_sota_low_cost_sac_scratch_3y_seed5_asset_preset_broadening_phase5_v1,fixed_atr
solusdt,4h,long,sac,asset_preset_broadening_phase5_v1,tech_stat_decomp,8,2023,-0.044838,-0.358704,-0.349553,-2.796423,0.304715,6.0,0.05,fixed_atr,2.0,3.0,1.0,1,fine_tune_recent_window_chain,solusdt_4h_tech_stat_decomp_sac_fine_tune_recent_window_m6_base1y_seed5_asset_preset_broadening_phase5_v1,fixed_atr
solusdt,1h,short,sac,annual_diversity_survey_v1,kitchen_sink_guarded,5,2023,-0.186628,-0.933141,-0.355593,-1.777964,0.337929,2.6,0.1,fixed_atr,1.5,2.0,0.5,1,scratch_n_years,solusdt_1h_kitchen_sink_guarded_exec_annual_diversity_survey_v1_sac_annual_fyv2022_fyt2023_scratch_1y,annual_survey_rv0p10_sl1p5_tp2
ethusdt,1h,short,sac,asset_preset_broadening_phase5_v1,kitchen_sink_guarded,12,2023,-0.052536,-0.630432,-0.355669,-4.268028,0.303133,9.25,0.05,fixed_atr,2.0,3.0,1.0,3,scratch_n_years,ethusdt_1h_kitchen_sink_guarded_sac_scratch_3y_seed5_asset_preset_broadening_phase5_v1,fixed_atr
solusdt,4h,long,sac,,sota_low_cost,32,2023,0.021056,0.673782,-0.357339,-11.434842,0.378394,6.75,0.05,fixed_atr,2.0,3.0,1.0,2,fine_tune_recent_window_chain,solusdt_4h_sota_low_cost_all_available_sac_fine_tune_recent_window_m3_base2y,fixed_atr
ethusdt,1h,short,sac,asset_preset_broadening_phase5_v1,crypto_full,12,2023,-0.028745,-0.344943,-0.358945,-4.30734,0.3302,9.416667,0.05,fixed_atr,2.0,3.0,1.0,3,warm_start_chain_n_years,ethusdt_1h_crypto_full_sac_warm_start_chain_3y_seed5_asset_preset_broadening_phase5_v1,fixed_atr
ethusdt,4h,long,sac,,sota_low_cost_plus_event_engineered_v1,8,2023,0.643828,5.150624,-0.359246,-2.873965,1.003074,1.0,,fixed_atr,,,1.0,1,scratch_n_years,ethusdt_4h_sota_low_cost_plus_event_engineered_v1_sac_scratch_1y,fixed_atr
ethusdt,4h,long,sac,,sota_low_cost_plus_event_engineered_v1,8,2023,0.643828,5.150624,-0.359246,-2.873965,1.003074,1.0,,fixed_atr,,,1.0,1,warm_start_chain_n_years,ethusdt_4h_sota_low_cost_plus_event_engineered_v1_sac_warm_start_chain_1y,fixed_atr
ethusdt,4h,long,sac,,sota_low_cost,8,2023,0.643828,5.150624,-0.359246,-2.873965,1.003074,1.0,,fixed_atr,,,1.0,1,scratch_n_years,ethusdt_4h_sota_low_cost_sac_scratch_1y,fixed_atr
ethusdt,4h,long,sac,,sota_low_cost,8,2023,0.643828,5.150624,-0.359246,-2.873965,1.003074,1.0,,fixed_atr,,,1.0,3,scratch_n_years,ethusdt_4h_sota_low_cost_sac_scratch_3y,fixed_atr
ethusdt,4h,long,sac,,sota_low_cost,8,2023,0.643828,5.150624,-0.359246,-2.873965,1.003074,1.0,,fixed_atr,,,1.0,1,warm_start_chain_n_years,ethusdt_4h_sota_low_cost_sac_warm_start_chain_1y,fixed_atr
bnbusdt,1h,short,sac,asset_preset_broadening_phase5_v1,kitchen_sink_guarded,12,2023,-0.01993,-0.239163,-0.359308,-4.311696,0.339378,8.166667,0.05,fixed_atr,2.0,3.0,1.0,3,scratch_n_years,bnbusdt_1h_kitchen_sink_guarded_sac_scratch_3y_seed5_asset_preset_broadening_phase5_v1,fixed_atr
solusdt,4h,long,sac,asset_preset_broadening_phase5_v1,tech_stat_decomp,8,2023,0.000268,0.002146,-0.363797,-2.910374,0.364065,10.875,0.05,fixed_atr,2.0,3.0,1.0,1,fine_tune_recent_window_chain,solusdt_4h_tech_stat_decomp_sac_fine_tune_recent_window_m3_base1y_seed5_asset_preset_broadening_phase5_v1,fixed_atr
solusdt,4h,long,sac,sltp_risk_geometry_phase8_v1,kitchen_sink_guarded,10,2023,0.937642,9.376418,-0.367714,-3.677139,2.610711,6.7,0.25,fixed_atr,1.25,1.5,0.5,3,fine_tune_recent_window_chain,solusdt_4h_kitchen_sink_guarded_all_available_sac_fine_tune_recent_window_m6_base3y_fixed_rv0p25_sl1p25_tp1p5_sltp_risk_geometry_phase8_v1,fixed_rv0p25_sl1p25_tp1p5
solusdt,4h,long,sac,,kitchen_sink_guarded,32,2023,0.094103,3.011302,-0.370859,-11.867485,0.464962,11.53125,0.05,fixed_atr,2.0,3.0,1.0,1,warm_start_chain_n_years,solusdt_4h_kitchen_sink_guarded_all_available_sac_warm_start_chain_1y,fixed_atr
solusdt,4h,long,sac,,sota_low_cost,32,2023,0.088427,2.829672,-0.372624,-11.923964,0.461051,11.1875,0.05,fixed_atr,2.0,3.0,1.0,2,fine_tune_recent_window_chain,solusdt_4h_sota_low_cost_all_available_sac_fine_tune_recent_window_m6_base2y,fixed_atr
bnbusdt,1h,short,sac,asset_preset_broadening_phase5_v1,tech_stat_decomp,8,2023,-0.057747,-0.461977,-0.379235,-3.033881,0.321488,5.75,0.05,fixed_atr,2.0,3.0,1.0,1,warm_start_chain_n_years,bnbusdt_1h_tech_stat_decomp_sac_warm_start_chain_1y_seed5_asset_preset_broadening_phase5_v1,fixed_atr
bnbusdt,1h,short,sac,asset_preset_broadening_phase5_v1,crypto_full,12,2023,-0.034309,-0.41171,-0.381433,-4.5772,0.347124,6.666667,0.05,fixed_atr,2.0,3.0,1.0,3,scratch_n_years,bnbusdt_1h_crypto_full_sac_scratch_3y_seed5_asset_preset_broadening_phase5_v1,fixed_atr
ethusdt,1h,short,sac,asset_preset_broadening_phase5_v1,sota_low_cost,12,2023,-0.055765,-0.669178,-0.385402,-4.624822,0.329637,10.166667,0.05,fixed_atr,2.0,3.0,1.0,3,warm_start_chain_n_years,ethusdt_1h_sota_low_cost_sac_warm_start_chain_3y_seed5_asset_preset_broadening_phase5_v1,fixed_atr
ethusdt,1h,short,sac,asset_preset_broadening_phase5_v1,sota_low_cost,12,2023,-0.076929,-0.923144,-0.389755,-4.677065,0.312827,12.333333,0.05,fixed_atr,2.0,3.0,1.0,3,scratch_n_years,ethusdt_1h_sota_low_cost_sac_scratch_3y_seed5_asset_preset_broadening_phase5_v1,fixed_atr
solusdt,4h,long,sac,,sota_low_cost,32,2023,0.074052,2.36968,-0.395266,-12.648526,0.469319,10.625,0.05,fixed_atr,2.0,3.0,1.0,1,fine_tune_recent_window_chain,solusdt_4h_sota_low_cost_all_available_sac_fine_tune_recent_window_m6_base1y,fixed_atr
solusdt,4h,long,sac,,sota_low_cost,32,2023,0.081752,2.616079,-0.398401,-12.74882,0.480153,8.46875,0.05,fixed_atr,2.0,3.0,1.0,2,oracle_bc_transfer_e5_v1__fine_tune_recent_window_chain,solusdt_4h_sota_low_cost_all_available_sac_fine_tune_recent_window_m6_base2y__oracle_bc_transfer_e5_v1,fixed_atr
solusdt,4h,long,sac,,crypto_full,11,2023,0.014038,0.154415,-0.402711,-4.429822,0.416749,6.181818,0.05,fixed_atr,2.0,3.0,1.0,2,fine_tune_recent_window_chain,solusdt_4h_crypto_full_all_available_sac_fine_tune_recent_window_m12_base2y,fixed_atr
solusdt,4h,long,sac,adaptive_top_seed_extension_seed16_v1,kitchen_sink_guarded,10,2023,1.968136,19.681364,-0.404458,-4.044582,4.745189,7.5,0.5,fixed_atr,1.25,1.25,0.5,3,fine_tune_recent_window_chain,solusdt_4h_kitchen_sink_guarded_all_available_sac_fine_tune_recent_window_m6_base3y_fixed_rv0p50_sl1p25_tp1p25_sltp_risk_geometry_phase8_v1_seed7_adaptive_top_seed_extension_seed7_v1_seed16_adaptive_top_seed_extension_seed16_v1,fixed_rv0p50_sl1p25_tp1p25
solusdt,4h,long,sac,,sota_low_cost,32,2023,0.033956,1.086588,-0.407711,-13.046766,0.441667,11.5625,0.05,fixed_atr,2.0,3.0,1.0,1,fine_tune_recent_window_chain,solusdt_4h_sota_low_cost_all_available_sac_fine_tune_recent_window_m12_base1y,fixed_atr
ethusdt,4h,long,sac,sltp_risk_geometry_phase8_v3,kitchen_sink_guarded,15,2022,0.578699,8.680488,-0.41377,-6.206545,1.984938,5.266667,0.25,rel_volume_aware_atr,2.0,3.0,0.5,4,fine_tune_recent_window_chain,ethusdt_4h_kitchen_sink_guarded_exec_annual_4y_2022val_2023test_rap_sac_annual_fyv2022_fyt2023_fine_tune_recent_window_m12_base4y_valyear_aware_rv0p25_base_sltp_risk_geometry_phase8_v3,aware_rv0p25_base
solusdt,4h,long,sac,,crypto_full,32,2023,0.062034,1.985088,-0.418077,-13.378478,0.480111,11.40625,0.05,fixed_atr,2.0,3.0,1.0,2,fine_tune_recent_window_chain,solusdt_4h_crypto_full_all_available_sac_fine_tune_recent_window_m6_base2y,fixed_atr
solusdt,1h,short,sac,asset_preset_broadening_phase5_v1,kitchen_sink_guarded,12,2023,0.297755,3.573056,-0.421322,-5.055866,0.719077,6.916667,0.05,fixed_atr,2.0,3.0,1.0,1,scratch_n_years,solusdt_1h_kitchen_sink_guarded_sac_scratch_1y_seed5_asset_preset_broadening_phase5_v1,fixed_atr
bnbusdt,1h,short,sac,asset_preset_broadening_phase5_v1,sota_low_cost,5,2023,-0.093606,-0.468031,-0.42271,-2.113551,0.329104,16.4,0.05,fixed_atr,2.0,3.0,1.0,3,warm_start_chain_n_years,bnbusdt_1h_sota_low_cost_sac_warm_start_chain_3y_seed5_asset_preset_broadening_phase5_v1,fixed_atr
solusdt,1h,short,sac,sltp_risk_geometry_phase8_v1,sota_low_cost,8,2023,-0.027897,-0.223178,-0.422775,-3.382199,0.789755,13.375,0.05,fixed_atr,1.5,2.0,0.5,1,warm_start_chain_n_years,solusdt_1h_sota_low_cost_sac_warm_start_chain_1y_seed5_asset_preset_broadening_phase5_v1_fixed_rv0p05_sl1p5_tp2_sltp_risk_geometry_phase8_v1,fixed_rv0p05_sl1p5_tp2
solusdt,4h,long,sac,,sota_low_cost,13,2023,0.033556,0.436223,-0.428996,-5.576952,0.462552,6.230769,0.05,fixed_atr,2.0,3.0,1.0,3,oracle_bc_transfer_e1_v1__fine_tune_recent_window_chain,solusdt_4h_sota_low_cost_all_available_sac_fine_tune_recent_window_m3_base3y__oracle_bc_transfer_e1_v1,fixed_atr
ethusdt,4h,long,sac,adaptive_top_seed_extension_seed18_v1,kitchen_sink_guarded,39,2022,-0.057632,-2.247653,-0.432319,-16.860426,0.749373,2.641026,0.1,rel_volume_aware_atr,2.0,3.0,0.5,4,scratch_n_years,ethusdt_4h_kitchen_sink_guarded_exec_annual_4y_2022val_2023test_rap_sac_annual_fyv2022_fyt2023_scratch_4y_valyear_aware_rv0p10_base_sltp_risk_geometry_phase8_v3_seed18_adaptive_top_seed_extension_seed18_v1,aware_rv0p10_base
solusdt,4h,long,sac,asset_preset_broadening_phase5_v1,sota_low_cost,20,2023,0.131016,2.620325,-0.433253,-8.665068,0.56427,10.05,0.05,fixed_atr,2.0,3.0,1.0,1,warm_start_chain_n_years,solusdt_4h_sota_low_cost_sac_warm_start_chain_1y_seed5_asset_preset_broadening_phase5_v1,fixed_atr
solusdt,4h,long,sac,,sota_low_cost,32,2023,0.060335,1.930715,-0.43708,-13.986545,0.497414,8.75,0.05,fixed_atr,2.0,3.0,1.0,2,oracle_bc_transfer_e2_v1__fine_tune_recent_window_chain,solusdt_4h_sota_low_cost_all_available_sac_fine_tune_recent_window_m6_base2y__oracle_bc_transfer_e2_v1,fixed_atr
solusdt,1h,short,sac,asset_preset_broadening_phase5_v1,tech_stat_decomp,12,2023,0.333898,4.006771,-0.439657,-5.275884,0.773555,11.0,0.05,fixed_atr,2.0,3.0,1.0,3,warm_start_chain_n_years,solusdt_1h_tech_stat_decomp_sac_warm_start_chain_3y_seed5_asset_preset_broadening_phase5_v1,fixed_atr
solusdt,1h,short,sac,asset_preset_broadening_phase5_v1,kitchen_sink_guarded,12,2023,0.314415,3.772977,-0.439739,-5.276867,0.754154,8.75,0.05,fixed_atr,2.0,3.0,1.0,3,scratch_n_years,solusdt_1h_kitchen_sink_guarded_sac_scratch_3y_seed5_asset_preset_broadening_phase5_v1,fixed_atr
linkusdt,1h,short,sac,annual_diversity_survey_v1,kitchen_sink_guarded,5,2023,-0.159682,-0.798409,-0.441542,-2.20771,0.563721,9.8,0.1,fixed_atr,1.5,2.0,0.5,1,scratch_n_years,linkusdt_1h_kitchen_sink_guarded_exec_annual_diversity_survey_v1_sac_annual_fyv2022_fyt2023_scratch_1y,annual_survey_rv0p10_sl1p5_tp2
ethusdt,15m,short,sac,annual_diversity_survey_v1,kitchen_sink_guarded,29,2023,-0.114549,-3.321909,-0.443417,-12.859083,0.657736,68.586207,0.1,fixed_atr,1.5,2.0,0.5,1,scratch_n_years,ethusdt_15m_kitchen_sink_guarded_exec_annual_diversity_survey_v1_sac_annual_fyv2022_fyt2023_scratch_1y,annual_survey_rv0p10_sl1p5_tp2
solusdt,4h,long,sac,,kitchen_sink_guarded,10,2023,0.08286,0.828596,-0.450129,-4.501286,0.532988,4.9,0.05,fixed_atr,2.0,3.0,1.0,3,oracle_bc_strength_sweep_oracle_bc_e2_v1__fine_tune_recent_window_chain,solusdt_4h_kitchen_sink_guarded_all_available_sac_fine_tune_recent_window_m6_base3y__oracle_bc_e2_v1,fixed_atr
solusdt,4h,long,sac,,crypto_full,32,2023,0.029269,0.936594,-0.455681,-14.581778,0.484949,10.0625,0.05,fixed_atr,2.0,3.0,1.0,1,warm_start_chain_n_years,solusdt_4h_crypto_full_all_available_sac_warm_start_chain_1y,fixed_atr
solusdt,4h,long,sac,,sota_low_cost,32,2023,0.05208,1.666569,-0.463086,-14.818763,0.515167,10.25,0.05,fixed_atr,2.0,3.0,1.0,2,fine_tune_recent_window_chain,solusdt_4h_sota_low_cost_all_available_sac_fine_tune_recent_window_m12_base2y,fixed_atr
solusdt,4h,long,sac,,kitchen_sink_guarded,32,2023,0.024012,0.768391,-0.472845,-15.13103,0.496857,10.875,0.05,fixed_atr,2.0,3.0,1.0,1,oracle_bc_transfer_e1_v1__warm_start_chain_n_years,solusdt_4h_kitchen_sink_guarded_all_available_sac_warm_start_chain_1y__oracle_bc_transfer_e1_v1,fixed_atr
solusdt,1h,short,sac,asset_preset_broadening_phase5_v1,crypto_full,12,2023,0.298337,3.580047,-0.483976,-5.807714,0.782313,9.583333,0.05,fixed_atr,2.0,3.0,1.0,3,scratch_n_years,solusdt_1h_crypto_full_sac_scratch_3y_seed5_asset_preset_broadening_phase5_v1,fixed_atr
bnbusdt,1h,short,sac,asset_preset_broadening_phase5_v1,kitchen_sink_guarded,12,2023,-0.097623,-1.171476,-0.485055,-5.820666,0.387432,6.833333,0.05,fixed_atr,2.0,3.0,1.0,1,scratch_n_years,bnbusdt_1h_kitchen_sink_guarded_sac_scratch_1y_seed5_asset_preset_broadening_phase5_v1,fixed_atr
solusdt,1h,short,sac,asset_preset_broadening_phase5_v1,sota_low_cost,12,2023,0.263972,3.16767,-0.485774,-5.829292,0.749747,11.0,0.05,fixed_atr,2.0,3.0,1.0,3,warm_start_chain_n_years,solusdt_1h_sota_low_cost_sac_warm_start_chain_3y_seed5_asset_preset_broadening_phase5_v1,fixed_atr
btcusdt_perp,15m,short,sac,annual_diversity_survey_v1,kitchen_sink_guarded,5,2023,-0.24009,-1.200452,-0.49718,-2.485899,0.514179,61.2,0.1,fixed_atr,1.5,2.0,0.5,1,scratch_n_years,btcusdt_perp_15m_kitchen_sink_guarded_exec_annual_diversity_survey_v1_sac_annual_fyv2022_fyt2023_scratch_1y,annual_survey_rv0p10_sl1p5_tp2
ethusdt,4h,long,sac,adaptive_top_seed_extension_seed20_v1,kitchen_sink_guarded,39,2022,0.291011,11.349425,-0.498871,-19.455981,1.579764,3.179487,0.25,rel_volume_aware_atr,2.0,3.0,0.5,4,scratch_n_years,ethusdt_4h_kitchen_sink_guarded_exec_annual_4y_2022val_2023test_rap_sac_annual_fyv2022_fyt2023_scratch_4y_valyear_aware_rv0p25_base_sltp_risk_geometry_phase8_v3_seed20_adaptive_top_seed_extension_seed20_v1,aware_rv0p25_base
ethusdt,1h,short,sac,asset_preset_broadening_phase5_v1,crypto_full,8,2023,-0.146241,-1.169927,-0.503797,-4.030378,0.357556,9.0,0.05,fixed_atr,2.0,3.0,1.0,1,warm_start_chain_n_years,ethusdt_1h_crypto_full_sac_warm_start_chain_1y_seed5_asset_preset_broadening_phase5_v1,fixed_atr
ethusdt,1h,short,sac,asset_preset_broadening_phase5_v1,kitchen_sink_guarded,8,2023,-0.146241,-1.169927,-0.503797,-4.030378,0.357556,9.0,0.05,fixed_atr,2.0,3.0,1.0,1,warm_start_chain_n_years,ethusdt_1h_kitchen_sink_guarded_sac_warm_start_chain_1y_seed5_asset_preset_broadening_phase5_v1,fixed_atr
ethusdt,1h,short,sac,asset_preset_broadening_phase5_v1,sota_low_cost,8,2023,-0.146241,-1.169927,-0.503797,-4.030378,0.357556,9.0,0.05,fixed_atr,2.0,3.0,1.0,1,warm_start_chain_n_years,ethusdt_1h_sota_low_cost_sac_warm_start_chain_1y_seed5_asset_preset_broadening_phase5_v1,fixed_atr
ethusdt,1h,short,sac,asset_preset_broadening_phase5_v1,tech_stat_decomp,8,2023,-0.146241,-1.169927,-0.503797,-4.030378,0.357556,9.0,0.05,fixed_atr,2.0,3.0,1.0,1,warm_start_chain_n_years,ethusdt_1h_tech_stat_decomp_sac_warm_start_chain_1y_seed5_asset_preset_broadening_phase5_v1,fixed_atr
solusdt,4h,long,sac,,kitchen_sink_guarded,10,2023,0.205009,2.050086,-0.504295,-5.042954,0.709304,7.0,0.05,fixed_atr,2.0,3.0,1.0,3,fine_tune_recent_window_chain,solusdt_4h_kitchen_sink_guarded_all_available_sac_fine_tune_recent_window_m6_base3y,fixed_atr
solusdt,4h,long,sac,,kitchen_sink_guarded,17,2023,-0.043872,-0.745832,-0.506112,-8.603902,0.462239,13.058824,0.05,fixed_atr,2.0,3.0,1.0,2,fine_tune_recent_window_chain,solusdt_4h_kitchen_sink_guarded_all_available_sac_fine_tune_recent_window_m6_base2y,fixed_atr
solusdt,4h,long,sac,,kitchen_sink_guarded,32,2023,0.000718,0.022987,-0.509562,-16.30598,0.51028,5.0,0.05,fixed_atr,2.0,3.0,1.0,2,warm_start_chain_n_years,solusdt_4h_kitchen_sink_guarded_all_available_sac_warm_start_chain_2y,fixed_atr
solusdt,1h,short,sac,asset_preset_broadening_phase5_v1,crypto_full,12,2023,0.255706,3.068474,-0.514665,-6.175977,0.770371,28.416667,0.05,fixed_atr,2.0,3.0,1.0,3,fine_tune_recent_window_chain,solusdt_1h_crypto_full_sac_fine_tune_recent_window_m3_base3y_seed5_asset_preset_broadening_phase5_v1,fixed_atr
solusdt,4h,long,sac,,crypto_full,13,2023,-0.01693,-0.220088,-0.520662,-6.768612,0.503733,5.384615,0.05,fixed_atr,2.0,3.0,1.0,3,fine_tune_recent_window_chain,solusdt_4h_crypto_full_all_available_sac_fine_tune_recent_window_m3_base3y,fixed_atr
linkusdt,15m,short,sac,annual_diversity_survey_v1,kitchen_sink_guarded,5,2023,-0.220009,-1.100047,-0.521472,-2.607361,0.602925,43.6,0.1,fixed_atr,1.5,2.0,0.5,1,scratch_n_years,linkusdt_15m_kitchen_sink_guarded_exec_annual_diversity_survey_v1_sac_annual_fyv2022_fyt2023_scratch_1y,annual_survey_rv0p10_sl1p5_tp2
solusdt,4h,long,sac,,kitchen_sink_guarded,32,2023,0.009441,0.30211,-0.524881,-16.796193,0.534322,10.25,0.05,fixed_atr,2.0,3.0,1.0,1,oracle_bc_transfer_e5_v1__warm_start_chain_n_years,solusdt_4h_kitchen_sink_guarded_all_available_sac_warm_start_chain_1y__oracle_bc_transfer_e5_v1,fixed_atr
solusdt,4h,long,sac,,kitchen_sink_guarded,10,2023,0.171835,1.718352,-0.536034,-5.360344,0.70787,7.7,0.05,fixed_atr,2.0,3.0,1.0,3,oracle_bc_strength_sweep_oracle_bc_e5_v1__fine_tune_recent_window_chain,solusdt_4h_kitchen_sink_guarded_all_available_sac_fine_tune_recent_window_m6_base3y__oracle_bc_e5_v1,fixed_atr
ethusdt,1h,short,sac,asset_preset_broadening_phase5_v1,sota_low_cost,7,2023,-0.158694,-1.110859,-0.537084,-3.75959,0.37839,9.0,0.05,fixed_atr,2.0,3.0,1.0,3,fine_tune_recent_window_chain,ethusdt_1h_sota_low_cost_sac_fine_tune_recent_window_m3_base3y_seed5_asset_preset_broadening_phase5_v1,fixed_atr
solusdt,4h,long,sac,,crypto_full,10,2023,-0.040986,-0.409862,-0.5401,-5.401001,0.499114,7.0,0.05,fixed_atr,2.0,3.0,1.0,3,fine_tune_recent_window_chain,solusdt_4h_crypto_full_all_available_sac_fine_tune_recent_window_m12_base3y,fixed_atr
solusdt,4h,long,sac,,kitchen_sink_guarded,10,2023,0.047592,0.475916,-0.543022,-5.430216,0.590613,4.9,0.05,fixed_atr,2.0,3.0,1.0,3,fine_tune_recent_window_chain,solusdt_4h_kitchen_sink_guarded_all_available_sac_fine_tune_recent_window_m3_base3y,fixed_atr
solusdt,4h,long,sac,,kitchen_sink_guarded,10,2023,-0.131961,-1.31961,-0.546038,-5.460377,0.414077,1.2,0.05,fixed_atr,2.0,3.0,1.0,3,fine_tune_recent_window_chain,solusdt_4h_kitchen_sink_guarded_all_available_sac_fine_tune_recent_window_m1_base3y,fixed_atr
solusdt,1h,short,sac,sltp_risk_geometry_phase8_v1,sota_low_cost,8,2023,0.231806,1.854448,-0.548989,-4.391916,1.561591,23.0,0.1,fixed_atr,1.5,2.0,0.5,1,warm_start_chain_n_years,solusdt_1h_sota_low_cost_sac_warm_start_chain_1y_seed5_asset_preset_broadening_phase5_v1_fixed_rv0p10_sl1p5_tp2_sltp_risk_geometry_phase8_v1,fixed_rv0p10_sl1p5_tp2
solusdt,1h,short,sac,sltp_risk_geometry_phase8_v1,sota_low_cost,8,2023,-0.020504,-0.164029,-0.550513,-4.4041,1.060018,18.0,0.05,fixed_atr,2.0,3.0,0.5,1,warm_start_chain_n_years,solusdt_1h_sota_low_cost_sac_warm_start_chain_1y_seed5_asset_preset_broadening_phase5_v1_control_rv0p05_sl2_tp3_sltp_risk_geometry_phase8_v1,control_rv0p05_sl2_tp3
solusdt,4h,long,sac,,kitchen_sink_guarded,10,2023,0.044639,0.446392,-0.552143,-5.521433,0.596782,6.6,0.05,fixed_atr,2.0,3.0,1.0,3,fine_tune_recent_window_chain,solusdt_4h_kitchen_sink_guarded_all_available_sac_fine_tune_recent_window_m12_base3y,fixed_atr
solusdt,1h,short,sac,asset_preset_broadening_phase5_v1,sota_low_cost,8,2023,0.353253,2.826024,-0.552995,-4.42396,0.906248,10.25,0.05,fixed_atr,2.0,3.0,1.0,1,warm_start_chain_n_years,solusdt_1h_sota_low_cost_sac_warm_start_chain_1y_seed5_asset_preset_broadening_phase5_v1,fixed_atr
solusdt,4h,long,sac,,crypto_full,32,2023,-0.084012,-2.688396,-0.559265,-17.896473,0.475252,9.28125,0.05,fixed_atr,2.0,3.0,1.0,2,fine_tune_recent_window_chain,solusdt_4h_crypto_full_all_available_sac_fine_tune_recent_window_m3_base2y,fixed_atr
solusdt,1h,short,sac,asset_preset_broadening_phase5_v1,tech_stat_decomp,12,2023,0.353431,4.241169,-0.577803,-6.93363,0.931233,18.0,0.05,fixed_atr,2.0,3.0,1.0,3,fine_tune_recent_window_chain,solusdt_1h_tech_stat_decomp_sac_fine_tune_recent_window_m3_base3y_seed5_asset_preset_broadening_phase5_v1,fixed_atr
solusdt,4h,long,sac,,sota_low_cost,32,2023,-0.072613,-2.32362,-0.579007,-18.528232,0.506394,8.0625,0.05,fixed_atr,2.0,3.0,1.0,2,oracle_bc_transfer_e1_v1__fine_tune_recent_window_chain,solusdt_4h_sota_low_cost_all_available_sac_fine_tune_recent_window_m6_base2y__oracle_bc_transfer_e1_v1,fixed_atr
ethusdt,4h,long,sac,sltp_risk_geometry_phase8_v3,kitchen_sink_guarded,10,2023,0.455679,4.556791,-0.579866,-5.798658,2.07109,5.3,0.5,fixed_atr,1.25,1.25,0.5,4,fine_tune_recent_window_chain,ethusdt_4h_kitchen_sink_guarded_exec_annual_4y_2022val_2023test_rap_sac_annual_fyv2022_fyt2023_fine_tune_recent_window_m12_base4y_testyear_fixed_rv0p50_sl1p25_tp1p25_sltp_risk_geometry_phase8_v3,fixed_rv0p50_sl1p25_tp1p25
solusdt,4h,long,sac,asset_preset_broadening_phase5_v1,crypto_full,8,2023,-0.13641,-1.091278,-0.592009,-4.736071,0.455599,9.5,0.05,fixed_atr,2.0,3.0,1.0,1,fine_tune_recent_window_chain,solusdt_4h_crypto_full_sac_fine_tune_recent_window_m3_base1y_seed5_asset_preset_broadening_phase5_v1,fixed_atr
solusdt,4h,long,sac,asset_preset_broadening_phase5_v1,sota_low_cost,13,2023,-0.09445,-1.227846,-0.600715,-7.809293,0.506265,2.230769,0.05,fixed_atr,2.0,3.0,1.0,3,scratch_n_years,solusdt_4h_sota_low_cost_sac_scratch_3y_seed5_asset_preset_broadening_phase5_v1,fixed_atr
solusdt,4h,long,sac,,crypto_full,32,2023,-0.101462,-3.2468,-0.610327,-19.530455,0.508864,4.0,0.05,fixed_atr,2.0,3.0,1.0,2,warm_start_chain_n_years,solusdt_4h_crypto_full_all_available_sac_warm_start_chain_2y,fixed_atr
solusdt,4h,long,sac,,sota_low_cost,32,2023,-0.101462,-3.2468,-0.610327,-19.530455,0.508864,4.0,0.05,fixed_atr,2.0,3.0,1.0,2,warm_start_chain_n_years,solusdt_4h_sota_low_cost_all_available_sac_warm_start_chain_2y,fixed_atr
solusdt,15m,short,sac,annual_diversity_survey_v1,kitchen_sink_guarded,5,2023,-0.345522,-1.727612,-0.623248,-3.116239,0.555451,13.2,0.1,fixed_atr,1.5,2.0,0.5,1,scratch_n_years,solusdt_15m_kitchen_sink_guarded_exec_annual_diversity_survey_v1_sac_annual_fyv2022_fyt2023_scratch_1y,annual_survey_rv0p10_sl1p5_tp2
solusdt,4h,long,sac,,kitchen_sink_guarded,10,2023,0.065045,0.650451,-0.627722,-6.277222,0.692767,9.6,0.05,fixed_atr,2.0,3.0,1.0,3,oracle_bc_pretrain_then_sac__fine_tune_recent_window_chain,solusdt_4h_kitchen_sink_guarded_all_available_sac_fine_tune_recent_window_m12_base3y__oracle_bc_pretrain_v1,fixed_atr
solusdt,1h,short,sac,sltp_risk_geometry_phase8_v1,tech_stat_decomp,8,2023,0.119075,0.9526,-0.642916,-5.143331,1.523983,14.75,0.1,fixed_atr,2.0,3.0,0.5,1,warm_start_chain_n_years,solusdt_1h_tech_stat_decomp_sac_warm_start_chain_1y_seed5_asset_preset_broadening_phase5_v1_fixed_rv0p10_sl2_tp3_sltp_risk_geometry_phase8_v1,fixed_rv0p10_sl2_tp3
solusdt,4h,long,sac,adaptive_top_seed_extension_seed10_v1,kitchen_sink_guarded,10,2023,2.444755,24.447553,-0.650245,-6.50245,6.190001,8.1,0.5,fixed_atr,1.25,1.25,0.5,3,fine_tune_recent_window_chain,solusdt_4h_kitchen_sink_guarded_all_available_sac_fine_tune_recent_window_m6_base3y_fixed_rv0p50_sl1p25_tp1p25_sltp_risk_geometry_phase8_v1_seed9_adaptive_top_seed_extension_seed9_v1_seed10_adaptive_top_seed_extension_seed10_v1,fixed_rv0p50_sl1p25_tp1p25
solusdt,4h,long,sac,,sota_low_cost,32,2023,-0.129978,-4.1593,-0.650834,-20.826701,0.520856,10.4375,0.05,fixed_atr,2.0,3.0,1.0,1,warm_start_chain_n_years,solusdt_4h_sota_low_cost_all_available_sac_warm_start_chain_1y,fixed_atr
solusdt,1h,short,sac,sltp_risk_geometry_phase8_v1,sota_low_cost,8,2023,-0.233475,-1.867801,-0.655882,-5.247057,0.844814,20.875,0.05,fixed_atr,1.25,1.25,0.5,1,warm_start_chain_n_years,solusdt_1h_sota_low_cost_sac_warm_start_chain_1y_seed5_asset_preset_broadening_phase5_v1_fixed_rv0p05_sl1p25_tp1p25_sltp_risk_geometry_phase8_v1,fixed_rv0p05_sl1p25_tp1p25
ethusdt_perp,15m,short,sac,annual_diversity_survey_v1,kitchen_sink_guarded,5,2023,-0.280863,-1.404315,-0.660866,-3.30433,0.760006,64.0,0.1,fixed_atr,1.5,2.0,0.5,1,scratch_n_years,ethusdt_perp_15m_kitchen_sink_guarded_exec_annual_diversity_survey_v1_sac_annual_fyv2022_fyt2023_scratch_1y,annual_survey_rv0p10_sl1p5_tp2
solusdt,1h,short,sac,,sota_low_cost,32,2023,0.034411,1.101163,-0.672276,-21.512831,0.706687,21.53125,0.05,fixed_atr,2.0,3.0,1.0,1,oracle_bc_transfer_e5_v1__warm_start_chain_n_years,solusdt_1h_sota_low_cost_all_available_1h_sac_warm_start_chain_1y__oracle_bc_transfer_e5_v1,fixed_atr
solusdt,4h,long,sac,,sota_low_cost,13,2023,-0.055764,-0.724927,-0.677624,-8.809108,0.62186,7.307692,0.05,fixed_atr,2.0,3.0,1.0,3,fine_tune_recent_window_chain,solusdt_4h_sota_low_cost_all_available_sac_fine_tune_recent_window_m3_base3y,fixed_atr
solusdt,4h,long,sac,asset_preset_broadening_phase5_v1,tech_stat_decomp,13,2023,-0.069965,-0.909549,-0.679037,-8.827485,0.609072,3.307692,0.05,fixed_atr,2.0,3.0,1.0,3,scratch_n_years,solusdt_4h_tech_stat_decomp_sac_scratch_3y_seed5_asset_preset_broadening_phase5_v1,fixed_atr
ethusdt,4h,long,sac,adaptive_top_seed_extension_seed18_v1,kitchen_sink_guarded,39,2022,0.009317,0.363382,-0.683224,-26.645734,1.385083,3.948718,0.25,fixed_atr,1.25,1.5,0.5,4,scratch_n_years,ethusdt_4h_kitchen_sink_guarded_exec_annual_4y_2022val_2023test_rap_sac_annual_fyv2022_fyt2023_scratch_4y_valyear_fixed_rv0p25_sl1p25_tp1p5_sltp_risk_geometry_phase8_v3_seed18_adaptive_top_seed_extension_seed18_v1,fixed_rv0p25_sl1p25_tp1p5
solusdt,4h,long,sac,,sota_low_cost,13,2023,-0.064629,-0.840174,-0.694112,-9.023459,0.629483,8.076923,0.05,fixed_atr,2.0,3.0,1.0,3,fine_tune_recent_window_chain,solusdt_4h_sota_low_cost_all_available_sac_fine_tune_recent_window_m12_base3y,fixed_atr
solusdt,1h,short,sac,sltp_risk_geometry_phase8_v1,sota_low_cost,8,2023,0.186154,1.489233,-0.696923,-5.575384,1.766154,14.375,0.1,rel_volume_aware_atr,2.0,3.0,0.5,1,warm_start_chain_n_years,solusdt_1h_sota_low_cost_sac_warm_start_chain_1y_seed5_asset_preset_broadening_phase5_v1_aware_rv0p10_base_sltp_risk_geometry_phase8_v1,aware_rv0p10_base
solusdt,4h,long,sac,asset_preset_broadening_phase5_v1,crypto_full,13,2023,-0.139053,-1.807694,-0.702844,-9.136977,0.563791,2.615385,0.05,fixed_atr,2.0,3.0,1.0,3,scratch_n_years,solusdt_4h_crypto_full_sac_scratch_3y_seed5_asset_preset_broadening_phase5_v1,fixed_atr
solusdt,1h,short,sac,sltp_risk_geometry_phase8_v1,tech_stat_decomp,8,2023,0.007259,0.058068,-0.721129,-5.769034,1.456775,18.5,0.1,fixed_atr,1.5,2.0,0.5,1,warm_start_chain_n_years,solusdt_1h_tech_stat_decomp_sac_warm_start_chain_1y_seed5_asset_preset_broadening_phase5_v1_fixed_rv0p10_sl1p5_tp2_sltp_risk_geometry_phase8_v1,fixed_rv0p10_sl1p5_tp2
ethusdt,4h,long,sac,risk_adjusted_reward_phase7_v3,kitchen_sink_guarded,13,2022,-0.321666,-4.181661,-0.725054,-9.425704,0.806776,2.307692,0.1,fixed_atr,2.0,3.0,0.5,4,scratch_n_years,ethusdt_4h_kitchen_sink_guarded_exec_annual_4y_2022val_2023test_rap_sac_annual_fyv2022_fyt2023_scratch_4y_valyear_rap_l0p5_rv0p1_risk_adjusted_reward_phase7_v3,fixed_atr
solusdt,1h,short,sac,asset_preset_broadening_phase5_v1,kitchen_sink_guarded,12,2023,0.251963,3.023552,-0.72834,-8.740084,0.980303,38.416667,0.05,fixed_atr,2.0,3.0,1.0,3,fine_tune_recent_window_chain,solusdt_1h_kitchen_sink_guarded_sac_fine_tune_recent_window_m3_base3y_seed5_asset_preset_broadening_phase5_v1,fixed_atr
solusdt,4h,long,sac,asset_preset_broadening_phase5_v1,kitchen_sink_guarded,20,2023,-0.140579,-2.811581,-0.734965,-14.699292,0.594386,11.3,0.05,fixed_atr,2.0,3.0,1.0,1,warm_start_chain_n_years,solusdt_4h_kitchen_sink_guarded_sac_warm_start_chain_1y_seed5_asset_preset_broadening_phase5_v1,fixed_atr
solusdt,1h,short,sac,,sota_low_cost,32,2023,-0.031874,-1.019974,-0.74,-23.680007,0.708126,21.09375,0.05,fixed_atr,2.0,3.0,1.0,1,oracle_bc_transfer_e1_v1__warm_start_chain_n_years,solusdt_1h_sota_low_cost_all_available_1h_sac_warm_start_chain_1y__oracle_bc_transfer_e1_v1,fixed_atr
solusdt,1h,short,sac,asset_preset_broadening_phase5_v1,kitchen_sink_guarded,8,2023,0.053106,0.424845,-0.760954,-6.087631,0.81406,14.375,0.05,fixed_atr,2.0,3.0,1.0,1,warm_start_chain_n_years,solusdt_1h_kitchen_sink_guarded_sac_warm_start_chain_1y_seed5_asset_preset_broadening_phase5_v1,fixed_atr
solusdt,4h,long,sac,,kitchen_sink_guarded,10,2023,-0.088267,-0.882666,-0.765467,-7.654672,0.677201,5.9,0.05,fixed_atr,2.0,3.0,1.0,3,oracle_bc_strength_sweep_oracle_bc_e1_v1__fine_tune_recent_window_chain,solusdt_4h_kitchen_sink_guarded_all_available_sac_fine_tune_recent_window_m6_base3y__oracle_bc_e1_v1,fixed_atr
solusdt,4h,long,sac,oracle_bc_followup_phase6_v1,kitchen_sink_guarded,10,2023,-0.088267,-0.882666,-0.765467,-7.654672,0.677201,5.9,0.05,fixed_atr,2.0,3.0,1.0,3,oracle_bc_pretrain_then_sac__fine_tune_recent_window_chain,solusdt_4h_kitchen_sink_guarded_all_available_sac_fine_tune_recent_window_m6_base3y_oracle_bc_pretrain_v1_oracle_bc_e1_oracle_bc_followup_phase6_v1,fixed_atr
ethusdt,4h,long,sac,risk_adjusted_reward_phase7_v3,kitchen_sink_guarded,14,2022,-0.110433,-1.54606,-0.768795,-10.763127,0.658362,3.214286,0.1,fixed_atr,2.0,3.0,1.0,4,scratch_n_years,ethusdt_4h_kitchen_sink_guarded_exec_annual_4y_2022val_2023test_rap_sac_annual_fyv2022_fyt2023_scratch_4y_valyear_rap_l1p0_rv0p1_risk_adjusted_reward_phase7_v3,fixed_atr
btcusdt,15m,short,sac,annual_diversity_survey_v1,kitchen_sink_guarded,29,2023,-0.417205,-12.098953,-0.789026,-22.881746,0.743641,60.068966,0.1,fixed_atr,1.5,2.0,0.5,1,scratch_n_years,btcusdt_15m_kitchen_sink_guarded_exec_annual_diversity_survey_v1_sac_annual_fyv2022_fyt2023_scratch_1y,annual_survey_rv0p10_sl1p5_tp2
solusdt,1h,short,sac,,sota_low_cost,32,2023,-0.068175,-2.181592,-0.809694,-25.910194,0.741519,19.65625,0.05,fixed_atr,2.0,3.0,1.0,1,oracle_bc_transfer_e2_v1__warm_start_chain_n_years,solusdt_1h_sota_low_cost_all_available_1h_sac_warm_start_chain_1y__oracle_bc_transfer_e2_v1,fixed_atr
solusdt,1h,short,sac,,kitchen_sink_guarded,32,2023,-0.00678,-0.21695,-0.820275,-26.248812,0.813496,20.125,0.05,fixed_atr,2.0,3.0,1.0,1,warm_start_chain_n_years,solusdt_1h_kitchen_sink_guarded_all_available_1h_sac_warm_start_chain_1y,fixed_atr
solusdt,1h,short,sac,,sota_low_cost,32,2023,-0.00678,-0.21695,-0.820275,-26.248812,0.813496,20.125,0.05,fixed_atr,2.0,3.0,1.0,1,warm_start_chain_n_years,solusdt_1h_sota_low_cost_all_available_1h_sac_warm_start_chain_1y,fixed_atr
ethusdt,4h,long,sac,adaptive_top_seed_extension_seed19_v1,kitchen_sink_guarded,39,2022,0.726387,28.329083,-0.821579,-32.041588,3.095932,5.615385,0.5,fixed_atr,1.25,1.25,0.5,4,scratch_n_years,ethusdt_4h_kitchen_sink_guarded_exec_annual_4y_2022val_2023test_rap_sac_annual_fyv2022_fyt2023_scratch_4y_valyear_fixed_rv0p50_sl1p25_tp1p25_sltp_risk_geometry_phase8_v3_seed19_adaptive_top_seed_extension_seed19_v1,fixed_rv0p50_sl1p25_tp1p25
solusdt,4h,long,sac,asset_preset_broadening_phase5_v1,kitchen_sink_guarded,8,2023,-0.305987,-2.447895,-0.821724,-6.573792,0.515737,11.75,0.05,fixed_atr,2.0,3.0,1.0,1,fine_tune_recent_window_chain,solusdt_4h_kitchen_sink_guarded_sac_fine_tune_recent_window_m6_base1y_seed5_asset_preset_broadening_phase5_v1,fixed_atr
solusdt,1h,short,sac,,kitchen_sink_guarded,32,2023,-0.160931,-5.149807,-0.855068,-27.362161,0.694136,14.5,0.05,fixed_atr,2.0,3.0,1.0,1,oracle_bc_pretrain_then_sac__warm_start_chain_n_years,solusdt_1h_kitchen_sink_guarded_all_available_1h_sac_warm_start_chain_1y__oracle_bc_pretrain_v1,fixed_atr
solusdt,4h,long,sac,adaptive_top_seed_extension_seed15_v1,kitchen_sink_guarded,10,2023,2.125827,21.258267,-0.867786,-8.677863,5.987226,4.3,0.5,rel_volume_aware_atr,2.0,3.0,0.5,3,fine_tune_recent_window_chain,solusdt_4h_kitchen_sink_guarded_all_available_sac_fine_tune_recent_window_m6_base3y_aware_rv0p50_base_sltp_risk_geometry_phase8_v1_seed15_adaptive_top_seed_extension_seed15_v1,aware_rv0p50_base
ethusdt,4h,long,sac,adaptive_top_seed_extension_seed18_v1,kitchen_sink_guarded,38,2022,-0.05245,-1.993103,-0.874614,-33.235341,1.644328,2.736842,0.25,rel_volume_aware_atr,2.0,3.0,0.5,4,scratch_n_years,ethusdt_4h_kitchen_sink_guarded_exec_annual_4y_2022val_2023test_rap_sac_annual_fyv2022_fyt2023_scratch_4y_valyear_aware_rv0p25_base_sltp_risk_geometry_phase8_v3_seed18_adaptive_top_seed_extension_seed18_v1,aware_rv0p25_base
solusdt,4h,long,sac,adaptive_top_seed_extension_seed10_v1,kitchen_sink_guarded,10,2023,1.521209,15.212086,-0.906207,-9.062075,4.854832,5.7,0.5,margin_aware_atr,2.0,3.0,0.5,3,fine_tune_recent_window_chain,solusdt_4h_kitchen_sink_guarded_all_available_sac_fine_tune_recent_window_m6_base3y_margin_aware_rv0p50_cap2p5_sltp_risk_geometry_phase8_v1_seed9_adaptive_top_seed_extension_seed9_v1_seed10_adaptive_top_seed_extension_seed10_v1,margin_aware_rv0p50_cap2p5
solusdt,4h,long,sac,asset_preset_broadening_phase5_v1,kitchen_sink_guarded,10,2023,-0.255886,-2.55886,-0.949954,-9.499537,0.694068,3.2,0.05,fixed_atr,2.0,3.0,1.0,3,scratch_n_years,solusdt_4h_kitchen_sink_guarded_sac_scratch_3y_seed5_asset_preset_broadening_phase5_v1,fixed_atr
solusdt,4h,long,sac,adaptive_top_seed_extension_seed11_v1,kitchen_sink_guarded,10,2023,1.532679,15.326795,-0.958785,-9.587854,4.98293,7.5,0.5,fixed_atr,1.25,1.25,0.5,3,fine_tune_recent_window_chain,solusdt_4h_kitchen_sink_guarded_all_available_sac_fine_tune_recent_window_m6_base3y_fixed_rv0p50_sl1p25_tp1p25_sltp_risk_geometry_phase8_v1_seed7_adaptive_top_seed_extension_seed7_v1_seed11_adaptive_top_seed_extension_seed11_v1,fixed_rv0p50_sl1p25_tp1p25
ethusdt,4h,long,sac,adaptive_top_seed_extension_seed19_v1,kitchen_sink_guarded,39,2022,-0.155672,-6.071225,-1.004883,-39.190418,1.69842,2.74359,0.25,rel_volume_aware_atr,2.0,3.0,0.5,4,scratch_n_years,ethusdt_4h_kitchen_sink_guarded_exec_annual_4y_2022val_2023test_rap_sac_annual_fyv2022_fyt2023_scratch_4y_valyear_aware_rv0p25_base_sltp_risk_geometry_phase8_v3_seed19_adaptive_top_seed_extension_seed19_v1,aware_rv0p25_base
solusdt,1h,short,sac,,crypto_full,32,2023,-0.197346,-6.315083,-1.023322,-32.746291,0.825975,23.5,0.05,fixed_atr,2.0,3.0,1.0,1,warm_start_chain_n_years,solusdt_1h_crypto_full_all_available_1h_sac_warm_start_chain_1y,fixed_atr
ethusdt,4h,long,sac,adaptive_top_seed_extension_seed19_v1,kitchen_sink_guarded,39,2022,-0.18082,-7.051976,-1.063366,-41.471256,1.765091,4.461538,0.25,fixed_atr,1.25,1.5,0.5,4,scratch_n_years,ethusdt_4h_kitchen_sink_guarded_exec_annual_4y_2022val_2023test_rap_sac_annual_fyv2022_fyt2023_scratch_4y_valyear_fixed_rv0p25_sl1p25_tp1p5_sltp_risk_geometry_phase8_v3_seed19_adaptive_top_seed_extension_seed19_v1,fixed_rv0p25_sl1p25_tp1p5
solusdt,1h,short,sac,adaptive_top_seed_extension_seed8_v1,sota_low_cost,8,2023,0.916113,7.328904,-1.069834,-8.558669,3.971893,19.0,0.5,fixed_atr,1.25,1.25,0.5,1,warm_start_chain_n_years,solusdt_1h_sota_low_cost_sac_warm_start_chain_1y_seed5_asset_preset_broadening_phase5_v1_fixed_rv0p50_sl1p25_tp1p25_sltp_risk_geometry_phase8_v1_seed8_adaptive_top_seed_extension_seed8_v1,fixed_rv0p50_sl1p25_tp1p25
solusdt,4h,long,sac,adaptive_top_seed_extension_seed10_v1,kitchen_sink_guarded,10,2023,1.958289,19.582887,-1.071577,-10.71577,6.059731,6.2,0.5,rel_volume_aware_atr,2.0,3.0,0.5,3,fine_tune_recent_window_chain,solusdt_4h_kitchen_sink_guarded_all_available_sac_fine_tune_recent_window_m6_base3y_aware_rv0p50_base_sltp_risk_geometry_phase8_v1_seed10_adaptive_top_seed_extension_seed10_v1,aware_rv0p50_base
ethusdt,4h,long,sac,adaptive_top_seed_extension_seed20_v1,kitchen_sink_guarded,39,2022,-0.178629,-6.966524,-1.072438,-41.825085,1.787618,4.769231,0.25,fixed_atr,1.25,1.5,0.5,4,scratch_n_years,ethusdt_4h_kitchen_sink_guarded_exec_annual_4y_2022val_2023test_rap_sac_annual_fyv2022_fyt2023_scratch_4y_valyear_fixed_rv0p25_sl1p25_tp1p5_sltp_risk_geometry_phase8_v3_seed20_adaptive_top_seed_extension_seed20_v1,fixed_rv0p25_sl1p25_tp1p5
solusdt,1h,short,sac,asset_preset_broadening_phase5_v1,crypto_full,8,2023,-0.154827,-1.238615,-1.089103,-8.712823,0.934276,23.75,0.05,fixed_atr,2.0,3.0,1.0,1,warm_start_chain_n_years,solusdt_1h_crypto_full_sac_warm_start_chain_1y_seed5_asset_preset_broadening_phase5_v1,fixed_atr
solusdt,1h,short,sac,asset_preset_broadening_phase5_v1,crypto_full,12,2023,-0.13764,-1.651682,-1.210663,-14.527961,1.073023,17.916667,0.05,fixed_atr,2.0,3.0,1.0,3,fine_tune_recent_window_chain,solusdt_1h_crypto_full_sac_fine_tune_recent_window_m6_base3y_seed5_asset_preset_broadening_phase5_v1,fixed_atr
solusdt,1h,short,sac,adaptive_top_seed_extension_seed9_v1,sota_low_cost,8,2023,1.028771,8.230168,-1.226607,-9.812856,4.510756,23.25,0.5,fixed_atr,1.25,1.25,0.5,1,warm_start_chain_n_years,solusdt_1h_sota_low_cost_sac_warm_start_chain_1y_seed5_asset_preset_broadening_phase5_v1_fixed_rv0p50_sl1p25_tp1p25_sltp_risk_geometry_phase8_v1_seed9_adaptive_top_seed_extension_seed9_v1,fixed_rv0p50_sl1p25_tp1p25
solusdt,1h,short,sac,sltp_risk_geometry_phase8_v1,tech_stat_decomp,8,2023,0.622568,4.980543,-1.27308,-10.184638,3.791295,28.25,0.25,fixed_atr,1.25,1.5,0.5,1,warm_start_chain_n_years,solusdt_1h_tech_stat_decomp_sac_warm_start_chain_1y_seed5_asset_preset_broadening_phase5_v1_fixed_rv0p25_sl1p25_tp1p5_sltp_risk_geometry_phase8_v1,fixed_rv0p25_sl1p25_tp1p5
solusdt,1h,short,sac,sltp_risk_geometry_phase8_v1,sota_low_cost,8,2023,0.513255,4.106039,-1.282698,-10.261585,3.591906,36.0,0.25,fixed_atr,1.25,1.5,0.5,1,warm_start_chain_n_years,solusdt_1h_sota_low_cost_sac_warm_start_chain_1y_seed5_asset_preset_broadening_phase5_v1_fixed_rv0p25_sl1p25_tp1p5_sltp_risk_geometry_phase8_v1,fixed_rv0p25_sl1p25_tp1p5
solusdt,1h,short,sac,sltp_risk_geometry_phase8_v1,sota_low_cost,8,2023,-0.165516,-1.324132,-1.328178,-10.625426,2.325324,9.125,0.1,fixed_atr,2.0,3.0,0.5,1,warm_start_chain_n_years,solusdt_1h_sota_low_cost_sac_warm_start_chain_1y_seed5_asset_preset_broadening_phase5_v1_fixed_rv0p10_sl2_tp3_sltp_risk_geometry_phase8_v1,fixed_rv0p10_sl2_tp3
solusdt,4h,long,sac,adaptive_top_seed_extension_seed7_v1,kitchen_sink_guarded,10,2023,1.78485,17.848498,-1.403493,-14.034926,6.376685,8.6,0.5,fixed_atr,1.25,1.25,0.5,3,fine_tune_recent_window_chain,solusdt_4h_kitchen_sink_guarded_all_available_sac_fine_tune_recent_window_m6_base3y_fixed_rv0p50_sl1p25_tp1p25_sltp_risk_geometry_phase8_v1_seed7_adaptive_top_seed_extension_seed7_v1,fixed_rv0p50_sl1p25_tp1p25
btcusdt_perp,4h,long,sac,,sota_low_cost,8,2023,1.134672,9.077375,-1.549525,-12.396201,2.684197,0.125,,fixed_atr,,,1.0,2,scratch_n_years,btcusdt_perp_4h_sota_low_cost_sac_scratch_2y,fixed_atr
ethusdt,4h,long,sac,adaptive_top_seed_extension_seed20_v1,kitchen_sink_guarded,39,2022,0.064402,2.511667,-1.655678,-64.571457,3.44016,5.74359,0.5,fixed_atr,1.25,1.25,0.5,4,scratch_n_years,ethusdt_4h_kitchen_sink_guarded_exec_annual_4y_2022val_2023test_rap_sac_annual_fyv2022_fyt2023_scratch_4y_valyear_fixed_rv0p50_sl1p25_tp1p25_sltp_risk_geometry_phase8_v3_seed20_adaptive_top_seed_extension_seed20_v1,fixed_rv0p50_sl1p25_tp1p25
ethusdt,4h,long,sac,sltp_risk_geometry_phase8_v3,kitchen_sink_guarded,23,2022,-0.237721,-5.46759,-1.664813,-38.290696,2.854183,3.086957,0.5,margin_aware_atr,2.0,3.0,0.5,4,scratch_n_years,ethusdt_4h_kitchen_sink_guarded_exec_annual_4y_2022val_2023test_rap_sac_annual_fyv2022_fyt2023_scratch_4y_valyear_margin_aware_rv0p50_cap2p5_sltp_risk_geometry_phase8_v3,margin_aware_rv0p50_cap2p5
ethusdt,4h,long,sac,adaptive_top_seed_extension_seed18_v1,kitchen_sink_guarded,39,2022,0.123579,4.819595,-1.725084,-67.27827,3.697326,3.358974,0.5,rel_volume_aware_atr,2.0,3.0,0.5,4,scratch_n_years,ethusdt_4h_kitchen_sink_guarded_exec_annual_4y_2022val_2023test_rap_sac_annual_fyv2022_fyt2023_scratch_4y_valyear_aware_rv0p50_base_sltp_risk_geometry_phase8_v3_seed18_adaptive_top_seed_extension_seed18_v1,aware_rv0p50_base
solusdt,1h,short,sac,adaptive_top_seed_extension_seed7_v1,sota_low_cost,8,2023,0.640561,5.124484,-1.798432,-14.387458,4.877985,22.625,0.5,fixed_atr,1.25,1.25,0.5,1,warm_start_chain_n_years,solusdt_1h_sota_low_cost_sac_warm_start_chain_1y_seed5_asset_preset_broadening_phase5_v1_fixed_rv0p50_sl1p25_tp1p25_sltp_risk_geometry_phase8_v1_seed7_adaptive_top_seed_extension_seed7_v1,fixed_rv0p50_sl1p25_tp1p25
solusdt,4h,long,sac,adaptive_top_seed_extension_seed11_v1,kitchen_sink_guarded,10,2023,1.034959,10.349589,-1.815696,-18.156958,5.701309,6.6,0.5,rel_volume_aware_atr,2.0,3.0,0.5,3,fine_tune_recent_window_chain,solusdt_4h_kitchen_sink_guarded_all_available_sac_fine_tune_recent_window_m6_base3y_aware_rv0p50_base_sltp_risk_geometry_phase8_v1_seed11_adaptive_top_seed_extension_seed11_v1,aware_rv0p50_base
solusdt,1h,short,sac,sltp_risk_geometry_phase8_v1,sota_low_cost,8,2023,0.160317,1.282537,-1.885897,-15.087177,4.092428,13.625,0.25,rel_volume_aware_atr,2.0,3.0,0.5,1,warm_start_chain_n_years,solusdt_1h_sota_low_cost_sac_warm_start_chain_1y_seed5_asset_preset_broadening_phase5_v1_aware_rv0p25_base_sltp_risk_geometry_phase8_v1,aware_rv0p25_base
ethusdt,4h,long,sac,adaptive_top_seed_extension_seed20_v1,kitchen_sink_guarded,39,2022,-0.240594,-9.383175,-1.930958,-75.307349,3.380727,4.102564,0.5,rel_volume_aware_atr,2.0,3.0,0.5,4,scratch_n_years,ethusdt_4h_kitchen_sink_guarded_exec_annual_4y_2022val_2023test_rap_sac_annual_fyv2022_fyt2023_scratch_4y_valyear_aware_rv0p50_base_sltp_risk_geometry_phase8_v3_seed20_adaptive_top_seed_extension_seed20_v1,aware_rv0p50_base
ethusdt,4h,long,sac,adaptive_top_seed_extension_seed18_v1,kitchen_sink_guarded,39,2022,-0.337314,-13.155263,-1.998549,-77.943392,3.322468,5.0,0.5,fixed_atr,1.25,1.25,0.5,4,scratch_n_years,ethusdt_4h_kitchen_sink_guarded_exec_annual_4y_2022val_2023test_rap_sac_annual_fyv2022_fyt2023_scratch_4y_valyear_fixed_rv0p50_sl1p25_tp1p25_sltp_risk_geometry_phase8_v3_seed18_adaptive_top_seed_extension_seed18_v1,fixed_rv0p50_sl1p25_tp1p25
ethusdt,4h,long,sac,adaptive_top_seed_extension_seed19_v1,kitchen_sink_guarded,39,2022,-0.370098,-14.433833,-2.197433,-85.699889,3.65467,4.25641,0.5,rel_volume_aware_atr,2.0,3.0,0.5,4,scratch_n_years,ethusdt_4h_kitchen_sink_guarded_exec_annual_4y_2022val_2023test_rap_sac_annual_fyv2022_fyt2023_scratch_4y_valyear_aware_rv0p50_base_sltp_risk_geometry_phase8_v3_seed19_adaptive_top_seed_extension_seed19_v1,aware_rv0p50_base
solusdt,4h,long,sac,adaptive_top_seed_extension_seed15_v1,kitchen_sink_guarded,10,2023,0.546477,5.464767,-2.449392,-24.493923,5.991738,3.3,0.5,margin_aware_atr,2.0,3.0,0.5,3,fine_tune_recent_window_chain,solusdt_4h_kitchen_sink_guarded_all_available_sac_fine_tune_recent_window_m6_base3y_margin_aware_rv0p50_cap2p5_sltp_risk_geometry_phase8_v1_seed9_adaptive_top_seed_extension_seed9_v1_seed15_adaptive_top_seed_extension_seed15_v1,margin_aware_rv0p50_cap2p5
solusdt,1h,short,sac,sltp_risk_geometry_phase8_v1,tech_stat_decomp,8,2023,0.673191,5.38553,-2.59569,-20.76552,6.537763,38.0,0.5,fixed_atr,1.25,1.25,0.5,1,warm_start_chain_n_years,solusdt_1h_tech_stat_decomp_sac_warm_start_chain_1y_seed5_asset_preset_broadening_phase5_v1_fixed_rv0p50_sl1p25_tp1p25_sltp_risk_geometry_phase8_v1,fixed_rv0p50_sl1p25_tp1p25
solusdt,4h,long,sac,adaptive_top_seed_extension_seed12_v1,kitchen_sink_guarded,10,2023,0.309281,3.092806,-2.800043,-28.000434,6.218648,4.6,0.5,margin_aware_atr,2.0,3.0,0.5,3,fine_tune_recent_window_chain,solusdt_4h_kitchen_sink_guarded_all_available_sac_fine_tune_recent_window_m6_base3y_margin_aware_rv0p50_cap2p5_sltp_risk_geometry_phase8_v1_seed9_adaptive_top_seed_extension_seed9_v1_seed12_adaptive_top_seed_extension_seed12_v1,margin_aware_rv0p50_cap2p5
solusdt,4h,long,sac,adaptive_top_seed_extension_seed12_v1,kitchen_sink_guarded,10,2023,0.060499,0.604986,-3.045929,-30.459289,6.212855,6.6,0.5,fixed_atr,1.25,1.25,0.5,3,fine_tune_recent_window_chain,solusdt_4h_kitchen_sink_guarded_all_available_sac_fine_tune_recent_window_m6_base3y_fixed_rv0p50_sl1p25_tp1p25_sltp_risk_geometry_phase8_v1_seed7_adaptive_top_seed_extension_seed7_v1_seed12_adaptive_top_seed_extension_seed12_v1,fixed_rv0p50_sl1p25_tp1p25
solusdt,1h,short,sac,sltp_risk_geometry_phase8_v1,tech_stat_decomp,8,2023,0.125993,1.007946,-3.222838,-25.782707,6.697663,18.625,0.5,rel_volume_aware_atr,2.0,3.0,0.5,1,warm_start_chain_n_years,solusdt_1h_tech_stat_decomp_sac_warm_start_chain_1y_seed5_asset_preset_broadening_phase5_v1_aware_rv0p50_base_sltp_risk_geometry_phase8_v1,aware_rv0p50_base
solusdt,1h,short,sac,sltp_risk_geometry_phase8_v1,tech_stat_decomp,8,2023,-0.847184,-6.777472,-3.588812,-28.710498,5.483257,21.625,0.25,rel_volume_aware_atr,2.0,3.0,0.5,1,warm_start_chain_n_years,solusdt_1h_tech_stat_decomp_sac_warm_start_chain_1y_seed5_asset_preset_broadening_phase5_v1_aware_rv0p25_base_sltp_risk_geometry_phase8_v1,aware_rv0p25_base
solusdt,1h,short,sac,sltp_risk_geometry_phase8_v1,sota_low_cost,8,2023,-1.149178,-9.193425,-4.188249,-33.505992,6.078142,22.5,0.5,fixed_atr,1.25,1.25,0.5,1,warm_start_chain_n_years,solusdt_1h_sota_low_cost_sac_warm_start_chain_1y_seed5_asset_preset_broadening_phase5_v1_fixed_rv0p50_sl1p25_tp1p25_sltp_risk_geometry_phase8_v1,fixed_rv0p50_sl1p25_tp1p25
solusdt,1h,short,sac,sltp_risk_geometry_phase8_v1,sota_low_cost,8,2023,-1.102754,-8.82203,-4.775093,-38.200746,7.344679,27.5,0.5,rel_volume_aware_atr,2.0,3.0,0.5,1,warm_start_chain_n_years,solusdt_1h_sota_low_cost_sac_warm_start_chain_1y_seed5_asset_preset_broadening_phase5_v1_aware_rv0p50_base_sltp_risk_geometry_phase8_v1,aware_rv0p50_base
solusdt,4h,long,sac,adaptive_top_seed_extension_seed12_v1,kitchen_sink_guarded,10,2023,-1.285465,-12.854651,-4.90548,-49.054799,7.24003,8.8,0.5,fixed_atr,1.25,1.25,0.5,3,fine_tune_recent_window_chain,solusdt_4h_kitchen_sink_guarded_all_available_sac_fine_tune_recent_window_m6_base3y_fixed_rv0p50_sl1p25_tp1p25_sltp_risk_geometry_phase8_v1_seed9_adaptive_top_seed_extension_seed9_v1_seed12_adaptive_top_seed_extension_seed12_v1,fixed_rv0p50_sl1p25_tp1p25
solusdt,1h,short,sac,adaptive_top_seed_extension_seed6_v1,sota_low_cost,8,2023,-1.71468,-13.717444,-4.97541,-39.803283,6.52146,26.875,0.5,fixed_atr,1.25,1.25,0.5,1,warm_start_chain_n_years,solusdt_1h_sota_low_cost_sac_warm_start_chain_1y_seed5_asset_preset_broadening_phase5_v1_fixed_rv0p50_sl1p25_tp1p25_sltp_risk_geometry_phase8_v1_seed6_adaptive_top_seed_extension_seed6_v1,fixed_rv0p50_sl1p25_tp1p25
solusdt,1h,short,sac,sltp_risk_geometry_phase8_v1,tech_stat_decomp,8,2023,-0.828619,-6.628954,-5.192735,-41.541879,8.728231,21.5,0.5,margin_aware_atr,2.0,3.0,0.5,1,warm_start_chain_n_years,solusdt_1h_tech_stat_decomp_sac_warm_start_chain_1y_seed5_asset_preset_broadening_phase5_v1_margin_aware_rv0p50_cap2p5_sltp_risk_geometry_phase8_v1,margin_aware_rv0p50_cap2p5
btcusdt_perp,4h,long,sac,,sota_low_cost,8,2023,-1.519027,-12.152214,-5.244304,-41.954428,3.725277,0.125,,fixed_atr,,,1.0,2,scratch_n_years,btcusdt_perp_4h_sota_low_cost_sac_scratch_2y_etd14_vd14_td14,fixed_atr
solusdt,1h,short,sac,sltp_risk_geometry_phase8_v1,sota_low_cost,8,2023,-2.360651,-18.885211,-6.112485,-48.899882,7.503668,16.375,0.5,margin_aware_atr,2.0,3.0,0.5,1,warm_start_chain_n_years,solusdt_1h_sota_low_cost_sac_warm_start_chain_1y_seed5_asset_preset_broadening_phase5_v1_margin_aware_rv0p50_cap2p5_sltp_risk_geometry_phase8_v1,margin_aware_rv0p50_cap2p5
btcusdt_perp,4h,long,sac,,sota_low_cost,8,2023,-1.312072,-10.496579,-6.516519,-52.132154,5.204447,0.25,,fixed_atr,,,1.0,4,scratch_recent_window,btcusdt_perp_4h_sota_low_cost_sac_scratch_recent_window_m6_base4y,fixed_atr
btcusdt,4h,long,sac,,sota_low_cost,8,2023,-7.098405,-56.787239,-27.50711,-220.056879,20.408705,0.875,,fixed_atr,,,1.0,3,scratch_n_years,btcusdt_4h_sota_low_cost_sac_scratch_3y,fixed_atr
btcusdt,4h,long,sac,,sota_low_cost,8,2023,-10.391716,-83.13373,-32.388511,-259.108087,21.996795,0.875,,fixed_atr,,,1.0,1,scratch_n_years,btcusdt_4h_sota_low_cost_sac_scratch_1y,fixed_atr
btcusdt_perp,4h,long,sac,,sota_low_cost,8,2023,-10.429686,-83.437487,-32.519136,-260.153088,22.08945,0.875,,fixed_atr,,,1.0,1,scratch_n_years,btcusdt_perp_4h_sota_low_cost_sac_scratch_1y,fixed_atr
btcusdt_perp,4h,long,sac,,sota_low_cost,8,2023,-10.429686,-83.437487,-32.519136,-260.153088,22.08945,0.875,,fixed_atr,,,1.0,4,scratch_recent_window,btcusdt_perp_4h_sota_low_cost_sac_scratch_recent_window_m12_base4y,fixed_atr
btcusdt_perp,4h,long,sac,,sota_low_cost,8,2023,-12.116968,-96.935744,-34.295398,-274.36318,22.17843,0.875,,fixed_atr,,,1.0,3,scratch_n_years,btcusdt_perp_4h_sota_low_cost_sac_scratch_3y,fixed_atr
btcusdt,4h,long,sac,,sota_low_cost,8,2023,-10.958257,-87.666058,-35.715202,-285.721618,24.756945,1.0,,fixed_atr,,,1.0,1,warm_start_chain_n_years,btcusdt_4h_sota_low_cost_sac_warm_start_chain_1y,fixed_atr
btcusdt_perp,4h,long,sac,,sota_low_cost,8,2023,-10.982296,-87.85837,-35.844923,-286.759382,24.862627,1.0,,fixed_atr,,,1.0,4,scratch_recent_window,btcusdt_perp_4h_sota_low_cost_sac_scratch_recent_window_m1_base4y,fixed_atr
btcusdt_perp,4h,long,sac,,sota_low_cost,8,2023,-10.982296,-87.85837,-35.844923,-286.759382,24.862627,1.0,,fixed_atr,,,1.0,4,scratch_recent_window,btcusdt_perp_4h_sota_low_cost_sac_scratch_recent_window_m3_base4y,fixed_atr
btcusdt_perp,4h,long,sac,,sota_low_cost,8,2023,-10.982296,-87.85837,-35.844923,-286.759382,24.862627,1.0,,fixed_atr,,,1.0,1,warm_start_chain_n_years,btcusdt_perp_4h_sota_low_cost_sac_warm_start_chain_1y,fixed_atr
btcusdt_perp,4h,long,sac,,sota_low_cost,8,2023,-10.982296,-87.85837,-35.844923,-286.759382,24.862627,1.0,,fixed_atr,,,1.0,3,warm_start_chain_n_years,btcusdt_perp_4h_sota_low_cost_sac_warm_start_chain_3y,fixed_atr
btcusdt_perp,4h,long,sac,,sota_low_cost,8,2023,-15.556163,-124.449308,-43.150068,-345.200545,27.593905,0.75,,fixed_atr,,,1.0,1,scratch_n_years,btcusdt_perp_4h_sota_low_cost_sac_scratch_1y_etd14_vd14_td14,fixed_atr
btcusdt_perp,4h,long,sac,,sota_low_cost,8,2023,-20.593543,-164.748344,-53.046242,-424.369937,32.452699,0.875,,fixed_atr,,,1.0,3,scratch_n_years,btcusdt_perp_4h_sota_low_cost_sac_scratch_3y_etd14_vd14_td14,fixed_atr
btcusdt_perp,4h,long,sac,,sota_low_cost,8,2023,-22.11257,-176.900558,-58.290546,-466.324365,36.177976,1.0,,fixed_atr,,,1.0,1,warm_start_chain_n_years,btcusdt_perp_4h_sota_low_cost_sac_warm_start_chain_1y_etd14_vd14_td14,fixed_atr
btcusdt_perp,4h,long,sac,,sota_low_cost,8,2023,-22.11257,-176.900558,-58.290546,-466.324365,36.177976,1.0,,fixed_atr,,,1.0,3,warm_start_chain_n_years,btcusdt_perp_4h_sota_low_cost_sac_warm_start_chain_3y_etd14_vd14_td14,fixed_atr
btcusdt_perp,4h,long,sac,,sota_low_cost,8,2023,-30.310238,-242.481908,-64.245018,-513.960146,33.93478,0.5,,fixed_atr,,,1.0,1,scratch_n_years,btcusdt_perp_4h_sota_low_cost_sac_scratch_1y_etd28_vd28_td28,fixed_atr
btcusdt_perp,4h,long,sac,,sota_low_cost,8,2023,-54.019201,-432.153609,-119.080997,-952.647975,65.061796,1.0,,fixed_atr,,,1.0,3,scratch_n_years,btcusdt_perp_4h_sota_low_cost_sac_scratch_3y_etd28_vd28_td28,fixed_atr
btcusdt_perp,4h,long,sac,,sota_low_cost,8,2023,-54.019201,-432.153609,-119.080997,-952.647975,65.061796,1.0,,fixed_atr,,,1.0,3,warm_start_chain_n_years,btcusdt_perp_4h_sota_low_cost_sac_warm_start_chain_3y_etd28_vd28_td28,fixed_atr
