asset,timeframe,model_family,candidate_id,experiment_phase,input_family,weeks_observed,best_week,best_week_rap_pct,best_week_return_pct,best4_end_week,best4_mean_rap_pct,mean_weekly_rap_pct,mean_weekly_return_pct,mean_weekly_drawdown_pct,mean_weekly_trades,rel_volume,k_sl,k_tp,risk_penalty_lambda
solusdt,4h,sac,solusdt_4h_kitchen_sink_guarded_all_available_sac_fine_tune_recent_window_m6_base3y_margin_aware_rv0p50_cap2p5_sltp_risk_geometry_phase8_v1_seed9_adaptive_top_seed_extension_seed9_v1_seed17_adaptive_top_seed_extension_seed17_v1,adaptive_top_seed_extension_seed17_v1,kitchen_sink_guarded,10,2023-12-18,21.216137,22.475887,2023-12-18,11.137171,4.624337,6.315702,3.382731,4.6,0.5,2.0,3.0,0.5
solusdt,4h,sac,solusdt_4h_kitchen_sink_guarded_all_available_sac_fine_tune_recent_window_m6_base3y_margin_aware_rv0p50_cap2p5_sltp_risk_geometry_phase8_v1_seed9_adaptive_top_seed_extension_seed9_v1,adaptive_top_seed_extension_seed9_v1,kitchen_sink_guarded,10,2023-12-18,21.216137,22.475887,2023-12-18,8.660968,0.029157,2.845055,5.631797,6.7,0.5,2.0,3.0,0.5
solusdt,4h,sac,solusdt_4h_kitchen_sink_guarded_all_available_sac_fine_tune_recent_window_m6_base3y_margin_aware_rv0p50_cap2p5_sltp_risk_geometry_phase8_v1_seed9_adaptive_top_seed_extension_seed9_v1_seed16_adaptive_top_seed_extension_seed16_v1,adaptive_top_seed_extension_seed16_v1,kitchen_sink_guarded,10,2023-12-18,21.216137,22.475887,2023-12-18,8.649169,3.830929,5.787449,3.913041,5.0,0.5,2.0,3.0,0.5
solusdt,4h,sac,solusdt_4h_kitchen_sink_guarded_all_available_sac_fine_tune_recent_window_m6_base3y_margin_aware_rv0p50_cap2p5_sltp_risk_geometry_phase8_v1_seed8_adaptive_top_seed_extension_seed8_v1,adaptive_top_seed_extension_seed8_v1,kitchen_sink_guarded,10,2023-12-18,21.216137,22.475887,2023-12-18,8.488609,2.384905,4.530515,4.29122,3.9,0.5,2.0,3.0,0.5
solusdt,4h,sac,solusdt_4h_kitchen_sink_guarded_all_available_sac_fine_tune_recent_window_m6_base3y_aware_rv0p50_base_sltp_risk_geometry_phase8_v1_seed6_adaptive_top_seed_extension_seed6_v1,adaptive_top_seed_extension_seed6_v1,kitchen_sink_guarded,10,2023-12-18,20.458488,21.933919,2023-12-18,8.301772,4.479989,6.468716,3.977454,4.3,0.5,2.0,3.0,0.5
solusdt,4h,sac,solusdt_4h_kitchen_sink_guarded_all_available_sac_fine_tune_recent_window_m6_base3y_aware_rv0p50_base_sltp_risk_geometry_phase8_v1_seed13_adaptive_top_seed_extension_seed13_v1,adaptive_top_seed_extension_seed13_v1,kitchen_sink_guarded,10,2023-12-18,20.458488,21.933919,2023-12-18,8.24923,2.078277,4.408389,4.660224,3.5,0.5,2.0,3.0,0.5
solusdt,4h,sac,solusdt_4h_kitchen_sink_guarded_all_available_sac_fine_tune_recent_window_m6_base3y_aware_rv0p50_base_sltp_risk_geometry_phase8_v1_seed16_adaptive_top_seed_extension_seed16_v1,adaptive_top_seed_extension_seed16_v1,kitchen_sink_guarded,10,2023-12-18,20.458488,21.933919,2023-12-18,8.189752,1.58488,4.049465,4.929171,4.2,0.5,2.0,3.0,0.5
solusdt,4h,sac,solusdt_4h_kitchen_sink_guarded_all_available_sac_fine_tune_recent_window_m6_base3y_aware_rv0p50_base_sltp_risk_geometry_phase8_v1_seed14_adaptive_top_seed_extension_seed14_v1,adaptive_top_seed_extension_seed14_v1,kitchen_sink_guarded,10,2023-12-18,18.478598,20.193919,2023-12-18,7.804224,1.038022,3.307858,4.539672,5.0,0.5,2.0,3.0,0.5
solusdt,4h,sac,solusdt_4h_kitchen_sink_guarded_all_available_sac_fine_tune_recent_window_m6_base3y_fixed_rv0p50_sl1p25_tp1p25_sltp_risk_geometry_phase8_v1_seed9_adaptive_top_seed_extension_seed9_v1_seed11_adaptive_top_seed_extension_seed11_v1,adaptive_top_seed_extension_seed11_v1,kitchen_sink_guarded,10,2023-12-18,22.318818,23.419468,2023-12-18,7.475358,1.414486,3.839641,4.85031,7.6,0.5,1.25,1.25,0.5
solusdt,4h,sac,solusdt_4h_kitchen_sink_guarded_all_available_sac_fine_tune_recent_window_m6_base3y_margin_aware_rv0p50_cap2p5_sltp_risk_geometry_phase8_v1_seed7_adaptive_top_seed_extension_seed7_v1,adaptive_top_seed_extension_seed7_v1,kitchen_sink_guarded,10,2023-12-18,19.372209,20.684249,2023-12-18,7.396828,2.483723,4.814072,4.660697,4.1,0.5,2.0,3.0,0.5
solusdt,4h,sac,solusdt_4h_kitchen_sink_guarded_all_available_sac_fine_tune_recent_window_m6_base3y_aware_rv0p50_base_sltp_risk_geometry_phase8_v1,sltp_risk_geometry_phase8_v1,kitchen_sink_guarded,10,2023-12-18,20.458488,21.933919,2023-12-18,7.220598,1.303697,3.654515,4.701635,7.7,0.5,2.0,3.0,0.5
solusdt,4h,sac,solusdt_4h_kitchen_sink_guarded_all_available_sac_fine_tune_recent_window_m6_base3y_aware_rv0p50_base_sltp_risk_geometry_phase8_v1_seed8_adaptive_top_seed_extension_seed8_v1,adaptive_top_seed_extension_seed8_v1,kitchen_sink_guarded,10,2023-12-18,20.458488,21.933919,2023-12-18,7.154879,2.926619,5.153497,4.453755,4.4,0.5,2.0,3.0,0.5
solusdt,4h,sac,solusdt_4h_kitchen_sink_guarded_all_available_sac_fine_tune_recent_window_m6_base3y_margin_aware_rv0p50_cap2p5_sltp_risk_geometry_phase8_v1_seed6_adaptive_top_seed_extension_seed6_v1,adaptive_top_seed_extension_seed6_v1,kitchen_sink_guarded,10,2023-12-04,15.273193,16.278849,2023-12-18,7.08133,0.81933,3.338358,5.038055,5.1,0.5,2.0,3.0,0.5
solusdt,4h,sac,solusdt_4h_kitchen_sink_guarded_all_available_sac_fine_tune_recent_window_m6_base3y_aware_rv0p50_base_sltp_risk_geometry_phase8_v1_seed17_adaptive_top_seed_extension_seed17_v1,adaptive_top_seed_extension_seed17_v1,kitchen_sink_guarded,10,2023-12-18,15.380638,16.856069,2023-12-18,7.029734,3.273234,5.286057,4.025647,4.0,0.5,2.0,3.0,0.5
solusdt,4h,sac,solusdt_4h_kitchen_sink_guarded_all_available_sac_fine_tune_recent_window_m6_base3y_fixed_rv0p50_sl1p25_tp1p25_sltp_risk_geometry_phase8_v1_seed6_adaptive_top_seed_extension_seed6_v1,adaptive_top_seed_extension_seed6_v1,kitchen_sink_guarded,10,2023-12-18,11.220329,12.639397,2023-12-18,6.564892,0.312076,2.719479,4.814805,7.2,0.5,1.25,1.25,0.5
solusdt,4h,sac,solusdt_4h_kitchen_sink_guarded_all_available_sac_fine_tune_recent_window_m6_base3y_fixed_rv0p50_sl1p25_tp1p25_sltp_risk_geometry_phase8_v1_seed9_adaptive_top_seed_extension_seed9_v1_seed14_adaptive_top_seed_extension_seed14_v1,adaptive_top_seed_extension_seed14_v1,kitchen_sink_guarded,10,2023-12-18,11.220329,12.639397,2023-12-18,6.532934,1.008109,2.898284,3.780349,6.5,0.5,1.25,1.25,0.5
solusdt,4h,sac,solusdt_4h_kitchen_sink_guarded_all_available_sac_fine_tune_recent_window_m6_base3y_fixed_rv0p50_sl1p25_tp1p25_sltp_risk_geometry_phase8_v1_seed7_adaptive_top_seed_extension_seed7_v1_seed17_adaptive_top_seed_extension_seed17_v1,adaptive_top_seed_extension_seed17_v1,kitchen_sink_guarded,10,2023-12-18,14.212251,15.631319,2023-12-18,6.481929,2.777994,4.792131,4.028273,6.6,0.5,1.25,1.25,0.5
solusdt,4h,sac,solusdt_4h_kitchen_sink_guarded_all_available_sac_fine_tune_recent_window_m6_base3y_aware_rv0p50_base_sltp_risk_geometry_phase8_v1_seed7_adaptive_top_seed_extension_seed7_v1,adaptive_top_seed_extension_seed7_v1,kitchen_sink_guarded,10,2023-12-18,19.372209,20.684249,2023-12-18,6.357404,2.765596,5.170646,4.8101,4.2,0.5,2.0,3.0,0.5
solusdt,4h,sac,solusdt_4h_kitchen_sink_guarded_all_available_sac_fine_tune_recent_window_m6_base3y_aware_rv0p50_base_sltp_risk_geometry_phase8_v1_seed9_adaptive_top_seed_extension_seed9_v1,adaptive_top_seed_extension_seed9_v1,kitchen_sink_guarded,10,2023-12-18,20.458488,21.933919,2023-12-18,6.039639,2.013012,4.617306,5.208588,3.8,0.5,2.0,3.0,0.5
solusdt,4h,sac,solusdt_4h_kitchen_sink_guarded_all_available_sac_fine_tune_recent_window_m6_base3y_fixed_rv0p50_sl1p25_tp1p25_sltp_risk_geometry_phase8_v1_seed9_adaptive_top_seed_extension_seed9_v1_seed17_adaptive_top_seed_extension_seed17_v1,adaptive_top_seed_extension_seed17_v1,kitchen_sink_guarded,10,2023-12-18,11.768006,13.187074,2023-12-18,5.870868,1.106375,3.510226,4.807702,7.1,0.5,1.25,1.25,0.5
solusdt,4h,sac,solusdt_4h_kitchen_sink_guarded_all_available_sac_fine_tune_recent_window_m6_base3y_fixed_rv0p50_sl1p25_tp1p25_sltp_risk_geometry_phase8_v1,sltp_risk_geometry_phase8_v1,kitchen_sink_guarded,10,2023-11-06,20.546995,21.514622,2023-11-27,5.793808,2.212952,4.231899,4.037895,7.6,0.5,1.25,1.25,0.5
solusdt,4h,sac,solusdt_4h_kitchen_sink_guarded_all_available_sac_fine_tune_recent_window_m6_base3y_margin_aware_rv0p50_cap2p5_sltp_risk_geometry_phase8_v1_seed9_adaptive_top_seed_extension_seed9_v1_seed14_adaptive_top_seed_extension_seed14_v1,adaptive_top_seed_extension_seed14_v1,kitchen_sink_guarded,10,2023-12-18,19.227447,20.728153,2023-12-18,5.689146,1.329476,3.716947,4.774941,4.6,0.5,2.0,3.0,0.5
solusdt,4h,sac,solusdt_4h_kitchen_sink_guarded_all_available_sac_fine_tune_recent_window_m6_base3y_fixed_rv0p50_sl1p25_tp1p25_sltp_risk_geometry_phase8_v1_seed7_adaptive_top_seed_extension_seed7_v1_seed13_adaptive_top_seed_extension_seed13_v1,adaptive_top_seed_extension_seed13_v1,kitchen_sink_guarded,10,2023-12-18,11.220329,12.639397,2023-12-18,5.688816,1.32434,3.687127,4.725575,7.7,0.5,1.25,1.25,0.5
solusdt,4h,sac,solusdt_4h_kitchen_sink_guarded_all_available_sac_fine_tune_recent_window_m6_base3y_aware_rv0p50_base_sltp_risk_geometry_phase8_v1_seed11_adaptive_top_seed_extension_seed11_v1,adaptive_top_seed_extension_seed11_v1,kitchen_sink_guarded,10,2023-12-18,12.627264,15.161245,2023-12-18,5.660741,-1.815696,1.034959,5.701309,6.6,0.5,2.0,3.0,0.5
ethusdt,4h,sac,ethusdt_4h_kitchen_sink_guarded_exec_annual_4y_2022val_2023test_rap_sac_annual_fyv2022_fyt2023_scratch_4y_valyear_aware_rv0p50_base_sltp_risk_geometry_phase8_v3,sltp_risk_geometry_phase8_v3,kitchen_sink_guarded,52,2022-06-06,12.272806,13.507103,2022-06-06,5.549862,-1.573434,0.279732,3.706332,4.942308,0.5,2.0,3.0,0.5
solusdt,4h,sac,solusdt_4h_kitchen_sink_guarded_all_available_sac_fine_tune_recent_window_m6_base3y_aware_rv0p50_base_sltp_risk_geometry_phase8_v1_seed15_adaptive_top_seed_extension_seed15_v1,adaptive_top_seed_extension_seed15_v1,kitchen_sink_guarded,10,2023-11-06,14.825265,16.717663,2023-11-20,5.331994,-0.867786,2.125827,5.987226,4.3,0.5,2.0,3.0,0.5
solusdt,4h,sac,solusdt_4h_kitchen_sink_guarded_all_available_sac_fine_tune_recent_window_m6_base3y_fixed_rv0p50_sl1p25_tp1p25_sltp_risk_geometry_phase8_v1_seed9_adaptive_top_seed_extension_seed9_v1_seed10_adaptive_top_seed_extension_seed10_v1,adaptive_top_seed_extension_seed10_v1,kitchen_sink_guarded,10,2023-11-06,14.069394,15.424323,2023-12-11,5.304116,-0.650245,2.444755,6.190001,8.1,0.5,1.25,1.25,0.5
solusdt,4h,sac,solusdt_4h_kitchen_sink_guarded_all_available_sac_fine_tune_recent_window_m6_base3y_fixed_rv0p50_sl1p25_tp1p25_sltp_risk_geometry_phase8_v1_seed9_adaptive_top_seed_extension_seed9_v1_seed16_adaptive_top_seed_extension_seed16_v1,adaptive_top_seed_extension_seed16_v1,kitchen_sink_guarded,10,2023-12-18,11.281859,12.700927,2023-12-18,5.284708,0.709547,2.739713,4.060332,6.5,0.5,1.25,1.25,0.5
solusdt,4h,sac,solusdt_4h_kitchen_sink_guarded_all_available_sac_fine_tune_recent_window_m6_base3y_fixed_rv0p50_sl1p25_tp1p25_sltp_risk_geometry_phase8_v1_seed7_adaptive_top_seed_extension_seed7_v1_seed16_adaptive_top_seed_extension_seed16_v1,adaptive_top_seed_extension_seed16_v1,kitchen_sink_guarded,10,2023-12-18,11.220329,12.639397,2023-12-18,5.269325,-0.404458,1.968136,4.745189,7.5,0.5,1.25,1.25,0.5
solusdt,4h,sac,solusdt_4h_kitchen_sink_guarded_all_available_sac_fine_tune_recent_window_m6_base3y_margin_aware_rv0p50_cap2p5_sltp_risk_geometry_phase8_v1,sltp_risk_geometry_phase8_v1,kitchen_sink_guarded,10,2023-12-18,21.216137,22.475887,2023-11-20,5.184641,2.715387,4.737692,4.04461,6.3,0.5,2.0,3.0,0.5
solusdt,4h,sac,solusdt_4h_kitchen_sink_guarded_all_available_sac_fine_tune_recent_window_m6_base3y_fixed_rv0p50_sl1p25_tp1p25_sltp_risk_geometry_phase8_v1_seed7_adaptive_top_seed_extension_seed7_v1_seed10_adaptive_top_seed_extension_seed10_v1,adaptive_top_seed_extension_seed10_v1,kitchen_sink_guarded,10,2023-12-11,8.996002,10.340046,2023-12-11,5.16623,-0.15814,2.487195,5.290671,8.2,0.5,1.25,1.25,0.5
solusdt,4h,sac,solusdt_4h_kitchen_sink_guarded_all_available_sac_fine_tune_recent_window_m6_base3y_fixed_rv0p50_sl1p25_tp1p25_sltp_risk_geometry_phase8_v1_seed7_adaptive_top_seed_extension_seed7_v1,adaptive_top_seed_extension_seed7_v1,kitchen_sink_guarded,10,2023-12-18,14.138281,15.557349,2023-12-18,5.039955,-1.403493,1.78485,6.376685,8.6,0.5,1.25,1.25,0.5
solusdt,4h,sac,solusdt_4h_kitchen_sink_guarded_all_available_sac_fine_tune_recent_window_m6_base3y_fixed_rv0p50_sl1p25_tp1p25_sltp_risk_geometry_phase8_v1_seed8_adaptive_top_seed_extension_seed8_v1,adaptive_top_seed_extension_seed8_v1,kitchen_sink_guarded,10,2023-12-18,11.220329,12.639397,2023-12-18,5.032605,0.55158,3.049388,4.995616,6.6,0.5,1.25,1.25,0.5
solusdt,4h,sac,solusdt_4h_kitchen_sink_guarded_all_available_sac_fine_tune_recent_window_m6_base3y_aware_rv0p50_base_sltp_risk_geometry_phase8_v1_seed12_adaptive_top_seed_extension_seed12_v1,adaptive_top_seed_extension_seed12_v1,kitchen_sink_guarded,10,2023-11-06,15.729117,17.621516,2023-12-18,4.731907,2.983403,4.982411,3.998016,4.2,0.5,2.0,3.0,0.5
solusdt,4h,sac,solusdt_4h_kitchen_sink_guarded_all_available_sac_fine_tune_recent_window_m6_base3y_fixed_rv0p50_sl1p25_tp1p25_sltp_risk_geometry_phase8_v1_seed9_adaptive_top_seed_extension_seed9_v1_seed15_adaptive_top_seed_extension_seed15_v1,adaptive_top_seed_extension_seed15_v1,kitchen_sink_guarded,10,2023-12-04,7.684109,9.540533,2023-12-18,4.488726,-0.280252,2.375097,5.310697,7.4,0.5,1.25,1.25,0.5
solusdt,4h,sac,solusdt_4h_kitchen_sink_guarded_all_available_sac_fine_tune_recent_window_m6_base3y_fixed_rv0p50_sl1p25_tp1p25_sltp_risk_geometry_phase8_v1_seed9_adaptive_top_seed_extension_seed9_v1_seed13_adaptive_top_seed_extension_seed13_v1,adaptive_top_seed_extension_seed13_v1,kitchen_sink_guarded,10,2023-12-04,7.684109,9.540533,2023-12-18,4.265891,-0.019768,2.418135,4.875807,7.8,0.5,1.25,1.25,0.5
ethusdt,4h,sac,ethusdt_4h_kitchen_sink_guarded_exec_annual_4y_2022val_2023test_rap_sac_annual_fyv2022_fyt2023_scratch_4y_valyear_aware_rv0p50_base_sltp_risk_geometry_phase8_v3_seed18_adaptive_top_seed_extension_seed18_v1,adaptive_top_seed_extension_seed18_v1,kitchen_sink_guarded,40,2022-06-06,9.487644,10.708424,2022-08-01,4.229178,-1.690586,0.124028,3.629227,3.325,0.5,2.0,3.0,0.5
solusdt,4h,sac,solusdt_4h_kitchen_sink_guarded_all_available_sac_fine_tune_recent_window_m6_base3y_fixed_rv0p50_sl1p25_tp1p25_sltp_risk_geometry_phase8_v1_seed7_adaptive_top_seed_extension_seed7_v1_seed15_adaptive_top_seed_extension_seed15_v1,adaptive_top_seed_extension_seed15_v1,kitchen_sink_guarded,10,2023-12-04,7.684109,9.540533,2023-12-25,4.071292,-0.146481,2.481597,5.256157,7.6,0.5,1.25,1.25,0.5
solusdt,1h,sac,solusdt_1h_sota_low_cost_sac_warm_start_chain_1y_seed5_asset_preset_broadening_phase5_v1_fixed_rv0p50_sl1p25_tp1p25_sltp_risk_geometry_phase8_v1_seed9_adaptive_top_seed_extension_seed9_v1,adaptive_top_seed_extension_seed9_v1,sota_low_cost,8,2023-10-30,8.170735,9.80048,2023-11-06,4.009085,-1.226607,1.028771,4.510756,23.25,0.5,1.25,1.25,0.5
ethusdt,4h,sac,ethusdt_4h_kitchen_sink_guarded_exec_annual_4y_2022val_2023test_rap_sac_annual_fyv2022_fyt2023_fine_tune_recent_window_m12_base4y_valyear_aware_rv0p50_base_sltp_risk_geometry_phase8_v3,sltp_risk_geometry_phase8_v3,kitchen_sink_guarded,5,2022-07-11,8.759212,10.152526,2023-01-02,3.99966,1.830283,3.771391,3.882216,7.2,0.5,2.0,3.0,0.5
solusdt,4h,sac,solusdt_4h_kitchen_sink_guarded_all_available_sac_fine_tune_recent_window_m6_base3y_fixed_rv0p50_sl1p25_tp1p25_sltp_risk_geometry_phase8_v1_seed9_adaptive_top_seed_extension_seed9_v1,adaptive_top_seed_extension_seed9_v1,kitchen_sink_guarded,10,2023-12-18,11.220329,12.639397,2023-12-18,3.71592,1.426836,3.916543,4.979415,6.7,0.5,1.25,1.25,0.5
solusdt,4h,sac,solusdt_4h_kitchen_sink_guarded_all_available_sac_fine_tune_recent_window_m6_base3y_margin_aware_rv0p50_cap2p5_sltp_risk_geometry_phase8_v1_seed9_adaptive_top_seed_extension_seed9_v1_seed10_adaptive_top_seed_extension_seed10_v1,adaptive_top_seed_extension_seed10_v1,kitchen_sink_guarded,10,2023-12-04,8.90423,10.80892,2023-12-04,3.639369,-0.906207,1.521209,4.854832,5.7,0.5,2.0,3.0,0.5
solusdt,4h,sac,solusdt_4h_kitchen_sink_guarded_all_available_sac_fine_tune_recent_window_m6_base3y_aware_rv0p50_base_sltp_risk_geometry_phase8_v1_seed10_adaptive_top_seed_extension_seed10_v1,adaptive_top_seed_extension_seed10_v1,kitchen_sink_guarded,10,2023-11-06,12.550298,14.663907,2023-11-27,3.637043,-1.071577,1.958289,6.059731,6.2,0.5,2.0,3.0,0.5
solusdt,4h,sac,solusdt_4h_kitchen_sink_guarded_all_available_sac_fine_tune_recent_window_m6_base3y_margin_aware_rv0p50_cap2p5_sltp_risk_geometry_phase8_v1_seed9_adaptive_top_seed_extension_seed9_v1_seed15_adaptive_top_seed_extension_seed15_v1,adaptive_top_seed_extension_seed15_v1,kitchen_sink_guarded,10,2023-12-04,8.90423,10.80892,2023-12-11,3.632943,-2.449392,0.546477,5.991738,3.3,0.5,2.0,3.0,0.5
solusdt,1h,sac,solusdt_1h_tech_stat_decomp_sac_warm_start_chain_1y_seed5_asset_preset_broadening_phase5_v1_aware_rv0p50_base_sltp_risk_geometry_phase8_v1,sltp_risk_geometry_phase8_v1,tech_stat_decomp,8,2023-10-30,9.033077,11.173816,2023-11-13,3.571725,-3.222838,0.125993,6.697663,18.625,0.5,2.0,3.0,0.5
solusdt,4h,sac,solusdt_4h_kitchen_sink_guarded_all_available_sac_fine_tune_recent_window_m6_base3y_fixed_rv0p50_sl1p25_tp1p25_sltp_risk_geometry_phase8_v1_seed7_adaptive_top_seed_extension_seed7_v1_seed12_adaptive_top_seed_extension_seed12_v1,adaptive_top_seed_extension_seed12_v1,kitchen_sink_guarded,10,2023-12-04,7.684109,9.540533,2023-12-11,3.499978,-3.045929,0.060499,6.212855,6.6,0.5,1.25,1.25,0.5
solusdt,1h,sac,solusdt_1h_tech_stat_decomp_sac_warm_start_chain_1y_seed5_asset_preset_broadening_phase5_v1_fixed_rv0p50_sl1p25_tp1p25_sltp_risk_geometry_phase8_v1,sltp_risk_geometry_phase8_v1,tech_stat_decomp,8,2023-10-30,17.991503,19.475567,2023-11-06,3.410832,-2.59569,0.673191,6.537763,38.0,0.5,1.25,1.25,0.5
solusdt,4h,sac,solusdt_4h_kitchen_sink_guarded_all_available_sac_fine_tune_recent_window_m6_base3y_margin_aware_rv0p50_cap2p5_sltp_risk_geometry_phase8_v1_seed9_adaptive_top_seed_extension_seed9_v1_seed13_adaptive_top_seed_extension_seed13_v1,adaptive_top_seed_extension_seed13_v1,kitchen_sink_guarded,10,2023-12-18,12.101814,14.43236,2023-12-18,3.390943,-0.04988,2.467647,5.035054,5.1,0.5,2.0,3.0,0.5
ethusdt,4h,sac,ethusdt_4h_kitchen_sink_guarded_exec_annual_4y_2022val_2023test_rap_sac_annual_fyv2022_fyt2023_scratch_4y_valyear_fixed_rv0p50_sl1p25_tp1p25_sltp_risk_geometry_phase8_v3_seed19_adaptive_top_seed_extension_seed19_v1,adaptive_top_seed_extension_seed19_v1,kitchen_sink_guarded,40,2022-07-11,8.6529,9.166426,2022-06-06,3.234035,-0.85552,0.671962,3.054965,5.575,0.5,1.25,1.25,0.5
solusdt,4h,sac,solusdt_4h_kitchen_sink_guarded_all_available_sac_fine_tune_recent_window_m6_base3y_fixed_rv0p50_sl1p25_tp1p25_sltp_risk_geometry_phase8_v1_seed7_adaptive_top_seed_extension_seed7_v1_seed14_adaptive_top_seed_extension_seed14_v1,adaptive_top_seed_extension_seed14_v1,kitchen_sink_guarded,10,2023-11-06,14.420713,15.788984,2023-12-18,3.225689,0.827557,2.963498,4.271881,8.1,0.5,1.25,1.25,0.5
solusdt,4h,sac,solusdt_4h_kitchen_sink_guarded_all_available_sac_fine_tune_recent_window_m6_base3y_margin_aware_rv0p50_cap2p5_sltp_risk_geometry_phase8_v1_seed9_adaptive_top_seed_extension_seed9_v1_seed12_adaptive_top_seed_extension_seed12_v1,adaptive_top_seed_extension_seed12_v1,kitchen_sink_guarded,10,2023-12-04,8.90423,10.80892,2023-12-11,3.136477,-2.800043,0.309281,6.218648,4.6,0.5,2.0,3.0,0.5
solusdt,4h,sac,solusdt_4h_kitchen_sink_guarded_all_available_sac_fine_tune_recent_window_m6_base3y_margin_aware_rv0p50_cap2p5_sltp_risk_geometry_phase8_v1_seed9_adaptive_top_seed_extension_seed9_v1_seed11_adaptive_top_seed_extension_seed11_v1,adaptive_top_seed_extension_seed11_v1,kitchen_sink_guarded,10,2023-12-18,26.942647,29.15443,2023-12-18,3.108746,0.079806,2.339028,4.518443,4.3,0.5,2.0,3.0,0.5
solusdt,1h,sac,solusdt_1h_sota_low_cost_sac_warm_start_chain_1y_seed5_asset_preset_broadening_phase5_v1_fixed_rv0p50_sl1p25_tp1p25_sltp_risk_geometry_phase8_v1_seed7_adaptive_top_seed_extension_seed7_v1,adaptive_top_seed_extension_seed7_v1,sota_low_cost,8,2023-10-30,6.242799,8.42229,2023-11-06,2.927548,-1.798432,0.640561,4.877985,22.625,0.5,1.25,1.25,0.5
ethusdt,4h,sac,ethusdt_4h_kitchen_sink_guarded_exec_annual_4y_2022val_2023test_rap_sac_annual_fyv2022_fyt2023_scratch_4y_valyear_fixed_rv0p50_sl1p25_tp1p25_sltp_risk_geometry_phase8_v3_seed18_adaptive_top_seed_extension_seed18_v1,adaptive_top_seed_extension_seed18_v1,kitchen_sink_guarded,40,2022-07-25,4.808563,5.655942,2022-08-08,2.326708,-1.924807,-0.296122,3.257371,4.975,0.5,1.25,1.25,0.5
ethusdt,4h,sac,ethusdt_4h_kitchen_sink_guarded_exec_annual_4y_2022val_2023test_rap_sac_annual_fyv2022_fyt2023_scratch_4y_valyear_fixed_rv0p50_sl1p25_tp1p25_sltp_risk_geometry_phase8_v3_seed20_adaptive_top_seed_extension_seed20_v1,adaptive_top_seed_extension_seed20_v1,kitchen_sink_guarded,40,2022-09-12,9.304535,10.104027,2022-06-06,2.194859,-1.632964,0.051044,3.368016,5.625,0.5,1.25,1.25,0.5
ethusdt,4h,sac,ethusdt_4h_kitchen_sink_guarded_exec_annual_4y_2022val_2023test_rap_sac_annual_fyv2022_fyt2023_scratch_4y_valyear_aware_rv0p50_base_sltp_risk_geometry_phase8_v3_seed20_adaptive_top_seed_extension_seed20_v1,adaptive_top_seed_extension_seed20_v1,kitchen_sink_guarded,40,2022-06-06,9.487644,10.708424,2022-05-09,2.076974,-1.879586,-0.220723,3.317727,4.05,0.5,2.0,3.0,0.5
solusdt,4h,sac,solusdt_4h_kitchen_sink_guarded_all_available_sac_fine_tune_recent_window_m6_base3y_aware_rv0p25_base_sltp_risk_geometry_phase8_v1,sltp_risk_geometry_phase8_v1,kitchen_sink_guarded,10,2023-12-18,9.246633,9.881554,2023-12-18,2.03387,1.147032,2.387219,2.480375,4.4,0.25,2.0,3.0,0.5
solusdt,1h,sac,solusdt_1h_sota_low_cost_sac_warm_start_chain_1y_seed5_asset_preset_broadening_phase5_v1_fixed_rv0p50_sl1p25_tp1p25_sltp_risk_geometry_phase8_v1_seed8_adaptive_top_seed_extension_seed8_v1,adaptive_top_seed_extension_seed8_v1,sota_low_cost,8,2023-11-06,6.281875,9.067708,2023-11-06,1.922981,-1.069834,0.916113,3.971893,19.0,0.5,1.25,1.25,0.5
ethusdt,4h,sac,ethusdt_4h_kitchen_sink_guarded_exec_annual_4y_2022val_2023test_rap_sac_annual_fyv2022_fyt2023_scratch_4y_valyear_aware_rv0p50_base_sltp_risk_geometry_phase8_v3_seed19_adaptive_top_seed_extension_seed19_v1,adaptive_top_seed_extension_seed19_v1,kitchen_sink_guarded,40,2022-07-25,8.851079,9.534777,2022-05-09,1.917046,-2.174054,-0.377181,3.593746,4.4,0.5,2.0,3.0,0.5
solusdt,4h,sac,solusdt_4h_kitchen_sink_guarded_all_available_sac_fine_tune_recent_window_m6_base3y_fixed_rv0p50_sl1p25_tp1p25_sltp_risk_geometry_phase8_v1_seed7_adaptive_top_seed_extension_seed7_v1_seed11_adaptive_top_seed_extension_seed11_v1,adaptive_top_seed_extension_seed11_v1,kitchen_sink_guarded,10,2023-11-06,5.948036,8.038103,2023-12-11,1.895654,-0.958785,1.532679,4.98293,7.5,0.5,1.25,1.25,0.5
solusdt,4h,sac,solusdt_4h_kitchen_sink_guarded_all_available_sac_fine_tune_recent_window_m6_base3y_fixed_rv0p25_sl1p25_tp1p5_sltp_risk_geometry_phase8_v1,sltp_risk_geometry_phase8_v1,kitchen_sink_guarded,10,2023-12-18,5.842347,6.551881,2023-12-18,1.841328,-0.367714,0.937642,2.610711,6.7,0.25,1.25,1.5,0.5
ethusdt,4h,sac,ethusdt_4h_kitchen_sink_guarded_exec_annual_4y_2022val_2023test_rap_sac_annual_fyv2022_fyt2023_fine_tune_recent_window_m12_base4y_testyear_fixed_rv0p50_sl1p25_tp1p25_sltp_risk_geometry_phase8_v3,sltp_risk_geometry_phase8_v3,kitchen_sink_guarded,10,2023-01-09,4.805554,5.504328,2023-01-23,1.793491,-0.579866,0.455679,2.07109,5.3,0.5,1.25,1.25,0.5
ethusdt,4h,sac,ethusdt_4h_kitchen_sink_guarded_exec_annual_4y_2022val_2023test_rap_sac_annual_fyv2022_fyt2023_scratch_4y_valyear_aware_rv0p25_base_sltp_risk_geometry_phase8_v3,sltp_risk_geometry_phase8_v3,kitchen_sink_guarded,52,2022-01-17,4.233137,5.193159,2022-05-23,1.726181,-0.615371,0.284865,1.800472,3.576923,0.25,2.0,3.0,0.5
ethusdt,4h,sac,ethusdt_4h_kitchen_sink_guarded_exec_annual_4y_2022val_2023test_rap_sac_annual_fyv2022_fyt2023_scratch_4y_valyear_fixed_rv0p25_sl1p25_tp1p5_sltp_risk_geometry_phase8_v3_seed20_adaptive_top_seed_extension_seed20_v1,adaptive_top_seed_extension_seed20_v1,kitchen_sink_guarded,40,2022-06-06,6.491055,7.181816,2022-06-06,1.664816,-1.049088,-0.173337,1.7515,4.7,0.25,1.25,1.5,0.5
ethusdt,4h,sac,ethusdt_4h_kitchen_sink_guarded_exec_annual_4y_2022val_2023test_rap_sac_annual_fyv2022_fyt2023_scratch_4y_testyear_fixed_rv0p50_sl1p25_tp1p25_sltp_risk_geometry_phase8_v3,sltp_risk_geometry_phase8_v3,kitchen_sink_guarded,52,2023-09-25,5.077771,5.267375,2023-01-30,1.62562,-0.832316,0.10313,1.870891,5.211538,0.5,1.25,1.25,0.5
solusdt,1h,sac,solusdt_1h_tech_stat_decomp_sac_warm_start_chain_1y_seed5_asset_preset_broadening_phase5_v1_fixed_rv0p25_sl1p25_tp1p5_sltp_risk_geometry_phase8_v1,sltp_risk_geometry_phase8_v1,tech_stat_decomp,8,2023-10-30,10.994733,12.110192,2023-11-06,1.615107,-1.27308,0.622568,3.791295,28.25,0.25,1.25,1.5,0.5
ethusdt,4h,sac,ethusdt_4h_kitchen_sink_guarded_exec_annual_4y_2022val_2023test_rap_sac_annual_fyv2022_fyt2023_scratch_4y_valyear_fixed_rv0p25_sl1p25_tp1p5_sltp_risk_geometry_phase8_v3,sltp_risk_geometry_phase8_v3,kitchen_sink_guarded,52,2022-06-06,4.901589,5.488695,2022-08-08,1.379317,-0.791483,0.08701,1.756986,4.692308,0.25,1.25,1.5,0.5
ethusdt,4h,sac,ethusdt_4h_kitchen_sink_guarded_exec_annual_4y_2022val_2023test_rap_sac_annual_fyv2022_fyt2023_scratch_4y_valyear_aware_rv0p25_base_sltp_risk_geometry_phase8_v3_seed20_adaptive_top_seed_extension_seed20_v1,adaptive_top_seed_extension_seed20_v1,kitchen_sink_guarded,40,2022-06-13,3.211946,4.525437,2022-08-08,1.329151,-0.474405,0.299097,1.547003,3.125,0.25,2.0,3.0,0.5
solusdt,4h,sac,solusdt_4h_kitchen_sink_guarded_all_available_sac_fine_tune_recent_window_m6_base3y_aware_rv0p10_base_sltp_risk_geometry_phase8_v1,sltp_risk_geometry_phase8_v1,kitchen_sink_guarded,10,2023-12-18,3.934959,4.188927,2023-12-18,1.318315,0.271736,0.762749,0.982025,3.4,0.1,2.0,3.0,0.5
solusdt,4h,sac,solusdt_4h_kitchen_sink_guarded_exec_annual_diversity_survey_fast40k_v2_sac_annual_fyv2022_fyt2023_scratch_1y,annual_diversity_survey_fast40k_v2,kitchen_sink_guarded,52,2023-12-18,2.879688,3.219864,2023-12-18,1.296353,0.062929,0.155908,0.185958,0.692308,0.1,1.5,2.0,0.5
ethusdt,4h,sac,ethusdt_4h_kitchen_sink_guarded_exec_annual_4y_2022val_2023test_rap_sac_annual_fyv2022_fyt2023_scratch_4y_valyear_fixed_rv0p25_sl1p25_tp1p5_sltp_risk_geometry_phase8_v3_seed19_adaptive_top_seed_extension_seed19_v1,adaptive_top_seed_extension_seed19_v1,kitchen_sink_guarded,40,2022-06-06,4.901589,5.488695,2022-05-16,1.278418,-1.052565,-0.186095,1.73294,4.45,0.25,1.25,1.5,0.5
solusdt,1h,sac,solusdt_1h_tech_stat_decomp_sac_warm_start_chain_1y_seed5_asset_preset_broadening_phase5_v1_aware_rv0p10_base_sltp_risk_geometry_phase8_v1,sltp_risk_geometry_phase8_v1,tech_stat_decomp,8,2023-11-06,3.41303,3.854618,2023-11-06,1.249092,0.053677,0.71625,1.325147,21.125,0.1,2.0,3.0,0.5
ethusdt,4h,sac,ethusdt_4h_kitchen_sink_guarded_exec_annual_4y_2022val_2023test_rap_sac_annual_fyv2022_fyt2023_scratch_4y_valyear_aware_rv0p25_base_sltp_risk_geometry_phase8_v3_seed19_adaptive_top_seed_extension_seed19_v1,adaptive_top_seed_extension_seed19_v1,kitchen_sink_guarded,40,2022-06-06,4.161788,4.666599,2022-08-08,1.14226,-1.026379,-0.182832,1.687094,2.75,0.25,2.0,3.0,0.5
ethusdt,4h,sac,ethusdt_4h_kitchen_sink_guarded_exec_annual_4y_2022val_2023test_rap_sac_annual_fyv2022_fyt2023_fine_tune_recent_window_m12_base4y_valyear_aware_rv0p25_base_sltp_risk_geometry_phase8_v3,sltp_risk_geometry_phase8_v3,kitchen_sink_guarded,16,2022-07-11,5.010728,5.694626,2022-03-21,1.136805,-0.357922,0.580934,1.877712,5.0,0.25,2.0,3.0,0.5
ethusdt,4h,sac,ethusdt_4h_kitchen_sink_guarded_exec_annual_4y_2022val_2023test_rap_sac_annual_fyv2022_fyt2023_scratch_4y_valyear_aware_rv0p10_base_sltp_risk_geometry_phase8_v3_seed20_adaptive_top_seed_extension_seed20_v1,adaptive_top_seed_extension_seed20_v1,kitchen_sink_guarded,40,2022-07-18,1.640809,1.900422,2022-08-08,1.093765,-0.257561,0.052203,0.619529,3.125,0.1,2.0,3.0,0.5
ethusdt,4h,sac,ethusdt_4h_kitchen_sink_guarded_exec_annual_4y_2022val_2023test_rap_sac_annual_fyv2022_fyt2023_fine_tune_recent_window_m12_base4y_testyear_fixed_rv0p25_sl1p25_tp1p5_sltp_risk_geometry_phase8_v3,sltp_risk_geometry_phase8_v3,kitchen_sink_guarded,10,2023-01-09,2.571645,2.921101,2023-01-23,1.015231,0.151993,0.57649,0.848993,4.8,0.25,1.25,1.5,0.5
ethusdt,4h,sac,ethusdt_4h_kitchen_sink_guarded_exec_annual_4y_2022val_2023test_rap_sac_annual_fyv2022_fyt2023_scratch_4y_valyear_rap_l0p25_rv0p1_risk_adjusted_reward_phase7_v3_seed19_adaptive_top_seed_extension_seed19_v1,adaptive_top_seed_extension_seed19_v1,kitchen_sink_guarded,40,2022-07-25,2.285031,2.36336,2022-08-08,0.971406,-0.125012,0.044601,0.678452,3.2,0.1,2.0,3.0,0.25
solusdt,4h,sac,solusdt_4h_kitchen_sink_guarded_all_available_sac_fine_tune_recent_window_m6_base3y_fixed_rv0p10_sl1p5_tp2_sltp_risk_geometry_phase8_v1,sltp_risk_geometry_phase8_v1,kitchen_sink_guarded,10,2023-12-18,2.879688,3.219864,2023-12-18,0.949873,0.468346,0.974945,1.013199,5.7,0.1,1.5,2.0,0.5
ethusdt,4h,sac,ethusdt_4h_kitchen_sink_guarded_exec_annual_4y_2022val_2023test_rap_sac_annual_fyv2022_fyt2023_scratch_4y_valyear_fixed_rv0p50_sl1p25_tp1p25_sltp_risk_geometry_phase8_v3,sltp_risk_geometry_phase8_v3,kitchen_sink_guarded,52,2022-07-25,5.252507,6.105571,2022-08-08,0.949033,-2.060216,-0.380157,3.360119,5.173077,0.5,1.25,1.25,0.5
linkusdt,1h,sac,linkusdt_1h_kitchen_sink_guarded_exec_annual_diversity_survey_fast40k_v2_sac_annual_fyv2022_fyt2023_scratch_1y,annual_diversity_survey_fast40k_v2,kitchen_sink_guarded,52,2023-11-06,2.092863,2.546212,2023-11-06,0.928994,-0.20645,0.026768,0.466436,10.326923,0.1,1.5,2.0,0.5
ethusdt,4h,sac,ethusdt_4h_kitchen_sink_guarded_exec_annual_4y_2022val_2023test_rap_sac_annual_fyv2022_fyt2023_scratch_4y_valyear_fixed_rv0p10_sl2_tp3_sltp_risk_geometry_phase8_v3,sltp_risk_geometry_phase8_v3,kitchen_sink_guarded,52,2022-01-17,1.830572,2.2197,2022-06-06,0.923685,-0.240825,0.119393,0.720436,2.846154,0.1,2.0,3.0,0.5
solusdt,1h,sac,solusdt_1h_sota_low_cost_sac_warm_start_chain_1y_seed5_asset_preset_broadening_phase5_v1_aware_rv0p10_base_sltp_risk_geometry_phase8_v1,sltp_risk_geometry_phase8_v1,sota_low_cost,8,2023-11-06,2.834917,3.668064,2023-11-13,0.871941,-0.696923,0.186154,1.766154,14.375,0.1,2.0,3.0,0.5
ethusdt,4h,sac,ethusdt_4h_kitchen_sink_guarded_exec_annual_4y_2022val_2023test_rap_sac_annual_fyv2022_fyt2023_scratch_4y_testyear_margin_aware_rv0p50_cap2p5_sltp_risk_geometry_phase8_v3,sltp_risk_geometry_phase8_v3,kitchen_sink_guarded,52,2023-09-25,3.463593,3.77826,2023-08-28,0.867081,-0.944629,0.052269,1.993796,3.653846,0.5,2.0,3.0,0.5
solusdt,1h,sac,solusdt_1h_tech_stat_decomp_sac_warm_start_chain_1y_seed5_asset_preset_broadening_phase5_v1_fixed_rv0p05_sl2_tp4_sltp_risk_geometry_phase8_v1,sltp_risk_geometry_phase8_v1,tech_stat_decomp,8,2023-11-06,1.495539,1.849769,2023-11-06,0.866197,0.249957,0.560886,0.621859,20.625,0.05,2.0,4.0,0.5
ethusdt,4h,sac,ethusdt_4h_kitchen_sink_guarded_exec_annual_4y_2022val_2023test_rap_sac_annual_fyv2022_fyt2023_fine_tune_recent_window_m12_base4y_testyear_aware_rv0p25_base_sltp_risk_geometry_phase8_v3,sltp_risk_geometry_phase8_v3,kitchen_sink_guarded,11,2023-01-09,2.419271,2.669991,2023-01-23,0.849802,-0.070881,0.314976,0.771713,2.545455,0.25,2.0,3.0,0.5
ethusdt,4h,sac,ethusdt_4h_kitchen_sink_guarded_exec_annual_4y_2022val_2023test_rap_sac_annual_fyv2022_fyt2023_scratch_4y_valyear_fixed_rv0p25_sl1p25_tp1p5_sltp_risk_geometry_phase8_v3_seed18_adaptive_top_seed_extension_seed18_v1,adaptive_top_seed_extension_seed18_v1,kitchen_sink_guarded,40,2022-05-02,1.918884,2.187643,2022-05-09,0.848005,-0.651485,0.028236,1.359442,3.95,0.25,1.25,1.5,0.5
ethusdt,4h,sac,ethusdt_4h_kitchen_sink_guarded_exec_annual_4y_2022val_2023test_rap_sac_annual_fyv2022_fyt2023_scratch_4y_valyear_rap_l0p25_rv0p1_risk_adjusted_reward_phase7_v3_seed20_adaptive_top_seed_extension_seed20_v1,adaptive_top_seed_extension_seed20_v1,kitchen_sink_guarded,40,2022-07-25,1.455254,1.548314,2022-08-01,0.82152,-0.207525,-0.025874,0.726604,3.175,0.1,2.0,3.0,0.25
solusdt,4h,sac,solusdt_4h_sota_low_cost_all_available_sac_fine_tune_recent_window_m6_base2y__oracle_bc_transfer_e2_v1,,sota_low_cost,32,2023-10-30,2.561702,2.669306,2023-11-06,0.817483,-0.43708,0.060335,0.497414,8.75,0.05,2.0,3.0,1.0
ethusdt,4h,sac,ethusdt_4h_kitchen_sink_guarded_exec_annual_4y_2022val_2023test_rap_sac_annual_fyv2022_fyt2023_scratch_4y_valyear_rap_l0p25_rv0p1_risk_adjusted_reward_phase7_v3,risk_adjusted_reward_phase7_v3,kitchen_sink_guarded,52,2022-06-06,1.818743,1.865857,2022-06-06,0.801739,-0.183106,0.007393,0.761998,3.211538,0.1,2.0,3.0,0.25
ethusdt,4h,sac,ethusdt_4h_kitchen_sink_guarded_exec_annual_4y_2022val_2023test_rap_sac_annual_fyv2022_fyt2023_scratch_4y_valyear_aware_rv0p10_base_sltp_risk_geometry_phase8_v3_seed19_adaptive_top_seed_extension_seed19_v1,adaptive_top_seed_extension_seed19_v1,kitchen_sink_guarded,39,2022-06-06,1.710634,2.262484,2022-08-08,0.793009,-0.331327,0.00787,0.678394,3.025641,0.1,2.0,3.0,0.5
solusdt,1h,sac,solusdt_1h_sota_low_cost_sac_warm_start_chain_1y_seed5_asset_preset_broadening_phase5_v1_fixed_rv0p25_sl1p25_tp1p5_sltp_risk_geometry_phase8_v1,sltp_risk_geometry_phase8_v1,sota_low_cost,8,2023-11-13,5.029578,6.501634,2023-11-13,0.788735,-1.282698,0.513255,3.591906,36.0,0.25,1.25,1.5,0.5
solusdt,1h,sac,solusdt_1h_kitchen_sink_guarded_sac_fine_tune_recent_window_m6_base3y_seed5_asset_preset_broadening_phase5_v1,asset_preset_broadening_phase5_v1,kitchen_sink_guarded,12,2023-12-18,1.508995,2.164288,2023-11-06,0.782693,-0.330587,0.540367,0.870955,18.166667,0.05,2.0,3.0,1.0
ethusdt,4h,sac,ethusdt_4h_kitchen_sink_guarded_exec_annual_4y_2022val_2023test_rap_sac_annual_fyv2022_fyt2023_scratch_4y_testyear_aware_rv0p50_base_sltp_risk_geometry_phase8_v3,sltp_risk_geometry_phase8_v3,kitchen_sink_guarded,52,2023-09-25,3.463593,3.77826,2023-12-18,0.777033,-1.045857,-0.08706,1.917593,3.692308,0.5,2.0,3.0,0.5
ethusdt,4h,sac,ethusdt_4h_kitchen_sink_guarded_exec_annual_4y_2022val_2023test_rap_sac_annual_fyv2022_fyt2023_scratch_4y_valyear_aware_rv0p25_base_sltp_risk_geometry_phase8_v3_seed18_adaptive_top_seed_extension_seed18_v1,adaptive_top_seed_extension_seed18_v1,kitchen_sink_guarded,39,2022-06-06,4.161788,4.666599,2022-05-09,0.747671,-0.839886,-0.03535,1.609072,2.692308,0.25,2.0,3.0,0.5
solusdt,1h,sac,solusdt_1h_kitchen_sink_guarded_exec_annual_diversity_survey_fast40k_v2_sac_annual_fyv2022_fyt2023_scratch_1y,annual_diversity_survey_fast40k_v2,kitchen_sink_guarded,52,2023-12-18,3.320746,3.78788,2023-12-25,0.738123,-0.062997,0.104799,0.335592,4.076923,0.1,1.5,2.0,0.5
linkusdt,4h,sac,linkusdt_4h_kitchen_sink_guarded_exec_annual_diversity_survey_fast40k_v2_sac_annual_fyv2022_fyt2023_scratch_1y,annual_diversity_survey_fast40k_v2,kitchen_sink_guarded,52,2023-10-16,1.575025,1.677813,2023-11-06,0.714378,-0.111388,0.102729,0.428235,2.826923,0.1,1.5,2.0,0.5
solusdt,1h,sac,solusdt_1h_tech_stat_decomp_sac_warm_start_chain_1y_seed5_asset_preset_broadening_phase5_v1_margin_aware_rv0p50_cap2p5_sltp_risk_geometry_phase8_v1,sltp_risk_geometry_phase8_v1,tech_stat_decomp,8,2023-10-16,3.302587,4.406305,2023-10-30,0.67511,-5.192735,-0.828619,8.728231,21.5,0.5,2.0,3.0,0.5
solusdt,1h,sac,solusdt_1h_sota_low_cost_sac_warm_start_chain_1y_seed5_asset_preset_broadening_phase5_v1_fixed_rv0p50_sl1p25_tp1p25_sltp_risk_geometry_phase8_v1,sltp_risk_geometry_phase8_v1,sota_low_cost,8,2023-10-30,4.811236,6.950814,2023-11-06,0.666626,-4.188249,-1.149178,6.078142,22.5,0.5,1.25,1.25,0.5
solusdt,1h,sac,solusdt_1h_kitchen_sink_guarded_sac_fine_tune_recent_window_m3_base3y_seed5_asset_preset_broadening_phase5_v1,asset_preset_broadening_phase5_v1,kitchen_sink_guarded,12,2023-10-30,1.771883,2.175071,2023-12-18,0.665468,-0.72834,0.251963,0.980303,38.416667,0.05,2.0,3.0,1.0
solusdt,4h,sac,solusdt_4h_crypto_full_all_available_sac_fine_tune_recent_window_m1_base3y,,crypto_full,13,2023-12-18,2.170909,2.394766,2023-12-18,0.663817,0.084456,0.395601,0.311146,1.692308,0.05,2.0,3.0,1.0
ethusdt,4h,sac,ethusdt_4h_kitchen_sink_guarded_exec_annual_4y_2022val_2023test_rap_sac_annual_fyv2022_fyt2023_fine_tune_recent_window_m12_base4y_testyear_margin_aware_rv0p50_cap2p5_sltp_risk_geometry_phase8_v3,sltp_risk_geometry_phase8_v3,kitchen_sink_guarded,5,2023-01-09,2.583663,3.448762,2023-07-03,0.656179,0.203325,1.088111,1.769572,4.2,0.5,2.0,3.0,0.5
linkusdt,15m,sac,linkusdt_15m_kitchen_sink_guarded_exec_annual_diversity_survey_fast40k_v2_sac_annual_fyv2022_fyt2023_scratch_1y,annual_diversity_survey_fast40k_v2,kitchen_sink_guarded,52,2023-10-16,2.04595,2.366811,2023-11-06,0.649719,-0.282311,-0.019885,0.524851,41.75,0.1,1.5,2.0,0.5
solusdt,4h,sac,solusdt_4h_kitchen_sink_guarded_all_available_sac_fine_tune_recent_window_m6_base3y_fixed_rv0p05_sl1p5_tp2_sltp_risk_geometry_phase8_v1,sltp_risk_geometry_phase8_v1,kitchen_sink_guarded,10,2023-12-18,1.43119,1.601278,2023-12-18,0.645588,0.109844,0.366158,0.512627,6.4,0.05,1.5,2.0,0.5
ethusdt,4h,sac,ethusdt_4h_kitchen_sink_guarded_exec_annual_4y_2022val_2023test_rap_sac_annual_fyv2022_fyt2023_fine_tune_recent_window_m12_base4y_testyear_aware_rv0p50_base_sltp_risk_geometry_phase8_v3,sltp_risk_geometry_phase8_v3,kitchen_sink_guarded,5,2023-01-09,2.583663,3.448762,2023-07-03,0.644693,0.194136,1.078922,1.769572,4.2,0.5,2.0,3.0,0.5
ethusdt,4h,sac,ethusdt_4h_kitchen_sink_guarded_exec_annual_4y_2022val_2023test_rap_sac_annual_fyv2022_fyt2023_scratch_4y_testyear_rap_l0p25_rv0p1_risk_adjusted_reward_phase7_v3,risk_adjusted_reward_phase7_v3,kitchen_sink_guarded,52,2023-12-25,1.40367,1.482395,2023-01-30,0.613091,-0.060568,0.037519,0.392351,2.403846,0.1,2.0,3.0,0.25
ethusdt,4h,sac,ethusdt_4h_kitchen_sink_guarded_exec_annual_4y_2022val_2023test_rap_sac_annual_fyv2022_fyt2023_scratch_4y_testyear_aware_rv0p25_base_sltp_risk_geometry_phase8_v3,sltp_risk_geometry_phase8_v3,kitchen_sink_guarded,52,2023-01-09,1.471131,1.605089,2023-01-23,0.608937,-0.694829,-0.142066,1.105526,3.461538,0.25,2.0,3.0,0.5
solusdt,1h,sac,solusdt_1h_tech_stat_decomp_sac_warm_start_chain_1y_seed5_asset_preset_broadening_phase5_v1_fixed_rv0p05_sl1p25_tp1p25_sltp_risk_geometry_phase8_v1,sltp_risk_geometry_phase8_v1,tech_stat_decomp,8,2023-10-30,1.559109,1.772318,2023-11-13,0.606623,-0.047684,0.267283,0.629934,28.625,0.05,1.25,1.25,0.5
solusdt,4h,sac,solusdt_4h_kitchen_sink_guarded_all_available_sac_fine_tune_recent_window_m6_base3y_fixed_rv0p05_sl1p25_tp1p25_sltp_risk_geometry_phase8_v1,sltp_risk_geometry_phase8_v1,kitchen_sink_guarded,10,2023-12-18,1.041668,1.183575,2023-12-18,0.601437,0.228019,0.457227,0.458416,7.1,0.05,1.25,1.25,0.5
solusdt,1h,sac,solusdt_1h_sota_low_cost_sac_warm_start_chain_1y_seed5_asset_preset_broadening_phase5_v1_fixed_rv0p10_sl1p5_tp2_sltp_risk_geometry_phase8_v1,sltp_risk_geometry_phase8_v1,sota_low_cost,8,2023-11-06,1.50676,2.386483,2023-11-13,0.58431,-0.548989,0.231806,1.561591,23.0,0.1,1.5,2.0,0.5
solusdt,4h,sac,solusdt_4h_sota_low_cost_sac_scratch_1y_seed5_asset_preset_broadening_phase5_v1,asset_preset_broadening_phase5_v1,sota_low_cost,20,2023-12-18,1.877067,2.131035,2023-12-18,0.582825,-0.182232,0.183138,0.365369,2.8,0.05,2.0,3.0,1.0
solusdt,4h,sac,solusdt_4h_crypto_full_all_available_sac_scratch_3y,,crypto_full,13,2023-12-18,1.877067,2.131035,2023-12-18,0.574695,0.103849,0.451674,0.347825,2.076923,0.05,2.0,3.0,1.0
solusdt,4h,sac,solusdt_4h_sota_low_cost_all_available_sac_scratch_3y,,sota_low_cost,13,2023-12-18,1.877067,2.131035,2023-12-18,0.574695,0.098392,0.448465,0.350073,1.923077,0.05,2.0,3.0,1.0
solusdt,4h,sac,solusdt_4h_kitchen_sink_guarded_all_available_sac_scratch_3y,,kitchen_sink_guarded,10,2023-12-18,1.877067,2.131035,2023-12-18,0.574695,0.096525,0.545673,0.449148,2.5,0.05,2.0,3.0,1.0
solusdt,4h,sac,solusdt_4h_kitchen_sink_guarded_all_available_sac_warm_start_chain_3y,,kitchen_sink_guarded,10,2023-12-18,1.877067,2.131035,2023-12-18,0.574695,0.081487,0.534005,0.452518,2.4,0.05,2.0,3.0,1.0
ethusdt,4h,sac,ethusdt_4h_kitchen_sink_guarded_exec_annual_4y_2022val_2023test_rap_sac_annual_fyv2022_fyt2023_fine_tune_recent_window_m12_base4y_valyear_rap_l0p25_rv0p075_risk_adjusted_reward_phase7_v3,risk_adjusted_reward_phase7_v3,kitchen_sink_guarded,45,2022-01-31,1.6575,1.696004,2022-08-08,0.557752,-0.146682,0.019992,0.666697,3.755556,0.075,2.0,3.0,0.25
solusdt,4h,sac,solusdt_4h_sota_low_cost_all_available_sac_fine_tune_recent_window_m3_base1y,,sota_low_cost,32,2023-12-18,2.215308,2.570542,2023-12-18,0.556108,-0.147646,0.165278,0.312924,7.5625,0.05,2.0,3.0,1.0
ethusdt,4h,sac,ethusdt_4h_kitchen_sink_guarded_exec_annual_4y_2022val_2023test_rap_sac_annual_fyv2022_fyt2023_scratch_4y_valyear_fixed_rv0p05_sl2_tp4_sltp_risk_geometry_phase8_v3,sltp_risk_geometry_phase8_v3,kitchen_sink_guarded,52,2022-06-06,1.72921,1.776844,2022-06-06,0.554604,-0.202599,-0.009821,0.385556,3.576923,0.05,2.0,4.0,0.5
ethusdt,4h,sac,ethusdt_4h_kitchen_sink_guarded_exec_annual_4y_2022val_2023test_rap_sac_annual_fyv2022_fyt2023_fine_tune_recent_window_m12_base4y_testyear_rap_l0p25_rv0p1_risk_adjusted_reward_phase7_v3,risk_adjusted_reward_phase7_v3,kitchen_sink_guarded,13,2023-01-09,1.373045,1.41954,2023-01-23,0.551456,0.190709,0.278204,0.349981,2.538462,0.1,2.0,3.0,0.25
solusdt,4h,sac,solusdt_4h_kitchen_sink_guarded_all_available_sac_fine_tune_recent_window_m6_base3y_fixed_rv0p10_sl2_tp3_sltp_risk_geometry_phase8_v1,sltp_risk_geometry_phase8_v1,kitchen_sink_guarded,10,2023-12-18,3.271685,3.712544,2023-11-27,0.549302,0.267522,0.83341,1.131776,4.6,0.1,2.0,3.0,0.5
solusdt,4h,sac,solusdt_4h_kitchen_sink_guarded_sac_scratch_1y_seed5_asset_preset_broadening_phase5_v1,asset_preset_broadening_phase5_v1,kitchen_sink_guarded,20,2023-12-18,1.877067,2.131035,2023-12-18,0.545399,-0.058217,0.28799,0.346208,2.6,0.05,2.0,3.0,1.0
ethusdt,4h,sac,ethusdt_4h_sota_low_cost_sac_scratch_3y,,sota_low_cost,24,2023-11-27,0.898406,1.440003,2023-12-04,0.531371,-0.283446,0.202607,0.486053,1.916667,0.05,2.0,3.0,1.0
ethusdt,4h,sac,ethusdt_4h_sota_low_cost_sac_warm_start_chain_1y,,sota_low_cost,24,2023-11-27,0.898406,1.440003,2023-12-04,0.531371,-0.142245,0.305608,0.447854,1.75,0.05,2.0,3.0,1.0
ethusdt,4h,sac,ethusdt_4h_sota_low_cost_sac_scratch_1y,,sota_low_cost,40,2023-11-27,0.898406,1.440003,2023-12-04,0.531371,-0.162313,0.174876,0.337189,2.025,0.05,2.0,3.0,1.0
solusdt,1h,sac,solusdt_1h_crypto_full_all_available_1h_sac_scratch_2y,,crypto_full,32,2023-12-18,1.551384,1.961619,2023-12-18,0.530317,-0.097373,0.070735,0.168108,2.15625,0.05,2.0,3.0,1.0
solusdt,1h,sac,solusdt_1h_kitchen_sink_guarded_all_available_1h_sac_scratch_2y,,kitchen_sink_guarded,32,2023-12-18,1.551384,1.961619,2023-12-18,0.530317,-0.13297,0.057631,0.190602,2.5,0.05,2.0,3.0,1.0
solusdt,4h,sac,solusdt_4h_kitchen_sink_guarded_all_available_sac_scratch_1y,,kitchen_sink_guarded,32,2023-12-18,1.877067,2.131035,2023-12-18,0.525866,-0.04884,0.206833,0.255673,2.0625,0.05,2.0,3.0,1.0
solusdt,4h,sac,solusdt_4h_crypto_full_all_available_sac_fine_tune_recent_window_m6_base2y,,crypto_full,32,2023-06-26,1.306237,1.511486,2023-07-10,0.511422,-0.418077,0.062034,0.480111,11.40625,0.05,2.0,3.0,1.0
solusdt,1h,sac,solusdt_1h_kitchen_sink_guarded_sac_scratch_1y_seed5_asset_preset_broadening_phase5_v1,asset_preset_broadening_phase5_v1,kitchen_sink_guarded,12,2023-12-18,1.551384,1.961619,2023-12-18,0.508102,-0.421322,0.297755,0.719077,6.916667,0.05,2.0,3.0,1.0
ethusdt,4h,sac,ethusdt_4h_kitchen_sink_guarded_exec_annual_4y_2022val_2023test_rap_sac_annual_fyv2022_fyt2023_scratch_4y_valyear_margin_aware_rv0p50_cap2p5_sltp_risk_geometry_phase8_v3,sltp_risk_geometry_phase8_v3,kitchen_sink_guarded,24,2022-08-22,4.605124,6.01895,2022-10-31,0.489463,-1.680218,-0.278483,2.803469,3.041667,0.5,2.0,3.0,0.5
ethusdt,4h,sac,ethusdt_4h_kitchen_sink_guarded_exec_annual_4y_2022val_2023test_rap_sac_annual_fyv2022_fyt2023_scratch_4y_testyear_fixed_rv0p25_sl1p25_tp1p5_sltp_risk_geometry_phase8_v3,sltp_risk_geometry_phase8_v3,kitchen_sink_guarded,46,2023-01-09,2.571645,2.921101,2023-08-14,0.488005,-0.297545,0.154443,0.903975,4.586957,0.25,1.25,1.5,0.5
solusdt,1h,sac,solusdt_1h_tech_stat_decomp_sac_fine_tune_recent_window_m6_base3y_seed5_asset_preset_broadening_phase5_v1,asset_preset_broadening_phase5_v1,tech_stat_decomp,12,2023-11-06,2.183865,2.705193,2023-11-27,0.483143,-0.279767,0.528033,0.807801,20.333333,0.05,2.0,3.0,1.0
ethusdt,4h,sac,ethusdt_4h_kitchen_sink_guarded_exec_annual_4y_2022val_2023test_rap_sac_annual_fyv2022_fyt2023_scratch_4y_valyear_fixed_rv0p05_sl1p5_tp2_sltp_risk_geometry_phase8_v3,sltp_risk_geometry_phase8_v3,kitchen_sink_guarded,52,2022-07-11,1.104755,1.258129,2022-08-01,0.479052,-0.184498,0.004967,0.378931,4.25,0.05,1.5,2.0,0.5
ethusdt,4h,sac,ethusdt_4h_kitchen_sink_guarded_exec_annual_4y_2022val_2023test_rap_sac_annual_fyv2022_fyt2023_fine_tune_recent_window_m12_base4y_testyear_fixed_rv0p10_sl2_tp3_sltp_risk_geometry_phase8_v3,sltp_risk_geometry_phase8_v3,kitchen_sink_guarded,11,2023-01-09,1.326549,1.41954,2023-01-23,0.476238,0.057173,0.223433,0.332519,2.454545,0.1,2.0,3.0,0.5
ethusdt,4h,sac,ethusdt_4h_kitchen_sink_guarded_exec_annual_4y_2022val_2023test_rap_sac_annual_fyv2022_fyt2023_scratch_4y_testyear_fixed_rv0p10_sl2_tp3_sltp_risk_geometry_phase8_v3,sltp_risk_geometry_phase8_v3,kitchen_sink_guarded,52,2023-01-09,1.326549,1.41954,2023-01-23,0.476238,-0.171901,0.026379,0.396561,2.480769,0.1,2.0,3.0,0.5
ethusdt,4h,sac,ethusdt_4h_kitchen_sink_guarded_exec_annual_4y_2022val_2023test_rap_sac_annual_fyv2022_fyt2023_scratch_4y_testyear_rap_l0p5_rv0p1_risk_adjusted_reward_phase7_v3,risk_adjusted_reward_phase7_v3,kitchen_sink_guarded,52,2023-01-09,1.326549,1.41954,2023-01-23,0.476238,-0.258377,-0.040206,0.436342,2.365385,0.1,2.0,3.0,0.5
solusdt,4h,sac,solusdt_4h_kitchen_sink_guarded_all_available_sac_fine_tune_recent_window_m6_base3y_fixed_rv0p50_sl1p25_tp1p25_sltp_risk_geometry_phase8_v1_seed9_adaptive_top_seed_extension_seed9_v1_seed12_adaptive_top_seed_extension_seed12_v1,adaptive_top_seed_extension_seed12_v1,kitchen_sink_guarded,10,2023-12-04,7.684109,9.540533,2023-12-04,0.472471,-4.90548,-1.285465,7.24003,8.8,0.5,1.25,1.25,0.5
ethusdt,4h,sac,ethusdt_4h_kitchen_sink_guarded_exec_annual_4y_2022val_2023test_rap_sac_annual_fyv2022_fyt2023_fine_tune_recent_window_m12_base4y_testyear_aware_rv0p10_base_sltp_risk_geometry_phase8_v3,sltp_risk_geometry_phase8_v3,kitchen_sink_guarded,11,2023-01-09,1.31059,1.40358,2023-01-23,0.469832,0.149261,0.293058,0.287593,2.545455,0.1,2.0,3.0,0.5
solusdt,4h,sac,solusdt_4h_tech_stat_decomp_sac_scratch_1y_seed5_asset_preset_broadening_phase5_v1,asset_preset_broadening_phase5_v1,tech_stat_decomp,20,2023-12-18,1.877067,2.131035,2023-12-18,0.464098,-0.20091,0.150877,0.351787,2.2,0.05,2.0,3.0,1.0
solusdt,1h,sac,solusdt_1h_tech_stat_decomp_sac_scratch_1y_seed5_asset_preset_broadening_phase5_v1,asset_preset_broadening_phase5_v1,tech_stat_decomp,12,2023-12-18,1.551384,1.961619,2023-12-18,0.46191,-0.118525,0.495832,0.614357,7.083333,0.05,2.0,3.0,1.0
ethusdt,4h,sac,ethusdt_4h_kitchen_sink_guarded_exec_annual_4y_2022val_2023test_rap_sac_annual_fyv2022_fyt2023_scratch_4y_valyear_rap_l0p25_rv0p075_risk_adjusted_reward_phase7_v3,risk_adjusted_reward_phase7_v3,kitchen_sink_guarded,52,2022-01-17,1.516267,1.662515,2022-03-21,0.458833,-0.148083,-0.009192,0.555566,3.673077,0.075,2.0,3.0,0.25
ethusdt,4h,sac,ethusdt_4h_kitchen_sink_guarded_exec_annual_4y_2022val_2023test_rap_sac_annual_fyv2022_fyt2023_scratch_4y_valyear_rap_l0p25_rv0p1_risk_adjusted_reward_phase7_v3_seed18_adaptive_top_seed_extension_seed18_v1,adaptive_top_seed_extension_seed18_v1,kitchen_sink_guarded,40,2022-06-06,1.91151,2.012472,2022-05-09,0.456422,-0.138075,0.028216,0.665164,2.575,0.1,2.0,3.0,0.25
ethusdt,4h,sac,ethusdt_4h_kitchen_sink_guarded_exec_annual_4y_2022val_2023test_rap_sac_annual_fyv2022_fyt2023_scratch_4y_valyear_rap_l0p25_rv0p075_risk_adjusted_reward_phase7_v3_seed20_adaptive_top_seed_extension_seed20_v1,adaptive_top_seed_extension_seed20_v1,kitchen_sink_guarded,13,2022-05-09,0.757471,0.928451,2022-05-09,0.454112,0.02768,0.106241,0.314248,2.0,0.075,2.0,3.0,0.25
solusdt,1h,sac,solusdt_1h_tech_stat_decomp_sac_warm_start_chain_1y_seed5_asset_preset_broadening_phase5_v1_fixed_rv0p10_sl2_tp3_sltp_risk_geometry_phase8_v1,sltp_risk_geometry_phase8_v1,tech_stat_decomp,8,2023-11-06,3.219552,3.885299,2023-11-06,0.438884,-0.642916,0.119075,1.523983,14.75,0.1,2.0,3.0,0.5
ethusdt_perp,4h,sac,ethusdt_perp_4h_kitchen_sink_guarded_exec_annual_diversity_survey_v1_sac_annual_fyv2022_fyt2023_scratch_1y,annual_diversity_survey_v1,kitchen_sink_guarded,37,2023-09-25,0.832518,0.895697,2023-10-30,0.431171,-0.130599,0.087851,0.436901,3.594595,0.1,1.5,2.0,0.5
solusdt,1h,sac,solusdt_1h_kitchen_sink_guarded_all_available_1h_sac_scratch_1y,,kitchen_sink_guarded,32,2023-12-18,1.551384,1.961619,2023-11-06,0.430296,-0.190742,0.129483,0.320225,4.53125,0.05,2.0,3.0,1.0
solusdt,1h,sac,solusdt_1h_sota_low_cost_sac_scratch_1y_seed5_asset_preset_broadening_phase5_v1,asset_preset_broadening_phase5_v1,sota_low_cost,12,2023-12-18,1.551384,1.961619,2023-12-18,0.429107,-0.129459,0.486334,0.615793,7.083333,0.05,2.0,3.0,1.0
solusdt,1h,sac,solusdt_1h_crypto_full_sac_scratch_1y_seed5_asset_preset_broadening_phase5_v1,asset_preset_broadening_phase5_v1,crypto_full,12,2023-12-18,1.551384,1.961619,2023-12-18,0.429107,-0.221432,0.416329,0.637761,8.583333,0.05,2.0,3.0,1.0
solusdt,1h,sac,solusdt_1h_sota_low_cost_all_available_1h_sac_warm_start_chain_1y__oracle_bc_transfer_e5_v1,,sota_low_cost,32,2023-06-26,2.269547,3.322225,2023-06-26,0.42889,-0.672276,0.034411,0.706687,21.53125,0.05,2.0,3.0,1.0
solusdt,4h,sac,solusdt_4h_kitchen_sink_guarded_all_available_sac_fine_tune_recent_window_m6_base3y_fixed_rv0p05_sl2_tp4_sltp_risk_geometry_phase8_v1,sltp_risk_geometry_phase8_v1,kitchen_sink_guarded,10,2023-12-18,1.874973,2.001957,2023-11-20,0.426437,0.182717,0.435212,0.504989,4.0,0.05,2.0,4.0,0.5
ethusdt,4h,sac,ethusdt_4h_kitchen_sink_guarded_exec_annual_4y_2022val_2023test_rap_sac_annual_fyv2022_fyt2023_fine_tune_recent_window_m12_base4y_testyear_rap_l1p0_rv0p1_risk_adjusted_reward_phase7_v3,risk_adjusted_reward_phase7_v3,kitchen_sink_guarded,5,2023-01-09,1.233559,1.41954,2023-12-18,0.425341,0.172516,0.4727,0.300184,2.8,0.1,2.0,3.0,1.0
solusdt,1h,sac,solusdt_1h_crypto_full_all_available_1h_sac_scratch_1y,,crypto_full,32,2023-12-18,1.551384,1.961619,2023-12-18,0.423612,-0.116528,0.177408,0.293936,3.78125,0.05,2.0,3.0,1.0
solusdt,1h,sac,solusdt_1h_sota_low_cost_all_available_1h_sac_scratch_1y,,sota_low_cost,32,2023-12-18,1.551384,1.961619,2023-12-18,0.422038,-0.087504,0.202678,0.290183,4.03125,0.05,2.0,3.0,1.0
solusdt,4h,sac,solusdt_4h_kitchen_sink_guarded_exec_market_token_transformer_probe_v1_20260708_sac_annual_fyv2022_fyt2023_scratch_1y_testyear_mkttr_v1,market_token_transformer_probe_v1_20260708,kitchen_sink_guarded,52,2023-12-18,2.246311,2.586487,2023-12-18,0.415778,-0.221478,-0.01637,0.410216,1.557692,0.1,1.5,2.0,0.5
ethusdt,4h,sac,ethusdt_4h_kitchen_sink_guarded_exec_annual_4y_2022val_2023test_rap_sac_annual_fyv2022_fyt2023_fine_tune_recent_window_m12_base4y_testyear_rap_l0p25_rv0p075_risk_adjusted_reward_phase7_v3,risk_adjusted_reward_phase7_v3,kitchen_sink_guarded,13,2023-01-09,1.028623,1.063495,2023-01-23,0.413397,0.14636,0.212003,0.262573,2.615385,0.075,2.0,3.0,0.25
ethusdt,4h,sac,ethusdt_4h_kitchen_sink_guarded_exec_annual_4y_2022val_2023test_rap_sac_annual_fyv2022_fyt2023_scratch_4y_testyear_rap_l0p25_rv0p075_risk_adjusted_reward_phase7_v3,risk_adjusted_reward_phase7_v3,kitchen_sink_guarded,52,2023-01-09,1.028623,1.063495,2023-01-23,0.413397,-0.042893,0.028063,0.283824,2.557692,0.075,2.0,3.0,0.25
solusdt,4h,sac,solusdt_4h_sota_low_cost_all_available_sac_warm_start_chain_3y__oracle_bc_transfer_e1_v1,,sota_low_cost,13,2023-12-18,1.17397,1.743879,2023-12-18,0.394651,0.021072,0.456686,0.435615,2.846154,0.05,2.0,3.0,1.0
ethusdt_perp,4h,sac,ethusdt_perp_4h_kitchen_sink_guarded_exec_annual_diversity_survey_fast40k_v2_sac_annual_fyv2022_fyt2023_scratch_1y,annual_diversity_survey_fast40k_v2,kitchen_sink_guarded,52,2023-09-25,0.832518,0.895697,2023-11-06,0.393911,-0.135612,0.077291,0.425805,3.538462,0.1,1.5,2.0,0.5
ethusdt,4h,sac,ethusdt_4h_kitchen_sink_guarded_exec_annual_4y_2022val_2023test_rap_sac_annual_fyv2022_fyt2023_fine_tune_recent_window_m12_base4y_testyear_rap_l0p5_rv0p1_risk_adjusted_reward_phase7_v3,risk_adjusted_reward_phase7_v3,kitchen_sink_guarded,9,2023-01-09,0.99497,1.154996,2023-01-23,0.393344,0.048245,0.245267,0.394044,3.0,0.1,2.0,3.0,0.5
ethusdt,4h,sac,ethusdt_4h_kitchen_sink_guarded_exec_annual_4y_2022val_2023test_rap_sac_annual_fyv2022_fyt2023_fine_tune_recent_window_m12_base4y_valyear_fixed_rv0p05_sl1p5_tp2_sltp_risk_geometry_phase8_v3,sltp_risk_geometry_phase8_v3,kitchen_sink_guarded,5,2022-07-11,0.995757,1.117463,2023-01-02,0.382709,0.217456,0.447457,0.460002,8.4,0.05,1.5,2.0,0.5
bnbusdt,4h,sac,bnbusdt_4h_kitchen_sink_guarded_exec_annual_diversity_survey_v1_sac_annual_fyv2022_fyt2023_scratch_1y,annual_diversity_survey_v1,kitchen_sink_guarded,37,2023-10-30,0.985017,1.087246,2023-01-30,0.376703,-0.19165,0.006522,0.396343,3.081081,0.1,1.5,2.0,0.5
solusdt,4h,sac,solusdt_4h_kitchen_sink_guarded_all_available_sac_fine_tune_recent_window_m6_base2y,,kitchen_sink_guarded,17,2023-06-26,0.91853,1.161708,2023-06-26,0.374051,-0.506112,-0.043872,0.462239,13.058824,0.05,2.0,3.0,1.0
ethusdt,4h,sac,ethusdt_4h_kitchen_sink_guarded_exec_annual_diversity_survey_v1_sac_annual_fyv2022_fyt2023_scratch_1y,annual_diversity_survey_v1,kitchen_sink_guarded,37,2023-01-09,1.24375,1.377987,2023-10-30,0.371099,-0.110434,0.100738,0.422345,3.540541,0.1,1.5,2.0,0.5
solusdt,4h,sac,solusdt_4h_kitchen_sink_guarded_all_available_sac_fine_tune_recent_window_m6_base3y__oracle_bc_pretrain_v1,,kitchen_sink_guarded,10,2023-12-04,0.940555,1.152007,2023-12-11,0.369429,-0.296165,0.267639,0.563804,6.8,0.05,2.0,3.0,1.0
solusdt,4h,sac,solusdt_4h_kitchen_sink_guarded_all_available_sac_fine_tune_recent_window_m6_base3y_oracle_bc_pretrain_v1_oracle_bc_e3_oracle_bc_followup_phase6_v1,oracle_bc_followup_phase6_v1,kitchen_sink_guarded,10,2023-12-04,0.940555,1.152007,2023-12-11,0.369429,-0.296165,0.267639,0.563804,6.8,0.05,2.0,3.0,1.0
solusdt,4h,sac,solusdt_4h_sota_low_cost_all_available_sac_scratch_1y,,sota_low_cost,32,2023-12-18,1.877067,2.131035,2023-12-18,0.368472,-0.234957,0.14064,0.375597,3.6875,0.05,2.0,3.0,1.0
solusdt,4h,sac,solusdt_4h_crypto_full_all_available_sac_scratch_1y,,crypto_full,32,2023-12-18,1.877067,2.131035,2023-12-18,0.368472,-0.253067,0.127611,0.380678,3.78125,0.05,2.0,3.0,1.0
ethusdt,4h,sac,ethusdt_4h_kitchen_sink_guarded_exec_annual_4y_2022val_2023test_rap_sac_annual_fyv2022_fyt2023_scratch_4y_valyear_aware_rv0p10_base_sltp_risk_geometry_phase8_v3,sltp_risk_geometry_phase8_v3,kitchen_sink_guarded,52,2022-01-17,1.790875,2.180003,2022-05-02,0.367584,-0.489324,-0.046449,0.885749,3.788462,0.1,2.0,3.0,0.5
ethusdt,4h,sac,ethusdt_4h_kitchen_sink_guarded_exec_annual_4y_2022val_2023test_rap_sac_annual_fyv2022_fyt2023_fine_tune_recent_window_m6_base4y,full_year_validation_test_phase_v1,kitchen_sink_guarded,104,2022-09-12,0.76465,0.933812,2022-08-15,0.367067,-0.290218,-0.00646,0.283758,1.875,0.05,2.0,3.0,1.0
bnbusdt,15m,sac,bnbusdt_15m_kitchen_sink_guarded_exec_annual_diversity_survey_fast40k_v2_sac_annual_fyv2022_fyt2023_scratch_1y,annual_diversity_survey_fast40k_v2,kitchen_sink_guarded,52,2023-06-05,1.760798,2.147848,2023-06-05,0.366833,-0.548752,-0.208297,0.68091,59.25,0.1,1.5,2.0,0.5
solusdt,1h,sac,solusdt_1h_kitchen_sink_guarded_all_available_1h_sac_warm_start_chain_1y,,kitchen_sink_guarded,32,2023-11-06,3.340139,3.804938,2023-11-27,0.363183,-0.820275,-0.00678,0.813496,20.125,0.05,2.0,3.0,1.0
solusdt,1h,sac,solusdt_1h_sota_low_cost_all_available_1h_sac_warm_start_chain_1y,,sota_low_cost,32,2023-11-06,3.340139,3.804938,2023-11-27,0.363183,-0.820275,-0.00678,0.813496,20.125,0.05,2.0,3.0,1.0
ethusdt,4h,sac,ethusdt_4h_kitchen_sink_guarded_exec_annual_4y_2022val_2023test_rap_sac_annual_fyv2022_fyt2023_scratch_4y_testyear_aware_rv0p10_base_sltp_risk_geometry_phase8_v3,sltp_risk_geometry_phase8_v3,kitchen_sink_guarded,52,2023-01-09,1.31059,1.40358,2023-01-23,0.36011,-0.138316,0.04924,0.375111,2.365385,0.1,2.0,3.0,0.5
ethusdt,4h,sac,ethusdt_4h_kitchen_sink_guarded_exec_annual_4y_2022val_2023test_rap_sac_annual_fyv2022_fyt2023_scratch_4y_testyear_rap_l0p5_rv0p075_risk_adjusted_reward_phase7_v3,risk_adjusted_reward_phase7_v3,kitchen_sink_guarded,37,2023-12-25,1.058536,1.119613,2023-12-25,0.359993,0.004896,0.122918,0.236043,2.459459,0.075,2.0,3.0,0.5
ethusdt,4h,sac,ethusdt_4h_kitchen_sink_guarded_exec_annual_4y_2022val_2023test_rap_sac_annual_fyv2022_fyt2023_fine_tune_recent_window_m12_base4y_valyear_rap_l0p5_rv0p1_risk_adjusted_reward_phase7_v3,risk_adjusted_reward_phase7_v3,kitchen_sink_guarded,5,2022-07-11,1.129972,1.434608,2023-01-02,0.358545,0.064729,0.362242,0.595026,4.8,0.1,2.0,3.0,0.5
ethusdt,4h,sac,ethusdt_4h_kitchen_sink_guarded_exec_annual_4y_2022val_2023test_rap_sac_annual_fyv2022_fyt2023_scratch_4y_testyear_fixed_rv0p10_sl1p5_tp2_sltp_risk_geometry_phase8_v3,sltp_risk_geometry_phase8_v3,kitchen_sink_guarded,52,2023-01-09,1.24375,1.377987,2023-01-23,0.351808,-0.036495,0.130169,0.333328,3.384615,0.1,1.5,2.0,0.5
ethusdt,4h,sac,ethusdt_4h_kitchen_sink_guarded_exec_annual_diversity_survey_fast40k_v2_sac_annual_fyv2022_fyt2023_scratch_1y,annual_diversity_survey_fast40k_v2,kitchen_sink_guarded,52,2023-01-09,1.24375,1.377987,2023-01-23,0.351808,-0.118157,0.087734,0.411783,3.538462,0.1,1.5,2.0,0.5
solusdt,1h,sac,solusdt_1h_tech_stat_decomp_sac_warm_start_chain_1y_seed5_asset_preset_broadening_phase5_v1_fixed_rv0p05_sl1p5_tp2_sltp_risk_geometry_phase8_v1,sltp_risk_geometry_phase8_v1,tech_stat_decomp,8,2023-11-06,2.011369,2.266546,2023-11-06,0.349344,-0.051153,0.246157,0.594619,25.125,0.05,1.5,2.0,0.5
solusdt,1h,sac,solusdt_1h_tech_stat_decomp_sac_scratch_3y_seed5_asset_preset_broadening_phase5_v1,asset_preset_broadening_phase5_v1,tech_stat_decomp,12,2023-12-18,1.551384,1.961619,2023-12-18,0.348252,-0.290002,0.408485,0.698487,9.833333,0.05,2.0,3.0,1.0
solusdt,15m,sac,solusdt_15m_kitchen_sink_guarded_exec_annual_diversity_survey_fast40k_v2_sac_annual_fyv2022_fyt2023_scratch_1y,annual_diversity_survey_fast40k_v2,kitchen_sink_guarded,52,2023-12-18,4.037774,4.461305,2023-12-18,0.344664,-0.103341,0.050876,0.308436,10.673077,0.1,1.5,2.0,0.5
ethusdt,4h,sac,ethusdt_4h_kitchen_sink_guarded_exec_annual_4y_2022val_2023test_rap_sac_annual_fyv2022_fyt2023_scratch_4y_valyear_aware_rv0p10_base_sltp_risk_geometry_phase8_v3_seed18_adaptive_top_seed_extension_seed18_v1,adaptive_top_seed_extension_seed18_v1,kitchen_sink_guarded,40,2022-06-06,1.7703,1.972224,2022-06-06,0.344645,-0.416256,-0.04959,0.733333,2.6,0.1,2.0,3.0,0.5
ethusdt,4h,sac,ethusdt_4h_kitchen_sink_guarded_exec_annual_4y_2022val_2023test_rap_sac_annual_fyv2022_fyt2023_fine_tune_recent_window_m12_base4y_testyear_rap_l0p5_rv0p075_risk_adjusted_reward_phase7_v3,risk_adjusted_reward_phase7_v3,kitchen_sink_guarded,10,2023-01-09,0.993751,1.063495,2023-01-23,0.331621,0.041485,0.167435,0.2519,2.5,0.075,2.0,3.0,0.5
solusdt,4h,sac,solusdt_4h_sota_low_cost_all_available_sac_fine_tune_recent_window_m1_base1y,,sota_low_cost,32,2023-06-26,0.858974,1.044012,2023-07-10,0.330169,-0.021409,0.145904,0.167313,2.3125,0.05,2.0,3.0,1.0
ethusdt,4h,sac,ethusdt_4h_kitchen_sink_guarded_exec_annual_4y_2022val_2023test_rap_sac_annual_fyv2022_fyt2023_scratch_4y_valyear_rap_l0p25_rv0p075_risk_adjusted_reward_phase7_v3_seed19_adaptive_top_seed_extension_seed19_v1,adaptive_top_seed_extension_seed19_v1,kitchen_sink_guarded,13,2022-05-02,0.663632,0.727684,2022-05-02,0.32741,-0.08308,-0.000455,0.330497,2.307692,0.075,2.0,3.0,0.25
solusdt,4h,sac,solusdt_4h_sota_low_cost_all_available_sac_fine_tune_recent_window_m6_base2y__oracle_bc_transfer_e5_v1,,sota_low_cost,32,2023-12-18,0.900097,1.343436,2023-11-27,0.326813,-0.398401,0.081752,0.480153,8.46875,0.05,2.0,3.0,1.0
btcusdt,1h,sac,btcusdt_1h_kitchen_sink_guarded_exec_annual_diversity_survey_fast40k_v2_sac_annual_fyv2022_fyt2023_scratch_1y,annual_diversity_survey_fast40k_v2,kitchen_sink_guarded,52,2023-03-13,1.457238,1.805622,2023-11-06,0.326035,-0.392582,-0.10424,0.576684,14.961538,0.1,1.5,2.0,0.5
btcusdt,1h,sac,btcusdt_1h_kitchen_sink_guarded_exec_annual_diversity_survey_v1_sac_annual_fyv2022_fyt2023_scratch_1y,annual_diversity_survey_v1,kitchen_sink_guarded,29,2023-04-24,0.721303,0.864155,2023-04-24,0.323973,-0.315302,-0.051013,0.528577,14.965517,0.1,1.5,2.0,0.5
ethusdt,4h,sac,ethusdt_4h_kitchen_sink_guarded_exec_annual_4y_2022val_2023test_rap_sac_annual_fyv2022_fyt2023_scratch_4y_valyear_control_rv0p05_sl2_tp3_sltp_risk_geometry_phase8_v3,sltp_risk_geometry_phase8_v3,kitchen_sink_guarded,52,2022-06-06,0.812298,0.859931,2022-08-01,0.322552,-0.252767,-0.052037,0.401459,3.480769,0.05,2.0,3.0,0.5
ethusdt,4h,sac,ethusdt_4h_kitchen_sink_guarded_exec_annual_4y_2022val_2023test_rap_sac_annual_fyv2022_fyt2023_scratch_4y_valyear_rap_l0p25_rv0p075_risk_adjusted_reward_phase7_v3_seed18_adaptive_top_seed_extension_seed18_v1,adaptive_top_seed_extension_seed18_v1,kitchen_sink_guarded,13,2022-12-12,0.862931,0.906673,2022-12-19,0.317033,0.004496,0.080057,0.30224,2.153846,0.075,2.0,3.0,0.25
solusdt,4h,sac,solusdt_4h_kitchen_sink_guarded_all_available_sac_fine_tune_recent_window_m6_base3y_control_rv0p05_sl2_tp3_sltp_risk_geometry_phase8_v1,sltp_risk_geometry_phase8_v1,kitchen_sink_guarded,10,2023-12-18,1.618334,1.841463,2023-12-18,0.314645,-0.141782,0.175089,0.633742,3.8,0.05,2.0,3.0,0.5
ethusdt,4h,sac,ethusdt_4h_kitchen_sink_guarded_exec_annual_4y_2022val_2023test_rap_sac_annual_fyv2022_fyt2023_scratch_4y_testyear_rap_l1p0_rv0p075_risk_adjusted_reward_phase7_v3,risk_adjusted_reward_phase7_v3,kitchen_sink_guarded,5,2023-01-09,0.924006,1.063495,2023-12-18,0.312645,0.159925,0.348642,0.188717,2.4,0.075,2.0,3.0,1.0
solusdt,4h,sac,solusdt_4h_crypto_full_sac_scratch_1y_seed5_asset_preset_broadening_phase5_v1,asset_preset_broadening_phase5_v1,crypto_full,20,2023-12-18,1.877067,2.131035,2023-12-18,0.307415,-0.133371,0.20789,0.341261,2.4,0.05,2.0,3.0,1.0
solusdt,4h,sac,solusdt_4h_kitchen_sink_guarded_all_available_sac_warm_start_chain_1y__oracle_bc_transfer_e5_v1,,kitchen_sink_guarded,32,2023-12-18,2.670062,2.876731,2023-07-10,0.304757,-0.524881,0.009441,0.534322,10.25,0.05,2.0,3.0,1.0
ethusdt,4h,sac,ethusdt_4h_kitchen_sink_guarded_exec_annual_4y_2022val_2023test_rap_sac_annual_fyv2022_fyt2023_scratch_4y_valyear_rap_l0p5_rv0p075_risk_adjusted_reward_phase7_v3,risk_adjusted_reward_phase7_v3,kitchen_sink_guarded,52,2022-06-06,1.183176,1.373769,2022-08-08,0.291374,-0.370519,-0.078488,0.584061,3.134615,0.075,2.0,3.0,0.5
solusdt,4h,sac,solusdt_4h_sota_low_cost_all_available_sac_warm_start_chain_3y__oracle_bc_transfer_e5_v1,,sota_low_cost,13,2023-12-18,1.877067,2.131035,2023-12-18,0.289085,0.001738,0.433104,0.431366,3.307692,0.05,2.0,3.0,1.0
ethusdt,4h,sac,ethusdt_4h_kitchen_sink_guarded_exec_annual_4y_2022val_2023test_rap_sac_annual_fyv2022_fyt2023_fine_tune_recent_window_m12_base4y_testyear_fixed_rv0p05_sl2_tp4_sltp_risk_geometry_phase8_v3,sltp_risk_geometry_phase8_v3,kitchen_sink_guarded,9,2023-01-09,0.886364,0.926369,2023-01-23,0.286217,0.043428,0.143169,0.199481,2.222222,0.05,2.0,4.0,0.5
ethusdt,4h,sac,ethusdt_4h_kitchen_sink_guarded_exec_annual_4y_2022val_2023test_rap_sac_annual_fyv2022_fyt2023_fine_tune_recent_window_m3_base4y,full_year_validation_test_phase_v1,kitchen_sink_guarded,104,2022-09-12,0.76465,0.933812,2023-01-23,0.283808,-0.30464,-0.025772,0.278868,3.259615,0.05,2.0,3.0,1.0
btcusdt_perp,1h,sac,btcusdt_perp_1h_kitchen_sink_guarded_exec_market_token_transformer_probe_v1_20260708_sac_annual_fyv2022_fyt2023_scratch_1y_testyear_mkttr_v1,market_token_transformer_probe_v1_20260708,kitchen_sink_guarded,52,2023-08-14,1.02102,1.112483,2023-09-04,0.28095,-0.515993,-0.208182,0.615622,14.980769,0.1,1.5,2.0,0.5
btcusdt_perp,1h,sac,btcusdt_perp_1h_kitchen_sink_guarded_exec_annual_diversity_survey_fast40k_v2_sac_annual_fyv2022_fyt2023_scratch_1y,annual_diversity_survey_fast40k_v2,kitchen_sink_guarded,52,2023-03-13,1.477757,1.830889,2023-09-04,0.28095,-0.332445,-0.056112,0.552666,14.211538,0.1,1.5,2.0,0.5
solusdt,1h,sac,solusdt_1h_kitchen_sink_guarded_exec_market_token_transformer_probe_v1_20260708_sac_annual_fyv2022_fyt2023_scratch_1y_testyear_mkttr_v1,market_token_transformer_probe_v1_20260708,kitchen_sink_guarded,51,2023-12-18,0.809512,1.530244,2023-09-04,0.279351,-0.373867,-0.15433,0.439075,4.45098,0.1,1.5,2.0,0.5
ethusdt,4h,sac,ethusdt_4h_kitchen_sink_guarded_exec_annual_4y_2022val_2023test_rap_sac_annual_fyv2022_fyt2023_fine_tune_recent_window_m12_base4y_testyear_rap_l0p25_rv0p05_risk_adjusted_reward_phase7_v3,risk_adjusted_reward_phase7_v3,kitchen_sink_guarded,11,2023-01-09,0.684975,0.708224,2023-01-23,0.275468,0.074144,0.1228,0.194624,2.545455,0.05,2.0,3.0,0.25
ethusdt,4h,sac,ethusdt_4h_kitchen_sink_guarded_exec_annual_4y_2022val_2023test_rap_sac_annual_fyv2022_fyt2023_scratch_4y_testyear_rap_l0p25_rv0p05_risk_adjusted_reward_phase7_v3,risk_adjusted_reward_phase7_v3,kitchen_sink_guarded,52,2023-01-09,0.684975,0.708224,2023-01-23,0.275468,-0.049324,0.00265,0.207897,2.403846,0.05,2.0,3.0,0.25
solusdt,4h,sac,solusdt_4h_sota_low_cost_all_available_sac_warm_start_chain_1y,,sota_low_cost,32,2023-10-30,0.742912,1.009512,2023-11-20,0.275028,-0.650834,-0.129978,0.520856,10.4375,0.05,2.0,3.0,1.0
solusdt,4h,sac,solusdt_4h_kitchen_sink_guarded_all_available_sac_warm_start_chain_1y,,kitchen_sink_guarded,32,2023-09-25,1.294861,1.410822,2023-09-25,0.272737,-0.370859,0.094103,0.464962,11.53125,0.05,2.0,3.0,1.0
ethusdt,4h,sac,ethusdt_4h_kitchen_sink_guarded_exec_annual_4y_2022val_2023test_rap_sac_annual_fyv2022_fyt2023_scratch_4y_testyear_control_rv0p05_sl2_tp3_sltp_risk_geometry_phase8_v3,sltp_risk_geometry_phase8_v3,kitchen_sink_guarded,52,2023-01-09,0.661727,0.708224,2023-01-30,0.270973,-0.06296,0.031843,0.189607,2.403846,0.05,2.0,3.0,0.5
solusdt,4h,sac,solusdt_4h_crypto_full_sac_scratch_3y_seed5_asset_preset_broadening_phase5_v1,asset_preset_broadening_phase5_v1,crypto_full,13,2023-12-18,1.877067,2.131035,2023-12-18,0.270745,-0.702844,-0.139053,0.563791,2.615385,0.05,2.0,3.0,1.0
bnbusdt,4h,sac,bnbusdt_4h_kitchen_sink_guarded_exec_annual_diversity_survey_fast40k_v2_sac_annual_fyv2022_fyt2023_scratch_1y,annual_diversity_survey_fast40k_v2,kitchen_sink_guarded,52,2023-06-05,0.89591,1.021429,2023-01-30,0.269459,-0.260075,-0.060742,0.398666,2.961538,0.1,1.5,2.0,0.5
solusdt,4h,sac,solusdt_4h_crypto_full_all_available_sac_fine_tune_recent_window_m6_base3y,,crypto_full,13,2023-12-04,0.758392,1.219307,2023-12-11,0.269458,-0.245844,0.234756,0.480601,3.230769,0.05,2.0,3.0,1.0
btcusdt_perp,4h,sac,btcusdt_perp_4h_kitchen_sink_guarded_exec_annual_diversity_survey_fast40k_v2_sac_annual_fyv2022_fyt2023_scratch_1y,annual_diversity_survey_fast40k_v2,kitchen_sink_guarded,52,2023-03-13,1.003294,1.128852,2023-08-28,0.268053,-0.272674,-0.061807,0.421733,3.326923,0.1,1.5,2.0,0.5
btcusdt_perp,4h,sac,btcusdt_perp_4h_kitchen_sink_guarded_exec_market_token_transformer_probe_v1_20260708_sac_annual_fyv2022_fyt2023_scratch_1y_testyear_mkttr_v1,market_token_transformer_probe_v1_20260708,kitchen_sink_guarded,52,2023-02-06,0.719017,0.801604,2023-08-28,0.265878,-0.336713,-0.116738,0.439951,3.211538,0.1,1.5,2.0,0.5
ethusdt,1h,sac,ethusdt_1h_kitchen_sink_guarded_exec_market_token_transformer_probe_v1_20260708_sac_annual_fyv2022_fyt2023_scratch_1y_testyear_mkttr_v1,market_token_transformer_probe_v1_20260708,kitchen_sink_guarded,52,2023-08-14,1.186651,1.29443,2023-09-04,0.263845,-0.426462,-0.11904,0.614846,16.711538,0.1,1.5,2.0,0.5
ethusdt,4h,sac,ethusdt_4h_kitchen_sink_guarded_exec_market_token_transformer_probe_v1_20260708_sac_annual_fyv2022_fyt2023_scratch_1y_testyear_mkttr_v1,market_token_transformer_probe_v1_20260708,kitchen_sink_guarded,52,2023-04-17,0.999966,1.087117,2023-08-28,0.262229,-0.345293,-0.099974,0.490638,3.423077,0.1,1.5,2.0,0.5
ethusdt,4h,sac,ethusdt_4h_kitchen_sink_guarded_exec_annual_4y_2022val_2023test_rap_sac_annual_fyv2022_fyt2023_scratch_4y_valyear_rap_l0p25_rv0p05_risk_adjusted_reward_phase7_v3,risk_adjusted_reward_phase7_v3,kitchen_sink_guarded,52,2022-01-17,1.009118,1.106834,2022-05-23,0.258779,-0.100998,-0.003083,0.391658,3.423077,0.05,2.0,3.0,0.25
btcusdt,4h,sac,btcusdt_4h_kitchen_sink_guarded_exec_annual_diversity_survey_fast40k_v2_sac_annual_fyv2022_fyt2023_scratch_1y,annual_diversity_survey_fast40k_v2,kitchen_sink_guarded,52,2023-03-13,0.978668,1.101465,2023-08-28,0.252406,-0.264831,-0.06169,0.406283,3.25,0.1,1.5,2.0,0.5
solusdt,4h,sac,solusdt_4h_crypto_full_all_available_sac_fine_tune_recent_window_m1_base2y,,crypto_full,32,2023-11-06,0.748024,1.162646,2023-11-06,0.252067,-0.088665,0.133179,0.221845,2.125,0.05,2.0,3.0,1.0
solusdt,4h,sac,solusdt_4h_sota_low_cost_all_available_sac_warm_start_chain_3y,,sota_low_cost,13,2023-12-18,1.778046,2.060884,2023-11-06,0.252067,-0.13365,0.344365,0.478014,3.923077,0.05,2.0,3.0,1.0
solusdt,4h,sac,solusdt_4h_sota_low_cost_all_available_sac_warm_start_chain_3y__oracle_bc_transfer_e2_v1,,sota_low_cost,13,2023-11-06,0.748024,1.162646,2023-11-06,0.252067,-0.201942,0.268595,0.470537,2.769231,0.05,2.0,3.0,1.0
solusdt,4h,sac,solusdt_4h_crypto_full_all_available_sac_warm_start_chain_3y,,crypto_full,13,2023-11-06,0.748024,1.162646,2023-11-06,0.252067,-0.267444,0.246428,0.513872,4.384615,0.05,2.0,3.0,1.0
ethusdt,4h,sac,ethusdt_4h_kitchen_sink_guarded_exec_annual_4y_2022val_2023test_rap_sac_annual_fyv2022_fyt2023_scratch_4y_testyear_fixed_rv0p05_sl2_tp4_sltp_risk_geometry_phase8_v3,sltp_risk_geometry_phase8_v3,kitchen_sink_guarded,52,2023-01-09,0.886364,0.926369,2023-01-23,0.248704,-0.049553,0.04,0.179106,2.057692,0.05,2.0,4.0,0.5
solusdt,1h,sac,solusdt_1h_sota_low_cost_all_available_1h_sac_warm_start_chain_1y__oracle_bc_transfer_e1_v1,,sota_low_cost,32,2023-12-18,2.061726,2.589601,2023-12-18,0.2443,-0.74,-0.031874,0.708126,21.09375,0.05,2.0,3.0,1.0
solusdt,4h,sac,solusdt_4h_sota_low_cost_all_available_sac_fine_tune_recent_window_m3_base3y__oracle_bc_transfer_e5_v1,,sota_low_cost,13,2023-12-18,1.145705,1.828256,2023-12-18,0.243271,-0.12992,0.227134,0.357054,4.615385,0.05,2.0,3.0,1.0
ethusdt,4h,sac,ethusdt_4h_kitchen_sink_guarded_exec_annual_4y_2022val_2023test_rap_sac_annual_fyv2022_fyt2023_scratch_4y_testyear_rap_l1p0_rv0p1_risk_adjusted_reward_phase7_v3,risk_adjusted_reward_phase7_v3,kitchen_sink_guarded,26,2023-12-25,1.06177,1.224507,2023-07-24,0.242403,-0.081942,0.193596,0.275538,2.576923,0.1,2.0,3.0,1.0
solusdt,4h,sac,solusdt_4h_kitchen_sink_guarded_all_available_sac_warm_start_chain_1y__oracle_bc_transfer_e1_v1,,kitchen_sink_guarded,32,2023-12-18,2.116935,2.441448,2023-12-25,0.241483,-0.472845,0.024012,0.496857,10.875,0.05,2.0,3.0,1.0
solusdt,4h,sac,solusdt_4h_kitchen_sink_guarded_all_available_sac_warm_start_chain_1y__oracle_bc_transfer_e2_v1,,kitchen_sink_guarded,32,2023-11-06,2.459691,3.168427,2023-11-20,0.238016,-0.346852,0.13329,0.480141,10.5,0.05,2.0,3.0,1.0
ethusdt,4h,sac,ethusdt_4h_kitchen_sink_guarded_exec_annual_4y_2022val_2023test_rap_sac_annual_fyv2022_fyt2023_fine_tune_recent_window_m12_base4y_testyear_control_rv0p05_sl2_tp3_sltp_risk_geometry_phase8_v3,sltp_risk_geometry_phase8_v3,kitchen_sink_guarded,8,2023-01-09,0.661727,0.708224,2023-01-23,0.237845,0.069997,0.162979,0.185963,2.625,0.05,2.0,3.0,0.5
ethusdt,4h,sac,ethusdt_4h_kitchen_sink_guarded_exec_annual_4y_2022val_2023test_rap_sac_annual_fyv2022_fyt2023_fine_tune_recent_window_m12_base4y_testyear_rap_l0p5_rv0p05_risk_adjusted_reward_phase7_v3,risk_adjusted_reward_phase7_v3,kitchen_sink_guarded,10,2023-01-09,0.661727,0.708224,2023-01-23,0.237845,0.036947,0.126496,0.179098,2.3,0.05,2.0,3.0,0.5
ethusdt,4h,sac,ethusdt_4h_kitchen_sink_guarded_exec_annual_4y_2022val_2023test_rap_sac_annual_fyv2022_fyt2023_scratch_4y_testyear_rap_l0p5_rv0p05_risk_adjusted_reward_phase7_v3,risk_adjusted_reward_phase7_v3,kitchen_sink_guarded,52,2023-01-09,0.661727,0.708224,2023-01-23,0.237845,-0.071113,0.02485,0.191927,2.538462,0.05,2.0,3.0,0.5
bnbusdt,1h,sac,bnbusdt_1h_kitchen_sink_guarded_exec_annual_diversity_survey_fast40k_v2_sac_annual_fyv2022_fyt2023_scratch_1y,annual_diversity_survey_fast40k_v2,kitchen_sink_guarded,52,2023-06-05,0.996117,1.175656,2023-06-05,0.228896,-0.262991,0.006649,0.53928,14.730769,0.1,1.5,2.0,0.5
ethusdt,4h,sac,ethusdt_4h_sota_low_cost_plus_event_engineered_v1_sac_warm_start_chain_1y,,sota_low_cost_plus_event_engineered_v1,16,2023-11-27,0.898406,1.440003,2023-11-06,0.224451,-0.187564,0.379464,0.567027,1.3125,0.05,2.0,3.0,1.0
ethusdt,4h,sac,ethusdt_4h_sota_low_cost_plus_event_engineered_v1_sac_scratch_1y,,sota_low_cost_plus_event_engineered_v1,32,2023-11-27,0.898406,1.440003,2023-11-06,0.224451,-0.189989,0.17912,0.369109,1.875,0.05,2.0,3.0,1.0
ethusdt,4h,sac,ethusdt_4h_kitchen_sink_guarded_exec_annual_4y_2022val_2023test_rap_sac_annual_fyv2022_fyt2023_scratch_4y_valyear_seed20_adaptive_top_seed_extension_seed20_v1,adaptive_top_seed_extension_seed20_v1,kitchen_sink_guarded,40,2022-06-06,0.899322,1.06458,2022-06-06,0.21719,-0.190827,0.091174,0.282001,2.225,0.05,2.0,3.0,1.0
btcusdt_perp,1h,sac,btcusdt_perp_1h_kitchen_sink_guarded_exec_annual_diversity_survey_v1_sac_annual_fyv2022_fyt2023_scratch_1y,annual_diversity_survey_v1,kitchen_sink_guarded,29,2023-04-10,0.749044,0.848879,2023-05-22,0.209245,-0.345953,-0.076203,0.539498,14.0,0.1,1.5,2.0,0.5
solusdt,4h,sac,solusdt_4h_sota_low_cost_all_available_sac_fine_tune_recent_window_m6_base2y,,sota_low_cost,32,2023-10-16,0.69233,0.943371,2023-09-04,0.205171,-0.372624,0.088427,0.461051,11.1875,0.05,2.0,3.0,1.0
ethusdt,4h,sac,ethusdt_4h_kitchen_sink_guarded_exec_annual_4y_2022val_2023test_rap_sac_annual_fyv2022_fyt2023_scratch_4y_valyear_seed19_adaptive_top_seed_extension_seed19_v1,adaptive_top_seed_extension_seed19_v1,kitchen_sink_guarded,40,2022-07-25,0.808235,0.975757,2022-06-06,0.192704,-0.266092,0.050079,0.316171,2.525,0.05,2.0,3.0,1.0
solusdt,4h,sac,solusdt_4h_kitchen_sink_guarded_all_available_sac_fine_tune_recent_window_m6_base3y__oracle_bc_e2_v1,,kitchen_sink_guarded,10,2023-12-18,1.877067,2.131035,2023-12-18,0.190947,-0.450129,0.08286,0.532988,4.9,0.05,2.0,3.0,1.0
solusdt,1h,sac,solusdt_1h_sota_low_cost_sac_scratch_3y_seed5_asset_preset_broadening_phase5_v1,asset_preset_broadening_phase5_v1,sota_low_cost,12,2023-12-18,1.551384,1.961619,2023-11-13,0.190271,-0.347764,0.3882,0.735964,10.083333,0.05,2.0,3.0,1.0
solusdt,4h,sac,solusdt_4h_crypto_full_all_available_sac_fine_tune_recent_window_m3_base3y,,crypto_full,13,2023-11-13,1.299225,1.549152,2023-11-27,0.189832,-0.520662,-0.01693,0.503733,5.384615,0.05,2.0,3.0,1.0
solusdt,4h,sac,solusdt_4h_kitchen_sink_guarded_all_available_sac_fine_tune_recent_window_m1_base2y,,kitchen_sink_guarded,32,2023-11-06,0.748024,1.162646,2023-11-06,0.187006,-0.195173,0.016033,0.211205,1.71875,0.05,2.0,3.0,1.0
ethusdt,4h,sac,ethusdt_4h_kitchen_sink_guarded_exec_annual_4y_2022val_2023test_rap_sac_annual_fyv2022_fyt2023_fine_tune_recent_window_m12_base4y,full_year_validation_test_phase_v1,kitchen_sink_guarded,104,2022-09-05,0.823342,0.892143,2023-01-09,0.186665,-0.289056,0.016979,0.306035,2.759615,0.05,2.0,3.0,1.0
ethusdt,4h,sac,ethusdt_4h_kitchen_sink_guarded_exec_annual_4y_2022val_2023test_rap_sac_annual_fyv2022_fyt2023_scratch_4y_testyear_fixed_rv0p05_sl1p5_tp2_sltp_risk_geometry_phase8_v3,sltp_risk_geometry_phase8_v3,kitchen_sink_guarded,52,2023-01-09,0.620488,0.687635,2023-01-23,0.18296,-0.067185,0.029979,0.194329,3.403846,0.05,1.5,2.0,0.5
solusdt,1h,sac,solusdt_1h_tech_stat_decomp_sac_fine_tune_recent_window_m3_base3y_seed5_asset_preset_broadening_phase5_v1,asset_preset_broadening_phase5_v1,tech_stat_decomp,12,2023-11-06,0.820823,2.059096,2023-11-13,0.179383,-0.577803,0.353431,0.931233,18.0,0.05,2.0,3.0,1.0
ethusdt,4h,sac,ethusdt_4h_sota_low_cost_sac_warm_start_chain_3y,,sota_low_cost,19,2023-11-06,0.82213,1.571026,2023-11-06,0.17835,-0.23469,0.134232,0.368922,2.0,0.05,2.0,3.0,1.0
ethusdt,4h,sac,ethusdt_4h_kitchen_sink_guarded_exec_annual_4y_2022val_2023test_rap_sac_annual_fyv2022_fyt2023_fine_tune_recent_window_m12_base4y_testyear_fixed_rv0p05_sl1p5_tp2_sltp_risk_geometry_phase8_v3,sltp_risk_geometry_phase8_v3,kitchen_sink_guarded,12,2023-01-09,0.620488,0.687635,2023-01-23,0.175693,-0.039622,0.057348,0.19394,3.333333,0.05,1.5,2.0,0.5
solusdt,1h,sac,solusdt_1h_kitchen_sink_guarded_sac_scratch_3y_seed5_asset_preset_broadening_phase5_v1,asset_preset_broadening_phase5_v1,kitchen_sink_guarded,12,2023-12-18,1.544831,1.955066,2023-12-18,0.174099,-0.439739,0.314415,0.754154,8.75,0.05,2.0,3.0,1.0
ethusdt,4h,sac,ethusdt_4h_kitchen_sink_guarded_exec_annual_4y_2022val_2023test_rap_sac_annual_fyv2022_fyt2023_scratch_4y,full_year_validation_test_phase_v1,kitchen_sink_guarded,104,2022-06-06,0.700384,0.954092,2023-01-09,0.172853,-0.246749,0.033077,0.279825,2.519231,0.05,2.0,3.0,1.0
ethusdt,4h,sac,ethusdt_4h_kitchen_sink_guarded_exec_annual_4y_2022val_2023test_rap_sac_annual_fyv2022_fyt2023_fine_tune_recent_window_m12_base4y_valyear_rap_l0p25_rv0p05_risk_adjusted_reward_phase7_v3,risk_adjusted_reward_phase7_v3,kitchen_sink_guarded,7,2022-01-31,1.195555,1.219852,2022-01-31,0.168387,-0.122335,0.009157,0.525965,5.285714,0.05,2.0,3.0,0.25
ethusdt,4h,sac,ethusdt_4h_kitchen_sink_guarded_exec_annual_4y_2022val_2023test_rap_sac_annual_fyv2022_fyt2023_scratch_4y_valyear_seed18_adaptive_top_seed_extension_seed18_v1,adaptive_top_seed_extension_seed18_v1,kitchen_sink_guarded,40,2022-06-06,0.801378,1.003303,2022-08-08,0.163466,-0.31268,0.020877,0.333557,2.875,0.05,2.0,3.0,1.0
ethusdt,4h,sac,ethusdt_4h_kitchen_sink_guarded_exec_annual_4y_2022val_2023test_rap_sac_annual_fyv2022_fyt2023_fine_tune_recent_window_m12_base4y_testyear_fixed_rv0p10_sl1p5_tp2_sltp_risk_geometry_phase8_v3,sltp_risk_geometry_phase8_v3,kitchen_sink_guarded,5,2023-01-09,1.24375,1.377987,2023-07-03,0.1501,0.133071,0.317151,0.36816,4.4,0.1,1.5,2.0,0.5
solusdt,4h,sac,solusdt_4h_crypto_full_all_available_sac_warm_start_chain_1y,,crypto_full,32,2023-12-11,0.804995,1.237825,2023-12-11,0.149847,-0.455681,0.029269,0.484949,10.0625,0.05,2.0,3.0,1.0
btcusdt,1h,sac,btcusdt_1h_kitchen_sink_guarded_sac_warm_start_chain_3y_seed5_asset_preset_broadening_phase5_v1,asset_preset_broadening_phase5_v1,kitchen_sink_guarded,5,2023-10-23,0.345401,0.525287,2023-11-06,0.148799,0.073023,0.233543,0.160519,5.8,0.05,2.0,3.0,1.0
btcusdt,1h,sac,btcusdt_1h_sota_low_cost_sac_warm_start_chain_3y_seed5_asset_preset_broadening_phase5_v1,asset_preset_broadening_phase5_v1,sota_low_cost,5,2023-10-23,0.345401,0.525287,2023-11-06,0.148799,0.073023,0.233543,0.160519,5.8,0.05,2.0,3.0,1.0
btcusdt,1h,sac,btcusdt_1h_crypto_full_sac_fine_tune_recent_window_m3_base3y_seed5_asset_preset_broadening_phase5_v1,asset_preset_broadening_phase5_v1,crypto_full,12,2023-10-23,0.345401,0.525287,2023-11-06,0.148799,-0.070845,0.124108,0.194953,8.0,0.05,2.0,3.0,1.0
btcusdt,1h,sac,btcusdt_1h_crypto_full_sac_fine_tune_recent_window_m6_base3y_seed5_asset_preset_broadening_phase5_v1,asset_preset_broadening_phase5_v1,crypto_full,12,2023-10-23,0.345401,0.525287,2023-11-06,0.148799,-0.070845,0.124108,0.194953,8.0,0.05,2.0,3.0,1.0
btcusdt,1h,sac,btcusdt_1h_crypto_full_sac_scratch_1y_seed5_asset_preset_broadening_phase5_v1,asset_preset_broadening_phase5_v1,crypto_full,12,2023-10-23,0.345401,0.525287,2023-11-06,0.148799,-0.070845,0.124108,0.194953,8.0,0.05,2.0,3.0,1.0
btcusdt,1h,sac,btcusdt_1h_crypto_full_sac_scratch_3y_seed5_asset_preset_broadening_phase5_v1,asset_preset_broadening_phase5_v1,crypto_full,12,2023-10-23,0.345401,0.525287,2023-11-06,0.148799,-0.070845,0.124108,0.194953,8.0,0.05,2.0,3.0,1.0
btcusdt,1h,sac,btcusdt_1h_crypto_full_sac_warm_start_chain_1y_seed5_asset_preset_broadening_phase5_v1,asset_preset_broadening_phase5_v1,crypto_full,12,2023-10-23,0.345401,0.525287,2023-11-06,0.148799,-0.070845,0.124108,0.194953,8.0,0.05,2.0,3.0,1.0
btcusdt,1h,sac,btcusdt_1h_crypto_full_sac_warm_start_chain_3y_seed5_asset_preset_broadening_phase5_v1,asset_preset_broadening_phase5_v1,crypto_full,12,2023-10-23,0.345401,0.525287,2023-11-06,0.148799,-0.070845,0.124108,0.194953,8.0,0.05,2.0,3.0,1.0
btcusdt,1h,sac,btcusdt_1h_kitchen_sink_guarded_sac_scratch_1y_seed5_asset_preset_broadening_phase5_v1,asset_preset_broadening_phase5_v1,kitchen_sink_guarded,12,2023-10-23,0.345401,0.525287,2023-11-06,0.148799,-0.070845,0.124108,0.194953,8.0,0.05,2.0,3.0,1.0
btcusdt,1h,sac,btcusdt_1h_kitchen_sink_guarded_sac_scratch_3y_seed5_asset_preset_broadening_phase5_v1,asset_preset_broadening_phase5_v1,kitchen_sink_guarded,12,2023-10-23,0.345401,0.525287,2023-11-06,0.148799,-0.070845,0.124108,0.194953,8.0,0.05,2.0,3.0,1.0
btcusdt,1h,sac,btcusdt_1h_kitchen_sink_guarded_sac_warm_start_chain_1y_seed5_asset_preset_broadening_phase5_v1,asset_preset_broadening_phase5_v1,kitchen_sink_guarded,12,2023-10-23,0.345401,0.525287,2023-11-06,0.148799,-0.070845,0.124108,0.194953,8.0,0.05,2.0,3.0,1.0
btcusdt,1h,sac,btcusdt_1h_sota_low_cost_sac_scratch_1y_seed5_asset_preset_broadening_phase5_v1,asset_preset_broadening_phase5_v1,sota_low_cost,12,2023-10-23,0.345401,0.525287,2023-11-06,0.148799,-0.070845,0.124108,0.194953,8.0,0.05,2.0,3.0,1.0
btcusdt,1h,sac,btcusdt_1h_sota_low_cost_sac_scratch_3y_seed5_asset_preset_broadening_phase5_v1,asset_preset_broadening_phase5_v1,sota_low_cost,12,2023-10-23,0.345401,0.525287,2023-11-06,0.148799,-0.070845,0.124108,0.194953,8.0,0.05,2.0,3.0,1.0
btcusdt,1h,sac,btcusdt_1h_sota_low_cost_sac_warm_start_chain_1y_seed5_asset_preset_broadening_phase5_v1,asset_preset_broadening_phase5_v1,sota_low_cost,12,2023-10-23,0.345401,0.525287,2023-11-06,0.148799,-0.070845,0.124108,0.194953,8.0,0.05,2.0,3.0,1.0
btcusdt,1h,sac,btcusdt_1h_tech_stat_decomp_sac_fine_tune_recent_window_m3_base3y_seed5_asset_preset_broadening_phase5_v1,asset_preset_broadening_phase5_v1,tech_stat_decomp,12,2023-10-23,0.345401,0.525287,2023-11-06,0.148799,-0.070845,0.124108,0.194953,8.0,0.05,2.0,3.0,1.0
btcusdt,1h,sac,btcusdt_1h_tech_stat_decomp_sac_fine_tune_recent_window_m6_base3y_seed5_asset_preset_broadening_phase5_v1,asset_preset_broadening_phase5_v1,tech_stat_decomp,12,2023-10-23,0.345401,0.525287,2023-11-06,0.148799,-0.070845,0.124108,0.194953,8.0,0.05,2.0,3.0,1.0
btcusdt,1h,sac,btcusdt_1h_tech_stat_decomp_sac_scratch_1y_seed5_asset_preset_broadening_phase5_v1,asset_preset_broadening_phase5_v1,tech_stat_decomp,12,2023-10-23,0.345401,0.525287,2023-11-06,0.148799,-0.070845,0.124108,0.194953,8.0,0.05,2.0,3.0,1.0
btcusdt,1h,sac,btcusdt_1h_tech_stat_decomp_sac_scratch_3y_seed5_asset_preset_broadening_phase5_v1,asset_preset_broadening_phase5_v1,tech_stat_decomp,12,2023-10-23,0.345401,0.525287,2023-11-06,0.148799,-0.070845,0.124108,0.194953,8.0,0.05,2.0,3.0,1.0
btcusdt,1h,sac,btcusdt_1h_tech_stat_decomp_sac_warm_start_chain_1y_seed5_asset_preset_broadening_phase5_v1,asset_preset_broadening_phase5_v1,tech_stat_decomp,12,2023-10-23,0.345401,0.525287,2023-11-06,0.148799,-0.070845,0.124108,0.194953,8.0,0.05,2.0,3.0,1.0
btcusdt,1h,sac,btcusdt_1h_tech_stat_decomp_sac_warm_start_chain_3y_seed5_asset_preset_broadening_phase5_v1,asset_preset_broadening_phase5_v1,tech_stat_decomp,12,2023-10-23,0.345401,0.525287,2023-11-06,0.148799,-0.070845,0.124108,0.194953,8.0,0.05,2.0,3.0,1.0
solusdt,4h,sac,solusdt_4h_sota_low_cost_sac_fine_tune_recent_window_m6_base1y_seed5_asset_preset_broadening_phase5_v1,asset_preset_broadening_phase5_v1,sota_low_cost,8,2023-08-28,0.531804,0.605903,2023-09-18,0.146704,-0.139229,0.164968,0.304198,10.375,0.05,2.0,3.0,1.0
solusdt,4h,sac,solusdt_4h_sota_low_cost_all_available_sac_fine_tune_recent_window_m3_base2y,,sota_low_cost,32,2023-12-18,1.573317,1.935937,2023-09-04,0.146289,-0.357339,0.021056,0.378394,6.75,0.05,2.0,3.0,1.0
ethusdt,4h,sac,ethusdt_4h_kitchen_sink_guarded_exec_annual_4y_2022val_2023test_rap_sac_annual_fyv2022_fyt2023_fine_tune_recent_window_m12_base4y_testyear_fixed_rv0p05_sl1p25_tp1p25_sltp_risk_geometry_phase8_v3,sltp_risk_geometry_phase8_v3,kitchen_sink_guarded,9,2023-01-09,0.476146,0.546049,2023-01-30,0.145143,-0.013938,0.069939,0.167754,4.666667,0.05,1.25,1.25,0.5
solusdt,1h,sac,solusdt_1h_tech_stat_decomp_sac_warm_start_chain_1y_seed5_asset_preset_broadening_phase5_v1,asset_preset_broadening_phase5_v1,tech_stat_decomp,8,2023-10-30,0.844864,1.49405,2023-11-13,0.141017,-0.336812,0.396878,0.73369,17.25,0.05,2.0,3.0,1.0
solusdt,1h,sac,solusdt_1h_tech_stat_decomp_sac_warm_start_chain_3y_seed5_asset_preset_broadening_phase5_v1,asset_preset_broadening_phase5_v1,tech_stat_decomp,12,2023-11-06,1.724263,2.250153,2023-12-18,0.138746,-0.439657,0.333898,0.773555,11.0,0.05,2.0,3.0,1.0
solusdt,4h,sac,solusdt_4h_sota_low_cost_all_available_sac_fine_tune_recent_window_m12_base1y,,sota_low_cost,32,2023-10-16,1.179971,1.319629,2023-10-23,0.13593,-0.407711,0.033956,0.441667,11.5625,0.05,2.0,3.0,1.0
btcusdt_perp,4h,sac,btcusdt_perp_4h_kitchen_sink_guarded_exec_annual_diversity_survey_v1_sac_annual_fyv2022_fyt2023_scratch_1y,annual_diversity_survey_v1,kitchen_sink_guarded,37,2023-03-13,1.003294,1.128852,2023-03-27,0.133708,-0.299294,-0.072739,0.45311,3.540541,0.1,1.5,2.0,0.5
ethusdt,4h,sac,ethusdt_4h_kitchen_sink_guarded_exec_annual_4y_2022val_2023test_rap_sac_annual_fyv2022_fyt2023_fine_tune_recent_window_m12_base4y_valyear_rap_l1p0_rv0p075_risk_adjusted_reward_phase7_v3,risk_adjusted_reward_phase7_v3,kitchen_sink_guarded,5,2022-07-11,0.618914,1.075999,2023-01-02,0.130134,-0.135303,0.312059,0.447362,5.2,0.075,2.0,3.0,1.0
btcusdt,4h,sac,btcusdt_4h_crypto_full_sac_scratch_1y_seed5_asset_preset_broadening_phase5_v1,asset_preset_broadening_phase5_v1,crypto_full,20,2023-09-25,0.331209,0.385119,2023-10-16,0.129365,-0.097247,0.057941,0.155188,2.2,0.05,2.0,3.0,1.0
btcusdt,4h,sac,btcusdt_4h_crypto_full_sac_scratch_3y_seed5_asset_preset_broadening_phase5_v1,asset_preset_broadening_phase5_v1,crypto_full,20,2023-09-25,0.331209,0.385119,2023-10-16,0.129365,-0.097247,0.057941,0.155188,2.2,0.05,2.0,3.0,1.0
btcusdt,4h,sac,btcusdt_4h_kitchen_sink_guarded_sac_scratch_1y_seed5_asset_preset_broadening_phase5_v1,asset_preset_broadening_phase5_v1,kitchen_sink_guarded,20,2023-09-25,0.331209,0.385119,2023-10-16,0.129365,-0.097247,0.057941,0.155188,2.2,0.05,2.0,3.0,1.0
btcusdt,4h,sac,btcusdt_4h_kitchen_sink_guarded_sac_scratch_3y_seed5_asset_preset_broadening_phase5_v1,asset_preset_broadening_phase5_v1,kitchen_sink_guarded,20,2023-09-25,0.331209,0.385119,2023-10-16,0.129365,-0.097247,0.057941,0.155188,2.2,0.05,2.0,3.0,1.0
btcusdt,4h,sac,btcusdt_4h_sota_low_cost_sac_scratch_1y_seed5_asset_preset_broadening_phase5_v1,asset_preset_broadening_phase5_v1,sota_low_cost,20,2023-09-25,0.331209,0.385119,2023-10-16,0.129365,-0.097247,0.057941,0.155188,2.2,0.05,2.0,3.0,1.0
btcusdt,4h,sac,btcusdt_4h_sota_low_cost_sac_scratch_3y_seed5_asset_preset_broadening_phase5_v1,asset_preset_broadening_phase5_v1,sota_low_cost,20,2023-09-25,0.331209,0.385119,2023-10-16,0.129365,-0.097247,0.057941,0.155188,2.2,0.05,2.0,3.0,1.0
btcusdt,4h,sac,btcusdt_4h_tech_stat_decomp_sac_scratch_1y_seed5_asset_preset_broadening_phase5_v1,asset_preset_broadening_phase5_v1,tech_stat_decomp,20,2023-09-25,0.331209,0.385119,2023-10-16,0.129365,-0.097247,0.057941,0.155188,2.2,0.05,2.0,3.0,1.0
btcusdt,4h,sac,btcusdt_4h_tech_stat_decomp_sac_scratch_3y_seed5_asset_preset_broadening_phase5_v1,asset_preset_broadening_phase5_v1,tech_stat_decomp,20,2023-09-25,0.331209,0.385119,2023-10-16,0.129365,-0.097247,0.057941,0.155188,2.2,0.05,2.0,3.0,1.0
solusdt,4h,sac,solusdt_4h_crypto_full_sac_warm_start_chain_1y_seed5_asset_preset_broadening_phase5_v1,asset_preset_broadening_phase5_v1,crypto_full,20,2023-12-18,1.420789,2.094726,2023-11-27,0.127056,-0.131894,0.301466,0.43336,10.4,0.05,2.0,3.0,1.0
solusdt,4h,sac,solusdt_4h_kitchen_sink_guarded_all_available_sac_warm_start_chain_2y,,kitchen_sink_guarded,32,2023-11-06,2.051197,2.457506,2023-11-27,0.117939,-0.509562,0.000718,0.51028,5.0,0.05,2.0,3.0,1.0
btcusdt,4h,sac,btcusdt_4h_sota_low_cost_all_available_sac_scratch_1y,,sota_low_cost,32,2023-09-25,0.331209,0.385119,2023-08-28,0.116611,-0.21738,-0.035503,0.181877,2.4375,0.05,2.0,3.0,1.0
xrpusdt,4h,sac,xrpusdt_4h_sota_low_cost_all_available_sac_warm_start_chain_1y,,sota_low_cost,32,2023-07-10,0.563456,0.597339,2023-07-10,0.114711,-0.013361,0.019079,0.03244,5.71875,0.05,2.0,3.0,1.0
solusdt,4h,sac,solusdt_4h_kitchen_sink_guarded_all_available_sac_fine_tune_recent_window_m6_base3y_oracle_bc_pretrain_v1_oracle_bc_e5_oracle_bc_followup_phase6_v1,oracle_bc_followup_phase6_v1,kitchen_sink_guarded,10,2023-11-06,2.219948,2.580712,2023-11-27,0.113651,-0.239495,0.32724,0.566735,9.2,0.05,2.0,3.0,1.0
solusdt,4h,sac,solusdt_4h_tech_stat_decomp_sac_warm_start_chain_1y_seed5_asset_preset_broadening_phase5_v1,asset_preset_broadening_phase5_v1,tech_stat_decomp,20,2023-12-18,1.753204,2.072242,2023-12-18,0.11013,-0.30235,0.152195,0.454546,9.1,0.05,2.0,3.0,1.0
ethusdt,15m,sac,ethusdt_15m_kitchen_sink_guarded_exec_annual_diversity_survey_fast40k_v2_sac_annual_fyv2022_fyt2023_scratch_1y,annual_diversity_survey_fast40k_v2,kitchen_sink_guarded,52,2023-01-09,1.056072,1.280942,2023-01-23,0.10968,-0.502496,-0.168888,0.667216,67.634615,0.1,1.5,2.0,0.5
btcusdt,4h,sac,btcusdt_4h_sota_low_cost_all_available_sac_warm_start_chain_1y,,sota_low_cost,32,2023-08-14,0.330146,0.389399,2023-08-28,0.109654,-0.215324,-0.042097,0.173226,2.28125,0.05,2.0,3.0,1.0
ethusdt_perp,15m,sac,ethusdt_perp_15m_kitchen_sink_guarded_exec_annual_diversity_survey_fast40k_v2_sac_annual_fyv2022_fyt2023_scratch_1y,annual_diversity_survey_fast40k_v2,kitchen_sink_guarded,52,2023-01-09,1.21291,1.415171,2023-11-06,0.109618,-0.550391,-0.199992,0.700797,59.461538,0.1,1.5,2.0,0.5
bnbusdt,4h,sac,bnbusdt_4h_sota_low_cost_all_available_sac_warm_start_chain_1y,,sota_low_cost,32,2023-08-14,0.326538,0.42271,2023-08-28,0.107646,-0.130821,0.024987,0.155808,1.8125,0.05,2.0,3.0,1.0
ethusdt,4h,sac,ethusdt_4h_sota_low_cost_plus_event_engineered_v1_exec_event_no_trade_overlay_v1_sac_warm_start_chain_3y,,sota_low_cost_plus_event_engineered_v1,16,2023-12-04,0.199216,0.273302,2023-12-11,0.104645,-0.155909,0.024021,0.17993,2.125,0.05,2.0,3.0,1.0
bnbusdt,4h,sac,bnbusdt_4h_sota_low_cost_all_available_sac_scratch_1y,,sota_low_cost,32,2023-08-14,0.326538,0.42271,2023-08-28,0.103492,-0.211024,-0.028049,0.182975,1.84375,0.05,2.0,3.0,1.0
bnbusdt,1h,sac,bnbusdt_1h_kitchen_sink_guarded_exec_annual_diversity_survey_v1_sac_annual_fyv2022_fyt2023_scratch_1y,annual_diversity_survey_v1,kitchen_sink_guarded,29,2023-12-18,1.008353,1.189632,2023-12-25,0.101297,-0.282137,-0.023856,0.516562,13.172414,0.1,1.5,2.0,0.5
bnbusdt,4h,sac,bnbusdt_4h_sota_low_cost_sac_fine_tune_recent_window_m3_base3y_seed5_asset_preset_broadening_phase5_v1,asset_preset_broadening_phase5_v1,sota_low_cost,20,2023-08-14,0.326538,0.42271,2023-09-04,0.098491,-0.192319,-0.015993,0.176326,4.5,0.05,2.0,3.0,1.0
bnbusdt,4h,sac,bnbusdt_4h_sota_low_cost_sac_fine_tune_recent_window_m6_base3y_seed5_asset_preset_broadening_phase5_v1,asset_preset_broadening_phase5_v1,sota_low_cost,20,2023-08-14,0.326538,0.42271,2023-09-04,0.098491,-0.252863,-0.047608,0.205255,2.65,0.05,2.0,3.0,1.0
gbpjpy,4h,sac,gbpjpy_4h_fx_full_exec_annual_diversity_survey_v1_sac_annual_fyv2022_fyt2023_scratch_1y,annual_diversity_survey_v1,fx_full,41,2023-05-22,0.136954,0.156082,2023-06-19,0.097925,-0.039348,0.003363,0.085422,2.731707,0.1,1.5,2.0,0.5
btcusdt,4h,sac,btcusdt_4h_kitchen_sink_guarded_exec_annual_diversity_survey_v1_sac_annual_fyv2022_fyt2023_scratch_1y,annual_diversity_survey_v1,kitchen_sink_guarded,37,2023-03-13,0.978668,1.101465,2023-03-27,0.097746,-0.298913,-0.078004,0.441818,3.459459,0.1,1.5,2.0,0.5
bnbusdt,4h,sac,bnbusdt_4h_kitchen_sink_guarded_sac_scratch_1y_seed5_asset_preset_broadening_phase5_v1,asset_preset_broadening_phase5_v1,kitchen_sink_guarded,20,2023-08-14,0.326538,0.42271,2023-09-04,0.094311,-0.155765,0.015085,0.17085,1.75,0.05,2.0,3.0,1.0
solusdt,4h,sac,solusdt_4h_kitchen_sink_guarded_all_available_sac_fine_tune_recent_window_m3_base2y,,kitchen_sink_guarded,32,2023-11-06,0.988553,1.554861,2023-10-02,0.094234,-0.317981,0.068884,0.386865,7.21875,0.05,2.0,3.0,1.0
solusdt,4h,sac,solusdt_4h_crypto_full_all_available_sac_fine_tune_recent_window_m12_base3y,,crypto_full,10,2023-11-06,0.799536,1.351118,2023-11-27,0.09048,-0.5401,-0.040986,0.499114,7.0,0.05,2.0,3.0,1.0
ethusdt,1h,sac,ethusdt_1h_sota_low_cost_sac_fine_tune_recent_window_m6_base3y_seed5_asset_preset_broadening_phase5_v1,asset_preset_broadening_phase5_v1,sota_low_cost,5,2023-10-23,0.818024,0.96197,2023-11-06,0.089627,-0.013536,0.190437,0.203973,9.2,0.05,2.0,3.0,1.0
ethusdt,15m,sac,ethusdt_15m_kitchen_sink_guarded_exec_annual_diversity_survey_v1_sac_annual_fyv2022_fyt2023_scratch_1y,annual_diversity_survey_v1,kitchen_sink_guarded,29,2023-01-09,1.056072,1.280942,2023-02-06,0.088468,-0.443417,-0.114549,0.657736,68.586207,0.1,1.5,2.0,0.5
ethusdt,4h,sac,ethusdt_4h_sota_low_cost_sac_warm_start_chain_3y_seed1_eventctx_seed_robustness_phase2_v1,event_context_seed_robustness_phase2_v1,sota_low_cost,16,2023-11-27,0.21473,0.285714,2023-12-11,0.088378,-0.181631,0.014448,0.196079,2.09375,0.05,2.0,3.0,1.0
solusdt,4h,sac,solusdt_4h_crypto_full_sac_fine_tune_recent_window_m6_base1y_seed5_asset_preset_broadening_phase5_v1,asset_preset_broadening_phase5_v1,crypto_full,8,2023-09-25,0.782859,0.931649,2023-10-02,0.086264,-0.202732,0.08626,0.288992,11.25,0.05,2.0,3.0,1.0
solusdt,4h,sac,solusdt_4h_sota_low_cost_all_available_sac_fine_tune_recent_window_m6_base3y,,sota_low_cost,13,2023-11-06,0.748024,1.162646,2023-11-06,0.086005,-0.264107,0.191839,0.455946,2.615385,0.05,2.0,3.0,1.0
solusdt,4h,sac,solusdt_4h_sota_low_cost_all_available_sac_fine_tune_recent_window_m12_base2y,,sota_low_cost,32,2023-12-18,1.511994,2.148128,2023-10-02,0.084231,-0.463086,0.05208,0.515167,10.25,0.05,2.0,3.0,1.0
solusdt,4h,sac,solusdt_4h_kitchen_sink_guarded_all_available_sac_fine_tune_recent_window_m6_base3y__oracle_bc_e5_v1,,kitchen_sink_guarded,10,2023-12-18,1.981346,2.741648,2023-12-18,0.083145,-0.536034,0.171835,0.70787,7.7,0.05,2.0,3.0,1.0
solusdt,4h,sac,solusdt_4h_kitchen_sink_guarded_all_available_sac_fine_tune_recent_window_m12_base3y,,kitchen_sink_guarded,10,2023-11-27,0.11839,0.247818,2023-12-11,0.081455,-0.552143,0.044639,0.596782,6.6,0.05,2.0,3.0,1.0
solusdt,4h,sac,solusdt_4h_crypto_full_all_available_sac_fine_tune_recent_window_m3_base2y,,crypto_full,32,2023-11-06,2.525687,2.900248,2023-11-06,0.078427,-0.559265,-0.084012,0.475252,9.28125,0.05,2.0,3.0,1.0
btcusdt,4h,sac,btcusdt_4h_sota_low_cost_sac_warm_start_chain_4y,,sota_low_cost,8,2023-11-06,0.244024,0.33965,2023-11-27,0.078105,-0.053711,0.104101,0.157812,2.0,0.05,2.0,3.0,1.0
btcusdt,4h,sac,btcusdt_4h_sota_low_cost_sac_scratch_4y,,sota_low_cost,8,2023-11-06,0.244024,0.33965,2023-11-27,0.078105,-0.074066,0.092207,0.166273,2.125,0.05,2.0,3.0,1.0
solusdt,4h,sac,solusdt_4h_sota_low_cost_all_available_sac_fine_tune_recent_window_m1_base2y,,sota_low_cost,32,2023-12-18,0.802863,1.49668,2023-07-03,0.07742,-0.09195,0.057306,0.149257,2.1875,0.05,2.0,3.0,1.0
solusdt,4h,sac,solusdt_4h_sota_low_cost_all_available_sac_fine_tune_recent_window_m1_base3y,,sota_low_cost,13,2023-11-06,0.748024,1.162646,2023-12-18,0.077083,-0.080548,0.227748,0.308297,1.307692,0.05,2.0,3.0,1.0
ethusdt_perp,1h,sac,ethusdt_perp_1h_kitchen_sink_guarded_exec_annual_diversity_survey_v1_sac_annual_fyv2022_fyt2023_scratch_1y,annual_diversity_survey_v1,kitchen_sink_guarded,29,2023-04-10,0.830303,1.013068,2023-05-22,0.075689,-0.252348,0.032373,0.569442,16.413793,0.1,1.5,2.0,0.5
solusdt,4h,sac,solusdt_4h_sota_low_cost_all_available_sac_fine_tune_recent_window_m3_base3y__oracle_bc_transfer_e2_v1,,sota_low_cost,13,2023-12-25,0.872125,0.997005,2023-11-27,0.075648,-0.133334,0.253181,0.386515,3.538462,0.05,2.0,3.0,1.0
ethusdt,4h,sac,ethusdt_4h_sota_low_cost_sac_warm_start_chain_3y_seed2_eventctx_seed_robustness_phase2_v1,event_context_seed_robustness_phase2_v1,sota_low_cost,16,2023-11-27,0.21473,0.285714,2023-12-11,0.074229,-0.161627,0.04741,0.209037,2.75,0.05,2.0,3.0,1.0
ethusdt,4h,sac,ethusdt_4h_sota_low_cost_plus_event_engineered_v1_sac_scratch_3y_seed7_event_token_transformer_phase_next_v1,event_token_transformer_phase_next_v1,sota_low_cost_plus_event_engineered_v1,16,2023-11-27,0.21473,0.285714,2023-12-11,0.073542,-0.179163,0.035997,0.21516,2.4375,0.05,2.0,3.0,1.0
ethusdt,4h,sac,ethusdt_4h_sota_low_cost_plus_event_engineered_v1_sac_warm_start_chain_1y__oracle_bc_transfer_e1_v1,,sota_low_cost_plus_event_engineered_v1,16,2023-09-25,0.319412,0.419675,2023-12-11,0.07312,-0.033745,0.136499,0.170244,2.125,0.05,2.0,3.0,1.0
ethusdt,4h,sac,ethusdt_4h_sota_low_cost_plus_event_engineered_v1_sac_warm_start_chain_1y__oracle_bc_transfer_e2_v1,,sota_low_cost_plus_event_engineered_v1,16,2023-09-25,0.319412,0.419675,2023-12-11,0.07312,-0.033745,0.136499,0.170244,2.125,0.05,2.0,3.0,1.0
ethusdt,4h,sac,ethusdt_4h_sota_low_cost_plus_event_engineered_v1_sac_warm_start_chain_1y__oracle_bc_transfer_e5_v1,,sota_low_cost_plus_event_engineered_v1,16,2023-09-25,0.319412,0.419675,2023-12-11,0.07312,-0.033745,0.136499,0.170244,2.125,0.05,2.0,3.0,1.0
ethusdt,4h,sac,ethusdt_4h_sota_low_cost_plus_event_engineered_v1_sac_warm_start_chain_1y_seed1_eventctx_seed_robustness_phase2_v1,event_context_seed_robustness_phase2_v1,sota_low_cost_plus_event_engineered_v1,16,2023-09-25,0.319412,0.419675,2023-12-11,0.07312,-0.033745,0.136499,0.170244,2.125,0.05,2.0,3.0,1.0
ethusdt,4h,sac,ethusdt_4h_sota_low_cost_plus_event_engineered_v1_sac_warm_start_chain_1y_seed3_eventctx_seed_robustness_phase2_v1,event_context_seed_robustness_phase2_v1,sota_low_cost_plus_event_engineered_v1,16,2023-09-25,0.319412,0.419675,2023-12-11,0.07312,-0.033745,0.136499,0.170244,2.125,0.05,2.0,3.0,1.0
ethusdt,4h,sac,ethusdt_4h_sota_low_cost_sac_warm_start_chain_1y_seed1_eventctx_seed_robustness_phase2_v1,event_context_seed_robustness_phase2_v1,sota_low_cost,16,2023-09-25,0.319412,0.419675,2023-12-11,0.07312,-0.033745,0.136499,0.170244,2.125,0.05,2.0,3.0,1.0
ethusdt,4h,sac,ethusdt_4h_sota_low_cost_sac_warm_start_chain_1y_seed3_eventctx_seed_robustness_phase2_v1,event_context_seed_robustness_phase2_v1,sota_low_cost,16,2023-09-25,0.319412,0.419675,2023-12-11,0.07312,-0.033745,0.136499,0.170244,2.125,0.05,2.0,3.0,1.0
ethusdt,4h,sac,ethusdt_4h_sota_low_cost_plus_event_engineered_v1_sac_fine_tune_recent_window_m3_base3y_seed6_event_token_embedding_phase4_v1,event_token_embedding_phase4_v1,sota_low_cost_plus_event_engineered_v1,24,2023-09-25,0.319412,0.419675,2023-12-11,0.07312,-0.048706,0.098952,0.147658,2.083333,0.05,2.0,3.0,1.0
ethusdt,4h,sac,ethusdt_4h_sota_low_cost_plus_event_engineered_v1_sac_warm_start_chain_3y_etd14_vd7_td7_seed4_eventctx_metric_window_phase3_v1,eventctx_metric_window_phase3_v1,sota_low_cost_plus_event_engineered_v1,32,2023-09-25,0.319412,0.419675,2023-12-11,0.07312,-0.065163,0.088137,0.1533,2.28125,0.05,2.0,3.0,1.0
ethusdt,4h,sac,ethusdt_4h_sota_low_cost_plus_event_engineered_v1_sac_fine_tune_recent_window_m6_base3y_seed6_event_token_embedding_phase4_v1,event_token_embedding_phase4_v1,sota_low_cost_plus_event_engineered_v1,24,2023-09-25,0.319412,0.419675,2023-12-11,0.07312,-0.068689,0.084267,0.152956,2.0,0.05,2.0,3.0,1.0
ethusdt,4h,sac,ethusdt_4h_sota_low_cost_sac_fine_tune_recent_window_m6_base3y_seed5_asset_preset_broadening_phase5_v1,asset_preset_broadening_phase5_v1,sota_low_cost,20,2023-11-27,0.21473,0.285714,2023-12-11,0.07312,-0.078839,0.100205,0.179044,2.7,0.05,2.0,3.0,1.0
ethusdt,4h,sac,ethusdt_4h_sota_low_cost_plus_event_engineered_v1_sac_warm_start_chain_1y_seed2_eventctx_seed_robustness_phase2_v1,event_context_seed_robustness_phase2_v1,sota_low_cost_plus_event_engineered_v1,16,2023-11-27,0.21473,0.285714,2023-12-11,0.07312,-0.108114,0.085793,0.193908,2.25,0.05,2.0,3.0,1.0
ethusdt,4h,sac,ethusdt_4h_sota_low_cost_sac_warm_start_chain_1y_seed2_eventctx_seed_robustness_phase2_v1,event_context_seed_robustness_phase2_v1,sota_low_cost,16,2023-11-27,0.21473,0.285714,2023-12-11,0.07312,-0.108114,0.085793,0.193908,2.25,0.05,2.0,3.0,1.0
ethusdt,4h,sac,ethusdt_4h_kitchen_sink_guarded_sac_warm_start_chain_3y_seed5_asset_preset_broadening_phase5_v1,asset_preset_broadening_phase5_v1,kitchen_sink_guarded,20,2023-11-27,0.21473,0.285714,2023-12-11,0.07312,-0.109154,0.066784,0.175939,2.15,0.05,2.0,3.0,1.0
ethusdt,4h,sac,ethusdt_4h_sota_low_cost_sac_fine_tune_recent_window_m6_base3y_etd14_vd7_td7_seed4_eventctx_metric_window_phase3_v1,eventctx_metric_window_phase3_v1,sota_low_cost,32,2023-11-27,0.21473,0.285714,2023-12-11,0.07312,-0.112573,0.046936,0.15951,2.15625,0.05,2.0,3.0,1.0
ethusdt,4h,sac,ethusdt_4h_sota_low_cost_plus_event_engineered_v1_sac_fine_tune_recent_window_m12_base1y,,sota_low_cost_plus_event_engineered_v1,32,2023-09-25,0.319412,0.419675,2023-12-11,0.07312,-0.11308,0.057638,0.170718,2.28125,0.05,2.0,3.0,1.0
ethusdt,4h,sac,ethusdt_4h_sota_low_cost_plus_event_engineered_v1_sac_fine_tune_recent_window_m12_base1y_etd14_vd7_td7,,sota_low_cost_plus_event_engineered_v1,32,2023-09-25,0.319412,0.419675,2023-12-11,0.07312,-0.11308,0.057638,0.170718,2.28125,0.05,2.0,3.0,1.0
ethusdt,4h,sac,ethusdt_4h_sota_low_cost_plus_event_engineered_v1_sac_fine_tune_recent_window_m12_base1y_etd28_vd7_td7,,sota_low_cost_plus_event_engineered_v1,32,2023-09-25,0.319412,0.419675,2023-12-11,0.07312,-0.11308,0.057638,0.170718,2.28125,0.05,2.0,3.0,1.0
ethusdt,4h,sac,ethusdt_4h_sota_low_cost_plus_event_engineered_v1_sac_fine_tune_recent_window_m1_base1y,,sota_low_cost_plus_event_engineered_v1,32,2023-09-25,0.319412,0.419675,2023-12-11,0.07312,-0.11308,0.057638,0.170718,2.28125,0.05,2.0,3.0,1.0
ethusdt,4h,sac,ethusdt_4h_sota_low_cost_plus_event_engineered_v1_sac_fine_tune_recent_window_m1_base1y_etd14_vd7_td7,,sota_low_cost_plus_event_engineered_v1,32,2023-09-25,0.319412,0.419675,2023-12-11,0.07312,-0.11308,0.057638,0.170718,2.28125,0.05,2.0,3.0,1.0
ethusdt,4h,sac,ethusdt_4h_sota_low_cost_plus_event_engineered_v1_sac_fine_tune_recent_window_m1_base1y_etd28_vd7_td7,,sota_low_cost_plus_event_engineered_v1,32,2023-09-25,0.319412,0.419675,2023-12-11,0.07312,-0.11308,0.057638,0.170718,2.28125,0.05,2.0,3.0,1.0
ethusdt,4h,sac,ethusdt_4h_sota_low_cost_plus_event_engineered_v1_sac_fine_tune_recent_window_m3_base1y,,sota_low_cost_plus_event_engineered_v1,32,2023-09-25,0.319412,0.419675,2023-12-11,0.07312,-0.11308,0.057638,0.170718,2.28125,0.05,2.0,3.0,1.0
ethusdt,4h,sac,ethusdt_4h_sota_low_cost_plus_event_engineered_v1_sac_fine_tune_recent_window_m3_base1y_etd14_vd7_td7,,sota_low_cost_plus_event_engineered_v1,32,2023-09-25,0.319412,0.419675,2023-12-11,0.07312,-0.11308,0.057638,0.170718,2.28125,0.05,2.0,3.0,1.0
ethusdt,4h,sac,ethusdt_4h_sota_low_cost_plus_event_engineered_v1_sac_fine_tune_recent_window_m3_base1y_etd28_vd7_td7,,sota_low_cost_plus_event_engineered_v1,32,2023-09-25,0.319412,0.419675,2023-12-11,0.07312,-0.11308,0.057638,0.170718,2.28125,0.05,2.0,3.0,1.0
ethusdt,4h,sac,ethusdt_4h_sota_low_cost_plus_event_engineered_v1_sac_fine_tune_recent_window_m6_base1y,,sota_low_cost_plus_event_engineered_v1,32,2023-09-25,0.319412,0.419675,2023-12-11,0.07312,-0.11308,0.057638,0.170718,2.28125,0.05,2.0,3.0,1.0
ethusdt,4h,sac,ethusdt_4h_sota_low_cost_plus_event_engineered_v1_sac_fine_tune_recent_window_m6_base1y_etd14_vd7_td7,,sota_low_cost_plus_event_engineered_v1,32,2023-09-25,0.319412,0.419675,2023-12-11,0.07312,-0.11308,0.057638,0.170718,2.28125,0.05,2.0,3.0,1.0
ethusdt,4h,sac,ethusdt_4h_sota_low_cost_plus_event_engineered_v1_sac_fine_tune_recent_window_m6_base1y_etd28_vd7_td7,,sota_low_cost_plus_event_engineered_v1,32,2023-09-25,0.319412,0.419675,2023-12-11,0.07312,-0.11308,0.057638,0.170718,2.28125,0.05,2.0,3.0,1.0
ethusdt,4h,sac,ethusdt_4h_sota_low_cost_plus_event_engineered_v1_sac_scratch_1y_etd14_vd7_td7,,sota_low_cost_plus_event_engineered_v1,32,2023-09-25,0.319412,0.419675,2023-12-11,0.07312,-0.11308,0.057638,0.170718,2.28125,0.05,2.0,3.0,1.0
ethusdt,4h,sac,ethusdt_4h_sota_low_cost_plus_event_engineered_v1_sac_scratch_1y_etd28_vd7_td7,,sota_low_cost_plus_event_engineered_v1,32,2023-09-25,0.319412,0.419675,2023-12-11,0.07312,-0.11308,0.057638,0.170718,2.28125,0.05,2.0,3.0,1.0
ethusdt,4h,sac,ethusdt_4h_sota_low_cost_plus_event_engineered_v1_sac_scratch_1y_seed1_eventctx_seed_robustness_phase2_v1,event_context_seed_robustness_phase2_v1,sota_low_cost_plus_event_engineered_v1,32,2023-09-25,0.319412,0.419675,2023-12-11,0.07312,-0.11308,0.057638,0.170718,2.28125,0.05,2.0,3.0,1.0
ethusdt,4h,sac,ethusdt_4h_sota_low_cost_plus_event_engineered_v1_sac_scratch_1y_seed3_eventctx_seed_robustness_phase2_v1,event_context_seed_robustness_phase2_v1,sota_low_cost_plus_event_engineered_v1,32,2023-09-25,0.319412,0.419675,2023-12-11,0.07312,-0.11308,0.057638,0.170718,2.28125,0.05,2.0,3.0,1.0
ethusdt,4h,sac,ethusdt_4h_sota_low_cost_plus_event_engineered_v1_sac_warm_start_chain_1y_etd14_vd7_td7,,sota_low_cost_plus_event_engineered_v1,32,2023-09-25,0.319412,0.419675,2023-12-11,0.07312,-0.11308,0.057638,0.170718,2.28125,0.05,2.0,3.0,1.0
ethusdt,4h,sac,ethusdt_4h_sota_low_cost_plus_event_engineered_v1_sac_warm_start_chain_1y_etd28_vd7_td7,,sota_low_cost_plus_event_engineered_v1,32,2023-09-25,0.319412,0.419675,2023-12-11,0.07312,-0.11308,0.057638,0.170718,2.28125,0.05,2.0,3.0,1.0
ethusdt,4h,sac,ethusdt_4h_sota_low_cost_sac_fine_tune_recent_window_m12_base1y,,sota_low_cost,32,2023-09-25,0.319412,0.419675,2023-12-11,0.07312,-0.11308,0.057638,0.170718,2.28125,0.05,2.0,3.0,1.0
ethusdt,4h,sac,ethusdt_4h_sota_low_cost_sac_fine_tune_recent_window_m12_base1y_etd14_vd7_td7,,sota_low_cost,32,2023-09-25,0.319412,0.419675,2023-12-11,0.07312,-0.11308,0.057638,0.170718,2.28125,0.05,2.0,3.0,1.0
ethusdt,4h,sac,ethusdt_4h_sota_low_cost_sac_fine_tune_recent_window_m12_base1y_etd28_vd7_td7,,sota_low_cost,32,2023-09-25,0.319412,0.419675,2023-12-11,0.07312,-0.11308,0.057638,0.170718,2.28125,0.05,2.0,3.0,1.0
ethusdt,4h,sac,ethusdt_4h_sota_low_cost_sac_fine_tune_recent_window_m1_base1y,,sota_low_cost,32,2023-09-25,0.319412,0.419675,2023-12-11,0.07312,-0.11308,0.057638,0.170718,2.28125,0.05,2.0,3.0,1.0
ethusdt,4h,sac,ethusdt_4h_sota_low_cost_sac_fine_tune_recent_window_m1_base1y_etd14_vd7_td7,,sota_low_cost,32,2023-09-25,0.319412,0.419675,2023-12-11,0.07312,-0.11308,0.057638,0.170718,2.28125,0.05,2.0,3.0,1.0
ethusdt,4h,sac,ethusdt_4h_sota_low_cost_sac_fine_tune_recent_window_m1_base1y_etd28_vd7_td7,,sota_low_cost,32,2023-09-25,0.319412,0.419675,2023-12-11,0.07312,-0.11308,0.057638,0.170718,2.28125,0.05,2.0,3.0,1.0
ethusdt,4h,sac,ethusdt_4h_sota_low_cost_sac_fine_tune_recent_window_m3_base1y,,sota_low_cost,32,2023-09-25,0.319412,0.419675,2023-12-11,0.07312,-0.11308,0.057638,0.170718,2.28125,0.05,2.0,3.0,1.0
ethusdt,4h,sac,ethusdt_4h_sota_low_cost_sac_fine_tune_recent_window_m3_base1y_etd14_vd7_td7,,sota_low_cost,32,2023-09-25,0.319412,0.419675,2023-12-11,0.07312,-0.11308,0.057638,0.170718,2.28125,0.05,2.0,3.0,1.0
ethusdt,4h,sac,ethusdt_4h_sota_low_cost_sac_fine_tune_recent_window_m3_base1y_etd28_vd7_td7,,sota_low_cost,32,2023-09-25,0.319412,0.419675,2023-12-11,0.07312,-0.11308,0.057638,0.170718,2.28125,0.05,2.0,3.0,1.0
ethusdt,4h,sac,ethusdt_4h_sota_low_cost_sac_fine_tune_recent_window_m6_base1y,,sota_low_cost,32,2023-09-25,0.319412,0.419675,2023-12-11,0.07312,-0.11308,0.057638,0.170718,2.28125,0.05,2.0,3.0,1.0
ethusdt,4h,sac,ethusdt_4h_sota_low_cost_sac_fine_tune_recent_window_m6_base1y_etd14_vd7_td7,,sota_low_cost,32,2023-09-25,0.319412,0.419675,2023-12-11,0.07312,-0.11308,0.057638,0.170718,2.28125,0.05,2.0,3.0,1.0
ethusdt,4h,sac,ethusdt_4h_sota_low_cost_sac_fine_tune_recent_window_m6_base1y_etd28_vd7_td7,,sota_low_cost,32,2023-09-25,0.319412,0.419675,2023-12-11,0.07312,-0.11308,0.057638,0.170718,2.28125,0.05,2.0,3.0,1.0
ethusdt,4h,sac,ethusdt_4h_sota_low_cost_sac_scratch_1y_etd14_vd7_td7,,sota_low_cost,32,2023-09-25,0.319412,0.419675,2023-12-11,0.07312,-0.11308,0.057638,0.170718,2.28125,0.05,2.0,3.0,1.0
ethusdt,4h,sac,ethusdt_4h_sota_low_cost_sac_scratch_1y_etd28_vd7_td7,,sota_low_cost,32,2023-09-25,0.319412,0.419675,2023-12-11,0.07312,-0.11308,0.057638,0.170718,2.28125,0.05,2.0,3.0,1.0
ethusdt,4h,sac,ethusdt_4h_sota_low_cost_sac_scratch_1y_seed1_eventctx_seed_robustness_phase2_v1,event_context_seed_robustness_phase2_v1,sota_low_cost,32,2023-09-25,0.319412,0.419675,2023-12-11,0.07312,-0.11308,0.057638,0.170718,2.28125,0.05,2.0,3.0,1.0
ethusdt,4h,sac,ethusdt_4h_sota_low_cost_sac_scratch_1y_seed3_eventctx_seed_robustness_phase2_v1,event_context_seed_robustness_phase2_v1,sota_low_cost,32,2023-09-25,0.319412,0.419675,2023-12-11,0.07312,-0.11308,0.057638,0.170718,2.28125,0.05,2.0,3.0,1.0
ethusdt,4h,sac,ethusdt_4h_sota_low_cost_sac_warm_start_chain_1y_etd14_vd7_td7,,sota_low_cost,32,2023-09-25,0.319412,0.419675,2023-12-11,0.07312,-0.11308,0.057638,0.170718,2.28125,0.05,2.0,3.0,1.0
ethusdt,4h,sac,ethusdt_4h_sota_low_cost_sac_warm_start_chain_1y_etd28_vd7_td7,,sota_low_cost,32,2023-09-25,0.319412,0.419675,2023-12-11,0.07312,-0.11308,0.057638,0.170718,2.28125,0.05,2.0,3.0,1.0
ethusdt,4h,sac,ethusdt_4h_tech_stat_decomp_sac_scratch_3y_seed5_asset_preset_broadening_phase5_v1,asset_preset_broadening_phase5_v1,tech_stat_decomp,19,2023-11-27,0.21473,0.285714,2023-12-11,0.07312,-0.114016,0.070477,0.184493,2.315789,0.05,2.0,3.0,1.0
ethusdt,4h,sac,ethusdt_4h_sota_low_cost_plus_event_engineered_v1_sac_warm_start_chain_3y_seed6_event_token_embedding_phase4_v1,event_token_embedding_phase4_v1,sota_low_cost_plus_event_engineered_v1,24,2023-11-27,0.21473,0.285714,2023-12-11,0.07312,-0.120541,0.049356,0.169897,2.083333,0.05,2.0,3.0,1.0
ethusdt,4h,sac,ethusdt_4h_sota_low_cost_plus_event_engineered_v1_sac_fine_tune_recent_window_m12_base3y_etd28_vd7_td7_seed4_eventctx_metric_window_phase3_v1,eventctx_metric_window_phase3_v1,sota_low_cost_plus_event_engineered_v1,31,2023-11-27,0.21473,0.285714,2023-12-11,0.07312,-0.12482,0.027334,0.152154,2.0,0.05,2.0,3.0,1.0
ethusdt,4h,sac,ethusdt_4h_sota_low_cost_plus_event_engineered_v1_sac_fine_tune_recent_window_m6_base3y_etd14_vd7_td7_seed4_eventctx_metric_window_phase3_v1,eventctx_metric_window_phase3_v1,sota_low_cost_plus_event_engineered_v1,32,2023-09-25,0.319412,0.419675,2023-12-11,0.07312,-0.127081,0.040142,0.167223,2.09375,0.05,2.0,3.0,1.0
ethusdt,4h,sac,ethusdt_4h_sota_low_cost_sac_warm_start_chain_3y_etd14_vd7_td7_seed4_eventctx_metric_window_phase3_v1,eventctx_metric_window_phase3_v1,sota_low_cost,32,2023-11-27,0.21473,0.285714,2023-12-11,0.07312,-0.13062,0.041231,0.171851,2.21875,0.05,2.0,3.0,1.0
ethusdt,4h,sac,ethusdt_4h_sota_low_cost_plus_event_engineered_v1_sac_warm_start_chain_3y_etd28_vd7_td7_seed4_eventctx_metric_window_phase3_v1,eventctx_metric_window_phase3_v1,sota_low_cost_plus_event_engineered_v1,32,2023-09-25,0.319412,0.419675,2023-12-11,0.07312,-0.14272,0.03291,0.175629,2.25,0.05,2.0,3.0,1.0
ethusdt,4h,sac,ethusdt_4h_sota_low_cost_sac_fine_tune_recent_window_m12_base3y_etd28_vd7_td7_seed4_eventctx_metric_window_phase3_v1,eventctx_metric_window_phase3_v1,sota_low_cost,32,2023-11-27,0.21473,0.285714,2023-12-11,0.07312,-0.150449,0.027062,0.177511,2.21875,0.05,2.0,3.0,1.0
ethusdt,4h,sac,ethusdt_4h_sota_low_cost_sac_warm_start_chain_3y_etd28_vd7_td7_seed4_eventctx_metric_window_phase3_v1,eventctx_metric_window_phase3_v1,sota_low_cost,32,2023-11-27,0.21473,0.285714,2023-12-11,0.07312,-0.156958,0.020506,0.177464,2.28125,0.05,2.0,3.0,1.0
ethusdt,4h,sac,ethusdt_4h_sota_low_cost_sac_fine_tune_recent_window_m3_base3y_etd28_vd7_td7_seed4_eventctx_metric_window_phase3_v1,eventctx_metric_window_phase3_v1,sota_low_cost,32,2023-11-27,0.21473,0.285714,2023-12-11,0.07312,-0.160355,0.0121,0.172455,2.15625,0.05,2.0,3.0,1.0
ethusdt,4h,sac,ethusdt_4h_sota_low_cost_plus_event_engineered_v1_sac_scratch_3y_seed2_eventctx_seed_robustness_phase2_v1,event_context_seed_robustness_phase2_v1,sota_low_cost_plus_event_engineered_v1,16,2023-11-27,0.21473,0.285714,2023-12-11,0.07312,-0.171406,0.03908,0.210486,2.3125,0.05,2.0,3.0,1.0
ethusdt,4h,sac,ethusdt_4h_sota_low_cost_sac_fine_tune_recent_window_m6_base3y_etd28_vd7_td7_seed4_eventctx_metric_window_phase3_v1,eventctx_metric_window_phase3_v1,sota_low_cost,32,2023-11-27,0.21473,0.285714,2023-12-11,0.07312,-0.179217,0.000266,0.179484,2.1875,0.05,2.0,3.0,1.0
ethusdt,4h,sac,ethusdt_4h_sota_low_cost_sac_scratch_3y_seed2_eventctx_seed_robustness_phase2_v1,event_context_seed_robustness_phase2_v1,sota_low_cost,16,2023-11-27,0.21473,0.285714,2023-12-11,0.07312,-0.179325,0.027009,0.206335,2.1875,0.05,2.0,3.0,1.0
ethusdt,4h,sac,ethusdt_4h_sota_low_cost_plus_event_engineered_v1_sac_fine_tune_recent_window_m3_base3y_etd28_vd7_td7_seed4_eventctx_metric_window_phase3_v1,eventctx_metric_window_phase3_v1,sota_low_cost_plus_event_engineered_v1,32,2023-11-27,0.21473,0.285714,2023-12-11,0.07312,-0.182407,-0.002471,0.179936,2.1875,0.05,2.0,3.0,1.0
ethusdt,4h,sac,ethusdt_4h_sota_low_cost_plus_event_engineered_v1_sac_warm_start_chain_3y,,sota_low_cost_plus_event_engineered_v1,16,2023-11-27,0.21473,0.285714,2023-12-11,0.07312,-0.182508,0.032445,0.214953,2.25,0.05,2.0,3.0,1.0
ethusdt,4h,sac,ethusdt_4h_sota_low_cost_plus_event_engineered_v1_sac_warm_start_chain_3y_seed1_eventctx_seed_robustness_phase2_v1,event_context_seed_robustness_phase2_v1,sota_low_cost_plus_event_engineered_v1,16,2023-11-27,0.21473,0.285714,2023-12-11,0.07312,-0.182508,0.032445,0.214953,2.25,0.05,2.0,3.0,1.0
ethusdt,4h,sac,ethusdt_4h_sota_low_cost_plus_event_engineered_v1_sac_fine_tune_recent_window_m6_base3y_etd28_vd7_td7_seed4_eventctx_metric_window_phase3_v1,eventctx_metric_window_phase3_v1,sota_low_cost_plus_event_engineered_v1,32,2023-11-27,0.21473,0.285714,2023-12-11,0.07312,-0.186049,0.00149,0.187539,2.34375,0.05,2.0,3.0,1.0
ethusdt,4h,sac,ethusdt_4h_sota_low_cost_sac_scratch_3y_seed1_eventctx_seed_robustness_phase2_v1,event_context_seed_robustness_phase2_v1,sota_low_cost,16,2023-11-27,0.21473,0.285714,2023-12-11,0.07312,-0.189049,0.02783,0.216879,2.3125,0.05,2.0,3.0,1.0
ethusdt,4h,sac,ethusdt_4h_sota_low_cost_plus_event_engineered_v1_sac_scratch_3y_seed1_eventctx_seed_robustness_phase2_v1,event_context_seed_robustness_phase2_v1,sota_low_cost_plus_event_engineered_v1,16,2023-11-27,0.21473,0.285714,2023-12-11,0.07312,-0.189139,0.027645,0.216784,2.3125,0.05,2.0,3.0,1.0
ethusdt,4h,sac,ethusdt_4h_sota_low_cost_plus_event_engineered_v1_sac_fine_tune_recent_window_m3_base3y_etd14_vd7_td7_seed4_eventctx_metric_window_phase3_v1,eventctx_metric_window_phase3_v1,sota_low_cost_plus_event_engineered_v1,32,2023-11-27,0.21473,0.285714,2023-12-11,0.07312,-0.193927,-0.00487,0.189057,2.28125,0.05,2.0,3.0,1.0
ethusdt,4h,sac,ethusdt_4h_sota_low_cost_plus_event_engineered_v1_sac_warm_start_chain_1y_seed7_event_token_transformer_phase_next_v1,event_token_transformer_phase_next_v1,sota_low_cost_plus_event_engineered_v1,16,2023-11-27,0.21473,0.285714,2023-12-11,0.07312,-0.211969,0.006118,0.218086,2.375,0.05,2.0,3.0,1.0
ethusdt,4h,sac,ethusdt_4h_sota_low_cost_plus_event_engineered_v1_sac_scratch_3y,,sota_low_cost_plus_event_engineered_v1,16,2023-11-27,0.21473,0.285714,2023-12-11,0.07312,-0.245546,-0.018003,0.227543,2.375,0.05,2.0,3.0,1.0
ethusdt,4h,sac,ethusdt_4h_sota_low_cost_plus_event_engineered_v1_sac_scratch_1y_seed7_event_token_transformer_phase_next_v1,event_token_transformer_phase_next_v1,sota_low_cost_plus_event_engineered_v1,32,2023-09-25,0.319412,0.419675,2023-12-11,0.07312,-0.170626,0.017491,0.188116,2.34375,0.05,2.0,3.0,1.0
ethusdt,4h,sac,ethusdt_4h_sota_low_cost_plus_event_engineered_v1_sac_scratch_3y_seed3_eventctx_seed_robustness_phase2_v1,event_context_seed_robustness_phase2_v1,sota_low_cost_plus_event_engineered_v1,16,2023-11-27,0.21473,0.285714,2023-12-11,0.07312,-0.132715,0.0656,0.198315,2.25,0.05,2.0,3.0,1.0
ethusdt,4h,sac,ethusdt_4h_sota_low_cost_sac_scratch_3y_seed3_eventctx_seed_robustness_phase2_v1,event_context_seed_robustness_phase2_v1,sota_low_cost,16,2023-11-27,0.21473,0.285714,2023-12-11,0.07312,-0.132715,0.0656,0.198315,2.25,0.05,2.0,3.0,1.0
ethusdt,4h,sac,ethusdt_4h_sota_low_cost_plus_event_engineered_v1_sac_warm_start_chain_3y_seed3_eventctx_seed_robustness_phase2_v1,event_context_seed_robustness_phase2_v1,sota_low_cost_plus_event_engineered_v1,16,2023-11-27,0.21473,0.285714,2023-12-11,0.07312,-0.158397,0.043389,0.201786,2.1875,0.05,2.0,3.0,1.0
ethusdt,4h,sac,ethusdt_4h_sota_low_cost_sac_fine_tune_recent_window_m3_base3y_etd14_vd7_td7_seed4_eventctx_metric_window_phase3_v1,eventctx_metric_window_phase3_v1,sota_low_cost,32,2023-11-27,0.21473,0.285714,2023-12-11,0.07312,-0.167448,0.007113,0.174561,2.25,0.05,2.0,3.0,1.0
ethusdt,1h,sac,ethusdt_1h_kitchen_sink_guarded_exec_annual_diversity_survey_fast40k_v2_sac_annual_fyv2022_fyt2023_scratch_1y,annual_diversity_survey_fast40k_v2,kitchen_sink_guarded,52,2023-02-13,0.989771,1.183123,2023-11-06,0.069584,-0.309765,-0.03288,0.55377,16.519231,0.1,1.5,2.0,0.5
ethusdt,4h,sac,ethusdt_4h_kitchen_sink_guarded_exec_annual_4y_2022val_2023test_rap_sac_annual_fyv2022_fyt2023_scratch_4y_testyear_rap_l1p0_rv0p05_risk_adjusted_reward_phase7_v3,risk_adjusted_reward_phase7_v3,kitchen_sink_guarded,15,2023-01-09,0.615229,0.708224,2023-12-18,0.065861,-0.054156,0.132646,0.186803,2.333333,0.05,2.0,3.0,1.0
bnbusdt,15m,sac,bnbusdt_15m_kitchen_sink_guarded_exec_annual_diversity_survey_v1_sac_annual_fyv2022_fyt2023_scratch_1y,annual_diversity_survey_v1,kitchen_sink_guarded,5,2023-12-25,0.31772,0.839537,2023-12-25,0.065598,-0.206347,0.007344,0.427383,27.2,0.1,1.5,2.0,0.5
solusdt,4h,sac,solusdt_4h_crypto_full_all_available_sac_scratch_2y,,crypto_full,32,2023-11-27,0.370105,0.433292,2023-10-30,0.06337,-0.077316,0.064063,0.141379,0.96875,0.05,2.0,3.0,1.0
adausdt,1h,sac,adausdt_1h_kitchen_sink_guarded_sac_warm_start_chain_1y_seed5_asset_preset_broadening_phase5_v1,asset_preset_broadening_phase5_v1,kitchen_sink_guarded,12,2023-12-25,0.164214,0.201974,2023-12-25,0.063246,0.018479,0.042345,0.023866,10.083333,0.05,2.0,3.0,1.0
eurjpy,4h,sac,eurjpy_4h_fx_full_exec_annual_diversity_survey_v1_sac_annual_fyv2022_fyt2023_scratch_1y,annual_diversity_survey_v1,fx_full,42,2023-07-24,0.268598,0.29306,2023-08-21,0.062375,-0.009982,0.025794,0.071553,2.595238,0.1,1.5,2.0,0.5
ethusdt,4h,sac,ethusdt_4h_sota_low_cost_plus_event_engineered_v1_sac_fine_tune_recent_window_m12_base1y_etd14_vd7_td7_seed4_eventctx_metric_window_phase3_v1,eventctx_metric_window_phase3_v1,sota_low_cost_plus_event_engineered_v1,32,2023-08-14,0.209764,0.291866,2023-08-28,0.061568,-0.292777,-0.073516,0.219261,2.28125,0.05,2.0,3.0,1.0
ethusdt,4h,sac,ethusdt_4h_sota_low_cost_plus_event_engineered_v1_sac_fine_tune_recent_window_m12_base1y_etd28_vd7_td7_seed4_eventctx_metric_window_phase3_v1,eventctx_metric_window_phase3_v1,sota_low_cost_plus_event_engineered_v1,32,2023-08-14,0.209764,0.291866,2023-08-28,0.061568,-0.292777,-0.073516,0.219261,2.28125,0.05,2.0,3.0,1.0
ethusdt,4h,sac,ethusdt_4h_sota_low_cost_plus_event_engineered_v1_sac_fine_tune_recent_window_m3_base1y_etd14_vd7_td7_seed4_eventctx_metric_window_phase3_v1,eventctx_metric_window_phase3_v1,sota_low_cost_plus_event_engineered_v1,32,2023-08-14,0.209764,0.291866,2023-08-28,0.061568,-0.292777,-0.073516,0.219261,2.28125,0.05,2.0,3.0,1.0
ethusdt,4h,sac,ethusdt_4h_sota_low_cost_plus_event_engineered_v1_sac_fine_tune_recent_window_m3_base1y_etd28_vd7_td7_seed4_eventctx_metric_window_phase3_v1,eventctx_metric_window_phase3_v1,sota_low_cost_plus_event_engineered_v1,32,2023-08-14,0.209764,0.291866,2023-08-28,0.061568,-0.292777,-0.073516,0.219261,2.28125,0.05,2.0,3.0,1.0
ethusdt,4h,sac,ethusdt_4h_sota_low_cost_plus_event_engineered_v1_sac_fine_tune_recent_window_m6_base1y_etd14_vd7_td7_seed4_eventctx_metric_window_phase3_v1,eventctx_metric_window_phase3_v1,sota_low_cost_plus_event_engineered_v1,32,2023-08-14,0.209764,0.291866,2023-08-28,0.061568,-0.292777,-0.073516,0.219261,2.28125,0.05,2.0,3.0,1.0
ethusdt,4h,sac,ethusdt_4h_sota_low_cost_plus_event_engineered_v1_sac_fine_tune_recent_window_m6_base1y_etd28_vd7_td7_seed4_eventctx_metric_window_phase3_v1,eventctx_metric_window_phase3_v1,sota_low_cost_plus_event_engineered_v1,32,2023-08-14,0.209764,0.291866,2023-08-28,0.061568,-0.292777,-0.073516,0.219261,2.28125,0.05,2.0,3.0,1.0
ethusdt,4h,sac,ethusdt_4h_sota_low_cost_plus_event_engineered_v1_sac_scratch_1y_etd14_vd7_td7_seed4_eventctx_metric_window_phase3_v1,eventctx_metric_window_phase3_v1,sota_low_cost_plus_event_engineered_v1,32,2023-08-14,0.209764,0.291866,2023-08-28,0.061568,-0.292777,-0.073516,0.219261,2.28125,0.05,2.0,3.0,1.0
ethusdt,4h,sac,ethusdt_4h_sota_low_cost_plus_event_engineered_v1_sac_scratch_1y_etd28_vd7_td7_seed4_eventctx_metric_window_phase3_v1,eventctx_metric_window_phase3_v1,sota_low_cost_plus_event_engineered_v1,32,2023-08-14,0.209764,0.291866,2023-08-28,0.061568,-0.292777,-0.073516,0.219261,2.28125,0.05,2.0,3.0,1.0
ethusdt,4h,sac,ethusdt_4h_sota_low_cost_plus_event_engineered_v1_sac_warm_start_chain_1y_etd14_vd7_td7_seed4_eventctx_metric_window_phase3_v1,eventctx_metric_window_phase3_v1,sota_low_cost_plus_event_engineered_v1,32,2023-08-14,0.209764,0.291866,2023-08-28,0.061568,-0.292777,-0.073516,0.219261,2.28125,0.05,2.0,3.0,1.0
ethusdt,4h,sac,ethusdt_4h_sota_low_cost_plus_event_engineered_v1_sac_warm_start_chain_1y_etd28_vd7_td7_seed4_eventctx_metric_window_phase3_v1,eventctx_metric_window_phase3_v1,sota_low_cost_plus_event_engineered_v1,32,2023-08-14,0.209764,0.291866,2023-08-28,0.061568,-0.292777,-0.073516,0.219261,2.28125,0.05,2.0,3.0,1.0
ethusdt,4h,sac,ethusdt_4h_sota_low_cost_sac_fine_tune_recent_window_m12_base1y_etd14_vd7_td7_seed4_eventctx_metric_window_phase3_v1,eventctx_metric_window_phase3_v1,sota_low_cost,32,2023-08-14,0.209764,0.291866,2023-08-28,0.061568,-0.292777,-0.073516,0.219261,2.28125,0.05,2.0,3.0,1.0
ethusdt,4h,sac,ethusdt_4h_sota_low_cost_sac_fine_tune_recent_window_m12_base1y_etd28_vd7_td7_seed4_eventctx_metric_window_phase3_v1,eventctx_metric_window_phase3_v1,sota_low_cost,32,2023-08-14,0.209764,0.291866,2023-08-28,0.061568,-0.292777,-0.073516,0.219261,2.28125,0.05,2.0,3.0,1.0
ethusdt,4h,sac,ethusdt_4h_sota_low_cost_sac_fine_tune_recent_window_m3_base1y_etd14_vd7_td7_seed4_eventctx_metric_window_phase3_v1,eventctx_metric_window_phase3_v1,sota_low_cost,32,2023-08-14,0.209764,0.291866,2023-08-28,0.061568,-0.292777,-0.073516,0.219261,2.28125,0.05,2.0,3.0,1.0
ethusdt,4h,sac,ethusdt_4h_sota_low_cost_sac_fine_tune_recent_window_m3_base1y_etd28_vd7_td7_seed4_eventctx_metric_window_phase3_v1,eventctx_metric_window_phase3_v1,sota_low_cost,32,2023-08-14,0.209764,0.291866,2023-08-28,0.061568,-0.292777,-0.073516,0.219261,2.28125,0.05,2.0,3.0,1.0
ethusdt,4h,sac,ethusdt_4h_sota_low_cost_sac_fine_tune_recent_window_m6_base1y_etd14_vd7_td7_seed4_eventctx_metric_window_phase3_v1,eventctx_metric_window_phase3_v1,sota_low_cost,32,2023-08-14,0.209764,0.291866,2023-08-28,0.061568,-0.292777,-0.073516,0.219261,2.28125,0.05,2.0,3.0,1.0
ethusdt,4h,sac,ethusdt_4h_sota_low_cost_sac_fine_tune_recent_window_m6_base1y_etd28_vd7_td7_seed4_eventctx_metric_window_phase3_v1,eventctx_metric_window_phase3_v1,sota_low_cost,32,2023-08-14,0.209764,0.291866,2023-08-28,0.061568,-0.292777,-0.073516,0.219261,2.28125,0.05,2.0,3.0,1.0
ethusdt,4h,sac,ethusdt_4h_sota_low_cost_sac_scratch_1y_etd14_vd7_td7_seed4_eventctx_metric_window_phase3_v1,eventctx_metric_window_phase3_v1,sota_low_cost,32,2023-08-14,0.209764,0.291866,2023-08-28,0.061568,-0.292777,-0.073516,0.219261,2.28125,0.05,2.0,3.0,1.0
ethusdt,4h,sac,ethusdt_4h_sota_low_cost_sac_scratch_1y_etd28_vd7_td7_seed4_eventctx_metric_window_phase3_v1,eventctx_metric_window_phase3_v1,sota_low_cost,32,2023-08-14,0.209764,0.291866,2023-08-28,0.061568,-0.292777,-0.073516,0.219261,2.28125,0.05,2.0,3.0,1.0
ethusdt,4h,sac,ethusdt_4h_sota_low_cost_sac_warm_start_chain_1y_etd14_vd7_td7_seed4_eventctx_metric_window_phase3_v1,eventctx_metric_window_phase3_v1,sota_low_cost,32,2023-08-14,0.209764,0.291866,2023-08-28,0.061568,-0.292777,-0.073516,0.219261,2.28125,0.05,2.0,3.0,1.0
ethusdt,4h,sac,ethusdt_4h_sota_low_cost_sac_warm_start_chain_1y_etd28_vd7_td7_seed4_eventctx_metric_window_phase3_v1,eventctx_metric_window_phase3_v1,sota_low_cost,32,2023-08-14,0.209764,0.291866,2023-08-28,0.061568,-0.292777,-0.073516,0.219261,2.28125,0.05,2.0,3.0,1.0
ethusdt,4h,sac,ethusdt_4h_sota_low_cost_sac_fine_tune_recent_window_m12_base3y_etd14_vd7_td7_seed4_eventctx_metric_window_phase3_v1,eventctx_metric_window_phase3_v1,sota_low_cost,32,2023-11-27,0.21473,0.285714,2023-08-28,0.061568,-0.114892,0.036455,0.151348,1.9375,0.05,2.0,3.0,1.0
ethusdt,4h,sac,ethusdt_4h_sota_low_cost_plus_event_engineered_v1_sac_scratch_1y_seed2_eventctx_seed_robustness_phase2_v1,event_context_seed_robustness_phase2_v1,sota_low_cost_plus_event_engineered_v1,32,2023-08-14,0.209764,0.291866,2023-08-28,0.061568,-0.157759,0.0259,0.183659,2.25,0.05,2.0,3.0,1.0
ethusdt,4h,sac,ethusdt_4h_sota_low_cost_sac_scratch_1y_seed2_eventctx_seed_robustness_phase2_v1,event_context_seed_robustness_phase2_v1,sota_low_cost,32,2023-08-14,0.209764,0.291866,2023-08-28,0.061568,-0.159696,0.022618,0.182314,2.3125,0.05,2.0,3.0,1.0
ethusdt,4h,sac,ethusdt_4h_sota_low_cost_plus_event_engineered_v1_sac_scratch_3y_etd14_vd7_td7_seed4_eventctx_metric_window_phase3_v1,eventctx_metric_window_phase3_v1,sota_low_cost_plus_event_engineered_v1,32,2023-08-14,0.209764,0.291866,2023-08-28,0.061568,-0.227887,-0.028463,0.199424,2.25,0.05,2.0,3.0,1.0
ethusdt,4h,sac,ethusdt_4h_sota_low_cost_plus_event_engineered_v1_sac_scratch_3y_seed6_event_token_embedding_phase4_v1,event_token_embedding_phase4_v1,sota_low_cost_plus_event_engineered_v1,24,2023-08-14,0.209764,0.291866,2023-08-28,0.061568,-0.298604,-0.08256,0.216044,2.166667,0.05,2.0,3.0,1.0
ethusdt,4h,sac,ethusdt_4h_sota_low_cost_sac_scratch_3y_etd28_vd7_td7_seed4_eventctx_metric_window_phase3_v1,eventctx_metric_window_phase3_v1,sota_low_cost,32,2023-08-14,0.209764,0.291866,2023-08-28,0.061568,-0.231397,-0.029196,0.202201,2.375,0.05,2.0,3.0,1.0
ethusdt,4h,sac,ethusdt_4h_sota_low_cost_plus_event_engineered_v1_sac_fine_tune_recent_window_m3_base1y_seed6_event_token_embedding_phase4_v1,event_token_embedding_phase4_v1,sota_low_cost_plus_event_engineered_v1,24,2023-08-14,0.209764,0.291866,2023-08-28,0.061568,-0.286727,-0.072672,0.214055,2.208333,0.05,2.0,3.0,1.0
ethusdt,4h,sac,ethusdt_4h_sota_low_cost_plus_event_engineered_v1_sac_fine_tune_recent_window_m6_base1y_seed6_event_token_embedding_phase4_v1,event_token_embedding_phase4_v1,sota_low_cost_plus_event_engineered_v1,24,2023-08-14,0.209764,0.291866,2023-08-28,0.061568,-0.286727,-0.072672,0.214055,2.208333,0.05,2.0,3.0,1.0
ethusdt,4h,sac,ethusdt_4h_sota_low_cost_plus_event_engineered_v1_sac_scratch_1y_seed6_event_token_embedding_phase4_v1,event_token_embedding_phase4_v1,sota_low_cost_plus_event_engineered_v1,24,2023-08-14,0.209764,0.291866,2023-08-28,0.061568,-0.286727,-0.072672,0.214055,2.208333,0.05,2.0,3.0,1.0
ethusdt,4h,sac,ethusdt_4h_sota_low_cost_plus_event_engineered_v1_sac_warm_start_chain_1y_seed6_event_token_embedding_phase4_v1,event_token_embedding_phase4_v1,sota_low_cost_plus_event_engineered_v1,24,2023-08-14,0.209764,0.291866,2023-08-28,0.061568,-0.286727,-0.072672,0.214055,2.208333,0.05,2.0,3.0,1.0
bnbusdt,4h,sac,bnbusdt_4h_tech_stat_decomp_sac_scratch_3y_seed5_asset_preset_broadening_phase5_v1,asset_preset_broadening_phase5_v1,tech_stat_decomp,20,2023-08-14,0.326538,0.42271,2023-10-30,0.060246,-0.15454,0.016372,0.170911,1.75,0.05,2.0,3.0,1.0
bnbusdt,4h,sac,bnbusdt_4h_kitchen_sink_guarded_sac_scratch_3y_seed5_asset_preset_broadening_phase5_v1,asset_preset_broadening_phase5_v1,kitchen_sink_guarded,20,2023-08-14,0.326538,0.42271,2023-10-30,0.060246,-0.156725,0.011489,0.168214,1.7,0.05,2.0,3.0,1.0
bnbusdt,4h,sac,bnbusdt_4h_sota_low_cost_sac_scratch_3y_seed5_asset_preset_broadening_phase5_v1,asset_preset_broadening_phase5_v1,sota_low_cost,20,2023-08-14,0.326538,0.42271,2023-10-30,0.060246,-0.164758,0.007832,0.17259,1.75,0.05,2.0,3.0,1.0
bnbusdt,4h,sac,bnbusdt_4h_crypto_full_sac_scratch_3y_seed5_asset_preset_broadening_phase5_v1,asset_preset_broadening_phase5_v1,crypto_full,20,2023-08-14,0.326538,0.42271,2023-10-30,0.060246,-0.158281,0.013351,0.171632,1.8,0.05,2.0,3.0,1.0
eurjpy,1h,sac,eurjpy_1h_fx_full_exec_annual_diversity_survey_fast40k_v2_sac_annual_fyv2022_fyt2023_scratch_1y,annual_diversity_survey_fast40k_v2,fx_full,52,2023-06-12,0.157052,0.17471,2023-01-30,0.059418,-0.081672,-0.025806,0.111732,9.461538,0.1,1.5,2.0,0.5
ethusdt,4h,sac,ethusdt_4h_kitchen_sink_guarded_exec_annual_4y_2022val_2023test_rap_sac_annual_fyv2022_fyt2023_fine_tune_recent_window_m12_base4y_valyear_rap_l1p0_rv0p05_risk_adjusted_reward_phase7_v3,risk_adjusted_reward_phase7_v3,kitchen_sink_guarded,5,2022-07-11,0.412548,0.717358,2023-01-02,0.057894,-0.187419,0.136465,0.323883,4.4,0.05,2.0,3.0,1.0
eurjpy,4h,sac,eurjpy_4h_fx_full_exec_annual_diversity_survey_fast40k_v2_sac_annual_fyv2022_fyt2023_scratch_1y,annual_diversity_survey_fast40k_v2,fx_full,52,2023-07-24,0.268598,0.29306,2023-06-12,0.057383,-0.01554,0.021136,0.073352,2.769231,0.1,1.5,2.0,0.5
ethusdt,4h,sac,ethusdt_4h_sota_low_cost_plus_event_engineered_v1_exec_event_no_trade_overlay_v1_sac_scratch_3y,,sota_low_cost_plus_event_engineered_v1,16,2023-12-04,0.199216,0.273302,2023-12-11,0.056581,-0.152346,0.0414,0.193746,2.3125,0.05,2.0,3.0,1.0
ethusdt,4h,sac,ethusdt_4h_sota_low_cost_plus_event_engineered_v1_exec_event_no_trade_overlay_v1_sac_scratch_1y,,sota_low_cost_plus_event_engineered_v1,16,2023-09-25,0.272294,0.372557,2023-12-11,0.056581,-0.040825,0.129419,0.170244,2.3125,0.05,2.0,3.0,1.0
ethusdt,4h,sac,ethusdt_4h_sota_low_cost_plus_event_engineered_v1_exec_event_no_trade_overlay_v1_sac_warm_start_chain_1y,,sota_low_cost_plus_event_engineered_v1,16,2023-09-25,0.272294,0.372557,2023-12-11,0.056581,-0.040825,0.129419,0.170244,2.3125,0.05,2.0,3.0,1.0
ethusdt,4h,sac,ethusdt_4h_sota_low_cost_plus_event_engineered_v1_sac_scratch_3y_etd28_vd7_td7_seed4_eventctx_metric_window_phase3_v1,eventctx_metric_window_phase3_v1,sota_low_cost_plus_event_engineered_v1,32,2023-08-14,0.209764,0.291866,2023-08-28,0.054802,-0.227299,-0.027741,0.199559,2.4375,0.05,2.0,3.0,1.0
usdjpy,1h,sac,usdjpy_1h_fx_full_exec_annual_diversity_survey_fast40k_v2_sac_annual_fyv2022_fyt2023_scratch_1y,annual_diversity_survey_fast40k_v2,fx_full,52,2023-05-01,0.229915,0.272185,2023-12-18,0.054171,-0.082601,-0.027656,0.10989,8.134615,0.1,1.5,2.0,0.5
bnbusdt,4h,sac,bnbusdt_4h_crypto_full_sac_fine_tune_recent_window_m3_base3y_seed5_asset_preset_broadening_phase5_v1,asset_preset_broadening_phase5_v1,crypto_full,20,2023-08-14,0.326538,0.42271,2023-11-06,0.052703,-0.1183,0.040899,0.159199,4.8,0.05,2.0,3.0,1.0
ethusdt,4h,sac,ethusdt_4h_kitchen_sink_guarded_exec_annual_4y_2022val_2023test_rap_sac_annual_fyv2022_fyt2023_scratch_4y_testyear_fixed_rv0p05_sl1p25_tp1p25_sltp_risk_geometry_phase8_v3,sltp_risk_geometry_phase8_v3,kitchen_sink_guarded,26,2023-01-09,0.476146,0.546049,2023-12-04,0.047829,-0.099574,0.00551,0.210168,4.692308,0.05,1.25,1.25,0.5
bnbusdt,4h,sac,bnbusdt_4h_crypto_full_sac_warm_start_chain_3y_seed5_asset_preset_broadening_phase5_v1,asset_preset_broadening_phase5_v1,crypto_full,5,2023-08-14,0.326538,0.42271,2023-09-04,0.046933,-0.021817,0.094696,0.116513,2.4,0.05,2.0,3.0,1.0
bnbusdt,4h,sac,bnbusdt_4h_kitchen_sink_guarded_sac_warm_start_chain_3y_seed5_asset_preset_broadening_phase5_v1,asset_preset_broadening_phase5_v1,kitchen_sink_guarded,5,2023-08-14,0.326538,0.42271,2023-09-04,0.046933,-0.021817,0.094696,0.116513,2.4,0.05,2.0,3.0,1.0
bnbusdt,4h,sac,bnbusdt_4h_sota_low_cost_sac_warm_start_chain_3y_seed5_asset_preset_broadening_phase5_v1,asset_preset_broadening_phase5_v1,sota_low_cost,5,2023-08-14,0.326538,0.42271,2023-09-04,0.046933,-0.021817,0.094696,0.116513,2.4,0.05,2.0,3.0,1.0
bnbusdt,4h,sac,bnbusdt_4h_tech_stat_decomp_sac_warm_start_chain_3y_seed5_asset_preset_broadening_phase5_v1,asset_preset_broadening_phase5_v1,tech_stat_decomp,5,2023-08-14,0.326538,0.42271,2023-09-04,0.046933,-0.021817,0.094696,0.116513,2.4,0.05,2.0,3.0,1.0
bnbusdt,4h,sac,bnbusdt_4h_crypto_full_sac_warm_start_chain_1y_seed5_asset_preset_broadening_phase5_v1,asset_preset_broadening_phase5_v1,crypto_full,9,2023-08-14,0.326538,0.42271,2023-09-04,0.046933,-0.034986,0.061075,0.096061,1.888889,0.05,2.0,3.0,1.0
bnbusdt,4h,sac,bnbusdt_4h_sota_low_cost_sac_warm_start_chain_1y_seed5_asset_preset_broadening_phase5_v1,asset_preset_broadening_phase5_v1,sota_low_cost,9,2023-08-14,0.326538,0.42271,2023-09-04,0.046933,-0.041524,0.058224,0.099749,1.888889,0.05,2.0,3.0,1.0
bnbusdt,4h,sac,bnbusdt_4h_tech_stat_decomp_sac_warm_start_chain_1y_seed5_asset_preset_broadening_phase5_v1,asset_preset_broadening_phase5_v1,tech_stat_decomp,8,2023-08-14,0.326538,0.42271,2023-09-04,0.046933,-0.054014,0.038996,0.09301,1.75,0.05,2.0,3.0,1.0
bnbusdt,4h,sac,bnbusdt_4h_kitchen_sink_guarded_sac_warm_start_chain_1y_seed5_asset_preset_broadening_phase5_v1,asset_preset_broadening_phase5_v1,kitchen_sink_guarded,11,2023-08-14,0.326538,0.42271,2023-09-04,0.046933,-0.059275,0.044529,0.103805,1.727273,0.05,2.0,3.0,1.0
bnbusdt,4h,sac,bnbusdt_4h_sota_low_cost_sac_scratch_1y_seed5_asset_preset_broadening_phase5_v1,asset_preset_broadening_phase5_v1,sota_low_cost,20,2023-08-14,0.326538,0.42271,2023-09-04,0.046933,-0.162229,0.005899,0.168129,1.9,0.05,2.0,3.0,1.0
bnbusdt,4h,sac,bnbusdt_4h_tech_stat_decomp_sac_scratch_1y_seed5_asset_preset_broadening_phase5_v1,asset_preset_broadening_phase5_v1,tech_stat_decomp,20,2023-08-14,0.326538,0.42271,2023-09-04,0.046933,-0.162797,0.006863,0.169659,1.7,0.05,2.0,3.0,1.0
bnbusdt,4h,sac,bnbusdt_4h_crypto_full_sac_scratch_1y_seed5_asset_preset_broadening_phase5_v1,asset_preset_broadening_phase5_v1,crypto_full,20,2023-08-14,0.326538,0.42271,2023-09-04,0.046933,-0.167995,0.006871,0.174865,1.75,0.05,2.0,3.0,1.0
solusdt,4h,sac,solusdt_4h_kitchen_sink_guarded_all_available_sac_fine_tune_recent_window_m6_base3y,,kitchen_sink_guarded,10,2023-12-18,1.395204,1.841463,2023-12-18,0.046638,-0.504295,0.205009,0.709304,7.0,0.05,2.0,3.0,1.0
adausdt,4h,sac,adausdt_4h_tech_stat_decomp_sac_scratch_3y_seed5_asset_preset_broadening_phase5_v1,asset_preset_broadening_phase5_v1,tech_stat_decomp,14,2023-12-04,0.132404,0.180247,2023-12-18,0.04377,0.011801,0.024949,0.013147,2.714286,0.05,2.0,3.0,1.0
gbpjpy,1h,sac,gbpjpy_1h_fx_full_exec_annual_diversity_survey_v1_sac_annual_fyv2022_fyt2023_scratch_1y,annual_diversity_survey_v1,fx_full,29,2023-04-24,0.226279,0.292173,2023-05-22,0.04258,-0.111966,-0.039047,0.145839,11.068966,0.1,1.5,2.0,0.5
solusdt,1h,sac,solusdt_1h_crypto_full_sac_scratch_3y_seed5_asset_preset_broadening_phase5_v1,asset_preset_broadening_phase5_v1,crypto_full,12,2023-12-18,1.55981,1.970045,2023-12-18,0.041387,-0.483976,0.298337,0.782313,9.583333,0.05,2.0,3.0,1.0
gbpjpy,4h,sac,gbpjpy_4h_fx_full_exec_annual_diversity_survey_fast40k_v2_sac_annual_fyv2022_fyt2023_scratch_1y,annual_diversity_survey_fast40k_v2,fx_full,52,2023-04-24,0.194282,0.210191,2023-09-18,0.040153,-0.068465,-0.022898,0.091134,2.788462,0.1,1.5,2.0,0.5
solusdt,4h,sac,solusdt_4h_kitchen_sink_guarded_all_available_sac_scratch_2y,,kitchen_sink_guarded,32,2023-12-04,0.788691,1.000096,2023-12-11,0.039448,-0.105554,0.062423,0.167976,1.25,0.05,2.0,3.0,1.0
solusdt,1h,sac,solusdt_1h_sota_low_cost_all_available_1h_sac_warm_start_chain_1y__oracle_bc_transfer_e2_v1,,sota_low_cost,32,2023-12-18,1.616123,1.997333,2023-12-18,0.039296,-0.809694,-0.068175,0.741519,19.65625,0.05,2.0,3.0,1.0
adausdt,4h,sac,adausdt_4h_sota_low_cost_sac_scratch_3y_seed5_asset_preset_broadening_phase5_v1,asset_preset_broadening_phase5_v1,sota_low_cost,15,2023-12-04,0.132404,0.180247,2023-12-04,0.035729,-0.00144,0.014265,0.015704,1.8,0.05,2.0,3.0,1.0
usdjpy,4h,sac,usdjpy_4h_fx_full_exec_annual_diversity_survey_fast40k_v2_sac_annual_fyv2022_fyt2023_scratch_1y,annual_diversity_survey_fast40k_v2,fx_full,52,2023-01-09,0.352034,0.361394,2023-07-10,0.035132,-0.041787,0.004855,0.093283,3.096154,0.1,1.5,2.0,0.5
bnbusdt,1h,sac,bnbusdt_1h_tech_stat_decomp_sac_scratch_1y_seed5_asset_preset_broadening_phase5_v1,asset_preset_broadening_phase5_v1,tech_stat_decomp,12,2023-12-25,0.318261,0.751861,2023-11-27,0.034757,-0.29138,0.052515,0.343895,6.666667,0.05,2.0,3.0,1.0
bnbusdt,1h,sac,bnbusdt_1h_sota_low_cost_sac_scratch_1y_seed5_asset_preset_broadening_phase5_v1,asset_preset_broadening_phase5_v1,sota_low_cost,12,2023-12-25,0.318261,0.751861,2023-11-27,0.034757,-0.303832,0.038224,0.342057,6.666667,0.05,2.0,3.0,1.0
ethusdt_perp,1h,sac,ethusdt_perp_1h_kitchen_sink_guarded_exec_annual_diversity_survey_fast40k_v2_sac_annual_fyv2022_fyt2023_scratch_1y,annual_diversity_survey_fast40k_v2,kitchen_sink_guarded,52,2023-04-10,0.830303,1.013068,2023-11-06,0.034504,-0.303311,-0.01894,0.568743,16.230769,0.1,1.5,2.0,0.5
usdjpy,4h,sac,usdjpy_4h_fx_full_exec_annual_diversity_survey_v1_sac_annual_fyv2022_fyt2023_scratch_1y,annual_diversity_survey_v1,fx_full,42,2023-01-09,0.352034,0.361394,2023-01-30,0.031993,-0.044867,0.00201,0.093754,2.97619,0.1,1.5,2.0,0.5
gbpjpy,1h,sac,gbpjpy_1h_fx_full_exec_annual_diversity_survey_fast40k_v2_sac_annual_fyv2022_fyt2023_scratch_1y,annual_diversity_survey_fast40k_v2,fx_full,52,2023-04-24,0.226279,0.292173,2023-12-18,0.030377,-0.103439,-0.03179,0.143298,10.826923,0.1,1.5,2.0,0.5
ethusdt,4h,sac,ethusdt_4h_sota_low_cost_sac_scratch_1y_seed5_asset_preset_broadening_phase5_v1,asset_preset_broadening_phase5_v1,sota_low_cost,20,2023-11-27,0.21473,0.285714,2023-11-06,0.026434,-0.21916,0.006754,0.225914,2.3,0.05,2.0,3.0,1.0
ethusdt,4h,sac,ethusdt_4h_tech_stat_decomp_sac_scratch_1y_seed5_asset_preset_broadening_phase5_v1,asset_preset_broadening_phase5_v1,tech_stat_decomp,20,2023-11-27,0.21473,0.285714,2023-11-06,0.026434,-0.21916,0.006754,0.225914,2.3,0.05,2.0,3.0,1.0
solusdt,4h,sac,solusdt_4h_kitchen_sink_guarded_all_available_sac_fine_tune_recent_window_m12_base2y,,kitchen_sink_guarded,11,2023-07-17,0.118558,0.285622,2023-06-12,0.024818,-0.188698,0.161931,0.350629,5.909091,0.05,2.0,3.0,1.0
xrpusdt,4h,sac,xrpusdt_4h_kitchen_sink_guarded_sac_warm_start_chain_1y_seed5_asset_preset_broadening_phase5_v1,asset_preset_broadening_phase5_v1,kitchen_sink_guarded,20,2023-11-06,0.064584,0.089459,2023-12-25,0.024482,-0.008537,0.013597,0.022135,6.25,0.05,2.0,3.0,1.0
solusdt,4h,sac,solusdt_4h_tech_stat_decomp_sac_fine_tune_recent_window_m6_base1y_seed5_asset_preset_broadening_phase5_v1,asset_preset_broadening_phase5_v1,tech_stat_decomp,8,2023-08-28,0.441688,0.51468,2023-09-04,0.024147,-0.349553,-0.044838,0.304715,6.0,0.05,2.0,3.0,1.0
xrpusdt,1h,sac,xrpusdt_1h_kitchen_sink_guarded_sac_warm_start_chain_1y_seed5_asset_preset_broadening_phase5_v1,asset_preset_broadening_phase5_v1,kitchen_sink_guarded,8,2023-11-13,0.081895,0.125873,2023-11-27,0.024104,0.004338,0.029807,0.025469,14.375,0.05,2.0,3.0,1.0
adausdt,4h,sac,adausdt_4h_tech_stat_decomp_sac_warm_start_chain_1y_seed5_asset_preset_broadening_phase5_v1,asset_preset_broadening_phase5_v1,tech_stat_decomp,20,2023-12-04,0.074978,0.137777,2023-12-04,0.0229,-0.006252,0.013905,0.020157,3.35,0.05,2.0,3.0,1.0
ethusdt,4h,sac,ethusdt_4h_kitchen_sink_guarded_exec_annual_4y_2022val_2023test_rap_sac_annual_fyv2022_fyt2023_fine_tune_recent_window_m12_base4y_testyear_rap_l1p0_rv0p075_risk_adjusted_reward_phase7_v3,risk_adjusted_reward_phase7_v3,kitchen_sink_guarded,5,2023-01-09,0.924006,1.063495,2023-12-18,0.022121,-0.108082,0.200513,0.308595,3.2,0.075,2.0,3.0,1.0
solusdt,4h,sac,solusdt_4h_sota_low_cost_sac_warm_start_chain_1y_seed5_asset_preset_broadening_phase5_v1,asset_preset_broadening_phase5_v1,sota_low_cost,20,2023-12-18,1.589341,2.069877,2023-09-04,0.022082,-0.433253,0.131016,0.56427,10.05,0.05,2.0,3.0,1.0
ethusdt,4h,sac,ethusdt_4h_sota_low_cost_plus_event_engineered_v1_sac_warm_start_chain_3y_seed2_eventctx_seed_robustness_phase2_v1,event_context_seed_robustness_phase2_v1,sota_low_cost_plus_event_engineered_v1,16,2023-12-04,0.199216,0.273302,2023-11-06,0.021144,-0.130459,0.064933,0.195392,2.1875,0.05,2.0,3.0,1.0
eurjpy,1h,sac,eurjpy_1h_fx_full_exec_annual_diversity_survey_v1_sac_annual_fyv2022_fyt2023_scratch_1y,annual_diversity_survey_v1,fx_full,29,2023-01-09,0.109057,0.118283,2023-02-20,0.019652,-0.08699,-0.029038,0.115906,10.0,0.1,1.5,2.0,0.5
xrpusdt,4h,sac,xrpusdt_4h_sota_low_cost_all_available_sac_scratch_1y,,sota_low_cost,32,2023-07-10,0.127091,0.156138,2023-07-10,0.018238,-0.008753,0.00699,0.015743,2.3125,0.05,2.0,3.0,1.0
adausdt,4h,sac,adausdt_4h_sota_low_cost_all_available_sac_scratch_1y,,sota_low_cost,32,2023-12-04,0.074978,0.137777,2023-12-04,0.016875,-0.001562,0.009891,0.011453,1.75,0.05,2.0,3.0,1.0
solusdt,1h,sac,solusdt_1h_crypto_full_sac_fine_tune_recent_window_m6_base3y_seed5_asset_preset_broadening_phase5_v1,asset_preset_broadening_phase5_v1,crypto_full,12,2023-11-06,0.833666,1.543566,2023-11-06,0.015482,-1.210663,-0.13764,1.073023,17.916667,0.05,2.0,3.0,1.0
adausdt,4h,sac,adausdt_4h_sota_low_cost_all_available_sac_warm_start_chain_1y,,sota_low_cost,32,2023-12-18,0.128408,0.15905,2023-07-31,0.015241,-0.003776,0.01471,0.018486,5.8125,0.05,2.0,3.0,1.0
solusdt,1h,sac,solusdt_1h_sota_low_cost_sac_warm_start_chain_3y_seed5_asset_preset_broadening_phase5_v1,asset_preset_broadening_phase5_v1,sota_low_cost,12,2023-11-06,1.277272,1.812769,2023-12-18,0.014879,-0.485774,0.263972,0.749747,11.0,0.05,2.0,3.0,1.0
ethusdt,4h,sac,ethusdt_4h_kitchen_sink_guarded_exec_annual_4y_2022val_2023test_rap_sac_annual_fyv2022_fyt2023_fine_tune_recent_window_m12_base4y_testyear_rap_l1p0_rv0p05_risk_adjusted_reward_phase7_v3,risk_adjusted_reward_phase7_v3,kitchen_sink_guarded,5,2023-01-09,0.615229,0.708224,2023-12-18,0.0145,-0.072226,0.133597,0.205823,3.2,0.05,2.0,3.0,1.0
adausdt,4h,sac,adausdt_4h_kitchen_sink_guarded_sac_scratch_1y_seed5_asset_preset_broadening_phase5_v1,asset_preset_broadening_phase5_v1,kitchen_sink_guarded,20,2023-12-18,0.092373,0.109468,2023-12-18,0.01421,-0.001854,0.010406,0.012261,2.1,0.05,2.0,3.0,1.0
xrpusdt,1h,sac,xrpusdt_1h_sota_low_cost_sac_warm_start_chain_1y_seed5_asset_preset_broadening_phase5_v1,asset_preset_broadening_phase5_v1,sota_low_cost,8,2023-11-13,0.087988,0.133864,2023-11-13,0.014097,-0.003334,0.022273,0.025607,13.5,0.05,2.0,3.0,1.0
ethusdt,1h,sac,ethusdt_1h_sota_low_cost_sac_scratch_1y_seed5_asset_preset_broadening_phase5_v1,asset_preset_broadening_phase5_v1,sota_low_cost,12,2023-10-23,0.543051,0.832212,2023-11-06,0.013546,-0.202709,0.082464,0.285173,12.0,0.05,2.0,3.0,1.0
ethusdt,1h,sac,ethusdt_1h_crypto_full_sac_scratch_1y_seed5_asset_preset_broadening_phase5_v1,asset_preset_broadening_phase5_v1,crypto_full,12,2023-10-23,0.543051,0.832212,2023-11-06,0.013546,-0.244214,0.066343,0.310557,15.333333,0.05,2.0,3.0,1.0
solusdt,4h,sac,solusdt_4h_crypto_full_all_available_sac_warm_start_chain_2y,,crypto_full,32,2023-08-14,0.36577,0.465074,2023-10-30,0.013461,-0.610327,-0.101462,0.508864,4.0,0.05,2.0,3.0,1.0
solusdt,4h,sac,solusdt_4h_sota_low_cost_all_available_sac_warm_start_chain_2y,,sota_low_cost,32,2023-08-14,0.36577,0.465074,2023-10-30,0.013461,-0.610327,-0.101462,0.508864,4.0,0.05,2.0,3.0,1.0
adausdt,4h,sac,adausdt_4h_tech_stat_decomp_sac_scratch_1y_seed5_asset_preset_broadening_phase5_v1,asset_preset_broadening_phase5_v1,tech_stat_decomp,20,2023-12-18,0.092373,0.109468,2023-12-18,0.012407,-0.005412,0.007255,0.012667,2.2,0.05,2.0,3.0,1.0
solusdt,4h,sac,solusdt_4h_sota_low_cost_all_available_sac_fine_tune_recent_window_m12_base3y,,sota_low_cost,13,2023-10-16,0.084181,0.319529,2023-10-23,0.012244,-0.694112,-0.064629,0.629483,8.076923,0.05,2.0,3.0,1.0
ethusdt,1h,sac,ethusdt_1h_kitchen_sink_guarded_sac_scratch_1y_seed5_asset_preset_broadening_phase5_v1,asset_preset_broadening_phase5_v1,kitchen_sink_guarded,12,2023-10-23,0.543051,0.832212,2023-11-13,0.011792,-0.30413,0.017024,0.321154,13.166667,0.05,2.0,3.0,1.0
ethusdt,4h,sac,ethusdt_4h_crypto_full_sac_warm_start_chain_1y_seed5_asset_preset_broadening_phase5_v1,asset_preset_broadening_phase5_v1,crypto_full,8,2023-09-25,0.319412,0.419675,2023-09-25,0.01147,-0.197014,-0.021181,0.175833,2.25,0.05,2.0,3.0,1.0
ethusdt,4h,sac,ethusdt_4h_kitchen_sink_guarded_sac_warm_start_chain_1y_seed5_asset_preset_broadening_phase5_v1,asset_preset_broadening_phase5_v1,kitchen_sink_guarded,8,2023-09-25,0.319412,0.419675,2023-09-25,0.01147,-0.197014,-0.021181,0.175833,2.25,0.05,2.0,3.0,1.0
ethusdt,4h,sac,ethusdt_4h_sota_low_cost_sac_warm_start_chain_1y_seed5_asset_preset_broadening_phase5_v1,asset_preset_broadening_phase5_v1,sota_low_cost,8,2023-09-25,0.319412,0.419675,2023-09-25,0.01147,-0.197014,-0.021181,0.175833,2.25,0.05,2.0,3.0,1.0
ethusdt,4h,sac,ethusdt_4h_tech_stat_decomp_sac_warm_start_chain_1y_seed5_asset_preset_broadening_phase5_v1,asset_preset_broadening_phase5_v1,tech_stat_decomp,8,2023-09-25,0.319412,0.419675,2023-09-25,0.01147,-0.197014,-0.021181,0.175833,2.25,0.05,2.0,3.0,1.0
xrpusdt,4h,sac,xrpusdt_4h_crypto_full_sac_scratch_1y_seed5_asset_preset_broadening_phase5_v1,asset_preset_broadening_phase5_v1,crypto_full,20,2023-11-20,0.03492,0.042965,2023-12-04,0.011278,-0.005879,0.00395,0.009829,1.3,0.05,2.0,3.0,1.0
adausdt,4h,sac,adausdt_4h_sota_low_cost_sac_warm_start_chain_1y_seed5_asset_preset_broadening_phase5_v1,asset_preset_broadening_phase5_v1,sota_low_cost,20,2023-12-04,0.074978,0.137777,2023-11-06,0.011009,-0.004519,0.014732,0.019251,2.0,0.05,2.0,3.0,1.0
ethusdt,4h,sac,ethusdt_4h_sota_low_cost_sac_warm_start_chain_3y_seed5_asset_preset_broadening_phase5_v1,asset_preset_broadening_phase5_v1,sota_low_cost,5,2023-08-14,0.209764,0.291866,2023-09-04,0.010852,-0.058565,0.065621,0.124186,2.4,0.05,2.0,3.0,1.0
ethusdt,4h,sac,ethusdt_4h_tech_stat_decomp_sac_warm_start_chain_3y_seed5_asset_preset_broadening_phase5_v1,asset_preset_broadening_phase5_v1,tech_stat_decomp,5,2023-08-14,0.209764,0.291866,2023-09-04,0.010852,-0.058565,0.065621,0.124186,2.4,0.05,2.0,3.0,1.0
ethusdt,4h,sac,ethusdt_4h_tech_stat_decomp_sac_fine_tune_recent_window_m3_base3y_seed5_asset_preset_broadening_phase5_v1,asset_preset_broadening_phase5_v1,tech_stat_decomp,9,2023-08-14,0.209764,0.291866,2023-09-04,0.010852,-0.141074,-0.006718,0.134356,2.111111,0.05,2.0,3.0,1.0
ethusdt,4h,sac,ethusdt_4h_sota_low_cost_sac_fine_tune_recent_window_m3_base3y_seed5_asset_preset_broadening_phase5_v1,asset_preset_broadening_phase5_v1,sota_low_cost,8,2023-08-14,0.209764,0.291866,2023-09-04,0.010852,-0.143051,0.009528,0.152579,2.375,0.05,2.0,3.0,1.0
usdjpy,1h,sac,usdjpy_1h_fx_full_exec_annual_diversity_survey_v1_sac_annual_fyv2022_fyt2023_scratch_1y,annual_diversity_survey_v1,fx_full,29,2023-12-18,0.125805,0.157285,2023-04-10,0.010502,-0.054805,-0.006804,0.096001,8.0,0.1,1.5,2.0,0.5
xrpusdt,4h,sac,xrpusdt_4h_tech_stat_decomp_sac_scratch_1y_seed5_asset_preset_broadening_phase5_v1,asset_preset_broadening_phase5_v1,tech_stat_decomp,20,2023-10-30,0.040394,0.058458,2023-11-13,0.010037,-0.007362,0.005167,0.012529,2.25,0.05,2.0,3.0,1.0
xrpusdt,4h,sac,xrpusdt_4h_tech_stat_decomp_sac_warm_start_chain_1y_seed5_asset_preset_broadening_phase5_v1,asset_preset_broadening_phase5_v1,tech_stat_decomp,20,2023-10-30,0.065811,0.086755,2023-12-25,0.009763,-0.01353,0.01141,0.02494,5.4,0.05,2.0,3.0,1.0
bnbusdt,4h,sac,bnbusdt_4h_kitchen_sink_guarded_sac_fine_tune_recent_window_m3_base3y_seed5_asset_preset_broadening_phase5_v1,asset_preset_broadening_phase5_v1,kitchen_sink_guarded,20,2023-08-14,0.326538,0.42271,2023-10-09,0.008672,-0.116966,0.060294,0.17726,5.55,0.05,2.0,3.0,1.0
adausdt,1h,sac,adausdt_1h_sota_low_cost_sac_warm_start_chain_1y_seed5_asset_preset_broadening_phase5_v1,asset_preset_broadening_phase5_v1,sota_low_cost,12,2023-10-30,0.032043,0.04324,2023-10-30,0.007713,-0.041949,-0.000448,0.041501,5.666667,0.05,2.0,3.0,1.0
adausdt,1h,sac,adausdt_1h_tech_stat_decomp_sac_warm_start_chain_1y_seed5_asset_preset_broadening_phase5_v1,asset_preset_broadening_phase5_v1,tech_stat_decomp,12,2023-10-30,0.032043,0.04324,2023-10-30,0.007713,-0.048984,-0.004744,0.044239,19.583333,0.05,2.0,3.0,1.0
solusdt,4h,sac,solusdt_4h_sota_low_cost_all_available_sac_scratch_2y,,sota_low_cost,32,2023-12-04,0.788691,1.000096,2023-06-19,0.006956,-0.135224,0.03722,0.172444,1.4375,0.05,2.0,3.0,1.0
ethusdt,4h,sac,ethusdt_4h_crypto_full_sac_warm_start_chain_3y_seed5_asset_preset_broadening_phase5_v1,asset_preset_broadening_phase5_v1,crypto_full,5,2023-08-14,0.209764,0.291866,2023-09-04,0.006246,0.004997,0.059958,0.054961,1.4,0.05,2.0,3.0,1.0
adausdt,1h,sac,adausdt_1h_crypto_full_sac_warm_start_chain_1y_seed5_asset_preset_broadening_phase5_v1,asset_preset_broadening_phase5_v1,crypto_full,12,2023-12-25,0.045678,0.079375,2023-10-30,0.00608,-0.055844,-0.002795,0.053049,9.833333,0.05,2.0,3.0,1.0
ethusdt,4h,sac,ethusdt_4h_tech_stat_decomp_sac_fine_tune_recent_window_m6_base3y_seed5_asset_preset_broadening_phase5_v1,asset_preset_broadening_phase5_v1,tech_stat_decomp,12,2023-08-28,0.200722,0.265125,2023-09-04,0.004736,-0.209709,-0.044579,0.16513,2.416667,0.05,2.0,3.0,1.0
adausdt,4h,sac,adausdt_4h_kitchen_sink_guarded_sac_warm_start_chain_3y_seed5_asset_preset_broadening_phase5_v1,asset_preset_broadening_phase5_v1,kitchen_sink_guarded,4,2023-08-28,0.015456,0.018306,2023-09-04,0.004587,0.004587,0.007088,0.002501,2.5,0.05,2.0,3.0,1.0
xrpusdt,4h,sac,xrpusdt_4h_sota_low_cost_sac_scratch_1y_seed5_asset_preset_broadening_phase5_v1,asset_preset_broadening_phase5_v1,sota_low_cost,20,2023-11-13,0.01738,0.023079,2023-09-04,0.004431,-0.009364,0.002399,0.011763,2.1,0.05,2.0,3.0,1.0
ethusdt,4h,sac,ethusdt_4h_kitchen_sink_guarded_sac_scratch_3y_seed5_asset_preset_broadening_phase5_v1,asset_preset_broadening_phase5_v1,kitchen_sink_guarded,20,2023-11-27,0.21473,0.285714,2023-09-04,0.003075,-0.171383,0.030073,0.201456,2.5,0.05,2.0,3.0,1.0
xrpusdt,4h,sac,xrpusdt_4h_kitchen_sink_guarded_sac_scratch_1y_seed5_asset_preset_broadening_phase5_v1,asset_preset_broadening_phase5_v1,kitchen_sink_guarded,20,2023-11-20,0.048739,0.048739,2023-12-25,0.002955,-0.00453,0.006781,0.011311,1.55,0.05,2.0,3.0,1.0
xrpusdt,1h,sac,xrpusdt_1h_tech_stat_decomp_sac_scratch_1y_seed5_asset_preset_broadening_phase5_v1,asset_preset_broadening_phase5_v1,tech_stat_decomp,12,2023-10-30,0.011714,0.037017,2023-10-30,0.002929,-0.039258,-0.011241,0.028017,5.666667,0.05,2.0,3.0,1.0
xrpusdt,1h,sac,xrpusdt_1h_sota_low_cost_sac_scratch_1y_seed5_asset_preset_broadening_phase5_v1,asset_preset_broadening_phase5_v1,sota_low_cost,12,2023-12-04,0.018183,0.052468,2023-10-30,0.002929,-0.046593,-0.010488,0.036105,9.333333,0.05,2.0,3.0,1.0
adausdt,4h,sac,adausdt_4h_crypto_full_sac_warm_start_chain_3y_seed5_asset_preset_broadening_phase5_v1,asset_preset_broadening_phase5_v1,crypto_full,4,2023-08-28,0.016358,0.019208,2023-09-04,0.002794,0.002794,0.006109,0.003316,1.75,0.05,2.0,3.0,1.0
xrpusdt,1h,sac,xrpusdt_1h_tech_stat_decomp_sac_warm_start_chain_1y_seed5_asset_preset_broadening_phase5_v1,asset_preset_broadening_phase5_v1,tech_stat_decomp,8,2023-11-13,0.0135,0.045525,2023-10-30,0.002591,-0.021246,0.004413,0.025659,3.625,0.05,2.0,3.0,1.0
xrpusdt,1h,sac,xrpusdt_1h_crypto_full_sac_scratch_1y_seed5_asset_preset_broadening_phase5_v1,asset_preset_broadening_phase5_v1,crypto_full,12,2023-12-04,0.018183,0.052468,2023-11-13,0.002427,-0.017422,0.002936,0.020358,6.583333,0.05,2.0,3.0,1.0
adausdt,4h,sac,adausdt_4h_kitchen_sink_guarded_sac_scratch_3y_seed5_asset_preset_broadening_phase5_v1,asset_preset_broadening_phase5_v1,kitchen_sink_guarded,15,2023-12-18,0.020054,0.023077,2023-10-16,0.002078,-0.015993,-0.00257,0.013423,2.0,0.05,2.0,3.0,1.0
xrpusdt,4h,sac,xrpusdt_4h_kitchen_sink_guarded_exec_annual_diversity_survey_v1_sac_annual_fyv2022_fyt2023_scratch_1y,annual_diversity_survey_v1,kitchen_sink_guarded,13,2023-02-20,0.010514,0.012214,2023-03-13,0.001984,-0.001348,0.000644,0.003984,0.769231,0.1,1.5,2.0,0.5
adausdt,4h,sac,adausdt_4h_sota_low_cost_sac_scratch_1y_seed5_asset_preset_broadening_phase5_v1,asset_preset_broadening_phase5_v1,sota_low_cost,20,2023-12-18,0.092373,0.109468,2023-11-20,0.001951,-0.006031,0.007188,0.013219,2.2,0.05,2.0,3.0,1.0
eurusd,4h,sac,eurusd_4h_fx_full_exec_annual_diversity_survey_fast40k_v2_sac_annual_fyv2022_fyt2023_scratch_1y,annual_diversity_survey_fast40k_v2,fx_full,52,2023-07-03,0.005128,0.005813,2023-07-03,0.001282,9.9e-05,0.000112,2.6e-05,0.038462,0.1,1.5,2.0,0.5
adausdt,4h,sac,adausdt_4h_kitchen_sink_guarded_exec_annual_diversity_survey_v1_sac_annual_fyv2022_fyt2023_scratch_1y,annual_diversity_survey_v1,kitchen_sink_guarded,13,2023-01-16,0.004827,0.007726,2023-01-23,0.001207,-0.000329,0.000326,0.001309,0.230769,0.1,1.5,2.0,0.5
adausdt,1h,sac,adausdt_1h_tech_stat_decomp_sac_scratch_3y_seed5_asset_preset_broadening_phase5_v1,asset_preset_broadening_phase5_v1,tech_stat_decomp,5,2023-12-25,0.004661,0.011581,2023-12-25,0.001165,0.000932,0.002316,0.001384,0.4,0.05,2.0,3.0,1.0
adausdt,4h,sac,adausdt_4h_crypto_full_sac_warm_start_chain_1y_seed5_asset_preset_broadening_phase5_v1,asset_preset_broadening_phase5_v1,crypto_full,8,2023-09-18,0.002851,0.002851,2023-09-18,0.001012,-0.001289,0.000111,0.001401,1.0,0.05,2.0,3.0,1.0
adausdt,4h,sac,adausdt_4h_kitchen_sink_guarded_sac_warm_start_chain_1y_seed5_asset_preset_broadening_phase5_v1,asset_preset_broadening_phase5_v1,kitchen_sink_guarded,8,2023-09-18,0.002851,0.002851,2023-09-18,0.001012,-0.001289,0.000111,0.001401,1.0,0.05,2.0,3.0,1.0
adausdt,1h,sac,adausdt_1h_kitchen_sink_guarded_sac_scratch_3y_seed5_asset_preset_broadening_phase5_v1,asset_preset_broadening_phase5_v1,kitchen_sink_guarded,5,2023-12-25,0.003579,0.021677,2023-12-25,0.000895,0.000716,0.004335,0.00362,0.2,0.05,2.0,3.0,1.0
xrpusdt,4h,sac,xrpusdt_4h_sota_low_cost_sac_warm_start_chain_1y_seed5_asset_preset_broadening_phase5_v1,asset_preset_broadening_phase5_v1,sota_low_cost,20,2023-08-28,0.037471,0.045867,2023-09-04,0.000858,-0.013161,0.009272,0.022432,2.95,0.05,2.0,3.0,1.0
nzdusd,4h,sac,nzdusd_4h_fx_full_exec_annual_diversity_survey_v1_sac_annual_fyv2022_fyt2023_scratch_1y,annual_diversity_survey_v1,fx_full,17,2023-03-20,0.00286,0.003285,2023-03-20,0.000715,0.000168,0.000193,5e-05,0.058824,0.1,1.5,2.0,0.5
dogeusdt,4h,sac,dogeusdt_4h_kitchen_sink_guarded_exec_annual_diversity_survey_fast40k_v2_sac_annual_fyv2022_fyt2023_scratch_1y,annual_diversity_survey_fast40k_v2,kitchen_sink_guarded,52,2023-06-05,0.002718,0.003093,2023-06-05,0.00068,5.4e-05,7.4e-05,4.1e-05,0.076923,0.1,1.5,2.0,0.5
adausdt,4h,sac,adausdt_4h_crypto_full_sac_scratch_1y_seed5_asset_preset_broadening_phase5_v1,asset_preset_broadening_phase5_v1,crypto_full,20,2023-12-25,0.040377,0.060967,2023-09-18,0.000638,-0.011378,0.003775,0.015152,1.65,0.05,2.0,3.0,1.0
ethusdt,1h,sac,ethusdt_1h_kitchen_sink_guarded_exec_annual_diversity_survey_v1_sac_annual_fyv2022_fyt2023_scratch_1y,annual_diversity_survey_v1,kitchen_sink_guarded,29,2023-04-10,0.665468,0.82453,2023-05-22,0.000537,-0.286807,-0.009703,0.554209,16.689655,0.1,1.5,2.0,0.5
dogeusdt,4h,sac,dogeusdt_4h_sota_low_cost_all_available_sac_scratch_1y,,sota_low_cost,32,2023-08-07,0.001595,0.001885,2023-11-06,0.000443,-0.001223,-0.000305,0.000918,1.15625,0.05,2.0,3.0,1.0
audusd,4h,sac,audusd_4h_fx_full_exec_annual_diversity_survey_fast40k_v2_sac_annual_fyv2022_fyt2023_scratch_1y,annual_diversity_survey_fast40k_v2,fx_full,52,2023-06-19,0.001663,0.001663,2023-06-19,0.000416,-0.000104,-5.4e-05,0.000101,0.057692,0.1,1.5,2.0,0.5
audusd,4h,sac,audusd_4h_fx_full_exec_annual_diversity_survey_v1_sac_annual_fyv2022_fyt2023_scratch_1y,annual_diversity_survey_v1,fx_full,18,2023-03-20,0.000457,0.000457,2023-03-20,0.000114,2.5e-05,2.5e-05,0.0,0.055556,0.1,1.5,2.0,0.5
xrpusdt,4h,sac,xrpusdt_4h_sota_low_cost_sac_warm_start_chain_3y_seed5_asset_preset_broadening_phase5_v1,asset_preset_broadening_phase5_v1,sota_low_cost,4,2023-08-14,0.031103,0.0381,2023-09-04,8e-05,8e-05,0.01302,0.01294,2.25,0.05,2.0,3.0,1.0
ethusdt,4h,sac,ethusdt_4h_crypto_full_sac_scratch_3y_seed5_asset_preset_broadening_phase5_v1,asset_preset_broadening_phase5_v1,crypto_full,20,2023-08-14,0.209764,0.291866,2023-09-04,6.8e-05,-0.161708,0.032714,0.194423,2.45,0.05,2.0,3.0,1.0
ethusdt,4h,sac,ethusdt_4h_sota_low_cost_sac_scratch_3y_seed5_asset_preset_broadening_phase5_v1,asset_preset_broadening_phase5_v1,sota_low_cost,20,2023-08-14,0.209764,0.291866,2023-09-04,6.8e-05,-0.163938,0.030393,0.194331,2.45,0.05,2.0,3.0,1.0
adausdt,15m,sac,adausdt_15m_kitchen_sink_guarded_exec_annual_diversity_survey_fast40k_v2_sac_annual_fyv2022_fyt2023_scratch_1y,annual_diversity_survey_fast40k_v2,kitchen_sink_guarded,52,2023-01-02,0.0,0.0,2023-01-23,0.0,0.0,0.0,0.0,0.0,0.1,1.5,2.0,0.5
adausdt,1h,sac,adausdt_1h_kitchen_sink_guarded_exec_annual_diversity_survey_fast40k_v2_sac_annual_fyv2022_fyt2023_scratch_1y,annual_diversity_survey_fast40k_v2,kitchen_sink_guarded,52,2023-01-02,0.0,0.0,2023-01-23,0.0,0.0,0.0,0.0,0.0,0.1,1.5,2.0,0.5
adausdt,4h,sac,adausdt_4h_kitchen_sink_guarded_exec_annual_diversity_survey_fast40k_v2_sac_annual_fyv2022_fyt2023_scratch_1y,annual_diversity_survey_fast40k_v2,kitchen_sink_guarded,52,2023-01-02,0.0,0.0,2023-01-23,0.0,0.0,0.0,0.0,0.0,0.1,1.5,2.0,0.5
audusd,15m,sac,audusd_15m_fx_full_exec_annual_diversity_survey_fast40k_v2_sac_annual_fyv2022_fyt2023_scratch_1y,annual_diversity_survey_fast40k_v2,fx_full,52,2023-01-02,0.0,0.0,2023-01-23,0.0,0.0,0.0,0.0,0.0,0.1,1.5,2.0,0.5
audusd,1h,sac,audusd_1h_fx_full_exec_annual_diversity_survey_fast40k_v2_sac_annual_fyv2022_fyt2023_scratch_1y,annual_diversity_survey_fast40k_v2,fx_full,52,2023-01-02,0.0,0.0,2023-01-23,0.0,0.0,0.0,0.0,0.0,0.1,1.5,2.0,0.5
dogeusdt,15m,sac,dogeusdt_15m_kitchen_sink_guarded_exec_annual_diversity_survey_fast40k_v2_sac_annual_fyv2022_fyt2023_scratch_1y,annual_diversity_survey_fast40k_v2,kitchen_sink_guarded,52,2023-01-02,0.0,0.0,2023-01-23,0.0,0.0,0.0,0.0,0.0,0.1,1.5,2.0,0.5
dogeusdt,1h,sac,dogeusdt_1h_kitchen_sink_guarded_exec_annual_diversity_survey_fast40k_v2_sac_annual_fyv2022_fyt2023_scratch_1y,annual_diversity_survey_fast40k_v2,kitchen_sink_guarded,52,2023-01-02,0.0,0.0,2023-01-23,0.0,0.0,0.0,0.0,0.0,0.1,1.5,2.0,0.5
eurgbp,15m,sac,eurgbp_15m_fx_full_exec_annual_diversity_survey_fast40k_v2_sac_annual_fyv2022_fyt2023_scratch_1y,annual_diversity_survey_fast40k_v2,fx_full,52,2023-01-02,0.0,0.0,2023-01-23,0.0,0.0,0.0,0.0,0.0,0.1,1.5,2.0,0.5
eurgbp,1h,sac,eurgbp_1h_fx_full_exec_annual_diversity_survey_fast40k_v2_sac_annual_fyv2022_fyt2023_scratch_1y,annual_diversity_survey_fast40k_v2,fx_full,52,2023-01-02,0.0,0.0,2023-01-23,0.0,0.0,0.0,0.0,0.0,0.1,1.5,2.0,0.5
eurgbp,4h,sac,eurgbp_4h_fx_full_exec_annual_diversity_survey_fast40k_v2_sac_annual_fyv2022_fyt2023_scratch_1y,annual_diversity_survey_fast40k_v2,fx_full,52,2023-01-02,0.0,0.0,2023-01-23,0.0,0.0,0.0,0.0,0.0,0.1,1.5,2.0,0.5
eurusd,15m,sac,eurusd_15m_fx_full_exec_annual_diversity_survey_fast40k_v2_sac_annual_fyv2022_fyt2023_scratch_1y,annual_diversity_survey_fast40k_v2,fx_full,52,2023-01-02,0.0,0.0,2023-01-23,0.0,0.0,0.0,0.0,0.0,0.1,1.5,2.0,0.5
eurusd,1h,sac,eurusd_1h_fx_full_exec_annual_diversity_survey_fast40k_v2_sac_annual_fyv2022_fyt2023_scratch_1y,annual_diversity_survey_fast40k_v2,fx_full,52,2023-01-02,0.0,0.0,2023-01-23,0.0,0.0,0.0,0.0,0.0,0.1,1.5,2.0,0.5
gbpusd,15m,sac,gbpusd_15m_tech_stat_decomp_exec_annual_diversity_survey_fast40k_v2_sac_annual_fyv2022_fyt2023_scratch_1y,annual_diversity_survey_fast40k_v2,tech_stat_decomp,52,2023-01-02,0.0,0.0,2023-01-23,0.0,0.0,0.0,0.0,0.0,0.1,1.5,2.0,0.5
gbpusd,1h,sac,gbpusd_1h_fx_full_exec_annual_diversity_survey_fast40k_v2_sac_annual_fyv2022_fyt2023_scratch_1y,annual_diversity_survey_fast40k_v2,fx_full,52,2023-01-02,0.0,0.0,2023-01-23,0.0,0.0,0.0,0.0,0.0,0.1,1.5,2.0,0.5
gbpusd,4h,sac,gbpusd_4h_fx_full_exec_annual_diversity_survey_fast40k_v2_sac_annual_fyv2022_fyt2023_scratch_1y,annual_diversity_survey_fast40k_v2,fx_full,52,2023-01-02,0.0,0.0,2023-01-23,0.0,0.0,0.0,0.0,0.0,0.1,1.5,2.0,0.5
nzdusd,15m,sac,nzdusd_15m_fx_full_exec_annual_diversity_survey_fast40k_v2_sac_annual_fyv2022_fyt2023_scratch_1y,annual_diversity_survey_fast40k_v2,fx_full,52,2023-01-02,0.0,0.0,2023-01-23,0.0,0.0,0.0,0.0,0.0,0.1,1.5,2.0,0.5
nzdusd,1h,sac,nzdusd_1h_fx_full_exec_annual_diversity_survey_fast40k_v2_sac_annual_fyv2022_fyt2023_scratch_1y,annual_diversity_survey_fast40k_v2,fx_full,52,2023-01-02,0.0,0.0,2023-01-23,0.0,0.0,0.0,0.0,0.0,0.1,1.5,2.0,0.5
nzdusd,4h,sac,nzdusd_4h_fx_full_exec_annual_diversity_survey_fast40k_v2_sac_annual_fyv2022_fyt2023_scratch_1y,annual_diversity_survey_fast40k_v2,fx_full,52,2023-01-02,0.0,0.0,2023-01-23,0.0,0.0,0.0,0.0,0.0,0.1,1.5,2.0,0.5
usdcad,15m,sac,usdcad_15m_fx_full_exec_annual_diversity_survey_fast40k_v2_sac_annual_fyv2022_fyt2023_scratch_1y,annual_diversity_survey_fast40k_v2,fx_full,52,2023-01-02,0.0,0.0,2023-01-23,0.0,0.0,0.0,0.0,0.0,0.1,1.5,2.0,0.5
usdcad,1h,sac,usdcad_1h_fx_full_exec_annual_diversity_survey_fast40k_v2_sac_annual_fyv2022_fyt2023_scratch_1y,annual_diversity_survey_fast40k_v2,fx_full,52,2023-01-02,0.0,0.0,2023-01-23,0.0,0.0,0.0,0.0,0.0,0.1,1.5,2.0,0.5
usdcad,4h,sac,usdcad_4h_fx_full_exec_annual_diversity_survey_fast40k_v2_sac_annual_fyv2022_fyt2023_scratch_1y,annual_diversity_survey_fast40k_v2,fx_full,52,2023-01-02,0.0,0.0,2023-01-23,0.0,0.0,0.0,0.0,0.0,0.1,1.5,2.0,0.5
usdchf,15m,sac,usdchf_15m_fx_full_exec_annual_diversity_survey_fast40k_v2_sac_annual_fyv2022_fyt2023_scratch_1y,annual_diversity_survey_fast40k_v2,fx_full,52,2023-01-02,0.0,0.0,2023-01-23,0.0,0.0,0.0,0.0,0.0,0.1,1.5,2.0,0.5
usdchf,1h,sac,usdchf_1h_fx_full_exec_annual_diversity_survey_fast40k_v2_sac_annual_fyv2022_fyt2023_scratch_1y,annual_diversity_survey_fast40k_v2,fx_full,52,2023-01-02,0.0,0.0,2023-01-23,0.0,0.0,0.0,0.0,0.0,0.1,1.5,2.0,0.5
usdchf,4h,sac,usdchf_4h_fx_full_exec_annual_diversity_survey_fast40k_v2_sac_annual_fyv2022_fyt2023_scratch_1y,annual_diversity_survey_fast40k_v2,fx_full,52,2023-01-02,0.0,0.0,2023-01-23,0.0,0.0,0.0,0.0,0.0,0.1,1.5,2.0,0.5
xrpusdt,15m,sac,xrpusdt_15m_kitchen_sink_guarded_exec_annual_diversity_survey_fast40k_v2_sac_annual_fyv2022_fyt2023_scratch_1y,annual_diversity_survey_fast40k_v2,kitchen_sink_guarded,52,2023-01-02,0.0,0.0,2023-01-23,0.0,0.0,0.0,0.0,0.0,0.1,1.5,2.0,0.5
xrpusdt,1h,sac,xrpusdt_1h_kitchen_sink_guarded_exec_annual_diversity_survey_fast40k_v2_sac_annual_fyv2022_fyt2023_scratch_1y,annual_diversity_survey_fast40k_v2,kitchen_sink_guarded,52,2023-01-02,0.0,0.0,2023-01-23,0.0,0.0,0.0,0.0,0.0,0.1,1.5,2.0,0.5
xrpusdt,4h,sac,xrpusdt_4h_kitchen_sink_guarded_exec_annual_diversity_survey_fast40k_v2_sac_annual_fyv2022_fyt2023_scratch_1y,annual_diversity_survey_fast40k_v2,kitchen_sink_guarded,52,2023-01-02,0.0,0.0,2023-01-23,0.0,0.0,0.0,0.0,0.0,0.1,1.5,2.0,0.5
gbpusd,4h,sac,gbpusd_4h_fx_full_exec_annual_diversity_survey_v1_sac_annual_fyv2022_fyt2023_scratch_1y,annual_diversity_survey_v1,fx_full,18,2023-01-02,0.0,0.0,2023-01-23,0.0,0.0,0.0,0.0,0.0,0.1,1.5,2.0,0.5
usdcad,4h,sac,usdcad_4h_fx_full_exec_annual_diversity_survey_v1_sac_annual_fyv2022_fyt2023_scratch_1y,annual_diversity_survey_v1,fx_full,18,2023-01-02,0.0,0.0,2023-01-23,0.0,0.0,0.0,0.0,0.0,0.1,1.5,2.0,0.5
usdchf,4h,sac,usdchf_4h_fx_full_exec_annual_diversity_survey_v1_sac_annual_fyv2022_fyt2023_scratch_1y,annual_diversity_survey_v1,fx_full,18,2023-01-02,0.0,0.0,2023-01-23,0.0,0.0,0.0,0.0,0.0,0.1,1.5,2.0,0.5
solusdt,4h,sac,solusdt_4h_kitchen_sink_guarded_exec_annual_diversity_survey_v1_sac_annual_fyv2022_fyt2023_scratch_1y,annual_diversity_survey_v1,kitchen_sink_guarded,17,2023-01-02,0.0,0.0,2023-01-30,0.0,0.0,0.0,0.0,0.0,0.1,1.5,2.0,0.5
btcusdt_perp,4h,sac,btcusdt_perp_4h_sota_low_cost_sac_fine_tune_recent_window_m12_base4y,,sota_low_cost,8,2023-11-06,0.0,0.0,2023-11-27,0.0,0.0,0.0,0.0,0.0,,,,1.0
btcusdt_perp,4h,sac,btcusdt_perp_4h_sota_low_cost_sac_fine_tune_recent_window_m1_base4y,,sota_low_cost,8,2023-11-06,0.0,0.0,2023-11-27,0.0,0.0,0.0,0.0,0.0,,,,1.0
btcusdt_perp,4h,sac,btcusdt_perp_4h_sota_low_cost_sac_fine_tune_recent_window_m3_base4y,,sota_low_cost,8,2023-11-06,0.0,0.0,2023-11-27,0.0,0.0,0.0,0.0,0.0,,,,1.0
btcusdt_perp,4h,sac,btcusdt_perp_4h_sota_low_cost_sac_fine_tune_recent_window_m6_base4y,,sota_low_cost,8,2023-11-06,0.0,0.0,2023-11-27,0.0,0.0,0.0,0.0,0.0,,,,1.0
btcusdt_perp,4h,sac,btcusdt_perp_4h_sota_low_cost_sac_scratch_2y_etd28_vd28_td28,,sota_low_cost,8,2023-10-16,0.0,0.0,2023-11-06,0.0,0.0,0.0,0.0,0.0,,,,1.0
btcusdt_perp,4h,sac,btcusdt_perp_4h_sota_low_cost_sac_scratch_4y,,sota_low_cost,8,2023-11-06,0.0,0.0,2023-11-27,0.0,0.0,0.0,0.0,0.0,,,,1.0
btcusdt_perp,4h,sac,btcusdt_perp_4h_sota_low_cost_sac_warm_start_chain_1y_etd28_vd28_td28,,sota_low_cost,8,2023-10-16,0.0,0.0,2023-11-06,0.0,0.0,0.0,0.0,0.0,,,,1.0
btcusdt_perp,4h,sac,btcusdt_perp_4h_sota_low_cost_sac_warm_start_chain_2y,,sota_low_cost,8,2023-11-06,0.0,0.0,2023-11-27,0.0,0.0,0.0,0.0,0.0,,,,1.0
btcusdt_perp,4h,sac,btcusdt_perp_4h_sota_low_cost_sac_warm_start_chain_2y_etd14_vd14_td14,,sota_low_cost,8,2023-10-30,0.0,0.0,2023-11-20,0.0,0.0,0.0,0.0,0.0,,,,1.0
btcusdt_perp,4h,sac,btcusdt_perp_4h_sota_low_cost_sac_warm_start_chain_2y_etd28_vd28_td28,,sota_low_cost,8,2023-10-16,0.0,0.0,2023-11-06,0.0,0.0,0.0,0.0,0.0,,,,1.0
btcusdt_perp,4h,sac,btcusdt_perp_4h_sota_low_cost_sac_scratch_4y_etd14_vd14_td14,,sota_low_cost,7,2023-11-06,0.0,0.0,2023-11-27,0.0,0.0,0.0,0.0,0.0,,,,1.0
btcusdt_perp,4h,sac,btcusdt_perp_4h_sota_low_cost_sac_warm_start_chain_4y_etd14_vd14_td14,,sota_low_cost,7,2023-11-06,0.0,0.0,2023-11-27,0.0,0.0,0.0,0.0,0.0,,,,1.0
adausdt,15m,sac,adausdt_15m_kitchen_sink_guarded_exec_annual_diversity_survey_v1_sac_annual_fyv2022_fyt2023_scratch_1y,annual_diversity_survey_v1,kitchen_sink_guarded,5,2023-01-02,0.0,0.0,2023-09-25,0.0,0.0,0.0,0.0,0.0,0.1,1.5,2.0,0.5
adausdt,1h,sac,adausdt_1h_kitchen_sink_guarded_exec_annual_diversity_survey_v1_sac_annual_fyv2022_fyt2023_scratch_1y,annual_diversity_survey_v1,kitchen_sink_guarded,5,2023-01-02,0.0,0.0,2023-12-18,0.0,0.0,0.0,0.0,0.0,0.1,1.5,2.0,0.5
audusd,15m,sac,audusd_15m_fx_full_exec_annual_diversity_survey_v1_sac_annual_fyv2022_fyt2023_scratch_1y,annual_diversity_survey_v1,fx_full,5,2023-01-02,0.0,0.0,2023-09-25,0.0,0.0,0.0,0.0,0.0,0.1,1.5,2.0,0.5
audusd,1h,sac,audusd_1h_fx_full_exec_annual_diversity_survey_v1_sac_annual_fyv2022_fyt2023_scratch_1y,annual_diversity_survey_v1,fx_full,5,2023-01-02,0.0,0.0,2023-09-25,0.0,0.0,0.0,0.0,0.0,0.1,1.5,2.0,0.5
dogeusdt,15m,sac,dogeusdt_15m_kitchen_sink_guarded_exec_annual_diversity_survey_v1_sac_annual_fyv2022_fyt2023_scratch_1y,annual_diversity_survey_v1,kitchen_sink_guarded,5,2023-01-02,0.0,0.0,2023-09-25,0.0,0.0,0.0,0.0,0.0,0.1,1.5,2.0,0.5
dogeusdt,1h,sac,dogeusdt_1h_kitchen_sink_guarded_exec_annual_diversity_survey_v1_sac_annual_fyv2022_fyt2023_scratch_1y,annual_diversity_survey_v1,kitchen_sink_guarded,5,2023-01-02,0.0,0.0,2023-09-25,0.0,0.0,0.0,0.0,0.0,0.1,1.5,2.0,0.5
eurgbp,15m,sac,eurgbp_15m_fx_full_exec_annual_diversity_survey_v1_sac_annual_fyv2022_fyt2023_scratch_1y,annual_diversity_survey_v1,fx_full,5,2023-01-02,0.0,0.0,2023-09-25,0.0,0.0,0.0,0.0,0.0,0.1,1.5,2.0,0.5
eurgbp,1h,sac,eurgbp_1h_fx_full_exec_annual_diversity_survey_v1_sac_annual_fyv2022_fyt2023_scratch_1y,annual_diversity_survey_v1,fx_full,5,2023-01-02,0.0,0.0,2023-09-25,0.0,0.0,0.0,0.0,0.0,0.1,1.5,2.0,0.5
eurusd,15m,sac,eurusd_15m_fx_full_exec_annual_diversity_survey_v1_sac_annual_fyv2022_fyt2023_scratch_1y,annual_diversity_survey_v1,fx_full,5,2023-01-02,0.0,0.0,2023-09-25,0.0,0.0,0.0,0.0,0.0,0.1,1.5,2.0,0.5
eurusd,1h,sac,eurusd_1h_fx_full_exec_annual_diversity_survey_v1_sac_annual_fyv2022_fyt2023_scratch_1y,annual_diversity_survey_v1,fx_full,5,2023-01-02,0.0,0.0,2023-09-25,0.0,0.0,0.0,0.0,0.0,0.1,1.5,2.0,0.5
gbpusd,15m,sac,gbpusd_15m_tech_stat_decomp_exec_annual_diversity_survey_v1_sac_annual_fyv2022_fyt2023_scratch_1y,annual_diversity_survey_v1,tech_stat_decomp,5,2023-01-02,0.0,0.0,2023-09-25,0.0,0.0,0.0,0.0,0.0,0.1,1.5,2.0,0.5
gbpusd,1h,sac,gbpusd_1h_fx_full_exec_annual_diversity_survey_v1_sac_annual_fyv2022_fyt2023_scratch_1y,annual_diversity_survey_v1,fx_full,5,2023-01-02,0.0,0.0,2023-09-25,0.0,0.0,0.0,0.0,0.0,0.1,1.5,2.0,0.5
nzdusd,15m,sac,nzdusd_15m_fx_full_exec_annual_diversity_survey_v1_sac_annual_fyv2022_fyt2023_scratch_1y,annual_diversity_survey_v1,fx_full,5,2023-01-02,0.0,0.0,2023-09-25,0.0,0.0,0.0,0.0,0.0,0.1,1.5,2.0,0.5
nzdusd,1h,sac,nzdusd_1h_fx_full_exec_annual_diversity_survey_v1_sac_annual_fyv2022_fyt2023_scratch_1y,annual_diversity_survey_v1,fx_full,5,2023-01-02,0.0,0.0,2023-09-25,0.0,0.0,0.0,0.0,0.0,0.1,1.5,2.0,0.5
usdcad,15m,sac,usdcad_15m_fx_full_exec_annual_diversity_survey_v1_sac_annual_fyv2022_fyt2023_scratch_1y,annual_diversity_survey_v1,fx_full,5,2023-01-02,0.0,0.0,2023-09-25,0.0,0.0,0.0,0.0,0.0,0.1,1.5,2.0,0.5
usdcad,1h,sac,usdcad_1h_fx_full_exec_annual_diversity_survey_v1_sac_annual_fyv2022_fyt2023_scratch_1y,annual_diversity_survey_v1,fx_full,5,2023-01-02,0.0,0.0,2023-09-25,0.0,0.0,0.0,0.0,0.0,0.1,1.5,2.0,0.5
usdchf,15m,sac,usdchf_15m_fx_full_exec_annual_diversity_survey_v1_sac_annual_fyv2022_fyt2023_scratch_1y,annual_diversity_survey_v1,fx_full,5,2023-01-02,0.0,0.0,2023-09-25,0.0,0.0,0.0,0.0,0.0,0.1,1.5,2.0,0.5
usdchf,1h,sac,usdchf_1h_fx_full_exec_annual_diversity_survey_v1_sac_annual_fyv2022_fyt2023_scratch_1y,annual_diversity_survey_v1,fx_full,5,2023-01-02,0.0,0.0,2023-09-25,0.0,0.0,0.0,0.0,0.0,0.1,1.5,2.0,0.5
xrpusdt,15m,sac,xrpusdt_15m_kitchen_sink_guarded_exec_annual_diversity_survey_v1_sac_annual_fyv2022_fyt2023_scratch_1y,annual_diversity_survey_v1,kitchen_sink_guarded,5,2023-01-02,0.0,0.0,2023-09-25,0.0,0.0,0.0,0.0,0.0,0.1,1.5,2.0,0.5
xrpusdt,1h,sac,xrpusdt_1h_kitchen_sink_guarded_exec_annual_diversity_survey_v1_sac_annual_fyv2022_fyt2023_scratch_1y,annual_diversity_survey_v1,kitchen_sink_guarded,5,2023-01-02,0.0,0.0,2023-09-25,0.0,0.0,0.0,0.0,0.0,0.1,1.5,2.0,0.5
btcusdt_perp,4h,sac,btcusdt_perp_4h_sota_low_cost_sac_warm_start_chain_4y,,sota_low_cost,4,2023-12-04,0.0,0.0,2023-12-25,0.0,0.0,0.0,0.0,0.0,,,,1.0
solusdt,1h,sac,solusdt_1h_kitchen_sink_guarded_all_available_1h_sac_warm_start_chain_2y,,kitchen_sink_guarded,4,2023-05-22,0.0,0.0,2023-06-12,0.0,0.0,0.0,0.0,0.0,0.05,2.0,3.0,1.0
xrpusdt,1h,sac,xrpusdt_1h_kitchen_sink_guarded_sac_warm_start_chain_3y_seed5_asset_preset_broadening_phase5_v1,asset_preset_broadening_phase5_v1,kitchen_sink_guarded,4,2023-10-09,0.0,0.0,2023-10-30,0.0,0.0,0.0,0.0,0.0,0.05,2.0,3.0,1.0
xrpusdt,1h,sac,xrpusdt_1h_sota_low_cost_sac_warm_start_chain_3y_seed5_asset_preset_broadening_phase5_v1,asset_preset_broadening_phase5_v1,sota_low_cost,4,2023-10-09,0.0,0.0,2023-10-30,0.0,0.0,0.0,0.0,0.0,0.05,2.0,3.0,1.0
xrpusdt,1h,sac,xrpusdt_1h_tech_stat_decomp_sac_warm_start_chain_3y_seed5_asset_preset_broadening_phase5_v1,asset_preset_broadening_phase5_v1,tech_stat_decomp,4,2023-10-09,0.0,0.0,2023-10-30,0.0,0.0,0.0,0.0,0.0,0.05,2.0,3.0,1.0
dogeusdt,4h,sac,dogeusdt_4h_kitchen_sink_guarded_exec_annual_diversity_survey_v1_sac_annual_fyv2022_fyt2023_scratch_1y,annual_diversity_survey_v1,kitchen_sink_guarded,13,2023-01-02,0.0,0.0,2023-01-23,0.0,-0.000158,7e-06,0.000329,0.307692,0.1,1.5,2.0,0.5
eurgbp,4h,sac,eurgbp_4h_fx_full_exec_annual_diversity_survey_v1_sac_annual_fyv2022_fyt2023_scratch_1y,annual_diversity_survey_v1,fx_full,18,2023-01-02,0.0,0.0,2023-01-23,0.0,-0.000313,-0.000209,0.000209,0.111111,0.1,1.5,2.0,0.5
eurusd,4h,sac,eurusd_4h_fx_full_exec_annual_diversity_survey_v1_sac_annual_fyv2022_fyt2023_scratch_1y,annual_diversity_survey_v1,fx_full,14,2023-01-09,0.0,0.0,2023-01-30,0.0,-0.00079,-0.000526,0.000526,0.214286,0.1,1.5,2.0,0.5
xrpusdt,1h,sac,xrpusdt_1h_kitchen_sink_guarded_sac_scratch_1y_seed5_asset_preset_broadening_phase5_v1,asset_preset_broadening_phase5_v1,kitchen_sink_guarded,12,2023-11-13,0.01074,0.055012,2023-10-30,0.0,-0.031453,-0.005995,0.025458,5.5,0.05,2.0,3.0,1.0
linkusdt,4h,sac,linkusdt_4h_kitchen_sink_guarded_exec_annual_diversity_survey_v1_sac_annual_fyv2022_fyt2023_scratch_1y,annual_diversity_survey_v1,kitchen_sink_guarded,13,2023-01-02,0.0,0.0,2023-01-23,0.0,-0.093662,-0.038814,0.109695,0.615385,0.1,1.5,2.0,0.5
solusdt,1h,sac,solusdt_1h_kitchen_sink_guarded_exec_annual_diversity_survey_v1_sac_annual_fyv2022_fyt2023_scratch_1y,annual_diversity_survey_v1,kitchen_sink_guarded,5,2023-01-02,0.0,0.0,2023-09-25,0.0,-0.355593,-0.186628,0.337929,2.6,0.1,1.5,2.0,0.5
solusdt,4h,sac,solusdt_4h_sota_low_cost_all_available_sac_fine_tune_recent_window_m3_base3y__oracle_bc_transfer_e1_v1,,sota_low_cost,13,2023-11-06,0.748024,1.162646,2023-10-23,0.0,-0.428996,0.033556,0.462552,6.230769,0.05,2.0,3.0,1.0
solusdt,4h,sac,solusdt_4h_sota_low_cost_all_available_sac_fine_tune_recent_window_m6_base2y__oracle_bc_transfer_e1_v1,,sota_low_cost,32,2023-12-04,0.56657,0.906122,2023-06-12,0.0,-0.579007,-0.072613,0.506394,8.0625,0.05,2.0,3.0,1.0
btcusdt_perp,4h,sac,btcusdt_perp_4h_sota_low_cost_sac_scratch_2y,,sota_low_cost,8,2023-11-06,0.0,0.0,2023-11-27,0.0,-1.549525,1.134672,2.684197,0.125,,,,1.0
btcusdt_perp,4h,sac,btcusdt_perp_4h_sota_low_cost_sac_scratch_2y_etd14_vd14_td14,,sota_low_cost,8,2023-10-30,0.0,0.0,2023-11-20,0.0,-5.244304,-1.519027,3.725277,0.125,,,,1.0
btcusdt_perp,4h,sac,btcusdt_perp_4h_sota_low_cost_sac_scratch_recent_window_m6_base4y,,sota_low_cost,8,2023-11-06,0.0,0.0,2023-11-27,0.0,-6.516519,-1.312072,5.204447,0.25,,,,1.0
dogeusdt,4h,sac,dogeusdt_4h_sota_low_cost_all_available_sac_warm_start_chain_1y,,sota_low_cost,32,2023-09-25,0.001208,0.001208,2023-07-24,-3.9e-05,-0.001615,-5.1e-05,0.001563,2.28125,0.05,2.0,3.0,1.0
solusdt,1h,sac,solusdt_1h_sota_low_cost_sac_warm_start_chain_1y_seed5_asset_preset_broadening_phase5_v1_fixed_rv0p05_sl2_tp4_sltp_risk_geometry_phase8_v1,sltp_risk_geometry_phase8_v1,sota_low_cost,8,2023-10-30,1.220422,1.688449,2023-11-20,-0.000799,-0.294796,0.185025,0.959643,12.625,0.05,2.0,4.0,0.5
adausdt,1h,sac,adausdt_1h_sota_low_cost_sac_scratch_3y_seed5_asset_preset_broadening_phase5_v1,asset_preset_broadening_phase5_v1,sota_low_cost,5,2023-12-25,0.004661,0.011581,2023-12-25,-0.001408,-0.001127,0.005188,0.006315,1.4,0.05,2.0,3.0,1.0
btcusdt,4h,sac,btcusdt_4h_crypto_full_sac_warm_start_chain_1y_seed5_asset_preset_broadening_phase5_v1,asset_preset_broadening_phase5_v1,crypto_full,8,2023-09-25,0.331209,0.385119,2023-10-02,-0.001622,-0.173174,-0.014996,0.158178,2.625,0.05,2.0,3.0,1.0
btcusdt,4h,sac,btcusdt_4h_kitchen_sink_guarded_sac_warm_start_chain_1y_seed5_asset_preset_broadening_phase5_v1,asset_preset_broadening_phase5_v1,kitchen_sink_guarded,8,2023-09-25,0.331209,0.385119,2023-10-02,-0.001622,-0.173174,-0.014996,0.158178,2.625,0.05,2.0,3.0,1.0
btcusdt,4h,sac,btcusdt_4h_sota_low_cost_sac_warm_start_chain_1y_seed5_asset_preset_broadening_phase5_v1,asset_preset_broadening_phase5_v1,sota_low_cost,8,2023-09-25,0.331209,0.385119,2023-10-02,-0.001622,-0.173174,-0.014996,0.158178,2.625,0.05,2.0,3.0,1.0
btcusdt,4h,sac,btcusdt_4h_tech_stat_decomp_sac_warm_start_chain_1y_seed5_asset_preset_broadening_phase5_v1,asset_preset_broadening_phase5_v1,tech_stat_decomp,8,2023-09-25,0.331209,0.385119,2023-10-02,-0.001622,-0.173174,-0.014996,0.158178,2.625,0.05,2.0,3.0,1.0
adausdt,4h,sac,adausdt_4h_crypto_full_sac_scratch_3y_seed5_asset_preset_broadening_phase5_v1,asset_preset_broadening_phase5_v1,crypto_full,15,2023-11-27,0.003844,0.004322,2023-10-30,-0.001776,-0.021785,-0.001055,0.02073,2.066667,0.05,2.0,3.0,1.0
xrpusdt,4h,sac,xrpusdt_4h_crypto_full_sac_warm_start_chain_1y_seed5_asset_preset_broadening_phase5_v1,asset_preset_broadening_phase5_v1,crypto_full,20,2023-12-04,0.023371,0.07237,2023-10-09,-0.002097,-0.016955,0.008072,0.025028,2.95,0.05,2.0,3.0,1.0
ethusdt,4h,sac,ethusdt_4h_crypto_full_sac_scratch_1y_seed5_asset_preset_broadening_phase5_v1,asset_preset_broadening_phase5_v1,crypto_full,20,2023-11-27,0.21473,0.285714,2023-11-27,-0.003135,-0.255335,-0.021471,0.233863,2.25,0.05,2.0,3.0,1.0
ethusdt,4h,sac,ethusdt_4h_kitchen_sink_guarded_sac_scratch_1y_seed5_asset_preset_broadening_phase5_v1,asset_preset_broadening_phase5_v1,kitchen_sink_guarded,20,2023-08-28,0.265708,0.308012,2023-11-27,-0.003135,-0.261202,-0.021629,0.239573,2.55,0.05,2.0,3.0,1.0
solusdt,1h,sac,solusdt_1h_crypto_full_sac_fine_tune_recent_window_m3_base3y_seed5_asset_preset_broadening_phase5_v1,asset_preset_broadening_phase5_v1,crypto_full,12,2023-11-06,1.951372,2.458607,2023-11-06,-0.003608,-0.514665,0.255706,0.770371,28.416667,0.05,2.0,3.0,1.0
solusdt,4h,sac,solusdt_4h_kitchen_sink_guarded_all_available_sac_fine_tune_recent_window_m1_base3y,,kitchen_sink_guarded,10,2023-11-20,0.088413,0.264228,2023-12-11,-0.003739,-0.546038,-0.131961,0.414077,1.2,0.05,2.0,3.0,1.0
adausdt,1h,sac,adausdt_1h_sota_low_cost_sac_scratch_1y_seed5_asset_preset_broadening_phase5_v1,asset_preset_broadening_phase5_v1,sota_low_cost,12,2023-12-25,0.034489,0.052701,2023-11-06,-0.004276,-0.035316,-0.003039,0.032277,5.333333,0.05,2.0,3.0,1.0
adausdt,1h,sac,adausdt_1h_crypto_full_sac_scratch_3y_seed5_asset_preset_broadening_phase5_v1,asset_preset_broadening_phase5_v1,crypto_full,5,2023-12-25,0.004661,0.011581,2023-12-25,-0.004285,-0.003428,0.001185,0.004613,1.2,0.05,2.0,3.0,1.0
xrpusdt,1h,sac,xrpusdt_1h_crypto_full_sac_warm_start_chain_1y_seed5_asset_preset_broadening_phase5_v1,asset_preset_broadening_phase5_v1,crypto_full,8,2023-11-06,0.012968,0.064017,2023-11-06,-0.00437,-0.017427,0.010473,0.027901,14.25,0.05,2.0,3.0,1.0
adausdt,1h,sac,adausdt_1h_crypto_full_sac_scratch_1y_seed5_asset_preset_broadening_phase5_v1,asset_preset_broadening_phase5_v1,crypto_full,12,2023-12-11,0.071471,0.131774,2023-10-30,-0.004496,-0.00899,0.013932,0.022922,5.25,0.05,2.0,3.0,1.0
xrpusdt,1h,sac,xrpusdt_1h_crypto_full_sac_warm_start_chain_3y_seed5_asset_preset_broadening_phase5_v1,asset_preset_broadening_phase5_v1,crypto_full,4,2023-10-09,0.0,0.0,2023-10-30,-0.004708,-0.004708,-0.002058,0.00265,0.25,0.05,2.0,3.0,1.0
adausdt,4h,sac,adausdt_4h_tech_stat_decomp_sac_warm_start_chain_3y_seed5_asset_preset_broadening_phase5_v1,asset_preset_broadening_phase5_v1,tech_stat_decomp,4,2023-08-14,0.000546,0.002146,2023-09-04,-0.005013,-0.005013,-0.000784,0.004229,2.5,0.05,2.0,3.0,1.0
xrpusdt,4h,sac,xrpusdt_4h_kitchen_sink_guarded_sac_scratch_3y_seed5_asset_preset_broadening_phase5_v1,asset_preset_broadening_phase5_v1,kitchen_sink_guarded,5,2023-10-30,0.016471,0.016471,2023-12-04,-0.006134,-0.007641,0.009088,0.016728,1.6,0.05,2.0,3.0,1.0
adausdt,1h,sac,adausdt_1h_kitchen_sink_guarded_sac_warm_start_chain_3y_seed5_asset_preset_broadening_phase5_v1,asset_preset_broadening_phase5_v1,kitchen_sink_guarded,4,2023-10-30,0.032176,0.072488,2023-10-30,-0.006275,-0.006275,0.01238,0.018655,4.25,0.05,2.0,3.0,1.0
xrpusdt,4h,sac,xrpusdt_4h_crypto_full_sac_warm_start_chain_3y_seed5_asset_preset_broadening_phase5_v1,asset_preset_broadening_phase5_v1,crypto_full,4,2023-08-14,0.031103,0.0381,2023-09-04,-0.006468,-0.006468,0.009681,0.016149,4.25,0.05,2.0,3.0,1.0
eurjpy,15m,sac,eurjpy_15m_fx_full_exec_annual_diversity_survey_fast40k_v2_sac_annual_fyv2022_fyt2023_scratch_1y,annual_diversity_survey_fast40k_v2,fx_full,52,2023-06-12,0.075991,0.097812,2023-07-17,-0.006751,-0.161357,-0.09134,0.140035,22.576923,0.1,1.5,2.0,0.5
adausdt,4h,sac,adausdt_4h_sota_low_cost_sac_warm_start_chain_3y_seed5_asset_preset_broadening_phase5_v1,asset_preset_broadening_phase5_v1,sota_low_cost,4,2023-08-14,0.003047,0.004647,2023-09-04,-0.006955,-0.006955,0.000123,0.007078,3.0,0.05,2.0,3.0,1.0
adausdt,1h,sac,adausdt_1h_kitchen_sink_guarded_sac_scratch_1y_seed5_asset_preset_broadening_phase5_v1,asset_preset_broadening_phase5_v1,kitchen_sink_guarded,12,2023-12-25,0.034489,0.052701,2023-10-30,-0.007945,-0.029446,0.001059,0.030505,4.666667,0.05,2.0,3.0,1.0
adausdt,1h,sac,adausdt_1h_tech_stat_decomp_sac_scratch_1y_seed5_asset_preset_broadening_phase5_v1,asset_preset_broadening_phase5_v1,tech_stat_decomp,12,2023-12-25,0.034489,0.052701,2023-10-30,-0.008145,-0.036468,-0.003966,0.032502,5.0,0.05,2.0,3.0,1.0
xrpusdt,1h,sac,xrpusdt_1h_sota_low_cost_sac_scratch_3y_seed5_asset_preset_broadening_phase5_v1,asset_preset_broadening_phase5_v1,sota_low_cost,5,2023-11-20,0.0,0.0,2023-12-25,-0.008759,-0.010787,0.004631,0.015418,2.8,0.05,2.0,3.0,1.0
xrpusdt,1h,sac,xrpusdt_1h_tech_stat_decomp_sac_scratch_3y_seed5_asset_preset_broadening_phase5_v1,asset_preset_broadening_phase5_v1,tech_stat_decomp,5,2023-11-20,0.0,0.0,2023-12-25,-0.008759,-0.010787,0.004631,0.015418,2.8,0.05,2.0,3.0,1.0
solusdt,4h,sac,solusdt_4h_sota_low_cost_all_available_sac_fine_tune_recent_window_m3_base3y,,sota_low_cost,13,2023-10-30,0.50922,0.95269,2023-10-30,-0.009146,-0.677624,-0.055764,0.62186,7.307692,0.05,2.0,3.0,1.0
adausdt,1h,sac,adausdt_1h_tech_stat_decomp_sac_warm_start_chain_3y_seed5_asset_preset_broadening_phase5_v1,asset_preset_broadening_phase5_v1,tech_stat_decomp,4,2023-10-30,0.026265,0.043002,2023-10-30,-0.010227,-0.010227,0.006342,0.016569,7.5,0.05,2.0,3.0,1.0
ethusdt,4h,sac,ethusdt_4h_sota_low_cost_plus_event_engineered_v1_sac_fine_tune_recent_window_m12_base3y_etd14_vd7_td7_seed4_eventctx_metric_window_phase3_v1,eventctx_metric_window_phase3_v1,sota_low_cost_plus_event_engineered_v1,32,2023-08-28,0.193948,0.253563,2023-09-18,-0.011475,-0.244586,-0.03714,0.207445,2.40625,0.05,2.0,3.0,1.0
xrpusdt,4h,sac,xrpusdt_4h_tech_stat_decomp_sac_scratch_3y_seed5_asset_preset_broadening_phase5_v1,asset_preset_broadening_phase5_v1,tech_stat_decomp,5,2023-12-25,0.001152,0.004576,2023-12-25,-0.013603,-0.010882,-0.003966,0.006916,0.8,0.05,2.0,3.0,1.0
xrpusdt,4h,sac,xrpusdt_4h_sota_low_cost_sac_scratch_3y_seed5_asset_preset_broadening_phase5_v1,asset_preset_broadening_phase5_v1,sota_low_cost,5,2023-10-09,0.0,0.0,2023-12-04,-0.013891,-0.020217,-0.008466,0.011751,0.8,0.05,2.0,3.0,1.0
bnbusdt,4h,sac,bnbusdt_4h_crypto_full_sac_fine_tune_recent_window_m6_base3y_seed5_asset_preset_broadening_phase5_v1,asset_preset_broadening_phase5_v1,crypto_full,20,2023-12-25,0.417281,0.646936,2023-12-25,-0.013899,-0.271246,-0.048876,0.22237,5.8,0.05,2.0,3.0,1.0
xrpusdt,1h,sac,xrpusdt_1h_crypto_full_sac_scratch_3y_seed5_asset_preset_broadening_phase5_v1,asset_preset_broadening_phase5_v1,crypto_full,5,2023-11-13,0.0,0.0,2023-12-11,-0.014914,-0.012056,-0.000409,0.011647,1.8,0.05,2.0,3.0,1.0
xrpusdt,1h,sac,xrpusdt_1h_kitchen_sink_guarded_sac_scratch_3y_seed5_asset_preset_broadening_phase5_v1,asset_preset_broadening_phase5_v1,kitchen_sink_guarded,5,2023-11-20,0.001453,0.002276,2023-12-25,-0.015706,-0.016221,0.000503,0.016724,3.2,0.05,2.0,3.0,1.0
usdjpy,15m,sac,usdjpy_15m_fx_full_exec_annual_diversity_survey_fast40k_v2_sac_annual_fyv2022_fyt2023_scratch_1y,annual_diversity_survey_fast40k_v2,fx_full,52,2023-04-10,0.065892,0.122281,2023-06-05,-0.016814,-0.181429,-0.101317,0.160224,26.807692,0.1,1.5,2.0,0.5
solusdt,4h,sac,solusdt_4h_sota_low_cost_all_available_sac_fine_tune_recent_window_m6_base1y,,sota_low_cost,32,2023-11-06,1.589858,2.185738,2023-09-11,-0.017243,-0.395266,0.074052,0.469319,10.625,0.05,2.0,3.0,1.0
adausdt,1h,sac,adausdt_1h_sota_low_cost_sac_warm_start_chain_3y_seed5_asset_preset_broadening_phase5_v1,asset_preset_broadening_phase5_v1,sota_low_cost,4,2023-10-09,-0.011099,-0.003087,2023-10-30,-0.020659,-0.020659,-0.007861,0.012798,3.25,0.05,2.0,3.0,1.0
xrpusdt,4h,sac,xrpusdt_4h_kitchen_sink_guarded_sac_warm_start_chain_3y_seed5_asset_preset_broadening_phase5_v1,asset_preset_broadening_phase5_v1,kitchen_sink_guarded,4,2023-08-14,0.028175,0.04627,2023-09-04,-0.023671,-0.023671,0.003417,0.027089,4.5,0.05,2.0,3.0,1.0
adausdt,1h,sac,adausdt_1h_crypto_full_sac_warm_start_chain_3y_seed5_asset_preset_broadening_phase5_v1,asset_preset_broadening_phase5_v1,crypto_full,4,2023-10-09,-0.011099,-0.003087,2023-10-30,-0.023763,-0.023763,-0.009643,0.01412,3.5,0.05,2.0,3.0,1.0
xrpusdt,4h,sac,xrpusdt_4h_crypto_full_sac_scratch_3y_seed5_asset_preset_broadening_phase5_v1,asset_preset_broadening_phase5_v1,crypto_full,5,2023-10-09,0.0,0.0,2023-12-04,-0.026035,-0.029933,-0.013429,0.016504,1.0,0.05,2.0,3.0,1.0
solusdt,1h,sac,solusdt_1h_tech_stat_decomp_sac_warm_start_chain_1y_seed5_asset_preset_broadening_phase5_v1_fixed_rv0p10_sl1p5_tp2_sltp_risk_geometry_phase8_v1,sltp_risk_geometry_phase8_v1,tech_stat_decomp,8,2023-11-06,1.622505,2.225035,2023-11-06,-0.030458,-0.721129,0.007259,1.456775,18.5,0.1,1.5,2.0,0.5
ethusdt,4h,sac,ethusdt_4h_kitchen_sink_guarded_exec_annual_4y_2022val_2023test_rap_sac_annual_fyv2022_fyt2023_fine_tune_recent_window_m12_base4y_valyear_rap_l1p0_rv0p1_risk_adjusted_reward_phase7_v3,risk_adjusted_reward_phase7_v3,kitchen_sink_guarded,5,2022-07-11,0.825336,1.434608,2022-12-26,-0.03061,-0.166715,0.426104,0.59282,5.0,0.1,2.0,3.0,1.0
solusdt,4h,sac,solusdt_4h_kitchen_sink_guarded_all_available_sac_fine_tune_recent_window_m3_base3y,,kitchen_sink_guarded,10,2023-11-06,0.748024,1.162646,2023-12-11,-0.031408,-0.543022,0.047592,0.590613,4.9,0.05,2.0,3.0,1.0
solusdt,4h,sac,solusdt_4h_tech_stat_decomp_sac_fine_tune_recent_window_m3_base1y_seed5_asset_preset_broadening_phase5_v1,asset_preset_broadening_phase5_v1,tech_stat_decomp,8,2023-09-04,0.425581,0.552315,2023-09-04,-0.032364,-0.363797,0.000268,0.364065,10.875,0.05,2.0,3.0,1.0
ethusdt,4h,sac,ethusdt_4h_sota_low_cost_sac_scratch_3y_etd14_vd7_td7_seed4_eventctx_metric_window_phase3_v1,eventctx_metric_window_phase3_v1,sota_low_cost,32,2023-10-16,0.193306,0.287694,2023-08-28,-0.03261,-0.217423,-0.020373,0.197049,2.53125,0.05,2.0,3.0,1.0
solusdt,1h,sac,solusdt_1h_tech_stat_decomp_sac_warm_start_chain_1y_seed5_asset_preset_broadening_phase5_v1_control_rv0p05_sl2_tp3_sltp_risk_geometry_phase8_v1,sltp_risk_geometry_phase8_v1,tech_stat_decomp,8,2023-11-06,0.31115,0.907921,2023-11-27,-0.036261,-0.318801,0.095782,0.829165,23.625,0.05,2.0,3.0,0.5
xrpusdt,4h,sac,xrpusdt_4h_tech_stat_decomp_sac_warm_start_chain_3y_seed5_asset_preset_broadening_phase5_v1,asset_preset_broadening_phase5_v1,tech_stat_decomp,4,2023-09-04,-0.0025,0.005,2023-09-04,-0.041113,-0.041113,-0.008662,0.032451,2.5,0.05,2.0,3.0,1.0
solusdt,1h,sac,solusdt_1h_sota_low_cost_sac_warm_start_chain_1y_seed5_asset_preset_broadening_phase5_v1_fixed_rv0p05_sl1p25_tp1p25_sltp_risk_geometry_phase8_v1,sltp_risk_geometry_phase8_v1,sota_low_cost,8,2023-10-09,0.369498,0.430387,2023-10-30,-0.048032,-0.655882,-0.233475,0.844814,20.875,0.05,1.25,1.25,0.5
gbpjpy,15m,sac,gbpjpy_15m_fx_full_exec_annual_diversity_survey_fast40k_v2_sac_annual_fyv2022_fyt2023_scratch_1y,annual_diversity_survey_fast40k_v2,fx_full,52,2023-06-12,0.023227,0.071715,2023-06-19,-0.057128,-0.249621,-0.142334,0.214574,34.653846,0.1,1.5,2.0,0.5
solusdt,4h,sac,solusdt_4h_sota_low_cost_sac_fine_tune_recent_window_m3_base1y_seed5_asset_preset_broadening_phase5_v1,asset_preset_broadening_phase5_v1,sota_low_cost,8,2023-08-14,0.369062,0.578953,2023-10-02,-0.057214,-0.08773,0.149385,0.237115,9.125,0.05,2.0,3.0,1.0
bnbusdt,1h,sac,bnbusdt_1h_sota_low_cost_sac_warm_start_chain_1y_seed5_asset_preset_broadening_phase5_v1,asset_preset_broadening_phase5_v1,sota_low_cost,8,2023-11-13,0.0,0.0,2023-11-27,-0.058698,-0.272114,-0.067702,0.204412,5.0,0.05,2.0,3.0,1.0
solusdt,15m,sac,solusdt_15m_kitchen_sink_guarded_exec_annual_diversity_survey_v1_sac_annual_fyv2022_fyt2023_scratch_1y,annual_diversity_survey_v1,kitchen_sink_guarded,5,2023-01-02,0.0,0.0,2023-09-25,-0.061304,-0.623248,-0.345522,0.555451,13.2,0.1,1.5,2.0,0.5
solusdt,4h,sac,solusdt_4h_tech_stat_decomp_sac_scratch_3y_seed5_asset_preset_broadening_phase5_v1,asset_preset_broadening_phase5_v1,tech_stat_decomp,13,2023-11-27,0.195313,0.319828,2023-12-18,-0.063902,-0.679037,-0.069965,0.609072,3.307692,0.05,2.0,3.0,1.0
bnbusdt,1h,sac,bnbusdt_1h_crypto_full_sac_fine_tune_recent_window_m6_base3y_seed5_asset_preset_broadening_phase5_v1,asset_preset_broadening_phase5_v1,crypto_full,8,2023-10-30,0.041849,0.224191,2023-10-30,-0.063948,-0.284181,0.011835,0.296016,8.25,0.05,2.0,3.0,1.0
bnbusdt,1h,sac,bnbusdt_1h_kitchen_sink_guarded_sac_fine_tune_recent_window_m6_base3y_seed5_asset_preset_broadening_phase5_v1,asset_preset_broadening_phase5_v1,kitchen_sink_guarded,8,2023-10-30,0.041849,0.224191,2023-10-30,-0.063948,-0.284181,0.011835,0.296016,8.25,0.05,2.0,3.0,1.0
ethusdt,1h,sac,ethusdt_1h_tech_stat_decomp_sac_scratch_3y_seed5_asset_preset_broadening_phase5_v1,asset_preset_broadening_phase5_v1,tech_stat_decomp,12,2023-10-23,0.211781,0.526519,2023-11-06,-0.069271,-0.267886,0.022382,0.290268,11.5,0.05,2.0,3.0,1.0
usdjpy,15m,sac,usdjpy_15m_fx_full_exec_annual_diversity_survey_v1_sac_annual_fyv2022_fyt2023_scratch_1y,annual_diversity_survey_v1,fx_full,5,2023-07-03,0.023137,0.029661,2023-12-25,-0.078916,-0.181505,-0.087559,0.187892,25.2,0.1,1.5,2.0,0.5
eurjpy,15m,sac,eurjpy_15m_fx_full_exec_annual_diversity_survey_v1_sac_annual_fyv2022_fyt2023_scratch_1y,annual_diversity_survey_v1,fx_full,5,2023-07-03,0.005062,0.00619,2023-12-25,-0.086102,-0.106999,-0.061399,0.091202,9.6,0.1,1.5,2.0,0.5
ethusdt,1h,sac,ethusdt_1h_crypto_full_sac_scratch_3y_seed5_asset_preset_broadening_phase5_v1,asset_preset_broadening_phase5_v1,crypto_full,12,2023-11-06,0.162972,0.347236,2023-11-06,-0.086973,-0.188792,0.066088,0.25488,10.25,0.05,2.0,3.0,1.0
ethusdt,4h,sac,ethusdt_4h_kitchen_sink_guarded_exec_annual_4y_2022val_2023test_rap_sac_annual_fyv2022_fyt2023_fine_tune_recent_window_m12_base4y_valyear_fixed_rv0p10_sl2_tp3_sltp_risk_geometry_phase8_v3,sltp_risk_geometry_phase8_v3,kitchen_sink_guarded,5,2022-07-11,1.129972,1.434608,2023-01-02,-0.087281,-0.291932,0.168722,0.921308,7.0,0.1,2.0,3.0,0.5
ethusdt,4h,sac,ethusdt_4h_kitchen_sink_guarded_exec_annual_4y_2022val_2023test_rap_sac_annual_fyv2022_fyt2023_scratch_4y_valyear_fixed_rv0p05_sl1p25_tp1p25_sltp_risk_geometry_phase8_v3,sltp_risk_geometry_phase8_v3,kitchen_sink_guarded,5,2023-01-02,0.093497,0.129456,2023-01-02,-0.092071,-0.09942,0.006124,0.211087,4.8,0.05,1.25,1.25,0.5
ethusdt,1h,sac,ethusdt_1h_kitchen_sink_guarded_sac_warm_start_chain_3y_seed5_asset_preset_broadening_phase5_v1,asset_preset_broadening_phase5_v1,kitchen_sink_guarded,5,2023-10-23,0.199948,0.427748,2023-11-06,-0.092678,-0.15938,0.043006,0.202385,6.4,0.05,2.0,3.0,1.0
solusdt,1h,sac,solusdt_1h_crypto_full_all_available_1h_sac_warm_start_chain_1y,,crypto_full,32,2023-12-11,0.713437,1.386065,2023-12-11,-0.095487,-1.023322,-0.197346,0.825975,23.5,0.05,2.0,3.0,1.0
btcusdt_perp,15m,sac,btcusdt_perp_15m_kitchen_sink_guarded_exec_annual_diversity_survey_fast40k_v2_sac_annual_fyv2022_fyt2023_scratch_1y,annual_diversity_survey_fast40k_v2,kitchen_sink_guarded,52,2023-10-23,0.59764,0.83767,2023-11-13,-0.109339,-0.665305,-0.29707,0.736471,55.788462,0.1,1.5,2.0,0.5
bnbusdt,1h,sac,bnbusdt_1h_crypto_full_sac_scratch_1y_seed5_asset_preset_broadening_phase5_v1,asset_preset_broadening_phase5_v1,crypto_full,12,2023-12-25,0.233527,0.680716,2023-11-27,-0.111295,-0.304481,0.008932,0.313413,5.916667,0.05,2.0,3.0,1.0
bnbusdt,4h,sac,bnbusdt_4h_kitchen_sink_guarded_sac_fine_tune_recent_window_m6_base3y_seed5_asset_preset_broadening_phase5_v1,asset_preset_broadening_phase5_v1,kitchen_sink_guarded,20,2023-08-14,0.326538,0.42271,2023-12-18,-0.113968,-0.229857,-0.010546,0.219311,3.65,0.05,2.0,3.0,1.0
solusdt,4h,sac,solusdt_4h_sota_low_cost_sac_scratch_3y_seed5_asset_preset_broadening_phase5_v1,asset_preset_broadening_phase5_v1,sota_low_cost,13,2023-12-18,1.550011,1.821489,2023-10-23,-0.115077,-0.600715,-0.09445,0.506265,2.230769,0.05,2.0,3.0,1.0
bnbusdt,1h,sac,bnbusdt_1h_kitchen_sink_guarded_sac_fine_tune_recent_window_m3_base3y_seed5_asset_preset_broadening_phase5_v1,asset_preset_broadening_phase5_v1,kitchen_sink_guarded,5,2023-10-23,0.0,0.0,2023-11-06,-0.115803,-0.095638,-0.022974,0.072664,2.2,0.05,2.0,3.0,1.0
bnbusdt,1h,sac,bnbusdt_1h_kitchen_sink_guarded_sac_warm_start_chain_1y_seed5_asset_preset_broadening_phase5_v1,asset_preset_broadening_phase5_v1,kitchen_sink_guarded,8,2023-10-30,0.041849,0.224191,2023-11-20,-0.119152,-0.212116,-0.021214,0.190903,6.0,0.05,2.0,3.0,1.0
ethusdt,4h,sac,ethusdt_4h_kitchen_sink_guarded_exec_annual_4y_2022val_2023test_rap_sac_annual_fyv2022_fyt2023_scratch_4y_valyear_rap_l1p0_rv0p1_risk_adjusted_reward_phase7_v3,risk_adjusted_reward_phase7_v3,kitchen_sink_guarded,15,2023-01-02,0.162365,0.270152,2022-10-31,-0.123706,-0.706717,-0.085061,0.621657,3.066667,0.1,2.0,3.0,1.0
ethusdt,1h,sac,ethusdt_1h_tech_stat_decomp_sac_warm_start_chain_3y_seed5_asset_preset_broadening_phase5_v1,asset_preset_broadening_phase5_v1,tech_stat_decomp,5,2023-11-06,0.081793,0.337727,2023-11-06,-0.125733,-0.185824,0.080459,0.266283,8.4,0.05,2.0,3.0,1.0
solusdt,4h,sac,solusdt_4h_crypto_full_all_available_sac_fine_tune_recent_window_m12_base2y,,crypto_full,11,2023-06-26,1.287027,1.439441,2023-07-03,-0.13816,-0.402711,0.014038,0.416749,6.181818,0.05,2.0,3.0,1.0
btcusdt,4h,sac,btcusdt_4h_crypto_full_sac_fine_tune_recent_window_m3_base3y_seed5_asset_preset_broadening_phase5_v1,asset_preset_broadening_phase5_v1,crypto_full,5,2023-09-11,0.052211,0.124116,2023-09-11,-0.138795,-0.265339,-0.078347,0.186992,3.0,0.05,2.0,3.0,1.0
btcusdt,4h,sac,btcusdt_4h_crypto_full_sac_fine_tune_recent_window_m6_base3y_seed5_asset_preset_broadening_phase5_v1,asset_preset_broadening_phase5_v1,crypto_full,5,2023-09-11,0.052211,0.124116,2023-09-11,-0.138795,-0.265339,-0.078347,0.186992,3.0,0.05,2.0,3.0,1.0
btcusdt,4h,sac,btcusdt_4h_crypto_full_sac_warm_start_chain_3y_seed5_asset_preset_broadening_phase5_v1,asset_preset_broadening_phase5_v1,crypto_full,5,2023-09-11,0.052211,0.124116,2023-09-11,-0.138795,-0.265339,-0.078347,0.186992,3.0,0.05,2.0,3.0,1.0
btcusdt,4h,sac,btcusdt_4h_kitchen_sink_guarded_sac_warm_start_chain_3y_seed5_asset_preset_broadening_phase5_v1,asset_preset_broadening_phase5_v1,kitchen_sink_guarded,5,2023-09-11,0.052211,0.124116,2023-09-11,-0.138795,-0.265339,-0.078347,0.186992,3.0,0.05,2.0,3.0,1.0
btcusdt,4h,sac,btcusdt_4h_sota_low_cost_sac_warm_start_chain_3y_seed5_asset_preset_broadening_phase5_v1,asset_preset_broadening_phase5_v1,sota_low_cost,5,2023-09-11,0.052211,0.124116,2023-09-11,-0.138795,-0.265339,-0.078347,0.186992,3.0,0.05,2.0,3.0,1.0
btcusdt,4h,sac,btcusdt_4h_tech_stat_decomp_sac_fine_tune_recent_window_m3_base3y_seed5_asset_preset_broadening_phase5_v1,asset_preset_broadening_phase5_v1,tech_stat_decomp,5,2023-09-11,0.052211,0.124116,2023-09-11,-0.138795,-0.265339,-0.078347,0.186992,3.0,0.05,2.0,3.0,1.0
btcusdt,4h,sac,btcusdt_4h_tech_stat_decomp_sac_fine_tune_recent_window_m6_base3y_seed5_asset_preset_broadening_phase5_v1,asset_preset_broadening_phase5_v1,tech_stat_decomp,5,2023-09-11,0.052211,0.124116,2023-09-11,-0.138795,-0.265339,-0.078347,0.186992,3.0,0.05,2.0,3.0,1.0
btcusdt,4h,sac,btcusdt_4h_tech_stat_decomp_sac_warm_start_chain_3y_seed5_asset_preset_broadening_phase5_v1,asset_preset_broadening_phase5_v1,tech_stat_decomp,5,2023-09-11,0.052211,0.124116,2023-09-11,-0.138795,-0.265339,-0.078347,0.186992,3.0,0.05,2.0,3.0,1.0
btcusdt,15m,sac,btcusdt_15m_kitchen_sink_guarded_exec_annual_diversity_survey_fast40k_v2_sac_annual_fyv2022_fyt2023_scratch_1y,annual_diversity_survey_fast40k_v2,kitchen_sink_guarded,52,2023-04-17,0.567411,0.747736,2023-05-08,-0.140715,-0.7323,-0.361901,0.740799,60.423077,0.1,1.5,2.0,0.5
ethusdt,4h,sac,ethusdt_4h_kitchen_sink_guarded_exec_annual_4y_2022val_2023test_rap_sac_annual_fyv2022_fyt2023_fine_tune_recent_window_m12_base4y_valyear_fixed_rv0p10_sl1p5_tp2_sltp_risk_geometry_phase8_v3,sltp_risk_geometry_phase8_v3,kitchen_sink_guarded,5,2022-07-11,1.999529,2.242801,2023-01-02,-0.146364,-0.317339,0.195762,1.026201,8.8,0.1,1.5,2.0,0.5
ethusdt,1h,sac,ethusdt_1h_kitchen_sink_guarded_sac_scratch_3y_seed5_asset_preset_broadening_phase5_v1,asset_preset_broadening_phase5_v1,kitchen_sink_guarded,12,2023-11-06,0.081793,0.337727,2023-11-20,-0.153256,-0.355669,-0.052536,0.303133,9.25,0.05,2.0,3.0,1.0
solusdt,1h,sac,solusdt_1h_kitchen_sink_guarded_sac_warm_start_chain_3y_seed5_asset_preset_broadening_phase5_v1,asset_preset_broadening_phase5_v1,kitchen_sink_guarded,5,2023-11-06,1.830163,2.217482,2023-11-06,-0.155984,-0.230535,0.407147,0.637682,13.4,0.05,2.0,3.0,1.0
bnbusdt,1h,sac,bnbusdt_1h_sota_low_cost_sac_scratch_3y_seed5_asset_preset_broadening_phase5_v1,asset_preset_broadening_phase5_v1,sota_low_cost,12,2023-12-25,0.318261,0.751861,2023-10-30,-0.161368,-0.251591,0.03182,0.283412,6.083333,0.05,2.0,3.0,1.0
ethusdt,1h,sac,ethusdt_1h_tech_stat_decomp_sac_scratch_1y_seed5_asset_preset_broadening_phase5_v1,asset_preset_broadening_phase5_v1,tech_stat_decomp,12,2023-11-06,0.081793,0.337727,2023-11-20,-0.162889,-0.332161,-0.006646,0.325514,10.833333,0.05,2.0,3.0,1.0
linkusdt,1h,sac,linkusdt_1h_kitchen_sink_guarded_exec_annual_diversity_survey_v1_sac_annual_fyv2022_fyt2023_scratch_1y,annual_diversity_survey_v1,kitchen_sink_guarded,5,2023-09-25,0.295261,0.521382,2023-09-25,-0.164314,-0.441542,-0.159682,0.563721,9.8,0.1,1.5,2.0,0.5
bnbusdt,1h,sac,bnbusdt_1h_tech_stat_decomp_sac_scratch_3y_seed5_asset_preset_broadening_phase5_v1,asset_preset_broadening_phase5_v1,tech_stat_decomp,12,2023-12-25,0.318261,0.751861,2023-11-13,-0.16925,-0.267422,0.025438,0.29286,6.166667,0.05,2.0,3.0,1.0
bnbusdt,1h,sac,bnbusdt_1h_crypto_full_sac_scratch_3y_seed5_asset_preset_broadening_phase5_v1,asset_preset_broadening_phase5_v1,crypto_full,12,2023-12-25,0.318261,0.751861,2023-11-13,-0.169551,-0.381433,-0.034309,0.347124,6.666667,0.05,2.0,3.0,1.0
bnbusdt,1h,sac,bnbusdt_1h_kitchen_sink_guarded_sac_scratch_1y_seed5_asset_preset_broadening_phase5_v1,asset_preset_broadening_phase5_v1,kitchen_sink_guarded,12,2023-10-30,0.041849,0.224191,2023-11-13,-0.169551,-0.485055,-0.097623,0.387432,6.833333,0.05,2.0,3.0,1.0
ethusdt,1h,sac,ethusdt_1h_crypto_full_sac_warm_start_chain_3y_seed5_asset_preset_broadening_phase5_v1,asset_preset_broadening_phase5_v1,crypto_full,12,2023-11-27,0.134302,0.25941,2023-12-11,-0.176747,-0.358945,-0.028745,0.3302,9.416667,0.05,2.0,3.0,1.0
ethusdt,1h,sac,ethusdt_1h_sota_low_cost_sac_warm_start_chain_3y_seed5_asset_preset_broadening_phase5_v1,asset_preset_broadening_phase5_v1,sota_low_cost,12,2023-11-27,0.134302,0.25941,2023-12-11,-0.176747,-0.385402,-0.055765,0.329637,10.166667,0.05,2.0,3.0,1.0
bnbusdt,1h,sac,bnbusdt_1h_kitchen_sink_guarded_sac_scratch_3y_seed5_asset_preset_broadening_phase5_v1,asset_preset_broadening_phase5_v1,kitchen_sink_guarded,12,2023-12-25,0.318261,0.751861,2023-11-13,-0.178131,-0.359308,-0.01993,0.339378,8.166667,0.05,2.0,3.0,1.0
gbpjpy,15m,sac,gbpjpy_15m_fx_full_exec_annual_diversity_survey_v1_sac_annual_fyv2022_fyt2023_scratch_1y,annual_diversity_survey_v1,fx_full,5,2023-12-25,0.0,0.0,2023-12-25,-0.179951,-0.27154,-0.165082,0.212917,31.0,0.1,1.5,2.0,0.5
solusdt,1h,sac,solusdt_1h_crypto_full_sac_warm_start_chain_3y_seed5_asset_preset_broadening_phase5_v1,asset_preset_broadening_phase5_v1,crypto_full,5,2023-11-06,1.660312,2.127716,2023-11-06,-0.181103,-0.25063,0.411623,0.662254,11.6,0.05,2.0,3.0,1.0
solusdt,1h,sac,solusdt_1h_kitchen_sink_guarded_all_available_1h_sac_warm_start_chain_1y__oracle_bc_pretrain_v1,,kitchen_sink_guarded,32,2023-12-18,1.551384,1.961619,2023-06-12,-0.184058,-0.855068,-0.160931,0.694136,14.5,0.05,2.0,3.0,1.0
solusdt,4h,sac,solusdt_4h_kitchen_sink_guarded_sac_fine_tune_recent_window_m3_base1y_seed5_asset_preset_broadening_phase5_v1,asset_preset_broadening_phase5_v1,kitchen_sink_guarded,8,2023-08-28,0.151502,0.303,2023-09-18,-0.184123,-0.272797,0.045644,0.318441,9.25,0.05,2.0,3.0,1.0
btcusdt,4h,sac,btcusdt_4h_sota_low_cost_sac_warm_start_chain_3y,,sota_low_cost,8,2023-12-25,-0.075894,0.04225,2023-12-25,-0.189156,-19.575527,-6.9548,12.620727,1.5,,,,1.0
ethusdt,1h,sac,ethusdt_1h_sota_low_cost_sac_scratch_3y_seed5_asset_preset_broadening_phase5_v1,asset_preset_broadening_phase5_v1,sota_low_cost,12,2023-11-06,0.162972,0.347236,2023-11-06,-0.191142,-0.389755,-0.076929,0.312827,12.333333,0.05,2.0,3.0,1.0
btcusdt,15m,sac,btcusdt_15m_kitchen_sink_guarded_exec_annual_diversity_survey_v1_sac_annual_fyv2022_fyt2023_scratch_1y,annual_diversity_survey_v1,kitchen_sink_guarded,29,2023-09-25,0.406753,0.50948,2023-03-06,-0.192646,-0.789026,-0.417205,0.743641,60.068966,0.1,1.5,2.0,0.5
solusdt,1h,sac,solusdt_1h_sota_low_cost_sac_warm_start_chain_1y_seed5_asset_preset_broadening_phase5_v1_fixed_rv0p05_sl1p5_tp2_sltp_risk_geometry_phase8_v1,sltp_risk_geometry_phase8_v1,sota_low_cost,8,2023-11-27,0.388586,0.507133,2023-10-30,-0.203615,-0.422775,-0.027897,0.789755,13.375,0.05,1.5,2.0,0.5
solusdt,4h,sac,solusdt_4h_kitchen_sink_guarded_all_available_sac_fine_tune_recent_window_m12_base3y__oracle_bc_pretrain_v1,,kitchen_sink_guarded,10,2023-10-23,0.506242,0.7213,2023-11-27,-0.213733,-0.627722,0.065045,0.692767,9.6,0.05,2.0,3.0,1.0
bnbusdt,1h,sac,bnbusdt_1h_crypto_full_sac_warm_start_chain_1y_seed5_asset_preset_broadening_phase5_v1,asset_preset_broadening_phase5_v1,crypto_full,8,2023-10-30,0.041849,0.224191,2023-11-13,-0.214207,-0.334616,-0.04809,0.286526,6.875,0.05,2.0,3.0,1.0
ethusdt,4h,sac,ethusdt_4h_sota_low_cost_sac_warm_start_chain_3y_seed3_eventctx_seed_robustness_phase2_v1,event_context_seed_robustness_phase2_v1,sota_low_cost,16,2023-09-18,0.121945,0.164938,2023-12-04,-0.2228,-0.317392,-0.06971,0.247682,2.375,0.05,2.0,3.0,1.0
ethusdt,4h,sac,ethusdt_4h_kitchen_sink_guarded_exec_annual_4y_2022val_2023test_rap_sac_annual_fyv2022_fyt2023_scratch_4y_valyear_rap_l0p5_rv0p1_risk_adjusted_reward_phase7_v3,risk_adjusted_reward_phase7_v3,kitchen_sink_guarded,14,2022-07-25,1.254484,1.432875,2022-10-17,-0.225876,-0.657818,-0.279393,0.756848,2.214286,0.1,2.0,3.0,0.5
ethusdt,1h,sac,ethusdt_1h_kitchen_sink_guarded_sac_fine_tune_recent_window_m3_base3y_seed5_asset_preset_broadening_phase5_v1,asset_preset_broadening_phase5_v1,kitchen_sink_guarded,5,2023-10-30,0.0,0.0,2023-10-30,-0.249019,-0.295949,-0.050946,0.245003,6.2,0.05,2.0,3.0,1.0
ethusdt,4h,sac,ethusdt_4h_kitchen_sink_guarded_exec_annual_4y_2022val_2023test_rap_sac_annual_fyv2022_fyt2023_scratch_4y_valyear_rap_l0p5_rv0p05_risk_adjusted_reward_phase7_v3,risk_adjusted_reward_phase7_v3,kitchen_sink_guarded,5,2023-01-02,0.108124,0.135076,2023-01-02,-0.25424,-0.272808,-0.128123,0.289368,1.8,0.05,2.0,3.0,0.5
ethusdt,1h,sac,ethusdt_1h_kitchen_sink_guarded_sac_fine_tune_recent_window_m6_base3y_seed5_asset_preset_broadening_phase5_v1,asset_preset_broadening_phase5_v1,kitchen_sink_guarded,5,2023-10-30,0.0,0.0,2023-11-06,-0.26057,-0.293693,-0.088286,0.205407,5.2,0.05,2.0,3.0,1.0
ethusdt,4h,sac,ethusdt_4h_kitchen_sink_guarded_exec_annual_4y_2022val_2023test_rap_sac_annual_fyv2022_fyt2023_scratch_4y_valyear_rap_l1p0_rv0p05_risk_adjusted_reward_phase7_v3,risk_adjusted_reward_phase7_v3,kitchen_sink_guarded,5,2023-01-02,0.081172,0.135076,2023-01-02,-0.266214,-0.309002,-0.03379,0.275211,1.8,0.05,2.0,3.0,1.0
solusdt,1h,sac,solusdt_1h_sota_low_cost_sac_warm_start_chain_1y_seed5_asset_preset_broadening_phase5_v1_fixed_rv0p10_sl2_tp3_sltp_risk_geometry_phase8_v1,sltp_risk_geometry_phase8_v1,sota_low_cost,8,2023-11-13,1.441148,2.283638,2023-10-30,-0.271659,-1.328178,-0.165516,2.325324,9.125,0.1,2.0,3.0,0.5
solusdt,4h,sac,solusdt_4h_kitchen_sink_guarded_sac_warm_start_chain_1y_seed5_asset_preset_broadening_phase5_v1,asset_preset_broadening_phase5_v1,kitchen_sink_guarded,20,2023-11-06,1.271868,1.71096,2023-09-11,-0.28438,-0.734965,-0.140579,0.594386,11.3,0.05,2.0,3.0,1.0
solusdt,4h,sac,solusdt_4h_kitchen_sink_guarded_sac_scratch_3y_seed5_asset_preset_broadening_phase5_v1,asset_preset_broadening_phase5_v1,kitchen_sink_guarded,10,2023-10-23,0.0,0.0,2023-12-18,-0.28541,-0.949954,-0.255886,0.694068,3.2,0.05,2.0,3.0,1.0
bnbusdt,1h,sac,bnbusdt_1h_kitchen_sink_guarded_sac_warm_start_chain_3y_seed5_asset_preset_broadening_phase5_v1,asset_preset_broadening_phase5_v1,kitchen_sink_guarded,4,2023-10-30,0.041849,0.224191,2023-10-30,-0.296214,-0.296214,-0.017679,0.278535,19.25,0.05,2.0,3.0,1.0
linkusdt,15m,sac,linkusdt_15m_kitchen_sink_guarded_exec_annual_diversity_survey_v1_sac_annual_fyv2022_fyt2023_scratch_1y,annual_diversity_survey_v1,kitchen_sink_guarded,5,2023-09-25,0.066865,0.296406,2023-09-25,-0.30888,-0.521472,-0.220009,0.602925,43.6,0.1,1.5,2.0,0.5
ethusdt,4h,sac,ethusdt_4h_kitchen_sink_guarded_exec_annual_4y_2022val_2023test_rap_sac_annual_fyv2022_fyt2023_scratch_4y_valyear_fixed_rv0p10_sl1p5_tp2_sltp_risk_geometry_phase8_v3,sltp_risk_geometry_phase8_v3,kitchen_sink_guarded,5,2022-12-26,-0.111211,-0.050134,2022-12-26,-0.316693,-0.386619,-0.155788,0.461662,2.6,0.1,1.5,2.0,0.5
ethusdt,4h,sac,ethusdt_4h_kitchen_sink_guarded_exec_annual_4y_2022val_2023test_rap_sac_annual_fyv2022_fyt2023_scratch_4y_valyear_rap_l1p0_rv0p075_risk_adjusted_reward_phase7_v3,risk_adjusted_reward_phase7_v3,kitchen_sink_guarded,5,2023-01-02,0.121766,0.202614,2023-01-02,-0.325674,-0.676842,-0.286555,0.390287,2.0,0.075,2.0,3.0,1.0
solusdt,4h,sac,solusdt_4h_crypto_full_sac_fine_tune_recent_window_m3_base1y_seed5_asset_preset_broadening_phase5_v1,asset_preset_broadening_phase5_v1,crypto_full,8,2023-08-14,0.369062,0.578953,2023-09-04,-0.356788,-0.592009,-0.13641,0.455599,9.5,0.05,2.0,3.0,1.0
bnbusdt,1h,sac,bnbusdt_1h_tech_stat_decomp_sac_warm_start_chain_1y_seed5_asset_preset_broadening_phase5_v1,asset_preset_broadening_phase5_v1,tech_stat_decomp,8,2023-11-27,0.0,0.0,2023-11-27,-0.364803,-0.379235,-0.057747,0.321488,5.75,0.05,2.0,3.0,1.0
solusdt,1h,sac,solusdt_1h_sota_low_cost_sac_warm_start_chain_1y_seed5_asset_preset_broadening_phase5_v1,asset_preset_broadening_phase5_v1,sota_low_cost,8,2023-11-27,0.663068,0.913008,2023-11-13,-0.365951,-0.552995,0.353253,0.906248,10.25,0.05,2.0,3.0,1.0
ethusdt,4h,sac,ethusdt_4h_kitchen_sink_guarded_exec_annual_4y_2022val_2023test_rap_sac_annual_fyv2022_fyt2023_fine_tune_recent_window_m12_base4y_valyear_rap_l0p25_rv0p1_risk_adjusted_reward_phase7_v3,risk_adjusted_reward_phase7_v3,kitchen_sink_guarded,5,2022-01-17,1.554023,1.857611,2023-01-02,-0.372475,-0.616998,-0.338569,1.113714,3.8,0.1,2.0,3.0,0.25
bnbusdt,1h,sac,bnbusdt_1h_crypto_full_sac_fine_tune_recent_window_m3_base3y_seed5_asset_preset_broadening_phase5_v1,asset_preset_broadening_phase5_v1,crypto_full,5,2023-11-06,0.0,0.0,2023-11-06,-0.375933,-0.340922,-0.080391,0.260532,6.2,0.05,2.0,3.0,1.0
solusdt,1h,sac,solusdt_1h_sota_low_cost_sac_warm_start_chain_1y_seed5_asset_preset_broadening_phase5_v1_fixed_rv0p50_sl1p25_tp1p25_sltp_risk_geometry_phase8_v1_seed6_adaptive_top_seed_extension_seed6_v1,adaptive_top_seed_extension_seed6_v1,sota_low_cost,8,2023-11-06,6.313497,8.871279,2023-11-06,-0.385324,-4.97541,-1.71468,6.52146,26.875,0.5,1.25,1.25,0.5
solusdt,1h,sac,solusdt_1h_sota_low_cost_sac_warm_start_chain_1y_seed5_asset_preset_broadening_phase5_v1_control_rv0p05_sl2_tp3_sltp_risk_geometry_phase8_v1,sltp_risk_geometry_phase8_v1,sota_low_cost,8,2023-11-13,0.722214,1.304135,2023-11-20,-0.392781,-0.550513,-0.020504,1.060018,18.0,0.05,2.0,3.0,0.5
bnbusdt,1h,sac,bnbusdt_1h_crypto_full_sac_warm_start_chain_3y_seed5_asset_preset_broadening_phase5_v1,asset_preset_broadening_phase5_v1,crypto_full,4,2023-10-09,-0.200879,-0.048957,2023-10-30,-0.393049,-0.393049,-0.122734,0.270315,18.0,0.05,2.0,3.0,1.0
ethusdt,1h,sac,ethusdt_1h_crypto_full_sac_warm_start_chain_1y_seed5_asset_preset_broadening_phase5_v1,asset_preset_broadening_phase5_v1,crypto_full,8,2023-10-09,-0.01765,0.107865,2023-10-30,-0.405644,-0.503797,-0.146241,0.357556,9.0,0.05,2.0,3.0,1.0
ethusdt,1h,sac,ethusdt_1h_kitchen_sink_guarded_sac_warm_start_chain_1y_seed5_asset_preset_broadening_phase5_v1,asset_preset_broadening_phase5_v1,kitchen_sink_guarded,8,2023-10-09,-0.01765,0.107865,2023-10-30,-0.405644,-0.503797,-0.146241,0.357556,9.0,0.05,2.0,3.0,1.0
ethusdt,1h,sac,ethusdt_1h_sota_low_cost_sac_warm_start_chain_1y_seed5_asset_preset_broadening_phase5_v1,asset_preset_broadening_phase5_v1,sota_low_cost,8,2023-10-09,-0.01765,0.107865,2023-10-30,-0.405644,-0.503797,-0.146241,0.357556,9.0,0.05,2.0,3.0,1.0
ethusdt,1h,sac,ethusdt_1h_tech_stat_decomp_sac_warm_start_chain_1y_seed5_asset_preset_broadening_phase5_v1,asset_preset_broadening_phase5_v1,tech_stat_decomp,8,2023-10-09,-0.01765,0.107865,2023-10-30,-0.405644,-0.503797,-0.146241,0.357556,9.0,0.05,2.0,3.0,1.0
btcusdt_perp,15m,sac,btcusdt_perp_15m_kitchen_sink_guarded_exec_annual_diversity_survey_v1_sac_annual_fyv2022_fyt2023_scratch_1y,annual_diversity_survey_v1,kitchen_sink_guarded,5,2023-09-25,0.269585,0.378621,2023-12-25,-0.418604,-0.49718,-0.24009,0.514179,61.2,0.1,1.5,2.0,0.5
bnbusdt,1h,sac,bnbusdt_1h_tech_stat_decomp_sac_warm_start_chain_3y_seed5_asset_preset_broadening_phase5_v1,asset_preset_broadening_phase5_v1,tech_stat_decomp,4,2023-10-30,0.041849,0.224191,2023-10-30,-0.425647,-0.425647,-0.099261,0.326386,17.0,0.05,2.0,3.0,1.0
ethusdt,4h,sac,ethusdt_4h_kitchen_sink_guarded_exec_annual_4y_2022val_2023test_rap_sac_annual_fyv2022_fyt2023_fine_tune_recent_window_m12_base4y_valyear_rap_l0p5_rv0p05_risk_adjusted_reward_phase7_v3,risk_adjusted_reward_phase7_v3,kitchen_sink_guarded,5,2022-01-17,0.149121,0.436092,2023-01-02,-0.439633,-0.542109,-0.26714,0.549938,4.6,0.05,2.0,3.0,0.5
solusdt,4h,sac,solusdt_4h_kitchen_sink_guarded_sac_fine_tune_recent_window_m6_base1y_seed5_asset_preset_broadening_phase5_v1,asset_preset_broadening_phase5_v1,kitchen_sink_guarded,8,2023-09-18,0.011558,0.154515,2023-09-18,-0.450565,-0.821724,-0.305987,0.515737,11.75,0.05,2.0,3.0,1.0
bnbusdt,1h,sac,bnbusdt_1h_sota_low_cost_sac_warm_start_chain_3y_seed5_asset_preset_broadening_phase5_v1,asset_preset_broadening_phase5_v1,sota_low_cost,5,2023-10-30,0.041849,0.224191,2023-10-30,-0.469689,-0.42271,-0.093606,0.329104,16.4,0.05,2.0,3.0,1.0
ethusdt,1h,sac,ethusdt_1h_sota_low_cost_sac_fine_tune_recent_window_m3_base3y_seed5_asset_preset_broadening_phase5_v1,asset_preset_broadening_phase5_v1,sota_low_cost,7,2023-11-20,-0.297616,0.029684,2023-10-30,-0.478745,-0.537084,-0.158694,0.37839,9.0,0.05,2.0,3.0,1.0
ethusdt_perp,15m,sac,ethusdt_perp_15m_kitchen_sink_guarded_exec_annual_diversity_survey_v1_sac_annual_fyv2022_fyt2023_scratch_1y,annual_diversity_survey_v1,kitchen_sink_guarded,5,2023-09-25,0.199304,0.345235,2023-09-25,-0.513391,-0.660866,-0.280863,0.760006,64.0,0.1,1.5,2.0,0.5
ethusdt,4h,sac,ethusdt_4h_kitchen_sink_guarded_exec_annual_4y_2022val_2023test_rap_sac_annual_fyv2022_fyt2023_fine_tune_recent_window_m12_base4y_valyear_control_rv0p05_sl2_tp3_sltp_risk_geometry_phase8_v3,sltp_risk_geometry_phase8_v3,kitchen_sink_guarded,5,2023-01-02,0.108124,0.135076,2023-01-02,-0.538801,-0.546563,-0.215156,0.662815,7.2,0.05,2.0,3.0,0.5
solusdt,4h,sac,solusdt_4h_kitchen_sink_guarded_all_available_sac_fine_tune_recent_window_m6_base3y__oracle_bc_e1_v1,,kitchen_sink_guarded,10,2023-11-06,0.748024,1.162646,2023-11-27,-0.547282,-0.765467,-0.088267,0.677201,5.9,0.05,2.0,3.0,1.0
solusdt,4h,sac,solusdt_4h_kitchen_sink_guarded_all_available_sac_fine_tune_recent_window_m6_base3y_oracle_bc_pretrain_v1_oracle_bc_e1_oracle_bc_followup_phase6_v1,oracle_bc_followup_phase6_v1,kitchen_sink_guarded,10,2023-11-06,0.748024,1.162646,2023-11-27,-0.547282,-0.765467,-0.088267,0.677201,5.9,0.05,2.0,3.0,1.0
solusdt,1h,sac,solusdt_1h_kitchen_sink_guarded_sac_warm_start_chain_1y_seed5_asset_preset_broadening_phase5_v1,asset_preset_broadening_phase5_v1,kitchen_sink_guarded,8,2023-11-27,0.486169,0.930462,2023-11-06,-0.554442,-0.760954,0.053106,0.81406,14.375,0.05,2.0,3.0,1.0
solusdt,1h,sac,solusdt_1h_crypto_full_sac_warm_start_chain_1y_seed5_asset_preset_broadening_phase5_v1,asset_preset_broadening_phase5_v1,crypto_full,8,2023-11-27,0.038843,0.530821,2023-11-27,-0.738256,-1.089103,-0.154827,0.934276,23.75,0.05,2.0,3.0,1.0
ethusdt,4h,sac,ethusdt_4h_kitchen_sink_guarded_exec_annual_4y_2022val_2023test_rap_sac_annual_fyv2022_fyt2023_fine_tune_recent_window_m12_base4y_valyear_fixed_rv0p05_sl1p25_tp1p25_sltp_risk_geometry_phase8_v3,sltp_risk_geometry_phase8_v3,kitchen_sink_guarded,5,2023-01-02,0.093304,0.129262,2023-01-02,-0.76168,-0.717552,-0.373839,0.687426,9.0,0.05,1.25,1.25,0.5
solusdt,1h,sac,solusdt_1h_sota_low_cost_sac_warm_start_chain_1y_seed5_asset_preset_broadening_phase5_v1_aware_rv0p25_base_sltp_risk_geometry_phase8_v1,sltp_risk_geometry_phase8_v1,sota_low_cost,8,2023-11-06,6.308687,7.935871,2023-11-06,-0.761871,-1.885897,0.160317,4.092428,13.625,0.25,2.0,3.0,0.5
ethusdt,4h,sac,ethusdt_4h_kitchen_sink_guarded_exec_annual_4y_2022val_2023test_rap_sac_annual_fyv2022_fyt2023_fine_tune_recent_window_m12_base4y_valyear_fixed_rv0p05_sl2_tp4_sltp_risk_geometry_phase8_v3,sltp_risk_geometry_phase8_v3,kitchen_sink_guarded,5,2022-01-17,0.198511,0.373691,2022-07-11,-0.843665,-0.726632,-0.380561,0.692143,6.8,0.05,2.0,4.0,0.5
solusdt,1h,sac,solusdt_1h_tech_stat_decomp_sac_warm_start_chain_1y_seed5_asset_preset_broadening_phase5_v1_aware_rv0p25_base_sltp_risk_geometry_phase8_v1,sltp_risk_geometry_phase8_v1,tech_stat_decomp,8,2023-10-30,5.2026,7.232465,2023-10-30,-0.862459,-3.588812,-0.847184,5.483257,21.625,0.25,2.0,3.0,0.5
ethusdt,4h,sac,ethusdt_4h_kitchen_sink_guarded_exec_annual_4y_2022val_2023test_rap_sac_annual_fyv2022_fyt2023_fine_tune_recent_window_m12_base4y_valyear_fixed_rv0p25_sl1p25_tp1p5_sltp_risk_geometry_phase8_v3,sltp_risk_geometry_phase8_v3,kitchen_sink_guarded,5,2022-01-24,1.686036,3.1647,2023-01-02,-1.272142,-1.170052,0.097175,2.534454,8.8,0.25,1.25,1.5,0.5
ethusdt,4h,sac,ethusdt_4h_kitchen_sink_guarded_exec_annual_4y_2022val_2023test_rap_sac_annual_fyv2022_fyt2023_fine_tune_recent_window_m12_base4y_valyear_rap_l0p5_rv0p075_risk_adjusted_reward_phase7_v3,risk_adjusted_reward_phase7_v3,kitchen_sink_guarded,5,2022-12-26,-0.083414,-0.0376,2023-01-02,-1.405045,-1.411763,-0.842258,1.139008,4.4,0.075,2.0,3.0,0.5
ethusdt,4h,sac,ethusdt_4h_kitchen_sink_guarded_exec_annual_4y_2022val_2023test_rap_sac_annual_fyv2022_fyt2023_fine_tune_recent_window_m12_base4y_valyear_aware_rv0p10_base_sltp_risk_geometry_phase8_v3,sltp_risk_geometry_phase8_v3,kitchen_sink_guarded,5,2023-01-02,0.210166,0.26406,2023-01-02,-1.742569,-1.585266,-0.829992,1.510548,7.6,0.1,2.0,3.0,0.5
ethusdt,4h,sac,ethusdt_4h_kitchen_sink_guarded_exec_annual_4y_2022val_2023test_rap_sac_annual_fyv2022_fyt2023_fine_tune_recent_window_m12_base4y_valyear_margin_aware_rv0p50_cap2p5_sltp_risk_geometry_phase8_v3,sltp_risk_geometry_phase8_v3,kitchen_sink_guarded,5,2022-07-11,8.759212,10.152526,2023-01-02,-2.027113,-2.697065,0.060107,5.514345,8.4,0.5,2.0,3.0,0.5
solusdt,1h,sac,solusdt_1h_sota_low_cost_sac_warm_start_chain_1y_seed5_asset_preset_broadening_phase5_v1_margin_aware_rv0p50_cap2p5_sltp_risk_geometry_phase8_v1,sltp_risk_geometry_phase8_v1,sota_low_cost,8,2023-11-13,1.940861,4.92028,2023-10-30,-2.530665,-6.112485,-2.360651,7.503668,16.375,0.5,2.0,3.0,0.5
solusdt,1h,sac,solusdt_1h_sota_low_cost_sac_warm_start_chain_1y_seed5_asset_preset_broadening_phase5_v1_aware_rv0p50_base_sltp_risk_geometry_phase8_v1,sltp_risk_geometry_phase8_v1,sota_low_cost,8,2023-11-27,-0.096945,2.89924,2023-10-30,-3.682343,-4.775093,-1.102754,7.344679,27.5,0.5,2.0,3.0,0.5
ethusdt,4h,sac,ethusdt_4h_kitchen_sink_guarded_exec_annual_4y_2022val_2023test_rap_sac_annual_fyv2022_fyt2023_fine_tune_recent_window_m12_base4y_valyear_fixed_rv0p50_sl1p25_tp1p25_sltp_risk_geometry_phase8_v3,sltp_risk_geometry_phase8_v3,kitchen_sink_guarded,5,2022-01-10,0.259041,1.562854,2022-07-11,-5.288253,-4.666446,-2.170794,4.991304,9.8,0.5,1.25,1.25,0.5
btcusdt,4h,sac,btcusdt_4h_sota_low_cost_sac_scratch_3y,,sota_low_cost,8,2023-12-04,0.0,0.0,2023-12-25,-16.052321,-27.50711,-7.098405,20.408705,0.875,,,,1.0
btcusdt_perp,4h,sac,btcusdt_perp_4h_sota_low_cost_sac_scratch_1y_etd14_vd14_td14,,sota_low_cost,8,2023-11-06,0.0,0.0,2023-11-20,-22.412815,-43.150068,-15.556163,27.593905,0.75,,,,1.0
btcusdt_perp,4h,sac,btcusdt_perp_4h_sota_low_cost_sac_scratch_3y,,sota_low_cost,8,2023-12-11,0.0,0.0,2023-12-25,-29.547259,-34.295398,-12.116968,22.17843,0.875,,,,1.0
btcusdt,4h,sac,btcusdt_4h_sota_low_cost_sac_scratch_1y,,sota_low_cost,8,2023-11-13,0.0,0.0,2023-11-27,-32.308516,-32.388511,-10.391716,21.996795,0.875,,,,1.0
btcusdt_perp,4h,sac,btcusdt_perp_4h_sota_low_cost_sac_scratch_1y,,sota_low_cost,8,2023-11-13,0.0,0.0,2023-11-27,-32.391963,-32.519136,-10.429686,22.08945,0.875,,,,1.0
btcusdt_perp,4h,sac,btcusdt_perp_4h_sota_low_cost_sac_scratch_recent_window_m12_base4y,,sota_low_cost,8,2023-11-13,0.0,0.0,2023-11-27,-32.391963,-32.519136,-10.429686,22.08945,0.875,,,,1.0
btcusdt,4h,sac,btcusdt_4h_sota_low_cost_sac_warm_start_chain_1y,,sota_low_cost,8,2023-12-25,-3.353846,8.605694,2023-12-25,-32.468506,-35.715202,-10.958257,24.756945,1.0,,,,1.0
btcusdt_perp,4h,sac,btcusdt_perp_4h_sota_low_cost_sac_scratch_recent_window_m1_base4y,,sota_low_cost,8,2023-12-25,-3.233726,8.599635,2023-12-25,-32.646309,-35.844923,-10.982296,24.862627,1.0,,,,1.0
btcusdt_perp,4h,sac,btcusdt_perp_4h_sota_low_cost_sac_scratch_recent_window_m3_base4y,,sota_low_cost,8,2023-12-25,-3.233726,8.599635,2023-12-25,-32.646309,-35.844923,-10.982296,24.862627,1.0,,,,1.0
btcusdt_perp,4h,sac,btcusdt_perp_4h_sota_low_cost_sac_warm_start_chain_1y,,sota_low_cost,8,2023-12-25,-3.233726,8.599635,2023-12-25,-32.646309,-35.844923,-10.982296,24.862627,1.0,,,,1.0
btcusdt_perp,4h,sac,btcusdt_perp_4h_sota_low_cost_sac_warm_start_chain_3y,,sota_low_cost,8,2023-12-25,-3.233726,8.599635,2023-12-25,-32.646309,-35.844923,-10.982296,24.862627,1.0,,,,1.0
btcusdt_perp,4h,sac,btcusdt_perp_4h_sota_low_cost_sac_scratch_3y_etd14_vd14_td14,,sota_low_cost,8,2023-12-18,0.0,0.0,2023-11-20,-52.69377,-53.046242,-20.593543,32.452699,0.875,,,,1.0
btcusdt_perp,4h,sac,btcusdt_perp_4h_sota_low_cost_sac_warm_start_chain_1y_etd14_vd14_td14,,sota_low_cost,8,2023-11-13,-30.078912,-5.040882,2023-11-20,-52.69377,-58.290546,-22.11257,36.177976,1.0,,,,1.0
btcusdt_perp,4h,sac,btcusdt_perp_4h_sota_low_cost_sac_warm_start_chain_3y_etd14_vd14_td14,,sota_low_cost,8,2023-11-13,-30.078912,-5.040882,2023-11-20,-52.69377,-58.290546,-22.11257,36.177976,1.0,,,,1.0
btcusdt_perp,4h,sac,btcusdt_perp_4h_sota_low_cost_sac_scratch_1y_etd28_vd28_td28,,sota_low_cost,8,2023-10-16,0.0,0.0,2023-11-06,-60.105699,-64.245018,-30.310238,33.93478,0.5,,,,1.0
btcusdt_perp,4h,sac,btcusdt_perp_4h_sota_low_cost_sac_scratch_3y_etd28_vd28_td28,,sota_low_cost,8,2023-12-04,-51.096882,-16.015441,2023-11-20,-109.022344,-119.080997,-54.019201,65.061796,1.0,,,,1.0
btcusdt_perp,4h,sac,btcusdt_perp_4h_sota_low_cost_sac_warm_start_chain_3y_etd28_vd28_td28,,sota_low_cost,8,2023-12-04,-51.096882,-16.015441,2023-11-20,-109.022344,-119.080997,-54.019201,65.061796,1.0,,,,1.0
