machine,run_slug,asset,timeframe,algo,preset,feature_families,seed,device,timesteps,commission,slippage,total_return,pessimistic_cost_return,buy_hold_return,delta_vs_no_trade,delta_vs_buy_hold,max_drawdown_pct,sharpe_ratio,sqn,trades_total,trades_won,trades_lost,avg_trade_pnl,episode_length,promotion_blocked_by_hardening,promotion_blocker_reason,run_dir
dragon,btcusdt_15m_dqn_baseline_12_direct_atr_sltp_s0_20260502T065236Z_project3_stage31_firstwave,btcusdt,15m,dqn,baseline_12,baseline,0,cuda,50000,0.0002,0.0,0.02996615641166067,0.02984195641166067,,0.02996615641166067,,5.023599567492455,-0.028519259866333614,-0.6759136921342855,621,272,348,-0.11797301240092205,222859,True,"Requires leakage audit, availability audit, DSR/PBO diagnostics, and explicit cost-sensitivity rerun before Stage B promotion.",/home/harveybc/Documents/GitHub/financial-data/experiments/stage_a_screening/runs/dragon/btcusdt_15m_dqn_baseline_12_direct_atr_sltp_s0_20260502T065236Z_project3_stage31_firstwave
dragon,btcusdt_15m_dqn_baseline_12_direct_atr_sltp_s1_20260502T065443Z_project3_stage31_firstwave,btcusdt,15m,dqn,baseline_12,baseline,1,cuda,50000,0.0002,0.0,-0.2808429408799712,-0.2841495408799712,,-0.2808429408799712,,28.70209647829285,-0.11867596163424106,-4.576864616099883,16533,7354,9178,-0.17030426853027975,222859,True,"Requires leakage audit, availability audit, DSR/PBO diagnostics, and explicit cost-sensitivity rerun before Stage B promotion.",/home/harveybc/Documents/GitHub/financial-data/experiments/stage_a_screening/runs/dragon/btcusdt_15m_dqn_baseline_12_direct_atr_sltp_s1_20260502T065443Z_project3_stage31_firstwave
dragon,btcusdt_15m_dqn_crypto_full_direct_atr_sltp_s0_20260502T100408Z_project3_stage31_firstwave,btcusdt,15m,dqn,crypto_full,crypto_full,0,cuda,50000,0.0002,0.0,-0.0869203297182779,-0.0880967297182779,,-0.0869203297182779,,9.249729603511662,-0.07595428943239461,-1.6222820484091214,5882,2396,3485,-0.14774050015351536,222653,True,"Requires leakage audit, availability audit, DSR/PBO diagnostics, and explicit cost-sensitivity rerun before Stage B promotion.",/home/harveybc/Documents/GitHub/financial-data/experiments/stage_a_screening/runs/dragon/btcusdt_15m_dqn_crypto_full_direct_atr_sltp_s0_20260502T100408Z_project3_stage31_firstwave
dragon,btcusdt_15m_dqn_crypto_full_direct_atr_sltp_s1_20260502T100726Z_project3_stage31_firstwave,btcusdt,15m,dqn,crypto_full,crypto_full,1,cuda,50000,0.0002,0.0,-0.021227558753024622,-0.02165715875302462,,-0.021227558753024622,,12.08714611096646,-0.02630047881305437,-0.7276395882466893,2148,921,1226,-0.21080481202355508,222653,True,"Requires leakage audit, availability audit, DSR/PBO diagnostics, and explicit cost-sensitivity rerun before Stage B promotion.",/home/harveybc/Documents/GitHub/financial-data/experiments/stage_a_screening/runs/dragon/btcusdt_15m_dqn_crypto_full_direct_atr_sltp_s1_20260502T100726Z_project3_stage31_firstwave
dragon,btcusdt_15m_dqn_kitchen_sink_guarded_direct_atr_sltp_s0_20260502T103253Z_project3_stage31_firstwave,btcusdt,15m,dqn,kitchen_sink_guarded,kitchen_sink_guarded,0,cuda,50000,0.0002,0.0,0.00022460112542876942,0.00022360112542876942,,0.00022460112542876942,,0.21391227110627176,-1.3892495492913413,0.152437501604058,5,2,3,0.449202250857142,222554,True,"Requires leakage audit, availability audit, DSR/PBO diagnostics, and explicit cost-sensitivity rerun before Stage B promotion.",/home/harveybc/Documents/GitHub/financial-data/experiments/stage_a_screening/runs/dragon/btcusdt_15m_dqn_kitchen_sink_guarded_direct_atr_sltp_s0_20260502T103253Z_project3_stage31_firstwave
dragon,btcusdt_15m_dqn_kitchen_sink_guarded_direct_atr_sltp_s1_20260502T103612Z_project3_stage31_firstwave,btcusdt,15m,dqn,kitchen_sink_guarded,kitchen_sink_guarded,1,cuda,50000,0.0002,0.0,0.0014481994524282449,0.0014469994524282449,,0.0014481994524282449,,0.11541064162091771,-1.4492854850585275,0.9833743891073141,6,4,2,2.4136657540476176,222554,True,"Requires leakage audit, availability audit, DSR/PBO diagnostics, and explicit cost-sensitivity rerun before Stage B promotion.",/home/harveybc/Documents/GitHub/financial-data/experiments/stage_a_screening/runs/dragon/btcusdt_15m_dqn_kitchen_sink_guarded_direct_atr_sltp_s1_20260502T103612Z_project3_stage31_firstwave
dragon,btcusdt_15m_dqn_learned_cnn_direct_atr_sltp_s0_20260502T090846Z_project3_stage31_firstwave,btcusdt,15m,dqn,learned_cnn,learned_cnn,0,cuda,50000,0.0002,0.0,-0.04971169358149785,-0.05043369358149785,,-0.04971169358149785,,7.700710394365119,-0.06103751102362488,-0.9417159486440276,3610,1432,2177,-0.036477296382456594,222908,True,"Requires leakage audit, availability audit, DSR/PBO diagnostics, and explicit cost-sensitivity rerun before Stage B promotion.",/home/harveybc/Documents/GitHub/financial-data/experiments/stage_a_screening/runs/dragon/btcusdt_15m_dqn_learned_cnn_direct_atr_sltp_s0_20260502T090846Z_project3_stage31_firstwave
dragon,btcusdt_15m_dqn_learned_cnn_direct_atr_sltp_s1_20260502T091101Z_project3_stage31_firstwave,btcusdt,15m,dqn,learned_cnn,learned_cnn,1,cuda,50000,0.0002,0.0,-0.024009238954800227,-0.024015638954800227,,-0.024009238954800227,,3.7882989315957403,-0.1247976154430853,-0.8413883752187629,32,11,21,-7.502887173374995,222908,True,"Requires leakage audit, availability audit, DSR/PBO diagnostics, and explicit cost-sensitivity rerun before Stage B promotion.",/home/harveybc/Documents/GitHub/financial-data/experiments/stage_a_screening/runs/dragon/btcusdt_15m_dqn_learned_cnn_direct_atr_sltp_s1_20260502T091101Z_project3_stage31_firstwave
dragon,btcusdt_15m_dqn_learned_lstm_direct_atr_sltp_s0_20260502T084218Z_project3_stage31_firstwave,btcusdt,15m,dqn,learned_lstm,learned_lstm,0,cuda,50000,0.0002,0.0,-0.04971169358149785,-0.05043369358149785,,-0.04971169358149785,,7.700710394365119,-0.06103751102362488,-0.9417159486440276,3610,1432,2177,-0.036477296382456594,222908,True,"Requires leakage audit, availability audit, DSR/PBO diagnostics, and explicit cost-sensitivity rerun before Stage B promotion.",/home/harveybc/Documents/GitHub/financial-data/experiments/stage_a_screening/runs/dragon/btcusdt_15m_dqn_learned_lstm_direct_atr_sltp_s0_20260502T084218Z_project3_stage31_firstwave
dragon,btcusdt_15m_dqn_learned_lstm_direct_atr_sltp_s1_20260502T084432Z_project3_stage31_firstwave,btcusdt,15m,dqn,learned_lstm,learned_lstm,1,cuda,50000,0.0002,0.0,-0.024009238954800227,-0.024015638954800227,,-0.024009238954800227,,3.7882989315957403,-0.1247976154430853,-0.8413883752187629,32,11,21,-7.502887173374995,222908,True,"Requires leakage audit, availability audit, DSR/PBO diagnostics, and explicit cost-sensitivity rerun before Stage B promotion.",/home/harveybc/Documents/GitHub/financial-data/experiments/stage_a_screening/runs/dragon/btcusdt_15m_dqn_learned_lstm_direct_atr_sltp_s1_20260502T084432Z_project3_stage31_firstwave
dragon,btcusdt_15m_dqn_sota_low_cost_direct_atr_sltp_s0_20260502T093525Z_project3_stage31_firstwave,btcusdt,15m,dqn,sota_low_cost,"technical,statistical,sota_intrabar_realized,sota_hmm_regime,sota_pair_spreads,sota_funding_term_structure",0,cuda,50000,0.0002,0.0,-0.023016495643122803,-0.024541895643122803,,-0.023016495643122803,,7.3397644832618445,-0.03809460582519186,-0.4002775905945905,7627,3490,4136,-0.03043738914217791,222656,True,"Requires leakage audit, availability audit, DSR/PBO diagnostics, and explicit cost-sensitivity rerun before Stage B promotion.",/home/harveybc/Documents/GitHub/financial-data/experiments/stage_a_screening/runs/dragon/btcusdt_15m_dqn_sota_low_cost_direct_atr_sltp_s0_20260502T093525Z_project3_stage31_firstwave
dragon,btcusdt_15m_dqn_sota_low_cost_direct_atr_sltp_s1_20260502T093842Z_project3_stage31_firstwave,btcusdt,15m,dqn,sota_low_cost,"technical,statistical,sota_intrabar_realized,sota_hmm_regime,sota_pair_spreads,sota_funding_term_structure",1,cuda,50000,0.0002,0.0,0.03787275512674082,0.03784715512674082,,0.03787275512674082,,4.986279935316703,-0.02524296787648563,0.9980238968876853,128,49,78,2.6561287946029237,222656,True,"Requires leakage audit, availability audit, DSR/PBO diagnostics, and explicit cost-sensitivity rerun before Stage B promotion.",/home/harveybc/Documents/GitHub/financial-data/experiments/stage_a_screening/runs/dragon/btcusdt_15m_dqn_sota_low_cost_direct_atr_sltp_s1_20260502T093842Z_project3_stage31_firstwave
dragon,btcusdt_15m_dqn_tech_full_direct_atr_sltp_s0_20260502T071926Z_project3_stage31_firstwave,btcusdt,15m,dqn,tech_full,technical,0,cuda,50000,0.0002,0.0,0.03130460932382917,0.03118580932382917,,0.03130460932382917,,5.017242757766101,-0.026984152046185563,-0.481781915736911,594,255,338,-0.10654425884124406,222709,True,"Requires leakage audit, availability audit, DSR/PBO diagnostics, and explicit cost-sensitivity rerun before Stage B promotion.",/home/harveybc/Documents/GitHub/financial-data/experiments/stage_a_screening/runs/dragon/btcusdt_15m_dqn_tech_full_direct_atr_sltp_s0_20260502T071926Z_project3_stage31_firstwave
dragon,btcusdt_15m_dqn_tech_full_direct_atr_sltp_s1_20260502T072146Z_project3_stage31_firstwave,btcusdt,15m,dqn,tech_full,technical,1,cuda,50000,0.0002,0.0,-0.09623931448324818,-0.09686371448324818,,-0.09623931448324818,,12.72281314206482,-0.04214139090586096,-1.4383819788522763,3122,1283,1838,-0.34147242208577855,222709,True,"Requires leakage audit, availability audit, DSR/PBO diagnostics, and explicit cost-sensitivity rerun before Stage B promotion.",/home/harveybc/Documents/GitHub/financial-data/experiments/stage_a_screening/runs/dragon/btcusdt_15m_dqn_tech_full_direct_atr_sltp_s1_20260502T072146Z_project3_stage31_firstwave
dragon,btcusdt_15m_dqn_tech_stat_decomp_direct_atr_sltp_s0_20260502T081355Z_project3_stage31_firstwave,btcusdt,15m,dqn,tech_stat_decomp,"technical,statistical,wavelet,emd,fracdiff",0,cuda,50000,0.0002,0.0,-0.0869203297182779,-0.0880967297182779,,-0.0869203297182779,,9.249729603511662,-0.07595428943239461,-1.6222820484091214,5882,2396,3485,-0.14774050015351536,222653,True,"Requires leakage audit, availability audit, DSR/PBO diagnostics, and explicit cost-sensitivity rerun before Stage B promotion.",/home/harveybc/Documents/GitHub/financial-data/experiments/stage_a_screening/runs/dragon/btcusdt_15m_dqn_tech_stat_decomp_direct_atr_sltp_s0_20260502T081355Z_project3_stage31_firstwave
dragon,btcusdt_15m_dqn_tech_stat_decomp_direct_atr_sltp_s1_20260502T081712Z_project3_stage31_firstwave,btcusdt,15m,dqn,tech_stat_decomp,"technical,statistical,wavelet,emd,fracdiff",1,cuda,50000,0.0002,0.0,-0.021227558753024622,-0.02165715875302462,,-0.021227558753024622,,12.08714611096646,-0.02630047881305437,-0.7276395882466893,2148,921,1226,-0.21080481202355508,222653,True,"Requires leakage audit, availability audit, DSR/PBO diagnostics, and explicit cost-sensitivity rerun before Stage B promotion.",/home/harveybc/Documents/GitHub/financial-data/experiments/stage_a_screening/runs/dragon/btcusdt_15m_dqn_tech_stat_decomp_direct_atr_sltp_s1_20260502T081712Z_project3_stage31_firstwave
dragon,btcusdt_15m_dqn_tech_stat_direct_atr_sltp_s0_20260502T074509Z_project3_stage31_firstwave,btcusdt,15m,dqn,tech_stat,"technical,statistical",0,cuda,50000,0.0002,0.0,-0.023016495643122803,-0.024541895643122803,,-0.023016495643122803,,7.3397644832618445,-0.03809460582519186,-0.4002775905945905,7627,3490,4136,-0.03043738914217791,222656,True,"Requires leakage audit, availability audit, DSR/PBO diagnostics, and explicit cost-sensitivity rerun before Stage B promotion.",/home/harveybc/Documents/GitHub/financial-data/experiments/stage_a_screening/runs/dragon/btcusdt_15m_dqn_tech_stat_direct_atr_sltp_s0_20260502T074509Z_project3_stage31_firstwave
dragon,btcusdt_15m_dqn_tech_stat_direct_atr_sltp_s1_20260502T074824Z_project3_stage31_firstwave,btcusdt,15m,dqn,tech_stat,"technical,statistical",1,cuda,50000,0.0002,0.0,0.03787275512674082,0.03784715512674082,,0.03787275512674082,,4.986279935316703,-0.02524296787648563,0.9980238968876853,128,49,78,2.6561287946029237,222656,True,"Requires leakage audit, availability audit, DSR/PBO diagnostics, and explicit cost-sensitivity rerun before Stage B promotion.",/home/harveybc/Documents/GitHub/financial-data/experiments/stage_a_screening/runs/dragon/btcusdt_15m_dqn_tech_stat_direct_atr_sltp_s1_20260502T074824Z_project3_stage31_firstwave
dragon,btcusdt_15m_ppo_baseline_12_direct_atr_sltp_s0_20260502T064404Z_project3_stage31_firstwave,btcusdt,15m,ppo,baseline_12,baseline,0,cuda,50000,0.0002,0.0,0.0,0.0,,0.0,,0.0,,0.0,0,0,0,,222859,True,"Requires leakage audit, availability audit, DSR/PBO diagnostics, and explicit cost-sensitivity rerun before Stage B promotion.",/home/harveybc/Documents/GitHub/financial-data/experiments/stage_a_screening/runs/dragon/btcusdt_15m_ppo_baseline_12_direct_atr_sltp_s0_20260502T064404Z_project3_stage31_firstwave
dragon,btcusdt_15m_ppo_baseline_12_direct_atr_sltp_s1_20260502T064820Z_project3_stage31_firstwave,btcusdt,15m,ppo,baseline_12,baseline,1,cuda,50000,0.0002,0.0,0.0,0.0,,0.0,,0.0,,0.0,0,0,0,,222859,True,"Requires leakage audit, availability audit, DSR/PBO diagnostics, and explicit cost-sensitivity rerun before Stage B promotion.",/home/harveybc/Documents/GitHub/financial-data/experiments/stage_a_screening/runs/dragon/btcusdt_15m_ppo_baseline_12_direct_atr_sltp_s1_20260502T064820Z_project3_stage31_firstwave
dragon,btcusdt_15m_ppo_crypto_full_direct_atr_sltp_s0_20260502T095518Z_project3_stage31_firstwave,btcusdt,15m,ppo,crypto_full,crypto_full,0,cuda,50000,0.0002,0.0,-0.10140455173737462,-0.10333935173737462,,-0.10140455173737462,,12.069693590558856,-0.08768201321161007,-2.239684293213343,9674,3923,5750,-0.10485040851999587,222653,True,"Requires leakage audit, availability audit, DSR/PBO diagnostics, and explicit cost-sensitivity rerun before Stage B promotion.",/home/harveybc/Documents/GitHub/financial-data/experiments/stage_a_screening/runs/dragon/btcusdt_15m_ppo_crypto_full_direct_atr_sltp_s0_20260502T095518Z_project3_stage31_firstwave
dragon,btcusdt_15m_ppo_crypto_full_direct_atr_sltp_s1_20260502T095943Z_project3_stage31_firstwave,btcusdt,15m,ppo,crypto_full,crypto_full,1,cuda,50000,0.0002,0.0,-0.09450459283389612,-0.09645299283389612,,-0.09450459283389612,,9.68376472150097,-0.08210244383499125,-2.0434967191127624,9742,3870,5871,-0.09698229263516137,222653,True,"Requires leakage audit, availability audit, DSR/PBO diagnostics, and explicit cost-sensitivity rerun before Stage B promotion.",/home/harveybc/Documents/GitHub/financial-data/experiments/stage_a_screening/runs/dragon/btcusdt_15m_ppo_crypto_full_direct_atr_sltp_s1_20260502T095943Z_project3_stage31_firstwave
dragon,btcusdt_15m_ppo_kitchen_sink_guarded_direct_atr_sltp_s0_20260502T102403Z_project3_stage31_firstwave,btcusdt,15m,ppo,kitchen_sink_guarded,kitchen_sink_guarded,0,cuda,50000,0.0002,0.0,0.0,0.0,,0.0,,0.0,,0.0,0,0,0,,222554,True,"Requires leakage audit, availability audit, DSR/PBO diagnostics, and explicit cost-sensitivity rerun before Stage B promotion.",/home/harveybc/Documents/GitHub/financial-data/experiments/stage_a_screening/runs/dragon/btcusdt_15m_ppo_kitchen_sink_guarded_direct_atr_sltp_s0_20260502T102403Z_project3_stage31_firstwave
dragon,btcusdt_15m_ppo_kitchen_sink_guarded_direct_atr_sltp_s1_20260502T102829Z_project3_stage31_firstwave,btcusdt,15m,ppo,kitchen_sink_guarded,kitchen_sink_guarded,1,cuda,50000,0.0002,0.0,-0.10124956977108956,-0.10318296977108957,,-0.10124956977108956,,12.067848646466565,-0.08762173513896267,-2.2362762934995493,9667,3922,5744,-0.10476600268477797,222554,True,"Requires leakage audit, availability audit, DSR/PBO diagnostics, and explicit cost-sensitivity rerun before Stage B promotion.",/home/harveybc/Documents/GitHub/financial-data/experiments/stage_a_screening/runs/dragon/btcusdt_15m_ppo_kitchen_sink_guarded_direct_atr_sltp_s1_20260502T102829Z_project3_stage31_firstwave
dragon,btcusdt_15m_ppo_learned_cnn_direct_atr_sltp_s0_20260502T085956Z_project3_stage31_firstwave,btcusdt,15m,ppo,learned_cnn,learned_cnn,0,cuda,50000,0.0002,0.0,-0.10165573948880335,-0.10359373948880335,,-0.10165573948880335,,12.072684990742967,-0.08777995012757585,-2.2451340580959243,9690,3928,5761,-0.10493651348211426,222908,True,"Requires leakage audit, availability audit, DSR/PBO diagnostics, and explicit cost-sensitivity rerun before Stage B promotion.",/home/harveybc/Documents/GitHub/financial-data/experiments/stage_a_screening/runs/dragon/btcusdt_15m_ppo_learned_cnn_direct_atr_sltp_s0_20260502T085956Z_project3_stage31_firstwave
dragon,btcusdt_15m_ppo_learned_cnn_direct_atr_sltp_s1_20260502T090421Z_project3_stage31_firstwave,btcusdt,15m,ppo,learned_cnn,learned_cnn,1,cuda,50000,0.0002,0.0,-0.10165573948880335,-0.10359373948880335,,-0.10165573948880335,,12.072684990742967,-0.08777995012757585,-2.2451340580959243,9690,3928,5761,-0.10493651348211426,222908,True,"Requires leakage audit, availability audit, DSR/PBO diagnostics, and explicit cost-sensitivity rerun before Stage B promotion.",/home/harveybc/Documents/GitHub/financial-data/experiments/stage_a_screening/runs/dragon/btcusdt_15m_ppo_learned_cnn_direct_atr_sltp_s1_20260502T090421Z_project3_stage31_firstwave
dragon,btcusdt_15m_ppo_learned_lstm_direct_atr_sltp_s0_20260502T083325Z_project3_stage31_firstwave,btcusdt,15m,ppo,learned_lstm,learned_lstm,0,cuda,50000,0.0002,0.0,-0.10165573948880335,-0.10359373948880335,,-0.10165573948880335,,12.072684990742967,-0.08777995012757585,-2.2451340580959243,9690,3928,5761,-0.10493651348211426,222908,True,"Requires leakage audit, availability audit, DSR/PBO diagnostics, and explicit cost-sensitivity rerun before Stage B promotion.",/home/harveybc/Documents/GitHub/financial-data/experiments/stage_a_screening/runs/dragon/btcusdt_15m_ppo_learned_lstm_direct_atr_sltp_s0_20260502T083325Z_project3_stage31_firstwave
dragon,btcusdt_15m_ppo_learned_lstm_direct_atr_sltp_s1_20260502T083753Z_project3_stage31_firstwave,btcusdt,15m,ppo,learned_lstm,learned_lstm,1,cuda,50000,0.0002,0.0,-0.10165573948880335,-0.10359373948880335,,-0.10165573948880335,,12.072684990742967,-0.08777995012757585,-2.2451340580959243,9690,3928,5761,-0.10493651348211426,222908,True,"Requires leakage audit, availability audit, DSR/PBO diagnostics, and explicit cost-sensitivity rerun before Stage B promotion.",/home/harveybc/Documents/GitHub/financial-data/experiments/stage_a_screening/runs/dragon/btcusdt_15m_ppo_learned_lstm_direct_atr_sltp_s1_20260502T083753Z_project3_stage31_firstwave
dragon,btcusdt_15m_ppo_sota_low_cost_direct_atr_sltp_s0_20260502T092638Z_project3_stage31_firstwave,btcusdt,15m,ppo,sota_low_cost,"technical,statistical,sota_intrabar_realized,sota_hmm_regime,sota_pair_spreads,sota_funding_term_structure",0,cuda,50000,0.0002,0.0,0.0,0.0,,0.0,,0.0,,0.0,0,0,0,,222656,True,"Requires leakage audit, availability audit, DSR/PBO diagnostics, and explicit cost-sensitivity rerun before Stage B promotion.",/home/harveybc/Documents/GitHub/financial-data/experiments/stage_a_screening/runs/dragon/btcusdt_15m_ppo_sota_low_cost_direct_atr_sltp_s0_20260502T092638Z_project3_stage31_firstwave
dragon,btcusdt_15m_ppo_sota_low_cost_direct_atr_sltp_s1_20260502T093101Z_project3_stage31_firstwave,btcusdt,15m,ppo,sota_low_cost,"technical,statistical,sota_intrabar_realized,sota_hmm_regime,sota_pair_spreads,sota_funding_term_structure",1,cuda,50000,0.0002,0.0,0.0,0.0,,0.0,,0.0,,0.0,0,0,0,,222656,True,"Requires leakage audit, availability audit, DSR/PBO diagnostics, and explicit cost-sensitivity rerun before Stage B promotion.",/home/harveybc/Documents/GitHub/financial-data/experiments/stage_a_screening/runs/dragon/btcusdt_15m_ppo_sota_low_cost_direct_atr_sltp_s1_20260502T093101Z_project3_stage31_firstwave
dragon,btcusdt_15m_ppo_tech_full_direct_atr_sltp_s0_20260502T071052Z_project3_stage31_firstwave,btcusdt,15m,ppo,tech_full,technical,0,cuda,50000,0.0002,0.0,-0.10139971650394619,-0.1033351165039462,,-0.10139971650394619,,12.069636022205469,-0.08768006192466998,-2.239548860467845,9677,3924,5752,-0.10481290298466661,222709,True,"Requires leakage audit, availability audit, DSR/PBO diagnostics, and explicit cost-sensitivity rerun before Stage B promotion.",/home/harveybc/Documents/GitHub/financial-data/experiments/stage_a_screening/runs/dragon/btcusdt_15m_ppo_tech_full_direct_atr_sltp_s0_20260502T071052Z_project3_stage31_firstwave
dragon,btcusdt_15m_ppo_tech_full_direct_atr_sltp_s1_20260502T071509Z_project3_stage31_firstwave,btcusdt,15m,ppo,tech_full,technical,1,cuda,50000,0.0002,0.0,0.0,0.0,,0.0,,0.0,,0.0,0,0,0,,222709,True,"Requires leakage audit, availability audit, DSR/PBO diagnostics, and explicit cost-sensitivity rerun before Stage B promotion.",/home/harveybc/Documents/GitHub/financial-data/experiments/stage_a_screening/runs/dragon/btcusdt_15m_ppo_tech_full_direct_atr_sltp_s1_20260502T071509Z_project3_stage31_firstwave
dragon,btcusdt_15m_ppo_tech_stat_decomp_direct_atr_sltp_s0_20260502T080501Z_project3_stage31_firstwave,btcusdt,15m,ppo,tech_stat_decomp,"technical,statistical,wavelet,emd,fracdiff",0,cuda,50000,0.0002,0.0,-0.10140455173737462,-0.10333935173737462,,-0.10140455173737462,,12.069693590558856,-0.08768201321161007,-2.239684293213343,9674,3923,5750,-0.10485040851999587,222653,True,"Requires leakage audit, availability audit, DSR/PBO diagnostics, and explicit cost-sensitivity rerun before Stage B promotion.",/home/harveybc/Documents/GitHub/financial-data/experiments/stage_a_screening/runs/dragon/btcusdt_15m_ppo_tech_stat_decomp_direct_atr_sltp_s0_20260502T080501Z_project3_stage31_firstwave
dragon,btcusdt_15m_ppo_tech_stat_decomp_direct_atr_sltp_s1_20260502T080927Z_project3_stage31_firstwave,btcusdt,15m,ppo,tech_stat_decomp,"technical,statistical,wavelet,emd,fracdiff",1,cuda,50000,0.0002,0.0,-0.09450459283389612,-0.09645299283389612,,-0.09450459283389612,,9.68376472150097,-0.08210244383499125,-2.0434967191127624,9742,3870,5871,-0.09698229263516137,222653,True,"Requires leakage audit, availability audit, DSR/PBO diagnostics, and explicit cost-sensitivity rerun before Stage B promotion.",/home/harveybc/Documents/GitHub/financial-data/experiments/stage_a_screening/runs/dragon/btcusdt_15m_ppo_tech_stat_decomp_direct_atr_sltp_s1_20260502T080927Z_project3_stage31_firstwave
dragon,btcusdt_15m_ppo_tech_stat_direct_atr_sltp_s0_20260502T073724Z_project3_stage31_firstwave,btcusdt,15m,ppo,tech_stat,"technical,statistical",0,cuda,50000,0.0002,0.0,0.0,0.0,,0.0,,0.0,,0.0,0,0,0,,222656,True,"Requires leakage audit, availability audit, DSR/PBO diagnostics, and explicit cost-sensitivity rerun before Stage B promotion.",/home/harveybc/Documents/GitHub/financial-data/experiments/stage_a_screening/runs/dragon/btcusdt_15m_ppo_tech_stat_direct_atr_sltp_s0_20260502T073724Z_project3_stage31_firstwave
dragon,btcusdt_15m_ppo_tech_stat_direct_atr_sltp_s1_20260502T074044Z_project3_stage31_firstwave,btcusdt,15m,ppo,tech_stat,"technical,statistical",1,cuda,50000,0.0002,0.0,0.0,0.0,,0.0,,0.0,,0.0,0,0,0,,222656,True,"Requires leakage audit, availability audit, DSR/PBO diagnostics, and explicit cost-sensitivity rerun before Stage B promotion.",/home/harveybc/Documents/GitHub/financial-data/experiments/stage_a_screening/runs/dragon/btcusdt_15m_ppo_tech_stat_direct_atr_sltp_s1_20260502T074044Z_project3_stage31_firstwave
dragon,btcusdt_15m_sac_baseline_12_direct_atr_sltp_s0_20260502T063140Z_project3_stage31_firstwave,btcusdt,15m,sac,baseline_12,baseline,0,cuda,50000,0.0002,0.0,-0.010829645915114039,-0.010834445915114038,,-0.010829645915114039,,1.262993968493956,-0.2850017536821513,-2.1189589484744054,24,4,19,-5.262429299661064,222859,True,"Requires leakage audit, availability audit, DSR/PBO diagnostics, and explicit cost-sensitivity rerun before Stage B promotion.",/home/harveybc/Documents/GitHub/financial-data/experiments/stage_a_screening/runs/dragon/btcusdt_15m_sac_baseline_12_direct_atr_sltp_s0_20260502T063140Z_project3_stage31_firstwave
dragon,btcusdt_15m_sac_baseline_12_direct_atr_sltp_s1_20260502T063740Z_project3_stage31_firstwave,btcusdt,15m,sac,baseline_12,baseline,1,cuda,50000,0.0002,0.0,-0.010829645915114039,-0.010834445915114038,,-0.010829645915114039,,1.262993968493956,-0.2850017536821513,-2.1189589484744054,24,4,19,-5.262429299661064,222859,True,"Requires leakage audit, availability audit, DSR/PBO diagnostics, and explicit cost-sensitivity rerun before Stage B promotion.",/home/harveybc/Documents/GitHub/financial-data/experiments/stage_a_screening/runs/dragon/btcusdt_15m_sac_baseline_12_direct_atr_sltp_s1_20260502T063740Z_project3_stage31_firstwave
dragon,btcusdt_15m_sac_crypto_full_direct_atr_sltp_s0_20260502T094206Z_project3_stage31_firstwave,btcusdt,15m,sac,crypto_full,crypto_full,0,cuda,50000,0.0002,0.0,-0.005139428685496883,-0.005158028685496883,,-0.005139428685496883,,2.0879956536774213,-0.17615482854318537,-0.6610591070524243,93,32,60,-1.1516638171523077,222653,True,"Requires leakage audit, availability audit, DSR/PBO diagnostics, and explicit cost-sensitivity rerun before Stage B promotion.",/home/harveybc/Documents/GitHub/financial-data/experiments/stage_a_screening/runs/dragon/btcusdt_15m_sac_crypto_full_direct_atr_sltp_s0_20260502T094206Z_project3_stage31_firstwave
dragon,btcusdt_15m_sac_crypto_full_direct_atr_sltp_s1_20260502T094842Z_project3_stage31_firstwave,btcusdt,15m,sac,crypto_full,crypto_full,1,cuda,50000,0.0002,0.0,-0.005139428685496883,-0.005158028685496883,,-0.005139428685496883,,2.0879956536774213,-0.17615482854318537,-0.6610591070524243,93,32,60,-1.1516638171523077,222653,True,"Requires leakage audit, availability audit, DSR/PBO diagnostics, and explicit cost-sensitivity rerun before Stage B promotion.",/home/harveybc/Documents/GitHub/financial-data/experiments/stage_a_screening/runs/dragon/btcusdt_15m_sac_crypto_full_direct_atr_sltp_s1_20260502T094842Z_project3_stage31_firstwave
dragon,btcusdt_15m_sac_kitchen_sink_guarded_direct_atr_sltp_s0_20260502T101047Z_project3_stage31_firstwave,btcusdt,15m,sac,kitchen_sink_guarded,kitchen_sink_guarded,0,cuda,50000,0.0002,0.0,-0.0018084373457261105,-0.0018096373457261105,,-0.0018084373457261105,,0.5940876523282095,-0.8911477540417849,1.904149690847355,6,4,1,8.314272420945807,222554,True,"Requires leakage audit, availability audit, DSR/PBO diagnostics, and explicit cost-sensitivity rerun before Stage B promotion.",/home/harveybc/Documents/GitHub/financial-data/experiments/stage_a_screening/runs/dragon/btcusdt_15m_sac_kitchen_sink_guarded_direct_atr_sltp_s0_20260502T101047Z_project3_stage31_firstwave
dragon,btcusdt_15m_sac_kitchen_sink_guarded_direct_atr_sltp_s1_20260502T101723Z_project3_stage31_firstwave,btcusdt,15m,sac,kitchen_sink_guarded,kitchen_sink_guarded,1,cuda,50000,0.0002,0.0,0.0010890703854660178,0.0010862703854660177,,0.0010890703854660178,,0.9084126358781873,-0.3209766484254274,-0.21548902441427142,14,4,9,-1.167785265790121,222554,True,"Requires leakage audit, availability audit, DSR/PBO diagnostics, and explicit cost-sensitivity rerun before Stage B promotion.",/home/harveybc/Documents/GitHub/financial-data/experiments/stage_a_screening/runs/dragon/btcusdt_15m_sac_kitchen_sink_guarded_direct_atr_sltp_s1_20260502T101723Z_project3_stage31_firstwave
dragon,btcusdt_15m_sac_learned_cnn_direct_atr_sltp_s0_20260502T084645Z_project3_stage31_firstwave,btcusdt,15m,sac,learned_cnn,learned_cnn,0,cuda,50000,0.0002,0.0,0.0017030476249146886,0.0017028476249146887,,0.0017030476249146886,,1.815896844737336e-14,-1.0982014989589157,0.0,1,0,0,,222908,True,"Requires leakage audit, availability audit, DSR/PBO diagnostics, and explicit cost-sensitivity rerun before Stage B promotion.",/home/harveybc/Documents/GitHub/financial-data/experiments/stage_a_screening/runs/dragon/btcusdt_15m_sac_learned_cnn_direct_atr_sltp_s0_20260502T084645Z_project3_stage31_firstwave
dragon,btcusdt_15m_sac_learned_cnn_direct_atr_sltp_s1_20260502T085322Z_project3_stage31_firstwave,btcusdt,15m,sac,learned_cnn,learned_cnn,1,cuda,50000,0.0002,0.0,0.0017030476249146886,0.0017028476249146887,,0.0017030476249146886,,1.815896844737336e-14,-1.0982014989589157,0.0,1,0,0,,222908,True,"Requires leakage audit, availability audit, DSR/PBO diagnostics, and explicit cost-sensitivity rerun before Stage B promotion.",/home/harveybc/Documents/GitHub/financial-data/experiments/stage_a_screening/runs/dragon/btcusdt_15m_sac_learned_cnn_direct_atr_sltp_s1_20260502T085322Z_project3_stage31_firstwave
dragon,btcusdt_15m_sac_learned_lstm_direct_atr_sltp_s0_20260502T082022Z_project3_stage31_firstwave,btcusdt,15m,sac,learned_lstm,learned_lstm,0,cuda,50000,0.0002,0.0,0.0017030476249146886,0.0017028476249146887,,0.0017030476249146886,,1.815896844737336e-14,-1.0982014989589157,0.0,1,0,0,,222908,True,"Requires leakage audit, availability audit, DSR/PBO diagnostics, and explicit cost-sensitivity rerun before Stage B promotion.",/home/harveybc/Documents/GitHub/financial-data/experiments/stage_a_screening/runs/dragon/btcusdt_15m_sac_learned_lstm_direct_atr_sltp_s0_20260502T082022Z_project3_stage31_firstwave
dragon,btcusdt_15m_sac_learned_lstm_direct_atr_sltp_s1_20260502T082653Z_project3_stage31_firstwave,btcusdt,15m,sac,learned_lstm,learned_lstm,1,cuda,50000,0.0002,0.0,0.0017030476249146886,0.0017028476249146887,,0.0017030476249146886,,1.815896844737336e-14,-1.0982014989589157,0.0,1,0,0,,222908,True,"Requires leakage audit, availability audit, DSR/PBO diagnostics, and explicit cost-sensitivity rerun before Stage B promotion.",/home/harveybc/Documents/GitHub/financial-data/experiments/stage_a_screening/runs/dragon/btcusdt_15m_sac_learned_lstm_direct_atr_sltp_s1_20260502T082653Z_project3_stage31_firstwave
dragon,btcusdt_15m_sac_sota_low_cost_direct_atr_sltp_s0_20260502T091322Z_project3_stage31_firstwave,btcusdt,15m,sac,sota_low_cost,"technical,statistical,sota_intrabar_realized,sota_hmm_regime,sota_pair_spreads,sota_funding_term_structure",0,cuda,50000,0.0002,0.0,0.0025941531789139827,0.0025643531789139827,,0.0025941531789139827,,2.1398738609196366,-0.09861201322105465,0.0631393593088121,149,58,90,0.09610392359814326,222656,True,"Requires leakage audit, availability audit, DSR/PBO diagnostics, and explicit cost-sensitivity rerun before Stage B promotion.",/home/harveybc/Documents/GitHub/financial-data/experiments/stage_a_screening/runs/dragon/btcusdt_15m_sac_sota_low_cost_direct_atr_sltp_s0_20260502T091322Z_project3_stage31_firstwave
dragon,btcusdt_15m_sac_sota_low_cost_direct_atr_sltp_s1_20260502T092001Z_project3_stage31_firstwave,btcusdt,15m,sac,sota_low_cost,"technical,statistical,sota_intrabar_realized,sota_hmm_regime,sota_pair_spreads,sota_funding_term_structure",1,cuda,50000,0.0002,0.0,0.0013546148684704384,0.0013344148684704385,,0.0013546148684704384,,2.0879956536774107,-0.1431803731275408,0.19079290962879542,101,40,60,0.3354677251838439,222656,True,"Requires leakage audit, availability audit, DSR/PBO diagnostics, and explicit cost-sensitivity rerun before Stage B promotion.",/home/harveybc/Documents/GitHub/financial-data/experiments/stage_a_screening/runs/dragon/btcusdt_15m_sac_sota_low_cost_direct_atr_sltp_s1_20260502T092001Z_project3_stage31_firstwave
dragon,btcusdt_15m_sac_tech_full_direct_atr_sltp_s0_20260502T065801Z_project3_stage31_firstwave,btcusdt,15m,sac,tech_full,technical,0,cuda,50000,0.0002,0.0,-0.0009950368735198722,-0.0010008368735198723,,-0.0009950368735198722,,1.1615523587895484,-0.29514586209925425,-0.16203398557313353,29,8,20,-0.4908380522097185,222709,True,"Requires leakage audit, availability audit, DSR/PBO diagnostics, and explicit cost-sensitivity rerun before Stage B promotion.",/home/harveybc/Documents/GitHub/financial-data/experiments/stage_a_screening/runs/dragon/btcusdt_15m_sac_tech_full_direct_atr_sltp_s0_20260502T065801Z_project3_stage31_firstwave
dragon,btcusdt_15m_sac_tech_full_direct_atr_sltp_s1_20260502T070407Z_project3_stage31_firstwave,btcusdt,15m,sac,tech_full,technical,1,cuda,50000,0.0002,0.0,-0.0023526594896767783,-0.002354659489676778,,-0.0023526594896767783,,0.5940876523282144,-0.6600429652102651,0.8193349021031007,10,6,3,4.0107350970964255,222709,True,"Requires leakage audit, availability audit, DSR/PBO diagnostics, and explicit cost-sensitivity rerun before Stage B promotion.",/home/harveybc/Documents/GitHub/financial-data/experiments/stage_a_screening/runs/dragon/btcusdt_15m_sac_tech_full_direct_atr_sltp_s1_20260502T070407Z_project3_stage31_firstwave
dragon,btcusdt_15m_sac_tech_stat_decomp_direct_atr_sltp_s0_20260502T075146Z_project3_stage31_firstwave,btcusdt,15m,sac,tech_stat_decomp,"technical,statistical,wavelet,emd,fracdiff",0,cuda,50000,0.0002,0.0,-0.005139428685496883,-0.005158028685496883,,-0.005139428685496883,,2.0879956536774213,-0.17615482854318537,-0.6610591070524243,93,32,60,-1.1516638171523077,222653,True,"Requires leakage audit, availability audit, DSR/PBO diagnostics, and explicit cost-sensitivity rerun before Stage B promotion.",/home/harveybc/Documents/GitHub/financial-data/experiments/stage_a_screening/runs/dragon/btcusdt_15m_sac_tech_stat_decomp_direct_atr_sltp_s0_20260502T075146Z_project3_stage31_firstwave
dragon,btcusdt_15m_sac_tech_stat_decomp_direct_atr_sltp_s1_20260502T075822Z_project3_stage31_firstwave,btcusdt,15m,sac,tech_stat_decomp,"technical,statistical,wavelet,emd,fracdiff",1,cuda,50000,0.0002,0.0,-0.005139428685496883,-0.005158028685496883,,-0.005139428685496883,,2.0879956536774213,-0.17615482854318537,-0.6610591070524243,93,32,60,-1.1516638171523077,222653,True,"Requires leakage audit, availability audit, DSR/PBO diagnostics, and explicit cost-sensitivity rerun before Stage B promotion.",/home/harveybc/Documents/GitHub/financial-data/experiments/stage_a_screening/runs/dragon/btcusdt_15m_sac_tech_stat_decomp_direct_atr_sltp_s1_20260502T075822Z_project3_stage31_firstwave
dragon,btcusdt_15m_sac_tech_stat_direct_atr_sltp_s0_20260502T072401Z_project3_stage31_firstwave,btcusdt,15m,sac,tech_stat,"technical,statistical",0,cuda,50000,0.0002,0.0,0.0025941531789139827,0.0025643531789139827,,0.0025941531789139827,,2.1398738609196366,-0.09861201322105465,0.0631393593088121,149,58,90,0.09610392359814326,222656,True,"Requires leakage audit, availability audit, DSR/PBO diagnostics, and explicit cost-sensitivity rerun before Stage B promotion.",/home/harveybc/Documents/GitHub/financial-data/experiments/stage_a_screening/runs/dragon/btcusdt_15m_sac_tech_stat_direct_atr_sltp_s0_20260502T072401Z_project3_stage31_firstwave
dragon,btcusdt_15m_sac_tech_stat_direct_atr_sltp_s1_20260502T073047Z_project3_stage31_firstwave,btcusdt,15m,sac,tech_stat,"technical,statistical",1,cuda,50000,0.0002,0.0,0.0013546148684704384,0.0013344148684704385,,0.0013546148684704384,,2.0879956536774107,-0.1431803731275408,0.19079290962879542,101,40,60,0.3354677251838439,222656,True,"Requires leakage audit, availability audit, DSR/PBO diagnostics, and explicit cost-sensitivity rerun before Stage B promotion.",/home/harveybc/Documents/GitHub/financial-data/experiments/stage_a_screening/runs/dragon/btcusdt_15m_sac_tech_stat_direct_atr_sltp_s1_20260502T073047Z_project3_stage31_firstwave
dragon,btcusdt_1h_dqn_baseline_12_direct_atr_sltp_s0_20260502T105233Z_project3_stage31_firstwave,btcusdt,1h,dqn,baseline_12,baseline,0,cuda,50000,0.0002,0.0,0.023062020003369765,0.022911020003369767,9.371248467010057,0.023062020003369765,-9.348186447006688,3.0597447244083926,-0.037483048530767615,0.34811407479236445,755,362,392,0.17907664331110235,55692,True,"Requires leakage audit, availability audit, DSR/PBO diagnostics, and explicit cost-sensitivity rerun before Stage B promotion.",/home/harveybc/Documents/GitHub/financial-data/experiments/stage_a_screening/runs/dragon/btcusdt_1h_dqn_baseline_12_direct_atr_sltp_s0_20260502T105233Z_project3_stage31_firstwave
dragon,btcusdt_1h_dqn_baseline_12_direct_atr_sltp_s1_20260502T105341Z_project3_stage31_firstwave,btcusdt,1h,dqn,baseline_12,baseline,1,cuda,50000,0.0002,0.0,0.028000634955940518,0.027811634955940516,9.371248467010057,0.028000634955940518,-9.343247832054116,5.0252888095805535,-0.0292013083417337,-0.5680019031705109,945,397,547,-0.08804319219491546,55692,True,"Requires leakage audit, availability audit, DSR/PBO diagnostics, and explicit cost-sensitivity rerun before Stage B promotion.",/home/harveybc/Documents/GitHub/financial-data/experiments/stage_a_screening/runs/dragon/btcusdt_1h_dqn_baseline_12_direct_atr_sltp_s1_20260502T105341Z_project3_stage31_firstwave
dragon,btcusdt_1h_dqn_learned_cnn_direct_atr_sltp_s0_20260502T184453Z_project3_stage31_firstwave,btcusdt,1h,dqn,learned_cnn,learned_cnn,0,cuda,50000,0.0002,0.0,-0.023793662212082345,-0.023897662212082345,,-0.023793662212082345,,5.751731397849584,-0.05068453273093906,-1.1700523906783833,520,200,319,-0.45052386735645483,55678,True,"Requires leakage audit, availability audit, DSR/PBO diagnostics, and explicit cost-sensitivity rerun before Stage B promotion.",/home/harveybc/Documents/GitHub/financial-data/experiments/stage_a_screening/runs/dragon/btcusdt_1h_dqn_learned_cnn_direct_atr_sltp_s0_20260502T184453Z_project3_stage31_firstwave
dragon,btcusdt_1h_dqn_learned_cnn_direct_atr_sltp_s1_20260502T184559Z_project3_stage31_firstwave,btcusdt,1h,dqn,learned_cnn,learned_cnn,1,cuda,50000,0.0002,0.0,-0.03965312428022938,-0.03965512428022938,,-0.03965312428022938,,6.91439841107738,-0.0591309210989487,-0.11343296621485599,10,3,6,-0.4516976847619041,55678,True,"Requires leakage audit, availability audit, DSR/PBO diagnostics, and explicit cost-sensitivity rerun before Stage B promotion.",/home/harveybc/Documents/GitHub/financial-data/experiments/stage_a_screening/runs/dragon/btcusdt_1h_dqn_learned_cnn_direct_atr_sltp_s1_20260502T184559Z_project3_stage31_firstwave
dragon,btcusdt_1h_dqn_learned_lstm_direct_atr_sltp_s0_20260502T182947Z_project3_stage31_firstwave,btcusdt,1h,dqn,learned_lstm,learned_lstm,0,cuda,50000,0.0002,0.0,-0.023793662212082345,-0.023897662212082345,,-0.023793662212082345,,5.751731397849584,-0.05068453273093906,-1.1700523906783833,520,200,319,-0.45052386735645483,55678,True,"Requires leakage audit, availability audit, DSR/PBO diagnostics, and explicit cost-sensitivity rerun before Stage B promotion.",/home/harveybc/Documents/GitHub/financial-data/experiments/stage_a_screening/runs/dragon/btcusdt_1h_dqn_learned_lstm_direct_atr_sltp_s0_20260502T182947Z_project3_stage31_firstwave
dragon,btcusdt_1h_dqn_learned_lstm_direct_atr_sltp_s1_20260502T183056Z_project3_stage31_firstwave,btcusdt,1h,dqn,learned_lstm,learned_lstm,1,cuda,50000,0.0002,0.0,-0.03965312428022938,-0.03965512428022938,,-0.03965312428022938,,6.91439841107738,-0.0591309210989487,-0.11343296621485599,10,3,6,-0.4516976847619041,55678,True,"Requires leakage audit, availability audit, DSR/PBO diagnostics, and explicit cost-sensitivity rerun before Stage B promotion.",/home/harveybc/Documents/GitHub/financial-data/experiments/stage_a_screening/runs/dragon/btcusdt_1h_dqn_learned_lstm_direct_atr_sltp_s1_20260502T183056Z_project3_stage31_firstwave
dragon,btcusdt_1h_dqn_tech_full_direct_atr_sltp_s0_20260502T110805Z_project3_stage31_firstwave,btcusdt,1h,dqn,tech_full,technical,0,cuda,50000,0.0002,0.0,0.01439696477237229,0.014380164772372288,,0.01439696477237229,,6.384150320236796,-0.03404588266948758,0.2514754830957361,84,34,49,1.098805439734938,55542,True,"Requires leakage audit, availability audit, DSR/PBO diagnostics, and explicit cost-sensitivity rerun before Stage B promotion.",/home/harveybc/Documents/GitHub/financial-data/experiments/stage_a_screening/runs/dragon/btcusdt_1h_dqn_tech_full_direct_atr_sltp_s0_20260502T110805Z_project3_stage31_firstwave
dragon,btcusdt_1h_dqn_tech_full_direct_atr_sltp_s1_20260502T110912Z_project3_stage31_firstwave,btcusdt,1h,dqn,tech_full,technical,1,cuda,50000,0.0002,0.0,0.037873988482914456,0.037872988482914455,,0.037873988482914456,,4.978666624400887,-0.025148096284937697,0.9156528945953673,5,2,2,2.820132167857148,55542,True,"Requires leakage audit, availability audit, DSR/PBO diagnostics, and explicit cost-sensitivity rerun before Stage B promotion.",/home/harveybc/Documents/GitHub/financial-data/experiments/stage_a_screening/runs/dragon/btcusdt_1h_dqn_tech_full_direct_atr_sltp_s1_20260502T110912Z_project3_stage31_firstwave
dragon,btcusdt_1h_dqn_tech_stat_decomp_direct_atr_sltp_s0_20260502T043848Z_project3_stage31_firstwave,btcusdt,1h,dqn,tech_stat_decomp,"technical,statistical,wavelet,emd,fracdiff",0,cuda,25000,0.0002,0.0,-0.0177055078232059,-0.018034307823205902,,-0.0177055078232059,,3.7589288754824044,-0.04935127009686644,-0.40019986070139474,1644,636,1007,-0.10755548536336118,55486,True,"Requires leakage audit, availability audit, DSR/PBO diagnostics, and explicit cost-sensitivity rerun before Stage B promotion.",/home/harveybc/Documents/GitHub/financial-data/experiments/stage_a_screening/runs/dragon/btcusdt_1h_dqn_tech_stat_decomp_direct_atr_sltp_s0_20260502T043848Z_project3_stage31_firstwave
dragon,btcusdt_1h_dqn_tech_stat_decomp_direct_atr_sltp_s0_20260502T113903Z_project3_stage31_firstwave,btcusdt,1h,dqn,tech_stat_decomp,"technical,statistical,wavelet,emd,fracdiff",0,cuda,50000,0.0002,0.0,-0.05417505623362673,-0.054196656233626725,,-0.05417505623362673,,8.139637453220331,-0.06138149490737832,-1.5388155398234824,108,42,65,-4.734577489711619,55486,True,"Requires leakage audit, availability audit, DSR/PBO diagnostics, and explicit cost-sensitivity rerun before Stage B promotion.",/home/harveybc/Documents/GitHub/financial-data/experiments/stage_a_screening/runs/dragon/btcusdt_1h_dqn_tech_stat_decomp_direct_atr_sltp_s0_20260502T113903Z_project3_stage31_firstwave
dragon,btcusdt_1h_dqn_tech_stat_decomp_direct_atr_sltp_s1_20260502T114010Z_project3_stage31_firstwave,btcusdt,1h,dqn,tech_stat_decomp,"technical,statistical,wavelet,emd,fracdiff",1,cuda,50000,0.0002,0.0,-0.21413039723519334,-0.21696099723519333,,-0.21413039723519334,,23.117040882025776,-0.08886186990226519,-2.836672926782415,14153,6615,7537,-0.15128339150452264,55486,True,"Requires leakage audit, availability audit, DSR/PBO diagnostics, and explicit cost-sensitivity rerun before Stage B promotion.",/home/harveybc/Documents/GitHub/financial-data/experiments/stage_a_screening/runs/dragon/btcusdt_1h_dqn_tech_stat_decomp_direct_atr_sltp_s1_20260502T114010Z_project3_stage31_firstwave
dragon,btcusdt_1h_dqn_tech_stat_direct_atr_sltp_s0_20260502T112334Z_project3_stage31_firstwave,btcusdt,1h,dqn,tech_stat,"technical,statistical",0,cuda,50000,0.0002,0.0,0.03694624918657197,0.036938249186571966,8.819688806316767,0.03694624918657197,-8.782742557130195,4.9830105729444325,-0.02537470346486086,0.006041302612781707,40,15,24,0.015771367875456247,55489,True,"Requires leakage audit, availability audit, DSR/PBO diagnostics, and explicit cost-sensitivity rerun before Stage B promotion.",/home/harveybc/Documents/GitHub/financial-data/experiments/stage_a_screening/runs/dragon/btcusdt_1h_dqn_tech_stat_direct_atr_sltp_s0_20260502T112334Z_project3_stage31_firstwave
dragon,btcusdt_1h_dqn_tech_stat_direct_atr_sltp_s1_20260502T112440Z_project3_stage31_firstwave,btcusdt,1h,dqn,tech_stat,"technical,statistical",1,cuda,50000,0.0002,0.0,-0.01461213359268454,-0.01488453359268454,8.819688806316767,-0.01461213359268454,-8.834300939909452,8.556360221899233,-0.03693073897040151,0.18458244140831348,1362,549,812,0.07786768408019164,55489,True,"Requires leakage audit, availability audit, DSR/PBO diagnostics, and explicit cost-sensitivity rerun before Stage B promotion.",/home/harveybc/Documents/GitHub/financial-data/experiments/stage_a_screening/runs/dragon/btcusdt_1h_dqn_tech_stat_direct_atr_sltp_s1_20260502T112440Z_project3_stage31_firstwave
dragon,btcusdt_1h_ppo_baseline_12_direct_atr_sltp_s0_20260502T042742Z_project3_stage31_firstwave,btcusdt,1h,ppo,baseline_12,baseline,0,cuda,25000,0.0002,0.0,-0.03270794016263734,-0.03324034016263734,9.371248467010057,-0.03270794016263734,-9.403956407172695,7.2723500178027995,-0.056166085642400936,-0.7430002352971807,2662,1113,1548,-0.12298079138154354,55692,True,"Requires leakage audit, availability audit, DSR/PBO diagnostics, and explicit cost-sensitivity rerun before Stage B promotion.",/home/harveybc/Documents/GitHub/financial-data/experiments/stage_a_screening/runs/dragon/btcusdt_1h_ppo_baseline_12_direct_atr_sltp_s0_20260502T042742Z_project3_stage31_firstwave
dragon,btcusdt_1h_ppo_baseline_12_direct_atr_sltp_s0_20260502T042925Z_project3_stage31_firstwave,btcusdt,1h,ppo,baseline_12,baseline,0,cuda,25000,0.0002,0.0,-0.03270794016263734,-0.03324034016263734,9.371248467010057,-0.03270794016263734,-9.403956407172695,7.2723500178027995,-0.056166085642400936,-0.7430002352971807,2662,1113,1548,-0.12298079138154354,55692,True,"Requires leakage audit, availability audit, DSR/PBO diagnostics, and explicit cost-sensitivity rerun before Stage B promotion.",/home/harveybc/Documents/GitHub/financial-data/experiments/stage_a_screening/runs/dragon/btcusdt_1h_ppo_baseline_12_direct_atr_sltp_s0_20260502T042925Z_project3_stage31_firstwave
dragon,btcusdt_1h_ppo_baseline_12_direct_atr_sltp_s0_20260502T104805Z_project3_stage31_firstwave,btcusdt,1h,ppo,baseline_12,baseline,0,cuda,50000,0.0002,0.0,-0.03270794016263734,-0.03324034016263734,9.371248467010057,-0.03270794016263734,-9.403956407172695,7.2723500178027995,-0.056166085642400936,-0.7430002352971807,2662,1113,1548,-0.12298079138154354,55692,True,"Requires leakage audit, availability audit, DSR/PBO diagnostics, and explicit cost-sensitivity rerun before Stage B promotion.",/home/harveybc/Documents/GitHub/financial-data/experiments/stage_a_screening/runs/dragon/btcusdt_1h_ppo_baseline_12_direct_atr_sltp_s0_20260502T104805Z_project3_stage31_firstwave
dragon,btcusdt_1h_ppo_baseline_12_direct_atr_sltp_s1_20260502T105020Z_project3_stage31_firstwave,btcusdt,1h,ppo,baseline_12,baseline,1,cuda,50000,0.0002,0.0,-0.03270794016263734,-0.03324034016263734,9.371248467010057,-0.03270794016263734,-9.403956407172695,7.2723500178027995,-0.056166085642400936,-0.7430002352971807,2662,1113,1548,-0.12298079138154354,55692,True,"Requires leakage audit, availability audit, DSR/PBO diagnostics, and explicit cost-sensitivity rerun before Stage B promotion.",/home/harveybc/Documents/GitHub/financial-data/experiments/stage_a_screening/runs/dragon/btcusdt_1h_ppo_baseline_12_direct_atr_sltp_s1_20260502T105020Z_project3_stage31_firstwave
dragon,btcusdt_1h_ppo_learned_cnn_direct_atr_sltp_s0_20260502T184104Z_project3_stage31_firstwave,btcusdt,1h,ppo,learned_cnn,learned_cnn,0,cuda,50000,0.0002,0.0,0.0,0.0,,0.0,,0.0,,0.0,0,0,0,,55678,True,"Requires leakage audit, availability audit, DSR/PBO diagnostics, and explicit cost-sensitivity rerun before Stage B promotion.",/home/harveybc/Documents/GitHub/financial-data/experiments/stage_a_screening/runs/dragon/btcusdt_1h_ppo_learned_cnn_direct_atr_sltp_s0_20260502T184104Z_project3_stage31_firstwave
dragon,btcusdt_1h_ppo_learned_cnn_direct_atr_sltp_s1_20260502T184316Z_project3_stage31_firstwave,btcusdt,1h,ppo,learned_cnn,learned_cnn,1,cuda,50000,0.0002,0.0,-0.009905349300805888,-0.010422949300805888,,-0.009905349300805888,,3.4993775301237435,-0.04640510141576157,-0.21896782237489792,2588,1004,1583,-0.038156968391187575,55678,True,"Requires leakage audit, availability audit, DSR/PBO diagnostics, and explicit cost-sensitivity rerun before Stage B promotion.",/home/harveybc/Documents/GitHub/financial-data/experiments/stage_a_screening/runs/dragon/btcusdt_1h_ppo_learned_cnn_direct_atr_sltp_s1_20260502T184316Z_project3_stage31_firstwave
dragon,btcusdt_1h_ppo_learned_lstm_direct_atr_sltp_s0_20260502T045240Z_project3_stage31_firstwave,btcusdt,1h,ppo,learned_lstm,learned_lstm,0,cuda,25000,0.0002,0.0,0.0,0.0,,0.0,,0.0,,0.0,0,0,0,,55678,True,"Requires leakage audit, availability audit, DSR/PBO diagnostics, and explicit cost-sensitivity rerun before Stage B promotion.",/home/harveybc/Documents/GitHub/financial-data/experiments/stage_a_screening/runs/dragon/btcusdt_1h_ppo_learned_lstm_direct_atr_sltp_s0_20260502T045240Z_project3_stage31_firstwave
dragon,btcusdt_1h_ppo_learned_lstm_direct_atr_sltp_s0_20260502T182504Z_project3_stage31_firstwave,btcusdt,1h,ppo,learned_lstm,learned_lstm,0,cuda,50000,0.0002,0.0,0.0,0.0,,0.0,,0.0,,0.0,0,0,0,,55678,True,"Requires leakage audit, availability audit, DSR/PBO diagnostics, and explicit cost-sensitivity rerun before Stage B promotion.",/home/harveybc/Documents/GitHub/financial-data/experiments/stage_a_screening/runs/dragon/btcusdt_1h_ppo_learned_lstm_direct_atr_sltp_s0_20260502T182504Z_project3_stage31_firstwave
dragon,btcusdt_1h_ppo_learned_lstm_direct_atr_sltp_s1_20260502T182731Z_project3_stage31_firstwave,btcusdt,1h,ppo,learned_lstm,learned_lstm,1,cuda,50000,0.0002,0.0,-0.009905349300805888,-0.010422949300805888,,-0.009905349300805888,,3.4993775301237435,-0.04640510141576157,-0.21896782237489792,2588,1004,1583,-0.038156968391187575,55678,True,"Requires leakage audit, availability audit, DSR/PBO diagnostics, and explicit cost-sensitivity rerun before Stage B promotion.",/home/harveybc/Documents/GitHub/financial-data/experiments/stage_a_screening/runs/dragon/btcusdt_1h_ppo_learned_lstm_direct_atr_sltp_s1_20260502T182731Z_project3_stage31_firstwave
dragon,btcusdt_1h_ppo_tech_full_direct_atr_sltp_s0_20260502T110340Z_project3_stage31_firstwave,btcusdt,1h,ppo,tech_full,technical,0,cuda,50000,0.0002,0.0,0.0,0.0,,0.0,,0.0,,0.0,0,0,0,,55542,True,"Requires leakage audit, availability audit, DSR/PBO diagnostics, and explicit cost-sensitivity rerun before Stage B promotion.",/home/harveybc/Documents/GitHub/financial-data/experiments/stage_a_screening/runs/dragon/btcusdt_1h_ppo_tech_full_direct_atr_sltp_s0_20260502T110340Z_project3_stage31_firstwave
dragon,btcusdt_1h_ppo_tech_full_direct_atr_sltp_s1_20260502T110553Z_project3_stage31_firstwave,btcusdt,1h,ppo,tech_full,technical,1,cuda,50000,0.0002,0.0,0.0,0.0,,0.0,,0.0,,0.0,0,0,0,,55542,True,"Requires leakage audit, availability audit, DSR/PBO diagnostics, and explicit cost-sensitivity rerun before Stage B promotion.",/home/harveybc/Documents/GitHub/financial-data/experiments/stage_a_screening/runs/dragon/btcusdt_1h_ppo_tech_full_direct_atr_sltp_s1_20260502T110553Z_project3_stage31_firstwave
dragon,btcusdt_1h_ppo_tech_stat_decomp_direct_atr_sltp_s0_20260502T113438Z_project3_stage31_firstwave,btcusdt,1h,ppo,tech_stat_decomp,"technical,statistical,wavelet,emd,fracdiff",0,cuda,50000,0.0002,0.0,-0.01053431960866269,-0.01104951960866269,,-0.01053431960866269,,3.501549066891857,-0.04660573680252124,-0.23297457545711883,2576,999,1576,-0.04077739041031987,55486,True,"Requires leakage audit, availability audit, DSR/PBO diagnostics, and explicit cost-sensitivity rerun before Stage B promotion.",/home/harveybc/Documents/GitHub/financial-data/experiments/stage_a_screening/runs/dragon/btcusdt_1h_ppo_tech_stat_decomp_direct_atr_sltp_s0_20260502T113438Z_project3_stage31_firstwave
dragon,btcusdt_1h_ppo_tech_stat_decomp_direct_atr_sltp_s1_20260502T113650Z_project3_stage31_firstwave,btcusdt,1h,ppo,tech_stat_decomp,"technical,statistical,wavelet,emd,fracdiff",1,cuda,50000,0.0002,0.0,-0.033170092600208756,-0.03370129260020876,,-0.033170092600208756,,7.275618086140638,-0.05631185513991677,-0.753582316385648,2656,1110,1545,-0.12499940122109296,55486,True,"Requires leakage audit, availability audit, DSR/PBO diagnostics, and explicit cost-sensitivity rerun before Stage B promotion.",/home/harveybc/Documents/GitHub/financial-data/experiments/stage_a_screening/runs/dragon/btcusdt_1h_ppo_tech_stat_decomp_direct_atr_sltp_s1_20260502T113650Z_project3_stage31_firstwave
dragon,btcusdt_1h_ppo_tech_stat_direct_atr_sltp_s0_20260502T050336Z_project3_stage31_firstwave,btcusdt,1h,ppo,tech_stat,"technical,statistical",0,cuda,25000,0.0002,0.0,-0.010583792309805218,-0.011099192309805217,8.819688806316767,-0.010583792309805218,-8.830272598626573,3.5017199870485567,-0.0466262541473271,-0.23407231290435423,2577,999,1577,-0.0409536130892866,55489,True,"Requires leakage audit, availability audit, DSR/PBO diagnostics, and explicit cost-sensitivity rerun before Stage B promotion.",/home/harveybc/Documents/GitHub/financial-data/experiments/stage_a_screening/runs/dragon/btcusdt_1h_ppo_tech_stat_direct_atr_sltp_s0_20260502T050336Z_project3_stage31_firstwave
dragon,btcusdt_1h_ppo_tech_stat_direct_atr_sltp_s0_20260502T111909Z_project3_stage31_firstwave,btcusdt,1h,ppo,tech_stat,"technical,statistical",0,cuda,50000,0.0002,0.0,0.0,0.0,8.819688806316767,0.0,-8.819688806316767,0.0,,0.0,0,0,0,,55489,True,"Requires leakage audit, availability audit, DSR/PBO diagnostics, and explicit cost-sensitivity rerun before Stage B promotion.",/home/harveybc/Documents/GitHub/financial-data/experiments/stage_a_screening/runs/dragon/btcusdt_1h_ppo_tech_stat_direct_atr_sltp_s0_20260502T111909Z_project3_stage31_firstwave
dragon,btcusdt_1h_ppo_tech_stat_direct_atr_sltp_s1_20260502T112121Z_project3_stage31_firstwave,btcusdt,1h,ppo,tech_stat,"technical,statistical",1,cuda,50000,0.0002,0.0,0.0,0.0,8.819688806316767,0.0,-8.819688806316767,0.0,,0.0,0,0,0,,55489,True,"Requires leakage audit, availability audit, DSR/PBO diagnostics, and explicit cost-sensitivity rerun before Stage B promotion.",/home/harveybc/Documents/GitHub/financial-data/experiments/stage_a_screening/runs/dragon/btcusdt_1h_ppo_tech_stat_direct_atr_sltp_s1_20260502T112121Z_project3_stage31_firstwave
dragon,btcusdt_1h_sac_baseline_12_direct_atr_sltp_s0_20260502T103918Z_project3_stage31_firstwave,btcusdt,1h,sac,baseline_12,baseline,0,cuda,50000,0.0002,0.0,0.04425956812346121,0.04421556812346121,9.371248467010057,0.04425956812346121,-9.326988898886595,1.804643213281423,-0.036791746684503135,1.4894213147655306,220,104,115,2.138333021658419,55692,True,"Requires leakage audit, availability audit, DSR/PBO diagnostics, and explicit cost-sensitivity rerun before Stage B promotion.",/home/harveybc/Documents/GitHub/financial-data/experiments/stage_a_screening/runs/dragon/btcusdt_1h_sac_baseline_12_direct_atr_sltp_s0_20260502T103918Z_project3_stage31_firstwave
dragon,btcusdt_1h_sac_baseline_12_direct_atr_sltp_s1_20260502T104342Z_project3_stage31_firstwave,btcusdt,1h,sac,baseline_12,baseline,1,cuda,50000,0.0002,0.0,0.04425956812346121,0.04421556812346121,9.371248467010057,0.04425956812346121,-9.326988898886595,1.804643213281423,-0.036791746684503135,1.4894213147655306,220,104,115,2.138333021658419,55692,True,"Requires leakage audit, availability audit, DSR/PBO diagnostics, and explicit cost-sensitivity rerun before Stage B promotion.",/home/harveybc/Documents/GitHub/financial-data/experiments/stage_a_screening/runs/dragon/btcusdt_1h_sac_baseline_12_direct_atr_sltp_s1_20260502T104342Z_project3_stage31_firstwave
dragon,btcusdt_1h_sac_learned_cnn_direct_atr_sltp_s0_20260502T183203Z_project3_stage31_firstwave,btcusdt,1h,sac,learned_cnn,learned_cnn,0,cuda,50000,0.0002,0.0,-0.005001295355625879,-0.005001695355625879,,-0.005001295355625879,,0.5402390410578405,-0.5358137217166719,0.0,2,0,1,-10.19585895795978,55678,True,"Requires leakage audit, availability audit, DSR/PBO diagnostics, and explicit cost-sensitivity rerun before Stage B promotion.",/home/harveybc/Documents/GitHub/financial-data/experiments/stage_a_screening/runs/dragon/btcusdt_1h_sac_learned_cnn_direct_atr_sltp_s0_20260502T183203Z_project3_stage31_firstwave
dragon,btcusdt_1h_sac_learned_cnn_direct_atr_sltp_s1_20260502T183633Z_project3_stage31_firstwave,btcusdt,1h,sac,learned_cnn,learned_cnn,1,cuda,50000,0.0002,0.0,-0.011361382544989862,-0.011381982544989863,,-0.011361382544989862,,4.396461511441009,-0.08773555900639869,-0.1293378581612397,103,36,66,-0.32001472583815976,55678,True,"Requires leakage audit, availability audit, DSR/PBO diagnostics, and explicit cost-sensitivity rerun before Stage B promotion.",/home/harveybc/Documents/GitHub/financial-data/experiments/stage_a_screening/runs/dragon/btcusdt_1h_sac_learned_cnn_direct_atr_sltp_s1_20260502T183633Z_project3_stage31_firstwave
dragon,btcusdt_1h_sac_learned_lstm_direct_atr_sltp_s0_20260502T114220Z_project3_stage31_firstwave,btcusdt,1h,sac,learned_lstm,learned_lstm,0,cuda,50000,0.0002,0.0,-0.005001295355625879,-0.005001695355625879,,-0.005001295355625879,,0.5402390410578405,-0.5358137217166719,0.0,2,0,1,-10.19585895795978,55678,True,"Requires leakage audit, availability audit, DSR/PBO diagnostics, and explicit cost-sensitivity rerun before Stage B promotion.",/home/harveybc/Documents/GitHub/financial-data/experiments/stage_a_screening/runs/dragon/btcusdt_1h_sac_learned_lstm_direct_atr_sltp_s0_20260502T114220Z_project3_stage31_firstwave
dragon,btcusdt_1h_sac_learned_lstm_direct_atr_sltp_s1_20260502T114645Z_project3_stage31_firstwave,btcusdt,1h,sac,learned_lstm,learned_lstm,1,cuda,50000,0.0002,0.0,-0.011361382544989862,-0.011381982544989863,,-0.011361382544989862,,4.396461511441009,-0.08773555900639869,-0.1293378581612397,103,36,66,-0.32001472583815976,55678,True,"Requires leakage audit, availability audit, DSR/PBO diagnostics, and explicit cost-sensitivity rerun before Stage B promotion.",/home/harveybc/Documents/GitHub/financial-data/experiments/stage_a_screening/runs/dragon/btcusdt_1h_sac_learned_lstm_direct_atr_sltp_s1_20260502T114645Z_project3_stage31_firstwave
dragon,btcusdt_1h_sac_sota_low_cost_direct_atr_sltp_s0_20260502T184706Z_project3_stage31_firstwave,btcusdt,1h,sac,sota_low_cost,"technical,statistical,sota_intrabar_realized,sota_hmm_regime,sota_pair_spreads,sota_funding_term_structure",0,cuda,50000,0.0002,0.0,0.003016108146051799,0.002898708146051799,,0.003016108146051799,,9.16298853641243,-0.03292024664555489,0.041379915475931534,587,233,353,0.045744432058069225,55489,True,"Requires leakage audit, availability audit, DSR/PBO diagnostics, and explicit cost-sensitivity rerun before Stage B promotion.",/home/harveybc/Documents/GitHub/financial-data/experiments/stage_a_screening/runs/dragon/btcusdt_1h_sac_sota_low_cost_direct_atr_sltp_s0_20260502T184706Z_project3_stage31_firstwave
dragon,btcusdt_1h_sac_tech_full_direct_atr_sltp_s0_20260502T045518Z_project3_stage31_firstwave,btcusdt,1h,sac,tech_full,technical,0,cuda,25000,0.0002,0.0,-0.0036342193263688705,-0.0036344193263688706,,-0.0036342193263688705,,0.5861925181960601,-0.44109190978985574,0.0,1,0,0,,55542,True,"Requires leakage audit, availability audit, DSR/PBO diagnostics, and explicit cost-sensitivity rerun before Stage B promotion.",/home/harveybc/Documents/GitHub/financial-data/experiments/stage_a_screening/runs/dragon/btcusdt_1h_sac_tech_full_direct_atr_sltp_s0_20260502T045518Z_project3_stage31_firstwave
dragon,btcusdt_1h_sac_tech_full_direct_atr_sltp_s0_20260502T105450Z_project3_stage31_firstwave,btcusdt,1h,sac,tech_full,technical,0,cuda,50000,0.0002,0.0,-0.0036342193263688705,-0.0036344193263688706,,-0.0036342193263688705,,0.5861925181960601,-0.44109190978985574,0.0,1,0,0,,55542,True,"Requires leakage audit, availability audit, DSR/PBO diagnostics, and explicit cost-sensitivity rerun before Stage B promotion.",/home/harveybc/Documents/GitHub/financial-data/experiments/stage_a_screening/runs/dragon/btcusdt_1h_sac_tech_full_direct_atr_sltp_s0_20260502T105450Z_project3_stage31_firstwave
dragon,btcusdt_1h_sac_tech_full_direct_atr_sltp_s1_20260502T105918Z_project3_stage31_firstwave,btcusdt,1h,sac,tech_full,technical,1,cuda,50000,0.0002,0.0,-0.12226895079080857,-0.12278435079080857,,-0.12226895079080857,,14.10226092203322,-0.0512857234598747,-1.4093673903219532,2577,999,1577,-0.47450889720700984,55542,True,"Requires leakage audit, availability audit, DSR/PBO diagnostics, and explicit cost-sensitivity rerun before Stage B promotion.",/home/harveybc/Documents/GitHub/financial-data/experiments/stage_a_screening/runs/dragon/btcusdt_1h_sac_tech_full_direct_atr_sltp_s1_20260502T105918Z_project3_stage31_firstwave
dragon,btcusdt_1h_sac_tech_stat_decomp_direct_atr_sltp_s0_20260502T112547Z_project3_stage31_firstwave,btcusdt,1h,sac,tech_stat_decomp,"technical,statistical,wavelet,emd,fracdiff",0,cuda,50000,0.0002,0.0,-0.04186778024265003,-0.042088380242650034,,-0.04186778024265003,,8.353218517633332,-0.04094904576416457,-0.6040439577515249,1103,432,670,-0.38078513768947486,55486,True,"Requires leakage audit, availability audit, DSR/PBO diagnostics, and explicit cost-sensitivity rerun before Stage B promotion.",/home/harveybc/Documents/GitHub/financial-data/experiments/stage_a_screening/runs/dragon/btcusdt_1h_sac_tech_stat_decomp_direct_atr_sltp_s0_20260502T112547Z_project3_stage31_firstwave
dragon,btcusdt_1h_sac_tech_stat_decomp_direct_atr_sltp_s1_20260502T113012Z_project3_stage31_firstwave,btcusdt,1h,sac,tech_stat_decomp,"technical,statistical,wavelet,emd,fracdiff",1,cuda,50000,0.0002,0.0,-0.04186778024265003,-0.042088380242650034,,-0.04186778024265003,,8.353218517633332,-0.04094904576416457,-0.6040439577515249,1103,432,670,-0.38078513768947486,55486,True,"Requires leakage audit, availability audit, DSR/PBO diagnostics, and explicit cost-sensitivity rerun before Stage B promotion.",/home/harveybc/Documents/GitHub/financial-data/experiments/stage_a_screening/runs/dragon/btcusdt_1h_sac_tech_stat_decomp_direct_atr_sltp_s1_20260502T113012Z_project3_stage31_firstwave
dragon,btcusdt_1h_sac_tech_stat_direct_atr_sltp_s0_20260502T111019Z_project3_stage31_firstwave,btcusdt,1h,sac,tech_stat,"technical,statistical",0,cuda,50000,0.0002,0.0,0.003016108146051799,0.002898708146051799,8.819688806316767,0.003016108146051799,-8.816672698170716,9.16298853641243,-0.03292024664555489,0.041379915475931534,587,233,353,0.045744432058069225,55489,True,"Requires leakage audit, availability audit, DSR/PBO diagnostics, and explicit cost-sensitivity rerun before Stage B promotion.",/home/harveybc/Documents/GitHub/financial-data/experiments/stage_a_screening/runs/dragon/btcusdt_1h_sac_tech_stat_direct_atr_sltp_s0_20260502T111019Z_project3_stage31_firstwave
dragon,btcusdt_1h_sac_tech_stat_direct_atr_sltp_s1_20260502T111444Z_project3_stage31_firstwave,btcusdt,1h,sac,tech_stat,"technical,statistical",1,cuda,50000,0.0002,0.0,0.003016108146051799,0.002898708146051799,8.819688806316767,0.003016108146051799,-8.816672698170716,9.16298853641243,-0.03292024664555489,0.041379915475931534,587,233,353,0.045744432058069225,55489,True,"Requires leakage audit, availability audit, DSR/PBO diagnostics, and explicit cost-sensitivity rerun before Stage B promotion.",/home/harveybc/Documents/GitHub/financial-data/experiments/stage_a_screening/runs/dragon/btcusdt_1h_sac_tech_stat_direct_atr_sltp_s1_20260502T111444Z_project3_stage31_firstwave
dragon,btcusdt_4h_ppo_baseline_12_direct_atr_sltp_s0_20260502T051309Z_project3_stage31_firstwave,btcusdt,4h,ppo,baseline_12,baseline,0,cuda,25000,0.0002,0.0,0.0,0.0,8.695244733758743,0.0,-8.695244733758743,0.0,,0.0,0,0,0,,13903,True,"Requires leakage audit, availability audit, DSR/PBO diagnostics, and explicit cost-sensitivity rerun before Stage B promotion.",/home/harveybc/Documents/GitHub/financial-data/experiments/stage_a_screening/runs/dragon/btcusdt_4h_ppo_baseline_12_direct_atr_sltp_s0_20260502T051309Z_project3_stage31_firstwave
dragon,btcusdt_4h_ppo_learned_cnn_direct_atr_sltp_s0_20260502T044544Z_project3_stage31_firstwave,btcusdt,4h,ppo,learned_cnn,learned_cnn,0,cuda,25000,0.0002,0.0,0.0484430518558594,0.0484110518558594,,0.0484430518558594,,4.995997381648939,-0.017633393662562977,-0.007603172013610957,160,76,83,-0.017895473881403806,13952,True,"Requires leakage audit, availability audit, DSR/PBO diagnostics, and explicit cost-sensitivity rerun before Stage B promotion.",/home/harveybc/Documents/GitHub/financial-data/experiments/stage_a_screening/runs/dragon/btcusdt_4h_ppo_learned_cnn_direct_atr_sltp_s0_20260502T044544Z_project3_stage31_firstwave
dragon,btcusdt_4h_ppo_tech_full_direct_atr_sltp_s0_20260502T044335Z_project3_stage31_firstwave,btcusdt,4h,ppo,tech_full,technical,0,cuda,25000,0.0002,0.0,0.0016876839729154103,0.0015504839729154102,9.653432468046187,0.0016876839729154103,-9.651744784073271,5.537412755325335,-0.040912952372362234,0.03359824895581248,686,304,381,0.021597917677580215,13753,True,"Requires leakage audit, availability audit, DSR/PBO diagnostics, and explicit cost-sensitivity rerun before Stage B promotion.",/home/harveybc/Documents/GitHub/financial-data/experiments/stage_a_screening/runs/dragon/btcusdt_4h_ppo_tech_full_direct_atr_sltp_s0_20260502T044335Z_project3_stage31_firstwave
dragon,btcusdt_4h_sac_sota_low_cost_direct_atr_sltp_s0_20260502T043423Z_project3_stage31_firstwave,btcusdt,4h,sac,sota_low_cost,"technical,statistical,sota_intrabar_realized,sota_hmm_regime,sota_pair_spreads,sota_funding_term_structure",0,cuda,25000,0.0002,0.0,0.08139192417587737,0.08125492417587737,,0.08139192417587737,,9.87317045333083,-0.001720086028157943,0.878252955919302,685,302,382,1.1860285388093283,13700,True,"Requires leakage audit, availability audit, DSR/PBO diagnostics, and explicit cost-sensitivity rerun before Stage B promotion.",/home/harveybc/Documents/GitHub/financial-data/experiments/stage_a_screening/runs/dragon/btcusdt_4h_sac_sota_low_cost_direct_atr_sltp_s0_20260502T043423Z_project3_stage31_firstwave
dragon,btcusdt_4h_sac_sota_low_cost_direct_atr_sltp_s1_20260502T054241Z_project3_stage31_firstwave,btcusdt,4h,sac,sota_low_cost,"technical,statistical,sota_intrabar_realized,sota_hmm_regime,sota_pair_spreads,sota_funding_term_structure",1,cuda,25000,0.0002,0.0,0.08139192417587737,0.08125492417587737,,0.08139192417587737,,9.87317045333083,-0.001720086028157943,0.878252955919302,685,302,382,1.1860285388093283,13700,True,"Requires leakage audit, availability audit, DSR/PBO diagnostics, and explicit cost-sensitivity rerun before Stage B promotion.",/home/harveybc/Documents/GitHub/financial-data/experiments/stage_a_screening/runs/dragon/btcusdt_4h_sac_sota_low_cost_direct_atr_sltp_s1_20260502T054241Z_project3_stage31_firstwave
dragon,btcusdt_4h_sac_sota_low_cost_direct_atr_sltp_s2_20260502T054449Z_project3_stage31_firstwave,btcusdt,4h,sac,sota_low_cost,"technical,statistical,sota_intrabar_realized,sota_hmm_regime,sota_pair_spreads,sota_funding_term_structure",2,cuda,25000,0.0002,0.0,-0.021734671489101687,-0.021737471489101687,,-0.021734671489101687,,2.377836519349633,-0.2256007815573135,-2.1433192837261488,14,2,11,-13.857334226647778,13700,True,"Requires leakage audit, availability audit, DSR/PBO diagnostics, and explicit cost-sensitivity rerun before Stage B promotion.",/home/harveybc/Documents/GitHub/financial-data/experiments/stage_a_screening/runs/dragon/btcusdt_4h_sac_sota_low_cost_direct_atr_sltp_s2_20260502T054449Z_project3_stage31_firstwave
dragon,btcusdt_4h_sac_tech_full_direct_atr_sltp_s0_20260502T050749Z_project3_stage31_firstwave,btcusdt,4h,sac,tech_full,technical,0,cuda,25000,0.0002,0.0,0.015740201605857207,0.015701601605857207,9.653432468046187,0.015740201605857207,-9.63769226644033,9.873170453330848,-0.026033739540503073,0.11239950658998775,193,82,110,0.3375927809053923,13753,True,"Requires leakage audit, availability audit, DSR/PBO diagnostics, and explicit cost-sensitivity rerun before Stage B promotion.",/home/harveybc/Documents/GitHub/financial-data/experiments/stage_a_screening/runs/dragon/btcusdt_4h_sac_tech_full_direct_atr_sltp_s0_20260502T050749Z_project3_stage31_firstwave
dragon,btcusdt_4h_sac_tech_stat_direct_atr_sltp_s0_20260502T045932Z_project3_stage31_firstwave,btcusdt,4h,sac,tech_stat,"technical,statistical",0,cuda,25000,0.0002,0.0,0.08139192417587737,0.08125492417587737,8.958450306170514,0.08139192417587737,-8.877058381994637,9.87317045333083,-0.001720086028157943,0.878252955919302,685,302,382,1.1860285388093283,13700,True,"Requires leakage audit, availability audit, DSR/PBO diagnostics, and explicit cost-sensitivity rerun before Stage B promotion.",/home/harveybc/Documents/GitHub/financial-data/experiments/stage_a_screening/runs/dragon/btcusdt_4h_sac_tech_stat_direct_atr_sltp_s0_20260502T045932Z_project3_stage31_firstwave
dragon,btcusdt_4h_sac_tech_stat_direct_atr_sltp_s1_20260502T054034Z_project3_stage31_firstwave,btcusdt,4h,sac,tech_stat,"technical,statistical",1,cuda,25000,0.0002,0.0,0.08139192417587737,0.08125492417587737,8.958450306170514,0.08139192417587737,-8.877058381994637,9.87317045333083,-0.001720086028157943,0.878252955919302,685,302,382,1.1860285388093283,13700,True,"Requires leakage audit, availability audit, DSR/PBO diagnostics, and explicit cost-sensitivity rerun before Stage B promotion.",/home/harveybc/Documents/GitHub/financial-data/experiments/stage_a_screening/runs/dragon/btcusdt_4h_sac_tech_stat_direct_atr_sltp_s1_20260502T054034Z_project3_stage31_firstwave
dragon,ethusdt_1h_dqn_baseline_12_direct_atr_sltp_s0_20260502T044439Z_project3_stage31_firstwave,ethusdt,1h,dqn,baseline_12,baseline,0,cuda,25000,0.0002,0.0,0.0030471478084468373,0.0021129478084468373,6.781843603996862,0.0030471478084468373,-6.778796456188415,0.39223373702598313,-0.3986631742246343,0.7063465701626822,4671,2240,2430,0.0065464213221780795,55692,True,"Requires leakage audit, availability audit, DSR/PBO diagnostics, and explicit cost-sensitivity rerun before Stage B promotion.",/home/harveybc/Documents/GitHub/financial-data/experiments/stage_a_screening/runs/dragon/ethusdt_1h_dqn_baseline_12_direct_atr_sltp_s0_20260502T044439Z_project3_stage31_firstwave
dragon,ethusdt_1h_ppo_learned_lstm_direct_atr_sltp_s0_20260502T050127Z_project3_stage31_firstwave,ethusdt,1h,ppo,learned_lstm,learned_lstm,0,cuda,25000,0.0002,0.0,0.0,0.0,,0.0,,0.0,,0.0,0,0,0,,55678,True,"Requires leakage audit, availability audit, DSR/PBO diagnostics, and explicit cost-sensitivity rerun before Stage B promotion.",/home/harveybc/Documents/GitHub/financial-data/experiments/stage_a_screening/runs/dragon/ethusdt_1h_ppo_learned_lstm_direct_atr_sltp_s0_20260502T050127Z_project3_stage31_firstwave
dragon,ethusdt_1h_ppo_tech_full_direct_atr_sltp_s0_20260502T043047Z_project3_stage31_firstwave,ethusdt,1h,ppo,tech_full,technical,0,cuda,25000,0.0002,0.0,0.0,0.0,5.888456197548753,0.0,-5.888456197548753,0.0,,0.0,0,0,0,,55542,True,"Requires leakage audit, availability audit, DSR/PBO diagnostics, and explicit cost-sensitivity rerun before Stage B promotion.",/home/harveybc/Documents/GitHub/financial-data/experiments/stage_a_screening/runs/dragon/ethusdt_1h_ppo_tech_full_direct_atr_sltp_s0_20260502T043047Z_project3_stage31_firstwave
dragon,ethusdt_1h_sac_tech_full_direct_atr_sltp_s0_20260502T050958Z_project3_stage31_firstwave,ethusdt,1h,sac,tech_full,technical,0,cuda,25000,0.0002,0.0,0.010651992647223274,0.010645392647223273,5.888456197548753,0.010651992647223274,-5.87780420490153,1.8316503015457832,-0.07332282470658047,0.06892338517180521,33,14,18,0.4837846815865656,55542,True,"Requires leakage audit, availability audit, DSR/PBO diagnostics, and explicit cost-sensitivity rerun before Stage B promotion.",/home/harveybc/Documents/GitHub/financial-data/experiments/stage_a_screening/runs/dragon/ethusdt_1h_sac_tech_full_direct_atr_sltp_s0_20260502T050958Z_project3_stage31_firstwave
dragon,ethusdt_1h_sac_tech_stat_direct_atr_sltp_s0_20260502T044650Z_project3_stage31_firstwave,ethusdt,1h,sac,tech_stat,"technical,statistical",0,cuda,25000,0.0002,0.0,0.025750118386410614,0.025732718386410613,5.815010602395246,0.025750118386410614,-5.789260484008835,2.440710531141767,-0.055434095980358616,0.6075182508982052,87,37,49,2.122832852840945,55489,True,"Requires leakage audit, availability audit, DSR/PBO diagnostics, and explicit cost-sensitivity rerun before Stage B promotion.",/home/harveybc/Documents/GitHub/financial-data/experiments/stage_a_screening/runs/dragon/ethusdt_1h_sac_tech_stat_direct_atr_sltp_s0_20260502T044650Z_project3_stage31_firstwave
dragon,ethusdt_1h_sac_tech_stat_direct_atr_sltp_s1_20260502T054659Z_project3_stage31_firstwave,ethusdt,1h,sac,tech_stat,"technical,statistical",1,cuda,25000,0.0002,0.0,0.025750118386410614,0.025732718386410613,5.815010602395246,0.025750118386410614,-5.789260484008835,2.440710531141767,-0.055434095980358616,0.6075182508982052,87,37,49,2.122832852840945,55489,True,"Requires leakage audit, availability audit, DSR/PBO diagnostics, and explicit cost-sensitivity rerun before Stage B promotion.",/home/harveybc/Documents/GitHub/financial-data/experiments/stage_a_screening/runs/dragon/ethusdt_1h_sac_tech_stat_direct_atr_sltp_s1_20260502T054659Z_project3_stage31_firstwave
dragon,ethusdt_4h_dqn_tech_stat_decomp_direct_atr_sltp_s0_20260502T045414Z_project3_stage31_firstwave,ethusdt,4h,dqn,tech_stat_decomp,"technical,statistical,wavelet,emd,fracdiff",0,cuda,25000,0.0002,0.0,-0.002006235648486121,-0.002023235648486121,,-0.002006235648486121,,0.5629127497934263,-0.5194787871795805,-0.8372804741391541,85,35,49,-0.20109579043197257,13697,True,"Requires leakage audit, availability audit, DSR/PBO diagnostics, and explicit cost-sensitivity rerun before Stage B promotion.",/home/harveybc/Documents/GitHub/financial-data/experiments/stage_a_screening/runs/dragon/ethusdt_4h_dqn_tech_stat_decomp_direct_atr_sltp_s0_20260502T045414Z_project3_stage31_firstwave
dragon,ethusdt_4h_ppo_learned_lstm_direct_atr_sltp_s0_20260502T043719Z_project3_stage31_firstwave,ethusdt,4h,ppo,learned_lstm,learned_lstm,0,cuda,25000,0.0002,0.0,0.0,0.0,,0.0,,0.0,,0.0,0,0,0,,13952,True,"Requires leakage audit, availability audit, DSR/PBO diagnostics, and explicit cost-sensitivity rerun before Stage B promotion.",/home/harveybc/Documents/GitHub/financial-data/experiments/stage_a_screening/runs/dragon/ethusdt_4h_ppo_learned_lstm_direct_atr_sltp_s0_20260502T043719Z_project3_stage31_firstwave
dragon,ethusdt_4h_ppo_tech_stat_direct_atr_sltp_s0_20260502T045828Z_project3_stage31_firstwave,ethusdt,4h,ppo,tech_stat,"technical,statistical",0,cuda,25000,0.0002,0.0,0.0006226596725404931,0.00047605967254049316,6.467585168701116,0.0006226596725404931,-6.466962509028575,0.3503385897194803,-0.49742546805424387,0.1666739443702242,733,276,456,0.008034331264246734,13700,True,"Requires leakage audit, availability audit, DSR/PBO diagnostics, and explicit cost-sensitivity rerun before Stage B promotion.",/home/harveybc/Documents/GitHub/financial-data/experiments/stage_a_screening/runs/dragon/ethusdt_4h_ppo_tech_stat_direct_atr_sltp_s0_20260502T045828Z_project3_stage31_firstwave
dragon,ethusdt_4h_sac_baseline_12_direct_atr_sltp_s0_20260502T044025Z_project3_stage31_firstwave,ethusdt,4h,sac,baseline_12,baseline,0,cuda,25000,0.0002,0.0,-0.13533051846568156,-0.13548091846568155,5.888456197548753,-0.13533051846568156,-6.023786716014435,19.9611453259789,-0.03982345907947009,-1.2411941073099018,752,284,467,-1.8105816986830765,13903,True,"Requires leakage audit, availability audit, DSR/PBO diagnostics, and explicit cost-sensitivity rerun before Stage B promotion.",/home/harveybc/Documents/GitHub/financial-data/experiments/stage_a_screening/runs/dragon/ethusdt_4h_sac_baseline_12_direct_atr_sltp_s0_20260502T044025Z_project3_stage31_firstwave
dragon,ethusdt_4h_sac_tech_full_direct_atr_sltp_s0_20260502T050519Z_project3_stage31_firstwave,ethusdt,4h,sac,tech_full,technical,0,cuda,25000,0.0002,0.0,-0.13791605778374927,-0.13806405778374928,6.895743944636678,-0.13791605778374927,-7.033660002420427,19.961145325978787,-0.0413186973865827,-1.3077105535174511,740,278,461,-1.8749431488124142,13753,True,"Requires leakage audit, availability audit, DSR/PBO diagnostics, and explicit cost-sensitivity rerun before Stage B promotion.",/home/harveybc/Documents/GitHub/financial-data/experiments/stage_a_screening/runs/dragon/ethusdt_4h_sac_tech_full_direct_atr_sltp_s0_20260502T050519Z_project3_stage31_firstwave
dragon,ethusdt_4h_sac_tech_stat_direct_atr_sltp_s0_20260502T051413Z_project3_stage31_firstwave,ethusdt,4h,sac,tech_stat,"technical,statistical",0,cuda,25000,0.0002,0.0,0.1512164417774693,0.15113124177746928,6.467585168701116,0.1512164417774693,-6.316368726923646,11.113226854446845,0.011535593140210989,1.5564294328770385,426,200,225,3.5375663378748423,13700,True,"Requires leakage audit, availability audit, DSR/PBO diagnostics, and explicit cost-sensitivity rerun before Stage B promotion.",/home/harveybc/Documents/GitHub/financial-data/experiments/stage_a_screening/runs/dragon/ethusdt_4h_sac_tech_stat_direct_atr_sltp_s0_20260502T051413Z_project3_stage31_firstwave
dragon,ethusdt_4h_sac_tech_stat_direct_atr_sltp_s1_20260502T053631Z_project3_stage31_firstwave,ethusdt,4h,sac,tech_stat,"technical,statistical",1,cuda,25000,0.0002,0.0,-0.13116616952585736,-0.13131276952585735,6.467585168701116,-0.13116616952585736,-6.598751338226974,19.961145325979228,-0.04000989951723611,-1.2376238141913323,733,276,456,-1.8007300411896552,13700,True,"Requires leakage audit, availability audit, DSR/PBO diagnostics, and explicit cost-sensitivity rerun before Stage B promotion.",/home/harveybc/Documents/GitHub/financial-data/experiments/stage_a_screening/runs/dragon/ethusdt_4h_sac_tech_stat_direct_atr_sltp_s1_20260502T053631Z_project3_stage31_firstwave
dragon,ethusdt_4h_sac_tech_stat_direct_atr_sltp_s2_20260502T053827Z_project3_stage31_firstwave,ethusdt,4h,sac,tech_stat,"technical,statistical",2,cuda,25000,0.0002,0.0,-0.13116616952585736,-0.13131276952585735,6.467585168701116,-0.13116616952585736,-6.598751338226974,19.961145325979228,-0.04000989951723611,-1.2376238141913323,733,276,456,-1.8007300411896552,13700,True,"Requires leakage audit, availability audit, DSR/PBO diagnostics, and explicit cost-sensitivity rerun before Stage B promotion.",/home/harveybc/Documents/GitHub/financial-data/experiments/stage_a_screening/runs/dragon/ethusdt_4h_sac_tech_stat_direct_atr_sltp_s2_20260502T053827Z_project3_stage31_firstwave
gamma,eurusd_15m_dqn_baseline_12_direct_atr_sltp_s0_20260502T071154Z_project3_stage31_firstwave,eurusd,15m,dqn,baseline_12,baseline,0,cuda,50000,5e-05,0.0,-0.00011231519864429718,-0.0006175651986442971,,-0.00011231519864429718,,0.014688325743545618,-61.97016319307932,-3.4087652592041247,10105,4080,6024,-0.00013438426798933968,468772,True,"Requires leakage audit, availability audit, DSR/PBO diagnostics, and explicit cost-sensitivity rerun before Stage B promotion.",/home/harveybc/Documents/GitHub/financial-data/experiments/stage_a_screening/runs/gamma/eurusd_15m_dqn_baseline_12_direct_atr_sltp_s0_20260502T071154Z_project3_stage31_firstwave
gamma,eurusd_15m_dqn_baseline_12_direct_atr_sltp_s1_20260502T071611Z_project3_stage31_firstwave,eurusd,15m,dqn,baseline_12,baseline,1,cuda,50000,5e-05,0.0,-0.0001947909927959568,-0.0009965909927959569,,-0.0001947909927959568,,0.0195731037117515,-74.48832569118241,-4.7696750150653155,16036,6588,9447,-0.00012147581832646022,468772,True,"Requires leakage audit, availability audit, DSR/PBO diagnostics, and explicit cost-sensitivity rerun before Stage B promotion.",/home/harveybc/Documents/GitHub/financial-data/experiments/stage_a_screening/runs/gamma/eurusd_15m_dqn_baseline_12_direct_atr_sltp_s1_20260502T071611Z_project3_stage31_firstwave
gamma,eurusd_15m_dqn_baseline_12_direct_atr_sltp_s2_20260502T072028Z_project3_stage31_firstwave,eurusd,15m,dqn,baseline_12,baseline,2,cuda,50000,5e-05,0.0,-3.1736609344634736e-05,-0.00016608660934463472,,-3.1736609344634736e-05,,0.008735906531443818,-65.70002687917078,-1.4797556484269316,2687,1124,1562,-0.00011758780322633658,468772,True,"Requires leakage audit, availability audit, DSR/PBO diagnostics, and explicit cost-sensitivity rerun before Stage B promotion.",/home/harveybc/Documents/GitHub/financial-data/experiments/stage_a_screening/runs/gamma/eurusd_15m_dqn_baseline_12_direct_atr_sltp_s2_20260502T072028Z_project3_stage31_firstwave
gamma,eurusd_15m_dqn_learned_cnn_direct_atr_sltp_s0_20260502T114228Z_project3_stage31_firstwave,eurusd,15m,dqn,learned_cnn,learned_cnn,0,cuda,50000,5e-05,0.0,-0.00013064792236638922,-0.0007168979223663893,,-0.00013064792236638922,,0.015102510782896164,-61.82835718352311,-3.176003409216108,11725,4805,6919,-0.00011182488979863215,468758,True,"Requires leakage audit, availability audit, DSR/PBO diagnostics, and explicit cost-sensitivity rerun before Stage B promotion.",/home/harveybc/Documents/GitHub/financial-data/experiments/stage_a_screening/runs/gamma/eurusd_15m_dqn_learned_cnn_direct_atr_sltp_s0_20260502T114228Z_project3_stage31_firstwave
gamma,eurusd_15m_dqn_learned_cnn_direct_atr_sltp_s1_20260502T114653Z_project3_stage31_firstwave,eurusd,15m,dqn,learned_cnn,learned_cnn,1,cuda,50000,5e-05,0.0,-0.00021814185196622482,-0.0004737418519662248,,-0.00021814185196622482,,0.009553435523561938,-50.60066215555414,-4.752679005079812,5112,2140,2971,-0.0001765329782754288,468758,True,"Requires leakage audit, availability audit, DSR/PBO diagnostics, and explicit cost-sensitivity rerun before Stage B promotion.",/home/harveybc/Documents/GitHub/financial-data/experiments/stage_a_screening/runs/gamma/eurusd_15m_dqn_learned_cnn_direct_atr_sltp_s1_20260502T114653Z_project3_stage31_firstwave
gamma,eurusd_15m_dqn_learned_cnn_direct_atr_sltp_s2_20260502T182512Z_project3_stage31_firstwave,eurusd,15m,dqn,learned_cnn,learned_cnn,2,cuda,50000,5e-05,0.0,-0.00034066728473902685,-0.0006042672847390269,,-0.00034066728473902685,,0.008084075251757765,-53.67533950274398,-4.42214700218213,5272,2232,3039,-0.00015215751423557577,468758,True,"Requires leakage audit, availability audit, DSR/PBO diagnostics, and explicit cost-sensitivity rerun before Stage B promotion.",/home/harveybc/Documents/GitHub/financial-data/experiments/stage_a_screening/runs/gamma/eurusd_15m_dqn_learned_cnn_direct_atr_sltp_s2_20260502T182512Z_project3_stage31_firstwave
gamma,eurusd_15m_dqn_learned_lstm_direct_atr_sltp_s0_20260502T104921Z_project3_stage31_firstwave,eurusd,15m,dqn,learned_lstm,learned_lstm,0,cuda,50000,5e-05,0.0,-0.00013064792236638922,-0.0007168979223663893,,-0.00013064792236638922,,0.015102510782896164,-61.82835718352311,-3.176003409216108,11725,4805,6919,-0.00011182488979863215,468758,True,"Requires leakage audit, availability audit, DSR/PBO diagnostics, and explicit cost-sensitivity rerun before Stage B promotion.",/home/harveybc/Documents/GitHub/financial-data/experiments/stage_a_screening/runs/gamma/eurusd_15m_dqn_learned_lstm_direct_atr_sltp_s0_20260502T104921Z_project3_stage31_firstwave
gamma,eurusd_15m_dqn_learned_lstm_direct_atr_sltp_s1_20260502T105350Z_project3_stage31_firstwave,eurusd,15m,dqn,learned_lstm,learned_lstm,1,cuda,50000,5e-05,0.0,-0.00021814185196622482,-0.0004737418519662248,,-0.00021814185196622482,,0.009553435523561938,-50.60066215555414,-4.752679005079812,5112,2140,2971,-0.0001765329782754288,468758,True,"Requires leakage audit, availability audit, DSR/PBO diagnostics, and explicit cost-sensitivity rerun before Stage B promotion.",/home/harveybc/Documents/GitHub/financial-data/experiments/stage_a_screening/runs/gamma/eurusd_15m_dqn_learned_lstm_direct_atr_sltp_s1_20260502T105350Z_project3_stage31_firstwave
gamma,eurusd_15m_dqn_learned_lstm_direct_atr_sltp_s2_20260502T105817Z_project3_stage31_firstwave,eurusd,15m,dqn,learned_lstm,learned_lstm,2,cuda,50000,5e-05,0.0,-0.00034066728473902685,-0.001348717284739027,,-0.00034066728473902685,,0.03608553751029665,-55.99094008000589,-11.475080488705641,20161,8264,11896,-0.0001570530028089919,468758,True,"Requires leakage audit, availability audit, DSR/PBO diagnostics, and explicit cost-sensitivity rerun before Stage B promotion.",/home/harveybc/Documents/GitHub/financial-data/experiments/stage_a_screening/runs/gamma/eurusd_15m_dqn_learned_lstm_direct_atr_sltp_s2_20260502T105817Z_project3_stage31_firstwave
gamma,eurusd_15m_dqn_tech_full_direct_atr_sltp_s0_20260502T080503Z_project3_stage31_firstwave,eurusd,15m,dqn,tech_full,technical,0,cuda,50000,5e-05,0.0,-0.00013298626582780582,-0.0006647862658278058,,-0.00013298626582780582,,0.015152921089193033,-62.550951693565615,-3.353122744994426,10636,4319,6316,-0.0001267536690929559,468622,True,"Requires leakage audit, availability audit, DSR/PBO diagnostics, and explicit cost-sensitivity rerun before Stage B promotion.",/home/harveybc/Documents/GitHub/financial-data/experiments/stage_a_screening/runs/gamma/eurusd_15m_dqn_tech_full_direct_atr_sltp_s0_20260502T080503Z_project3_stage31_firstwave
gamma,eurusd_15m_dqn_tech_full_direct_atr_sltp_s1_20260502T080929Z_project3_stage31_firstwave,eurusd,15m,dqn,tech_full,technical,1,cuda,50000,5e-05,0.0,-0.00014979853900354279,-0.0006618985390035428,,-0.00014979853900354279,,0.020088594713782507,-58.04370539736892,-9.399049176486793,10242,4012,6229,-0.0001715255086138349,468622,True,"Requires leakage audit, availability audit, DSR/PBO diagnostics, and explicit cost-sensitivity rerun before Stage B promotion.",/home/harveybc/Documents/GitHub/financial-data/experiments/stage_a_screening/runs/gamma/eurusd_15m_dqn_tech_full_direct_atr_sltp_s1_20260502T080929Z_project3_stage31_firstwave
gamma,eurusd_15m_dqn_tech_full_direct_atr_sltp_s2_20260502T081357Z_project3_stage31_firstwave,eurusd,15m,dqn,tech_full,technical,2,cuda,50000,5e-05,0.0,-1.680134508585951e-05,-0.00016195134508585951,,-1.680134508585951e-05,,0.0025766345226256497,-192.8828630193067,-1.0495028633057826,2903,1219,1683,-5.737015742471019e-05,468622,True,"Requires leakage audit, availability audit, DSR/PBO diagnostics, and explicit cost-sensitivity rerun before Stage B promotion.",/home/harveybc/Documents/GitHub/financial-data/experiments/stage_a_screening/runs/gamma/eurusd_15m_dqn_tech_full_direct_atr_sltp_s2_20260502T081357Z_project3_stage31_firstwave
gamma,eurusd_15m_dqn_tech_stat_decomp_direct_atr_sltp_s0_20260502T095635Z_project3_stage31_firstwave,eurusd,15m,dqn,tech_stat_decomp,"technical,statistical,wavelet,emd,fracdiff",0,cuda,50000,5e-05,0.0,-0.00013071998913583016,-0.0007186699891358302,,-0.00013071998913583016,,0.014952149368731507,-61.88818084227896,-3.167141177143616,11759,4817,6941,-0.00011153478055663192,468566,True,"Requires leakage audit, availability audit, DSR/PBO diagnostics, and explicit cost-sensitivity rerun before Stage B promotion.",/home/harveybc/Documents/GitHub/financial-data/experiments/stage_a_screening/runs/gamma/eurusd_15m_dqn_tech_stat_decomp_direct_atr_sltp_s0_20260502T095635Z_project3_stage31_firstwave
gamma,eurusd_15m_dqn_tech_stat_decomp_direct_atr_sltp_s1_20260502T100101Z_project3_stage31_firstwave,eurusd,15m,dqn,tech_stat_decomp,"technical,statistical,wavelet,emd,fracdiff",1,cuda,50000,5e-05,0.0,-0.0003206237959472169,-0.0005787237959472169,,-0.0003206237959472169,,0.007885765059563043,-56.593484287222665,-4.43046745718967,5162,2207,2955,-0.00014737557836372783,468566,True,"Requires leakage audit, availability audit, DSR/PBO diagnostics, and explicit cost-sensitivity rerun before Stage B promotion.",/home/harveybc/Documents/GitHub/financial-data/experiments/stage_a_screening/runs/gamma/eurusd_15m_dqn_tech_stat_decomp_direct_atr_sltp_s1_20260502T100101Z_project3_stage31_firstwave
gamma,eurusd_15m_dqn_tech_stat_decomp_direct_atr_sltp_s2_20260502T100527Z_project3_stage31_firstwave,eurusd,15m,dqn,tech_stat_decomp,"technical,statistical,wavelet,emd,fracdiff",2,cuda,50000,5e-05,0.0,-0.00011835122184367108,-0.0006311512218436711,,-0.00011835122184367108,,0.012720152139352188,-110.58128445067236,-4.33154047057504,10256,4188,6067,-0.0001152595772327174,468566,True,"Requires leakage audit, availability audit, DSR/PBO diagnostics, and explicit cost-sensitivity rerun before Stage B promotion.",/home/harveybc/Documents/GitHub/financial-data/experiments/stage_a_screening/runs/gamma/eurusd_15m_dqn_tech_stat_decomp_direct_atr_sltp_s2_20260502T100527Z_project3_stage31_firstwave
gamma,eurusd_15m_dqn_tech_stat_direct_atr_sltp_s0_20260502T090013Z_project3_stage31_firstwave,eurusd,15m,dqn,tech_stat,"technical,statistical",0,cuda,50000,5e-05,0.0,-0.00012648697336048453,-0.0007556369733604845,,-0.00012648697336048453,,0.015000639372685141,-62.034680012252394,-2.917036878750479,12583,5164,7418,-0.00010043828468097469,468569,True,"Requires leakage audit, availability audit, DSR/PBO diagnostics, and explicit cost-sensitivity rerun before Stage B promotion.",/home/harveybc/Documents/GitHub/financial-data/experiments/stage_a_screening/runs/gamma/eurusd_15m_dqn_tech_stat_direct_atr_sltp_s0_20260502T090013Z_project3_stage31_firstwave
gamma,eurusd_15m_dqn_tech_stat_direct_atr_sltp_s1_20260502T090439Z_project3_stage31_firstwave,eurusd,15m,dqn,tech_stat,"technical,statistical",1,cuda,50000,5e-05,0.0,-1.4608071593480432e-05,-0.00011830807159348043,,-1.4608071593480432e-05,,0.006538538602598628,-60.41131871734433,-2.3087281148113186,2074,847,1226,-0.00016358503956274284,468569,True,"Requires leakage audit, availability audit, DSR/PBO diagnostics, and explicit cost-sensitivity rerun before Stage B promotion.",/home/harveybc/Documents/GitHub/financial-data/experiments/stage_a_screening/runs/gamma/eurusd_15m_dqn_tech_stat_direct_atr_sltp_s1_20260502T090439Z_project3_stage31_firstwave
gamma,eurusd_15m_dqn_tech_stat_direct_atr_sltp_s2_20260502T090904Z_project3_stage31_firstwave,eurusd,15m,dqn,tech_stat,"technical,statistical",2,cuda,50000,5e-05,0.0,-0.000120160333190511,-0.000598160333190511,,-0.000120160333190511,,0.012742322137768684,-117.23826690289961,-4.632794342990514,9560,3888,5671,-0.00012554431195912775,468569,True,"Requires leakage audit, availability audit, DSR/PBO diagnostics, and explicit cost-sensitivity rerun before Stage B promotion.",/home/harveybc/Documents/GitHub/financial-data/experiments/stage_a_screening/runs/gamma/eurusd_15m_dqn_tech_stat_direct_atr_sltp_s2_20260502T090904Z_project3_stage31_firstwave
gamma,eurusd_15m_ppo_baseline_12_direct_atr_sltp_s0_20260502T065447Z_project3_stage31_firstwave,eurusd,15m,ppo,baseline_12,baseline,0,cuda,50000,5e-05,0.0,0.0,0.0,,0.0,,0.0,,0.0,0,0,0,,468772,True,"Requires leakage audit, availability audit, DSR/PBO diagnostics, and explicit cost-sensitivity rerun before Stage B promotion.",/home/harveybc/Documents/GitHub/financial-data/experiments/stage_a_screening/runs/gamma/eurusd_15m_ppo_baseline_12_direct_atr_sltp_s0_20260502T065447Z_project3_stage31_firstwave
gamma,eurusd_15m_ppo_baseline_12_direct_atr_sltp_s1_20260502T070008Z_project3_stage31_firstwave,eurusd,15m,ppo,baseline_12,baseline,1,cuda,50000,5e-05,0.0,0.0,0.0,,0.0,,0.0,,0.0,0,0,0,,468772,True,"Requires leakage audit, availability audit, DSR/PBO diagnostics, and explicit cost-sensitivity rerun before Stage B promotion.",/home/harveybc/Documents/GitHub/financial-data/experiments/stage_a_screening/runs/gamma/eurusd_15m_ppo_baseline_12_direct_atr_sltp_s1_20260502T070008Z_project3_stage31_firstwave
gamma,eurusd_15m_ppo_baseline_12_direct_atr_sltp_s2_20260502T070530Z_project3_stage31_firstwave,eurusd,15m,ppo,baseline_12,baseline,2,cuda,50000,5e-05,0.0,-0.0002499260728574537,-0.0013087760728574538,,-0.0002499260728574537,,0.025582248928488652,-62.721519960042684,-5.140545208924104,21177,8718,12458,-0.00011801830139741846,468772,True,"Requires leakage audit, availability audit, DSR/PBO diagnostics, and explicit cost-sensitivity rerun before Stage B promotion.",/home/harveybc/Documents/GitHub/financial-data/experiments/stage_a_screening/runs/gamma/eurusd_15m_ppo_baseline_12_direct_atr_sltp_s2_20260502T070530Z_project3_stage31_firstwave
gamma,eurusd_15m_ppo_learned_cnn_direct_atr_sltp_s0_20260502T112554Z_project3_stage31_firstwave,eurusd,15m,ppo,learned_cnn,learned_cnn,0,cuda,50000,5e-05,0.0,-0.0003205565824185852,-0.0010636565824185852,,-0.0003205565824185852,,0.02410020450551934,-48.33452282919585,-11.073810186133906,14862,6165,8696,-0.000161215752563369,468758,True,"Requires leakage audit, availability audit, DSR/PBO diagnostics, and explicit cost-sensitivity rerun before Stage B promotion.",/home/harveybc/Documents/GitHub/financial-data/experiments/stage_a_screening/runs/gamma/eurusd_15m_ppo_learned_cnn_direct_atr_sltp_s0_20260502T112554Z_project3_stage31_firstwave
gamma,eurusd_15m_ppo_learned_cnn_direct_atr_sltp_s1_20260502T113125Z_project3_stage31_firstwave,eurusd,15m,ppo,learned_cnn,learned_cnn,1,cuda,50000,5e-05,0.0,-0.0003205565824185852,-0.0010624565824185852,,-0.0003205565824185852,,0.01938117337132816,-48.44295340703278,-9.009646659678683,14838,6130,8707,-0.00012981613826370207,468758,True,"Requires leakage audit, availability audit, DSR/PBO diagnostics, and explicit cost-sensitivity rerun before Stage B promotion.",/home/harveybc/Documents/GitHub/financial-data/experiments/stage_a_screening/runs/gamma/eurusd_15m_ppo_learned_cnn_direct_atr_sltp_s1_20260502T113125Z_project3_stage31_firstwave
gamma,eurusd_15m_ppo_learned_cnn_direct_atr_sltp_s2_20260502T113657Z_project3_stage31_firstwave,eurusd,15m,ppo,learned_cnn,learned_cnn,2,cuda,50000,5e-05,0.0,-0.0002498789176436089,-0.0009953289176436089,,-0.0002498789176436089,,0.022823444500717823,-51.00684571753004,-10.754847324252689,14909,6307,8601,-0.00015199140797016837,468758,True,"Requires leakage audit, availability audit, DSR/PBO diagnostics, and explicit cost-sensitivity rerun before Stage B promotion.",/home/harveybc/Documents/GitHub/financial-data/experiments/stage_a_screening/runs/gamma/eurusd_15m_ppo_learned_cnn_direct_atr_sltp_s2_20260502T113657Z_project3_stage31_firstwave
gamma,eurusd_15m_ppo_learned_lstm_direct_atr_sltp_s0_20260502T103249Z_project3_stage31_firstwave,eurusd,15m,ppo,learned_lstm,learned_lstm,0,cuda,50000,5e-05,0.0,-0.0003205565824185852,-0.0010636565824185852,,-0.0003205565824185852,,0.02410020450551934,-48.33452282919585,-11.073810186133906,14862,6165,8696,-0.000161215752563369,468758,True,"Requires leakage audit, availability audit, DSR/PBO diagnostics, and explicit cost-sensitivity rerun before Stage B promotion.",/home/harveybc/Documents/GitHub/financial-data/experiments/stage_a_screening/runs/gamma/eurusd_15m_ppo_learned_lstm_direct_atr_sltp_s0_20260502T103249Z_project3_stage31_firstwave
gamma,eurusd_15m_ppo_learned_lstm_direct_atr_sltp_s1_20260502T103821Z_project3_stage31_firstwave,eurusd,15m,ppo,learned_lstm,learned_lstm,1,cuda,50000,5e-05,0.0,-0.0003205565824185852,-0.0013670065824185854,,-0.0003205565824185852,,0.0324382210408854,-62.8112510240827,-6.628255538541215,20929,8459,12469,-0.00015309826884427652,468758,True,"Requires leakage audit, availability audit, DSR/PBO diagnostics, and explicit cost-sensitivity rerun before Stage B promotion.",/home/harveybc/Documents/GitHub/financial-data/experiments/stage_a_screening/runs/gamma/eurusd_15m_ppo_learned_lstm_direct_atr_sltp_s1_20260502T103821Z_project3_stage31_firstwave
gamma,eurusd_15m_ppo_learned_lstm_direct_atr_sltp_s2_20260502T104350Z_project3_stage31_firstwave,eurusd,15m,ppo,learned_lstm,learned_lstm,2,cuda,50000,5e-05,0.0,-0.0002498789176436089,-0.0009953289176436089,,-0.0002498789176436089,,0.022823444500717823,-51.00684571753004,-10.754847324252689,14909,6307,8601,-0.00015199140797016837,468758,True,"Requires leakage audit, availability audit, DSR/PBO diagnostics, and explicit cost-sensitivity rerun before Stage B promotion.",/home/harveybc/Documents/GitHub/financial-data/experiments/stage_a_screening/runs/gamma/eurusd_15m_ppo_learned_lstm_direct_atr_sltp_s2_20260502T104350Z_project3_stage31_firstwave
gamma,eurusd_15m_ppo_tech_full_direct_atr_sltp_s0_20260502T074724Z_project3_stage31_firstwave,eurusd,15m,ppo,tech_full,technical,0,cuda,50000,5e-05,0.0,-0.0002517134333939186,-0.0008384134333939186,,-0.0002517134333939186,,0.020121233140580407,-53.34156378789526,-10.102986000779934,11734,4829,6904,-0.00017113954335993628,468622,True,"Requires leakage audit, availability audit, DSR/PBO diagnostics, and explicit cost-sensitivity rerun before Stage B promotion.",/home/harveybc/Documents/GitHub/financial-data/experiments/stage_a_screening/runs/gamma/eurusd_15m_ppo_tech_full_direct_atr_sltp_s0_20260502T074724Z_project3_stage31_firstwave
gamma,eurusd_15m_ppo_tech_full_direct_atr_sltp_s1_20260502T075358Z_project3_stage31_firstwave,eurusd,15m,ppo,tech_full,technical,1,cuda,50000,5e-05,0.0,-0.00031862387616798937,-0.0013646238761679894,,-0.00031862387616798937,,0.032347949009591405,-62.840444078374304,-6.589199268122273,20920,8458,12461,-0.00015224023652531295,468622,True,"Requires leakage audit, availability audit, DSR/PBO diagnostics, and explicit cost-sensitivity rerun before Stage B promotion.",/home/harveybc/Documents/GitHub/financial-data/experiments/stage_a_screening/runs/gamma/eurusd_15m_ppo_tech_full_direct_atr_sltp_s1_20260502T075358Z_project3_stage31_firstwave
gamma,eurusd_15m_ppo_tech_full_direct_atr_sltp_s2_20260502T075930Z_project3_stage31_firstwave,eurusd,15m,ppo,tech_full,technical,2,cuda,50000,5e-05,0.0,-0.00031862387616798937,-0.0012401738761679895,,-0.00031862387616798937,,0.028957568865287053,-47.513051333688054,-13.277529199319552,18431,7653,10778,-0.0001569849928330798,468622,True,"Requires leakage audit, availability audit, DSR/PBO diagnostics, and explicit cost-sensitivity rerun before Stage B promotion.",/home/harveybc/Documents/GitHub/financial-data/experiments/stage_a_screening/runs/gamma/eurusd_15m_ppo_tech_full_direct_atr_sltp_s2_20260502T075930Z_project3_stage31_firstwave
gamma,eurusd_15m_ppo_tech_stat_decomp_direct_atr_sltp_s0_20260502T093751Z_project3_stage31_firstwave,eurusd,15m,ppo,tech_stat_decomp,"technical,statistical,wavelet,emd,fracdiff",0,cuda,50000,5e-05,0.0,-0.00025145484203636936,-0.0007906548420363694,,-0.00025145484203636936,,0.017757062851840394,-50.82015643767132,-9.212102118024234,10784,4553,6230,-0.00016456106167916538,468566,True,"Requires leakage audit, availability audit, DSR/PBO diagnostics, and explicit cost-sensitivity rerun before Stage B promotion.",/home/harveybc/Documents/GitHub/financial-data/experiments/stage_a_screening/runs/gamma/eurusd_15m_ppo_tech_stat_decomp_direct_atr_sltp_s0_20260502T093751Z_project3_stage31_firstwave
gamma,eurusd_15m_ppo_tech_stat_decomp_direct_atr_sltp_s1_20260502T094430Z_project3_stage31_firstwave,eurusd,15m,ppo,tech_stat_decomp,"technical,statistical,wavelet,emd,fracdiff",1,cuda,50000,5e-05,0.0,0.0,0.0,,0.0,,0.0,,0.0,0,0,0,,468566,True,"Requires leakage audit, availability audit, DSR/PBO diagnostics, and explicit cost-sensitivity rerun before Stage B promotion.",/home/harveybc/Documents/GitHub/financial-data/experiments/stage_a_screening/runs/gamma/eurusd_15m_ppo_tech_stat_decomp_direct_atr_sltp_s1_20260502T094430Z_project3_stage31_firstwave
gamma,eurusd_15m_ppo_tech_stat_decomp_direct_atr_sltp_s2_20260502T095001Z_project3_stage31_firstwave,eurusd,15m,ppo,tech_stat_decomp,"technical,statistical,wavelet,emd,fracdiff",2,cuda,50000,5e-05,0.0,0.0,0.0,,0.0,,0.0,,0.0,0,0,0,,468566,True,"Requires leakage audit, availability audit, DSR/PBO diagnostics, and explicit cost-sensitivity rerun before Stage B promotion.",/home/harveybc/Documents/GitHub/financial-data/experiments/stage_a_screening/runs/gamma/eurusd_15m_ppo_tech_stat_decomp_direct_atr_sltp_s2_20260502T095001Z_project3_stage31_firstwave
gamma,eurusd_15m_ppo_tech_stat_direct_atr_sltp_s0_20260502T084129Z_project3_stage31_firstwave,eurusd,15m,ppo,tech_stat,"technical,statistical",0,cuda,50000,5e-05,0.0,-0.0002516402515008176,-0.0008479902515008176,,-0.0002516402515008176,,0.020723202935689446,-51.62962669377245,-10.287911790262433,11927,4926,7000,-0.00017217171665328887,468569,True,"Requires leakage audit, availability audit, DSR/PBO diagnostics, and explicit cost-sensitivity rerun before Stage B promotion.",/home/harveybc/Documents/GitHub/financial-data/experiments/stage_a_screening/runs/gamma/eurusd_15m_ppo_tech_stat_direct_atr_sltp_s0_20260502T084129Z_project3_stage31_firstwave
gamma,eurusd_15m_ppo_tech_stat_direct_atr_sltp_s1_20260502T084810Z_project3_stage31_firstwave,eurusd,15m,ppo,tech_stat,"technical,statistical",1,cuda,50000,5e-05,0.0,-0.0003189341634178833,-0.0009811841634178834,,-0.0003189341634178833,,0.017984348519698486,-51.79597057382318,-8.897943532628995,13245,5588,7657,-0.0001348673544073221,468569,True,"Requires leakage audit, availability audit, DSR/PBO diagnostics, and explicit cost-sensitivity rerun before Stage B promotion.",/home/harveybc/Documents/GitHub/financial-data/experiments/stage_a_screening/runs/gamma/eurusd_15m_ppo_tech_stat_direct_atr_sltp_s1_20260502T084810Z_project3_stage31_firstwave
gamma,eurusd_15m_ppo_tech_stat_direct_atr_sltp_s2_20260502T085444Z_project3_stage31_firstwave,eurusd,15m,ppo,tech_stat,"technical,statistical",2,cuda,50000,5e-05,0.0,0.0,0.0,,0.0,,0.0,,0.0,0,0,0,,468569,True,"Requires leakage audit, availability audit, DSR/PBO diagnostics, and explicit cost-sensitivity rerun before Stage B promotion.",/home/harveybc/Documents/GitHub/financial-data/experiments/stage_a_screening/runs/gamma/eurusd_15m_ppo_tech_stat_direct_atr_sltp_s2_20260502T085444Z_project3_stage31_firstwave
gamma,eurusd_15m_sac_baseline_12_direct_atr_sltp_s0_20260502T063144Z_project3_stage31_firstwave,eurusd,15m,sac,baseline_12,baseline,0,cuda,50000,5e-05,0.0,0.0,0.0,,0.0,,0.0,,0.0,0,0,0,,468772,True,"Requires leakage audit, availability audit, DSR/PBO diagnostics, and explicit cost-sensitivity rerun before Stage B promotion.",/home/harveybc/Documents/GitHub/financial-data/experiments/stage_a_screening/runs/gamma/eurusd_15m_sac_baseline_12_direct_atr_sltp_s0_20260502T063144Z_project3_stage31_firstwave
gamma,eurusd_15m_sac_baseline_12_direct_atr_sltp_s1_20260502T063951Z_project3_stage31_firstwave,eurusd,15m,sac,baseline_12,baseline,1,cuda,50000,5e-05,0.0,-0.024992607283931823,-0.026226157283931822,,-0.024992607283931823,,3.9198041335932166,-1.0780057666036564,-15.35156958650186,24671,9978,14692,-0.01587475986738668,468772,True,"Requires leakage audit, availability audit, DSR/PBO diagnostics, and explicit cost-sensitivity rerun before Stage B promotion.",/home/harveybc/Documents/GitHub/financial-data/experiments/stage_a_screening/runs/gamma/eurusd_15m_sac_baseline_12_direct_atr_sltp_s1_20260502T063951Z_project3_stage31_firstwave
gamma,eurusd_15m_sac_baseline_12_direct_atr_sltp_s2_20260502T064718Z_project3_stage31_firstwave,eurusd,15m,sac,baseline_12,baseline,2,cuda,50000,5e-05,0.0,0.0,0.0,,0.0,,0.0,,0.0,0,0,0,,468772,True,"Requires leakage audit, availability audit, DSR/PBO diagnostics, and explicit cost-sensitivity rerun before Stage B promotion.",/home/harveybc/Documents/GitHub/financial-data/experiments/stage_a_screening/runs/gamma/eurusd_15m_sac_baseline_12_direct_atr_sltp_s2_20260502T064718Z_project3_stage31_firstwave
gamma,eurusd_15m_sac_fx_full_direct_atr_sltp_s0_20260502T183022Z_project3_stage31_firstwave,eurusd,15m,sac,fx_full,fx_full,0,cuda,50000,5e-05,0.0,0.0,0.0,,0.0,,0.0,,0.0,0,0,0,,468566,True,"Requires leakage audit, availability audit, DSR/PBO diagnostics, and explicit cost-sensitivity rerun before Stage B promotion.",/home/harveybc/Documents/GitHub/financial-data/experiments/stage_a_screening/runs/gamma/eurusd_15m_sac_fx_full_direct_atr_sltp_s0_20260502T183022Z_project3_stage31_firstwave
gamma,eurusd_15m_sac_fx_full_direct_atr_sltp_s1_20260502T183816Z_project3_stage31_firstwave,eurusd,15m,sac,fx_full,fx_full,1,cuda,50000,5e-05,0.0,-0.02514548420178775,-0.026397084201787747,,-0.02514548420178775,,3.9067909746370812,-1.0349911079043206,-15.119823653158049,25032,10225,14806,-0.015587761703236433,468566,True,"Requires leakage audit, availability audit, DSR/PBO diagnostics, and explicit cost-sensitivity rerun before Stage B promotion.",/home/harveybc/Documents/GitHub/financial-data/experiments/stage_a_screening/runs/gamma/eurusd_15m_sac_fx_full_direct_atr_sltp_s1_20260502T183816Z_project3_stage31_firstwave
gamma,eurusd_15m_sac_learned_cnn_direct_atr_sltp_s0_20260502T110242Z_project3_stage31_firstwave,eurusd,15m,sac,learned_cnn,learned_cnn,0,cuda,50000,5e-05,0.0,0.0,0.0,,0.0,,0.0,,0.0,0,0,0,,468758,True,"Requires leakage audit, availability audit, DSR/PBO diagnostics, and explicit cost-sensitivity rerun before Stage B promotion.",/home/harveybc/Documents/GitHub/financial-data/experiments/stage_a_screening/runs/gamma/eurusd_15m_sac_learned_cnn_direct_atr_sltp_s0_20260502T110242Z_project3_stage31_firstwave
gamma,eurusd_15m_sac_learned_cnn_direct_atr_sltp_s1_20260502T111026Z_project3_stage31_firstwave,eurusd,15m,sac,learned_cnn,learned_cnn,1,cuda,50000,5e-05,0.0,-0.024987891762503378,-0.026046741762503378,,-0.024987891762503378,,2.5569036820347004,-0.6869206232187665,-5.139572753261082,21177,8718,12458,-0.011799603316248915,468758,True,"Requires leakage audit, availability audit, DSR/PBO diagnostics, and explicit cost-sensitivity rerun before Stage B promotion.",/home/harveybc/Documents/GitHub/financial-data/experiments/stage_a_screening/runs/gamma/eurusd_15m_sac_learned_cnn_direct_atr_sltp_s1_20260502T111026Z_project3_stage31_firstwave
gamma,eurusd_15m_sac_learned_cnn_direct_atr_sltp_s2_20260502T111809Z_project3_stage31_firstwave,eurusd,15m,sac,learned_cnn,learned_cnn,2,cuda,50000,5e-05,0.0,0.0,0.0,,0.0,,0.0,,0.0,0,0,0,,468758,True,"Requires leakage audit, availability audit, DSR/PBO diagnostics, and explicit cost-sensitivity rerun before Stage B promotion.",/home/harveybc/Documents/GitHub/financial-data/experiments/stage_a_screening/runs/gamma/eurusd_15m_sac_learned_cnn_direct_atr_sltp_s2_20260502T111809Z_project3_stage31_firstwave
gamma,eurusd_15m_sac_learned_lstm_direct_atr_sltp_s0_20260502T100935Z_project3_stage31_firstwave,eurusd,15m,sac,learned_lstm,learned_lstm,0,cuda,50000,5e-05,0.0,0.0,0.0,,0.0,,0.0,,0.0,0,0,0,,468758,True,"Requires leakage audit, availability audit, DSR/PBO diagnostics, and explicit cost-sensitivity rerun before Stage B promotion.",/home/harveybc/Documents/GitHub/financial-data/experiments/stage_a_screening/runs/gamma/eurusd_15m_sac_learned_lstm_direct_atr_sltp_s0_20260502T100935Z_project3_stage31_firstwave
gamma,eurusd_15m_sac_learned_lstm_direct_atr_sltp_s1_20260502T101719Z_project3_stage31_firstwave,eurusd,15m,sac,learned_lstm,learned_lstm,1,cuda,50000,5e-05,0.0,-0.024987891762503378,-0.026046741762503378,,-0.024987891762503378,,2.5569036820347004,-0.6869206232187665,-5.139572753261082,21177,8718,12458,-0.011799603316248915,468758,True,"Requires leakage audit, availability audit, DSR/PBO diagnostics, and explicit cost-sensitivity rerun before Stage B promotion.",/home/harveybc/Documents/GitHub/financial-data/experiments/stage_a_screening/runs/gamma/eurusd_15m_sac_learned_lstm_direct_atr_sltp_s1_20260502T101719Z_project3_stage31_firstwave
gamma,eurusd_15m_sac_learned_lstm_direct_atr_sltp_s2_20260502T102506Z_project3_stage31_firstwave,eurusd,15m,sac,learned_lstm,learned_lstm,2,cuda,50000,5e-05,0.0,0.0,0.0,,0.0,,0.0,,0.0,0,0,0,,468758,True,"Requires leakage audit, availability audit, DSR/PBO diagnostics, and explicit cost-sensitivity rerun before Stage B promotion.",/home/harveybc/Documents/GitHub/financial-data/experiments/stage_a_screening/runs/gamma/eurusd_15m_sac_learned_lstm_direct_atr_sltp_s2_20260502T102506Z_project3_stage31_firstwave
gamma,eurusd_15m_sac_tech_full_direct_atr_sltp_s0_20260502T072406Z_project3_stage31_firstwave,eurusd,15m,sac,tech_full,technical,0,cuda,50000,5e-05,0.0,0.0,0.0,,0.0,,0.0,,0.0,0,0,0,,468622,True,"Requires leakage audit, availability audit, DSR/PBO diagnostics, and explicit cost-sensitivity rerun before Stage B promotion.",/home/harveybc/Documents/GitHub/financial-data/experiments/stage_a_screening/runs/gamma/eurusd_15m_sac_tech_full_direct_atr_sltp_s0_20260502T072406Z_project3_stage31_firstwave
gamma,eurusd_15m_sac_tech_full_direct_atr_sltp_s1_20260502T073159Z_project3_stage31_firstwave,eurusd,15m,sac,tech_full,technical,1,cuda,50000,5e-05,0.0,-0.025171343337502705,-0.026406693337502705,,-0.025171343337502705,,4.183614649326977,-1.0565534965420904,-16.293681361874512,24707,10024,14682,-0.016904378753348014,468622,True,"Requires leakage audit, availability audit, DSR/PBO diagnostics, and explicit cost-sensitivity rerun before Stage B promotion.",/home/harveybc/Documents/GitHub/financial-data/experiments/stage_a_screening/runs/gamma/eurusd_15m_sac_tech_full_direct_atr_sltp_s1_20260502T073159Z_project3_stage31_firstwave
gamma,eurusd_15m_sac_tech_full_direct_atr_sltp_s2_20260502T073941Z_project3_stage31_firstwave,eurusd,15m,sac,tech_full,technical,2,cuda,50000,5e-05,0.0,0.0,0.0,,0.0,,0.0,,0.0,0,0,0,,468622,True,"Requires leakage audit, availability audit, DSR/PBO diagnostics, and explicit cost-sensitivity rerun before Stage B promotion.",/home/harveybc/Documents/GitHub/financial-data/experiments/stage_a_screening/runs/gamma/eurusd_15m_sac_tech_full_direct_atr_sltp_s2_20260502T073941Z_project3_stage31_firstwave
gamma,eurusd_15m_sac_tech_stat_decomp_direct_atr_sltp_s0_20260502T091336Z_project3_stage31_firstwave,eurusd,15m,sac,tech_stat_decomp,"technical,statistical,wavelet,emd,fracdiff",0,cuda,50000,5e-05,0.0,0.0,0.0,,0.0,,0.0,,0.0,0,0,0,,468566,True,"Requires leakage audit, availability audit, DSR/PBO diagnostics, and explicit cost-sensitivity rerun before Stage B promotion.",/home/harveybc/Documents/GitHub/financial-data/experiments/stage_a_screening/runs/gamma/eurusd_15m_sac_tech_stat_decomp_direct_atr_sltp_s0_20260502T091336Z_project3_stage31_firstwave
gamma,eurusd_15m_sac_tech_stat_decomp_direct_atr_sltp_s1_20260502T092123Z_project3_stage31_firstwave,eurusd,15m,sac,tech_stat_decomp,"technical,statistical,wavelet,emd,fracdiff",1,cuda,50000,5e-05,0.0,-0.02514548420178775,-0.026397084201787747,,-0.02514548420178775,,3.9067909746370812,-1.0349911079043206,-15.119823653158049,25032,10225,14806,-0.015587761703236433,468566,True,"Requires leakage audit, availability audit, DSR/PBO diagnostics, and explicit cost-sensitivity rerun before Stage B promotion.",/home/harveybc/Documents/GitHub/financial-data/experiments/stage_a_screening/runs/gamma/eurusd_15m_sac_tech_stat_decomp_direct_atr_sltp_s1_20260502T092123Z_project3_stage31_firstwave
gamma,eurusd_15m_sac_tech_stat_decomp_direct_atr_sltp_s2_20260502T093009Z_project3_stage31_firstwave,eurusd,15m,sac,tech_stat_decomp,"technical,statistical,wavelet,emd,fracdiff",2,cuda,50000,5e-05,0.0,0.0,0.0,,0.0,,0.0,,0.0,0,0,0,,468566,True,"Requires leakage audit, availability audit, DSR/PBO diagnostics, and explicit cost-sensitivity rerun before Stage B promotion.",/home/harveybc/Documents/GitHub/financial-data/experiments/stage_a_screening/runs/gamma/eurusd_15m_sac_tech_stat_decomp_direct_atr_sltp_s2_20260502T093009Z_project3_stage31_firstwave
gamma,eurusd_15m_sac_tech_stat_direct_atr_sltp_s0_20260502T081826Z_project3_stage31_firstwave,eurusd,15m,sac,tech_stat,"technical,statistical",0,cuda,50000,5e-05,0.0,0.0,0.0,,0.0,,0.0,,0.0,0,0,0,,468569,True,"Requires leakage audit, availability audit, DSR/PBO diagnostics, and explicit cost-sensitivity rerun before Stage B promotion.",/home/harveybc/Documents/GitHub/financial-data/experiments/stage_a_screening/runs/gamma/eurusd_15m_sac_tech_stat_direct_atr_sltp_s0_20260502T081826Z_project3_stage31_firstwave
gamma,eurusd_15m_sac_tech_stat_direct_atr_sltp_s1_20260502T082606Z_project3_stage31_firstwave,eurusd,15m,sac,tech_stat,"technical,statistical",1,cuda,50000,5e-05,0.0,-0.025164025148216917,-0.026398925148216918,,-0.025164025148216917,,4.042450817916106,-1.0422254585769346,-15.533766528057573,24698,10005,14692,-0.016368328391794258,468569,True,"Requires leakage audit, availability audit, DSR/PBO diagnostics, and explicit cost-sensitivity rerun before Stage B promotion.",/home/harveybc/Documents/GitHub/financial-data/experiments/stage_a_screening/runs/gamma/eurusd_15m_sac_tech_stat_direct_atr_sltp_s1_20260502T082606Z_project3_stage31_firstwave
gamma,eurusd_15m_sac_tech_stat_direct_atr_sltp_s2_20260502T083342Z_project3_stage31_firstwave,eurusd,15m,sac,tech_stat,"technical,statistical",2,cuda,50000,5e-05,0.0,0.0,0.0,,0.0,,0.0,,0.0,0,0,0,,468569,True,"Requires leakage audit, availability audit, DSR/PBO diagnostics, and explicit cost-sensitivity rerun before Stage B promotion.",/home/harveybc/Documents/GitHub/financial-data/experiments/stage_a_screening/runs/gamma/eurusd_15m_sac_tech_stat_direct_atr_sltp_s2_20260502T083342Z_project3_stage31_firstwave
gamma,eurusd_1h_ppo_baseline_12_direct_atr_sltp_s0_20260502T042743Z_project3_stage31_firstwave,eurusd,1h,ppo,baseline_12,baseline,0,cuda,25000,5e-05,0.0,-0.00011985402741032658,-0.0004780040274103266,-0.1675265897261825,-0.00011985402741032658,0.16740673569877218,0.014951344411151323,-62.59319224100945,-2.4492278590530847,7163,2870,4292,-0.00016718584735004216,117357,True,"Requires leakage audit, availability audit, DSR/PBO diagnostics, and explicit cost-sensitivity rerun before Stage B promotion.",/home/harveybc/Documents/GitHub/financial-data/experiments/stage_a_screening/runs/gamma/eurusd_1h_ppo_baseline_12_direct_atr_sltp_s0_20260502T042743Z_project3_stage31_firstwave
gamma,eurusd_1h_ppo_learned_lstm_direct_atr_sltp_s0_20260502T043850Z_project3_stage31_firstwave,eurusd,1h,ppo,learned_lstm,learned_lstm,0,cuda,25000,5e-05,0.0,-8.275543528701856e-05,-0.00043180543528701856,,-8.275543528701856e-05,,0.00932590592655896,-63.43135323558968,-1.7365337874790803,6981,2802,4178,-0.00011895258349991925,117343,True,"Requires leakage audit, availability audit, DSR/PBO diagnostics, and explicit cost-sensitivity rerun before Stage B promotion.",/home/harveybc/Documents/GitHub/financial-data/experiments/stage_a_screening/runs/gamma/eurusd_1h_ppo_learned_lstm_direct_atr_sltp_s0_20260502T043850Z_project3_stage31_firstwave
gamma,eurusd_1h_sac_tech_full_direct_atr_sltp_s0_20260502T045244Z_project3_stage31_firstwave,eurusd,1h,sac,tech_full,technical,0,cuda,25000,5e-05,0.0,0.0,0.0,-0.16871798734558596,0.0,0.16871798734558596,0.0,,0.0,0,0,0,,117207,True,"Requires leakage audit, availability audit, DSR/PBO diagnostics, and explicit cost-sensitivity rerun before Stage B promotion.",/home/harveybc/Documents/GitHub/financial-data/experiments/stage_a_screening/runs/gamma/eurusd_1h_sac_tech_full_direct_atr_sltp_s0_20260502T045244Z_project3_stage31_firstwave
gamma,eurusd_1h_sac_tech_stat_direct_atr_sltp_s0_20260502T050133Z_project3_stage31_firstwave,eurusd,1h,sac,tech_stat,"technical,statistical",0,cuda,25000,5e-05,0.0,-0.0027376567999995993,-0.002764856799999599,-0.15870559536514717,-0.0027376567999995993,0.15596793856514757,0.43247967278373356,-1.7381623305307958,-1.6016004273653839,544,211,333,-0.0503245735294114,117154,True,"Requires leakage audit, availability audit, DSR/PBO diagnostics, and explicit cost-sensitivity rerun before Stage B promotion.",/home/harveybc/Documents/GitHub/financial-data/experiments/stage_a_screening/runs/gamma/eurusd_1h_sac_tech_stat_direct_atr_sltp_s0_20260502T050133Z_project3_stage31_firstwave
gamma,eurusd_4h_dqn_baseline_12_direct_atr_sltp_s0_20260502T045622Z_project3_stage31_firstwave,eurusd,4h,dqn,baseline_12,baseline,0,cuda,25000,5e-05,0.0,-2.8925968343140873e-05,-0.00011857596834314088,-0.15793529681062113,-2.8925968343140873e-05,0.157906370842278,0.005053517570382589,-62.450109073013884,-0.5885873625638084,1793,711,1081,-0.00015939415427694724,30497,True,"Requires leakage audit, availability audit, DSR/PBO diagnostics, and explicit cost-sensitivity rerun before Stage B promotion.",/home/harveybc/Documents/GitHub/financial-data/experiments/stage_a_screening/runs/gamma/eurusd_4h_dqn_baseline_12_direct_atr_sltp_s0_20260502T045622Z_project3_stage31_firstwave
gamma,eurusd_4h_dqn_tech_stat_decomp_direct_atr_sltp_s0_20260502T043345Z_project3_stage31_firstwave,eurusd,4h,dqn,tech_stat_decomp,"technical,statistical,wavelet,emd,fracdiff",0,cuda,25000,5e-05,0.0,-9.681587664789326e-06,-8.348158766478933e-05,-0.15568051411521688,-9.681587664789326e-06,0.1556708325275521,0.005053509365518176,-61.72470687786677,-0.19532805572758916,1476,597,878,-6.168383186440769e-05,30291,True,"Requires leakage audit, availability audit, DSR/PBO diagnostics, and explicit cost-sensitivity rerun before Stage B promotion.",/home/harveybc/Documents/GitHub/financial-data/experiments/stage_a_screening/runs/gamma/eurusd_4h_dqn_tech_stat_decomp_direct_atr_sltp_s0_20260502T043345Z_project3_stage31_firstwave
gamma,eurusd_4h_ppo_learned_lstm_direct_atr_sltp_s0_20260502T044650Z_project3_stage31_firstwave,eurusd,4h,ppo,learned_lstm,learned_lstm,0,cuda,25000,5e-05,0.0,0.0,0.0,,0.0,,0.0,,0.0,0,0,0,,30515,True,"Requires leakage audit, availability audit, DSR/PBO diagnostics, and explicit cost-sensitivity rerun before Stage B promotion.",/home/harveybc/Documents/GitHub/financial-data/experiments/stage_a_screening/runs/gamma/eurusd_4h_ppo_learned_lstm_direct_atr_sltp_s0_20260502T044650Z_project3_stage31_firstwave
gamma,eurusd_4h_ppo_tech_full_direct_atr_sltp_s0_20260502T044337Z_project3_stage31_firstwave,eurusd,4h,ppo,tech_full,technical,0,cuda,25000,5e-05,0.0,0.0,0.0,-0.1350340935810017,0.0,0.1350340935810017,0.0,,0.0,0,0,0,,30347,True,"Requires leakage audit, availability audit, DSR/PBO diagnostics, and explicit cost-sensitivity rerun before Stage B promotion.",/home/harveybc/Documents/GitHub/financial-data/experiments/stage_a_screening/runs/gamma/eurusd_4h_ppo_tech_full_direct_atr_sltp_s0_20260502T044337Z_project3_stage31_firstwave
gamma,eurusd_4h_ppo_tech_stat_direct_atr_sltp_s0_20260502T050646Z_project3_stage31_firstwave,eurusd,4h,ppo,tech_stat,"technical,statistical",0,cuda,25000,5e-05,0.0,-4.14566953237383e-05,-0.00013615669532373833,-0.1556159143075746,-4.14566953237383e-05,0.15557445761225086,0.008507737515823028,-61.93655499752551,-0.8487749040614447,1894,758,1135,-0.00021708483584257512,30294,True,"Requires leakage audit, availability audit, DSR/PBO diagnostics, and explicit cost-sensitivity rerun before Stage B promotion.",/home/harveybc/Documents/GitHub/financial-data/experiments/stage_a_screening/runs/gamma/eurusd_4h_ppo_tech_stat_direct_atr_sltp_s0_20260502T050646Z_project3_stage31_firstwave
gamma,eurusd_4h_ppo_tech_stat_direct_atr_sltp_s1_20260502T053744Z_project3_stage31_firstwave,eurusd,4h,ppo,tech_stat,"technical,statistical",1,cuda,25000,5e-05,0.0,0.0,0.0,-0.1556159143075746,0.0,0.1556159143075746,0.0,,0.0,0,0,0,,30294,True,"Requires leakage audit, availability audit, DSR/PBO diagnostics, and explicit cost-sensitivity rerun before Stage B promotion.",/home/harveybc/Documents/GitHub/financial-data/experiments/stage_a_screening/runs/gamma/eurusd_4h_ppo_tech_stat_direct_atr_sltp_s1_20260502T053744Z_project3_stage31_firstwave
gamma,eurusd_4h_ppo_tech_stat_direct_atr_sltp_s2_20260502T053845Z_project3_stage31_firstwave,eurusd,4h,ppo,tech_stat,"technical,statistical",2,cuda,25000,5e-05,0.0,0.0,0.0,-0.1556159143075746,0.0,0.1556159143075746,0.0,,0.0,0,0,0,,30294,True,"Requires leakage audit, availability audit, DSR/PBO diagnostics, and explicit cost-sensitivity rerun before Stage B promotion.",/home/harveybc/Documents/GitHub/financial-data/experiments/stage_a_screening/runs/gamma/eurusd_4h_ppo_tech_stat_direct_atr_sltp_s2_20260502T053845Z_project3_stage31_firstwave
gamma,eurusd_4h_sac_tech_full_direct_atr_sltp_s0_20260502T050959Z_project3_stage31_firstwave,eurusd,4h,sac,tech_full,technical,0,cuda,25000,5e-05,0.0,-0.0043476620799947074,-0.004440862079994707,-0.1350340935810017,-0.0043476620799947074,0.130686431501007,0.8219960165263438,-0.636285979056908,-0.8983315932154075,1864,745,1118,-0.023142289264626976,30347,True,"Requires leakage audit, availability audit, DSR/PBO diagnostics, and explicit cost-sensitivity rerun before Stage B promotion.",/home/harveybc/Documents/GitHub/financial-data/experiments/stage_a_screening/runs/gamma/eurusd_4h_sac_tech_full_direct_atr_sltp_s0_20260502T050959Z_project3_stage31_firstwave
gamma,usdjpy_1h_dqn_baseline_12_direct_atr_sltp_s0_20260502T044442Z_project3_stage31_firstwave,usdjpy,1h,dqn,baseline_12,baseline,0,cuda,25000,5e-05,0.0,-0.011495541335919568,-0.011835241335919568,0.3461281390241573,-0.011495541335919568,-0.35762368036007686,1.2788774740849684,-0.7300136248880443,-2.610415867767882,6794,2680,4113,-0.016995044812190902,117352,True,"Requires leakage audit, availability audit, DSR/PBO diagnostics, and explicit cost-sensitivity rerun before Stage B promotion.",/home/harveybc/Documents/GitHub/financial-data/experiments/stage_a_screening/runs/gamma/usdjpy_1h_dqn_baseline_12_direct_atr_sltp_s0_20260502T044442Z_project3_stage31_firstwave
gamma,usdjpy_1h_dqn_tech_stat_decomp_direct_atr_sltp_s0_20260502T044800Z_project3_stage31_firstwave,usdjpy,1h,dqn,tech_stat_decomp,"technical,statistical,wavelet,emd,fracdiff",0,cuda,25000,5e-05,0.0,-0.011576193881885799,-0.0119163438818858,0.3805327066196629,-0.011576193881885799,-0.3921089005015487,1.2750110563792694,-0.7299679632299522,-2.6299140128039773,6803,2679,4123,-0.017091129795480102,117146,True,"Requires leakage audit, availability audit, DSR/PBO diagnostics, and explicit cost-sensitivity rerun before Stage B promotion.",/home/harveybc/Documents/GitHub/financial-data/experiments/stage_a_screening/runs/gamma/usdjpy_1h_dqn_tech_stat_decomp_direct_atr_sltp_s0_20260502T044800Z_project3_stage31_firstwave
gamma,usdjpy_1h_ppo_learned_lstm_direct_atr_sltp_s0_20260502T045712Z_project3_stage31_firstwave,usdjpy,1h,ppo,learned_lstm,learned_lstm,0,cuda,25000,5e-05,0.0,0.0,0.0,,0.0,,0.0,,0.0,0,0,0,,117338,True,"Requires leakage audit, availability audit, DSR/PBO diagnostics, and explicit cost-sensitivity rerun before Stage B promotion.",/home/harveybc/Documents/GitHub/financial-data/experiments/stage_a_screening/runs/gamma/usdjpy_1h_ppo_learned_lstm_direct_atr_sltp_s0_20260502T045712Z_project3_stage31_firstwave
gamma,usdjpy_1h_ppo_learned_lstm_direct_atr_sltp_s0_20260502T045936Z_project3_stage31_firstwave,usdjpy,1h,ppo,learned_lstm,learned_lstm,0,cuda,25000,5e-05,0.0,0.0,0.0,,0.0,,0.0,,0.0,0,0,0,,117338,True,"Requires leakage audit, availability audit, DSR/PBO diagnostics, and explicit cost-sensitivity rerun before Stage B promotion.",/home/harveybc/Documents/GitHub/financial-data/experiments/stage_a_screening/runs/gamma/usdjpy_1h_ppo_learned_lstm_direct_atr_sltp_s0_20260502T045936Z_project3_stage31_firstwave
gamma,usdjpy_1h_ppo_tech_full_direct_atr_sltp_s0_20260502T043049Z_project3_stage31_firstwave,usdjpy,1h,ppo,tech_full,technical,0,cuda,25000,5e-05,0.0,-0.01155539073234979,-0.011895540732349792,0.3774303859306303,-0.01155539073234979,-0.38898577666298007,1.2749845349573443,-0.729832748192218,-2.6241319233118863,6803,2679,4123,-0.017060545923772198,117202,True,"Requires leakage audit, availability audit, DSR/PBO diagnostics, and explicit cost-sensitivity rerun before Stage B promotion.",/home/harveybc/Documents/GitHub/financial-data/experiments/stage_a_screening/runs/gamma/usdjpy_1h_ppo_tech_full_direct_atr_sltp_s0_20260502T043049Z_project3_stage31_firstwave
gamma,usdjpy_1h_ppo_tech_full_direct_atr_sltp_s0_20260502T043453Z_project3_stage31_firstwave,usdjpy,1h,ppo,tech_full,technical,0,cuda,25000,5e-05,0.0,-0.01155539073234979,-0.011895540732349792,0.3774303859306303,-0.01155539073234979,-0.38898577666298007,1.2749845349573443,-0.729832748192218,-2.6241319233118863,6803,2679,4123,-0.017060545923772198,117202,True,"Requires leakage audit, availability audit, DSR/PBO diagnostics, and explicit cost-sensitivity rerun before Stage B promotion.",/home/harveybc/Documents/GitHub/financial-data/experiments/stage_a_screening/runs/gamma/usdjpy_1h_ppo_tech_full_direct_atr_sltp_s0_20260502T043453Z_project3_stage31_firstwave
gamma,usdjpy_1h_ppo_tech_full_direct_atr_sltp_s0_20260502T043534Z_project3_stage31_firstwave,usdjpy,1h,ppo,tech_full,technical,0,cuda,25000,5e-05,0.0,-0.01155539073234979,-0.011895540732349792,0.3774303859306303,-0.01155539073234979,-0.38898577666298007,1.2749845349573443,-0.729832748192218,-2.6241319233118863,6803,2679,4123,-0.017060545923772198,117202,True,"Requires leakage audit, availability audit, DSR/PBO diagnostics, and explicit cost-sensitivity rerun before Stage B promotion.",/home/harveybc/Documents/GitHub/financial-data/experiments/stage_a_screening/runs/gamma/usdjpy_1h_ppo_tech_full_direct_atr_sltp_s0_20260502T043534Z_project3_stage31_firstwave
gamma,usdjpy_1h_ppo_tech_full_direct_atr_sltp_s0_20260502T043611Z_project3_stage31_firstwave,usdjpy,1h,ppo,tech_full,technical,0,cuda,25000,5e-05,0.0,-0.01155539073234979,-0.011895540732349792,0.3774303859306303,-0.01155539073234979,-0.38898577666298007,1.2749845349573443,-0.729832748192218,-2.6241319233118863,6803,2679,4123,-0.017060545923772198,117202,True,"Requires leakage audit, availability audit, DSR/PBO diagnostics, and explicit cost-sensitivity rerun before Stage B promotion.",/home/harveybc/Documents/GitHub/financial-data/experiments/stage_a_screening/runs/gamma/usdjpy_1h_ppo_tech_full_direct_atr_sltp_s0_20260502T043611Z_project3_stage31_firstwave
gamma,usdjpy_1h_ppo_tech_stat_direct_atr_sltp_s0_20260502T050755Z_project3_stage31_firstwave,usdjpy,1h,ppo,tech_stat,"technical,statistical",0,cuda,25000,5e-05,0.0,-0.005379596532698816,-0.005717096532698816,0.3805327066196629,-0.005379596532698816,-0.3859123031523617,0.9254012201167423,-0.7062389132259506,-1.1899935341538086,6750,2757,3992,-0.007967686409393939,117149,True,"Requires leakage audit, availability audit, DSR/PBO diagnostics, and explicit cost-sensitivity rerun before Stage B promotion.",/home/harveybc/Documents/GitHub/financial-data/experiments/stage_a_screening/runs/gamma/usdjpy_1h_ppo_tech_stat_direct_atr_sltp_s0_20260502T050755Z_project3_stage31_firstwave
gamma,usdjpy_1h_sac_tech_full_direct_atr_sltp_s0_20260502T051210Z_project3_stage31_firstwave,usdjpy,1h,sac,tech_full,technical,0,cuda,25000,5e-05,0.0,0.0,0.0,0.3774303859306303,0.0,-0.3774303859306303,0.0,,0.0,0,0,0,,117202,True,"Requires leakage audit, availability audit, DSR/PBO diagnostics, and explicit cost-sensitivity rerun before Stage B promotion.",/home/harveybc/Documents/GitHub/financial-data/experiments/stage_a_screening/runs/gamma/usdjpy_1h_sac_tech_full_direct_atr_sltp_s0_20260502T051210Z_project3_stage31_firstwave
gamma,usdjpy_4h_dqn_baseline_12_direct_atr_sltp_s0_20260502T043700Z_project3_stage31_firstwave,usdjpy,4h,dqn,baseline_12,baseline,0,cuda,25000,5e-05,0.0,-0.0032154994653638136,-0.0033100994653638134,0.36317926900019337,-0.0032154994653638136,-0.3663947684655572,0.7497889759730179,-0.6891581224010679,-0.7086148318217288,1892,734,1157,-0.017056023481529004,30495,True,"Requires leakage audit, availability audit, DSR/PBO diagnostics, and explicit cost-sensitivity rerun before Stage B promotion.",/home/harveybc/Documents/GitHub/financial-data/experiments/stage_a_screening/runs/gamma/usdjpy_4h_dqn_baseline_12_direct_atr_sltp_s0_20260502T043700Z_project3_stage31_firstwave
gamma,usdjpy_4h_ppo_learned_lstm_direct_atr_sltp_s0_20260502T045519Z_project3_stage31_firstwave,usdjpy,4h,ppo,learned_lstm,learned_lstm,0,cuda,25000,5e-05,0.0,-0.0008507894325006093,-0.0009433894325006093,,-0.0008507894325006093,,0.522518699656445,-0.6766756518385472,-0.1864459147698154,1852,766,1085,-0.004651459089681095,30544,True,"Requires leakage audit, availability audit, DSR/PBO diagnostics, and explicit cost-sensitivity rerun before Stage B promotion.",/home/harveybc/Documents/GitHub/financial-data/experiments/stage_a_screening/runs/gamma/usdjpy_4h_ppo_learned_lstm_direct_atr_sltp_s0_20260502T045519Z_project3_stage31_firstwave
gamma,usdjpy_4h_sac_tech_full_direct_atr_sltp_s0_20260502T050439Z_project3_stage31_firstwave,usdjpy,4h,sac,tech_full,technical,0,cuda,25000,5e-05,0.0,0.0,0.0,0.33339638702355034,0.0,-0.33339638702355034,0.0,,0.0,0,0,0,,30345,True,"Requires leakage audit, availability audit, DSR/PBO diagnostics, and explicit cost-sensitivity rerun before Stage B promotion.",/home/harveybc/Documents/GitHub/financial-data/experiments/stage_a_screening/runs/gamma/usdjpy_4h_sac_tech_full_direct_atr_sltp_s0_20260502T050439Z_project3_stage31_firstwave
gamma,usdjpy_4h_sac_tech_stat_direct_atr_sltp_s0_20260502T044028Z_project3_stage31_firstwave,usdjpy,4h,sac,tech_stat,"technical,statistical",0,cuda,25000,5e-05,0.0,0.0035484732231938487,0.0035360732231938486,0.3364299933642998,0.0035484732231938487,-0.33288152014110595,1.0363243858768028,-0.36415476598316265,0.3107331170204001,248,101,146,0.10349001390661017,30292,True,"Requires leakage audit, availability audit, DSR/PBO diagnostics, and explicit cost-sensitivity rerun before Stage B promotion.",/home/harveybc/Documents/GitHub/financial-data/experiments/stage_a_screening/runs/gamma/usdjpy_4h_sac_tech_stat_direct_atr_sltp_s0_20260502T044028Z_project3_stage31_firstwave
gamma,usdjpy_4h_sac_tech_stat_direct_atr_sltp_s1_20260502T054036Z_project3_stage31_firstwave,usdjpy,4h,sac,tech_stat,"technical,statistical",1,cuda,25000,5e-05,0.0,-0.006365291716589727,-0.006379191716589727,0.3364299933642998,-0.006365291716589727,-0.3427952850808895,0.9774893964493453,-0.4719139338278082,-0.7894087827852755,278,106,171,-0.19814199466851234,30292,True,"Requires leakage audit, availability audit, DSR/PBO diagnostics, and explicit cost-sensitivity rerun before Stage B promotion.",/home/harveybc/Documents/GitHub/financial-data/experiments/stage_a_screening/runs/gamma/usdjpy_4h_sac_tech_stat_direct_atr_sltp_s1_20260502T054036Z_project3_stage31_firstwave
omega,audusd_1h_dqn_baseline_12_direct_atr_sltp_s0_20260502T073825Z_project3_stage31_firstwave,audusd,1h,dqn,baseline_12,baseline,0,cpu,12500,5e-05,0.0,1.5363624200182002e-05,-3.6236375799818e-05,-0.10852428964252991,1.5363624200182002e-05,0.1085396532667301,0.004780987497875189,-63.201682869076,0.33395065205704644,1032,489,542,6.301721681862413e-05,117340,True,"Requires leakage audit, availability audit, DSR/PBO diagnostics, and explicit cost-sensitivity rerun before Stage B promotion.",/home/harveybc/Documents/GitHub/financial-data/experiments/stage_a_screening/runs/omega/audusd_1h_dqn_baseline_12_direct_atr_sltp_s0_20260502T073825Z_project3_stage31_firstwave
omega,audusd_1h_dqn_tech_full_direct_atr_sltp_s0_20260502T074402Z_project3_stage31_firstwave,audusd,1h,dqn,tech_full,technical,0,cpu,12500,5e-05,0.0,1.2117658131582942e-05,-8.503234186841706e-05,-0.11305367378843145,1.2117658131582942e-05,0.11306579144656304,0.0048022208985459775,-73.32590134929303,0.3907050690972892,1943,855,1088,6.23657134872453e-05,117190,True,"Requires leakage audit, availability audit, DSR/PBO diagnostics, and explicit cost-sensitivity rerun before Stage B promotion.",/home/harveybc/Documents/GitHub/financial-data/experiments/stage_a_screening/runs/omega/audusd_1h_dqn_tech_full_direct_atr_sltp_s0_20260502T074402Z_project3_stage31_firstwave
omega,audusd_1h_dqn_tech_stat_decomp_direct_atr_sltp_s0_20260502T075505Z_project3_stage31_firstwave,audusd,1h,dqn,tech_stat_decomp,"technical,statistical,wavelet,emd,fracdiff",0,cpu,12500,5e-05,0.0,1.7192427507417563e-05,-3.8757572492582435e-05,-0.10312211829798446,1.7192427507417563e-05,0.10313931072549187,0.0041697910328756934,-63.82688728361852,0.4387522850914281,1119,522,596,7.553396923076787e-05,117134,True,"Requires leakage audit, availability audit, DSR/PBO diagnostics, and explicit cost-sensitivity rerun before Stage B promotion.",/home/harveybc/Documents/GitHub/financial-data/experiments/stage_a_screening/runs/omega/audusd_1h_dqn_tech_stat_decomp_direct_atr_sltp_s0_20260502T075505Z_project3_stage31_firstwave
omega,audusd_1h_dqn_tech_stat_direct_atr_sltp_s0_20260502T074932Z_project3_stage31_firstwave,audusd,1h,dqn,tech_stat,"technical,statistical",0,cpu,12500,5e-05,0.0,1.4180728125090525e-07,-0.0001505581927187491,-0.10312211829798446,1.4180728125090525e-07,0.1031222601052657,0.004233149182542494,-75.28732116816721,0.004466666733721047,3014,1329,1685,4.7049526471847326e-07,117137,True,"Requires leakage audit, availability audit, DSR/PBO diagnostics, and explicit cost-sensitivity rerun before Stage B promotion.",/home/harveybc/Documents/GitHub/financial-data/experiments/stage_a_screening/runs/omega/audusd_1h_dqn_tech_stat_direct_atr_sltp_s0_20260502T074932Z_project3_stage31_firstwave
omega,audusd_1h_ppo_baseline_12_direct_atr_sltp_s0_20260502T074039Z_project3_stage31_firstwave,audusd,1h,ppo,baseline_12,baseline,0,cpu,12500,5e-05,0.0,-6.252460819233807e-05,-0.00037707460819233805,-0.10852428964252991,-6.252460819233807e-05,0.10846176503433758,0.008817494450280917,-72.60947645315127,-1.4031321829557457,6291,2490,3800,-9.916565468998586e-05,117340,True,"Requires leakage audit, availability audit, DSR/PBO diagnostics, and explicit cost-sensitivity rerun before Stage B promotion.",/home/harveybc/Documents/GitHub/financial-data/experiments/stage_a_screening/runs/omega/audusd_1h_ppo_baseline_12_direct_atr_sltp_s0_20260502T074039Z_project3_stage31_firstwave
omega,audusd_1h_ppo_tech_full_direct_atr_sltp_s0_20260502T074616Z_project3_stage31_firstwave,audusd,1h,ppo,tech_full,technical,0,cpu,12500,5e-05,0.0,-6.214937019288769e-05,-0.0003764993701928877,-0.11305367378843145,-6.214937019288769e-05,0.11299152441823856,0.008817491141716184,-72.58477769320498,-1.395379292068296,6287,2488,3798,-9.863181482660057e-05,117190,True,"Requires leakage audit, availability audit, DSR/PBO diagnostics, and explicit cost-sensitivity rerun before Stage B promotion.",/home/harveybc/Documents/GitHub/financial-data/experiments/stage_a_screening/runs/omega/audusd_1h_ppo_tech_full_direct_atr_sltp_s0_20260502T074616Z_project3_stage31_firstwave
omega,audusd_1h_ppo_tech_stat_decomp_direct_atr_sltp_s0_20260502T075716Z_project3_stage31_firstwave,audusd,1h,ppo,tech_stat_decomp,"technical,statistical,wavelet,emd,fracdiff",0,cpu,12500,5e-05,0.0,-6.168290998653791e-05,-0.00037613290998653794,-0.10312211829798446,-6.168290998653791e-05,0.10306043538799792,0.008817487028803913,-72.57030261988977,-1.3849180176358045,6289,2490,3798,-9.785861735687211e-05,117134,True,"Requires leakage audit, availability audit, DSR/PBO diagnostics, and explicit cost-sensitivity rerun before Stage B promotion.",/home/harveybc/Documents/GitHub/financial-data/experiments/stage_a_screening/runs/omega/audusd_1h_ppo_tech_stat_decomp_direct_atr_sltp_s0_20260502T075716Z_project3_stage31_firstwave
omega,audusd_1h_ppo_tech_stat_direct_atr_sltp_s0_20260502T075145Z_project3_stage31_firstwave,audusd,1h,ppo,tech_stat,"technical,statistical",0,cpu,12500,5e-05,0.0,-6.170806448790866e-05,-0.00037625806448790864,-0.10312211829798446,-6.170806448790866e-05,0.10306041023349655,0.008817487250598206,-72.57659638123259,-1.3854764183640256,6291,2491,3799,-9.786749299761714e-05,117137,True,"Requires leakage audit, availability audit, DSR/PBO diagnostics, and explicit cost-sensitivity rerun before Stage B promotion.",/home/harveybc/Documents/GitHub/financial-data/experiments/stage_a_screening/runs/omega/audusd_1h_ppo_tech_stat_direct_atr_sltp_s0_20260502T075145Z_project3_stage31_firstwave
omega,audusd_4h_dqn_baseline_12_direct_atr_sltp_s0_20260502T080025Z_project3_stage31_firstwave,audusd,4h,dqn,baseline_12,baseline,0,cpu,12500,5e-05,0.0,-0.00010647349861936384,-0.0002574734986193638,-0.10583136327817178,-0.00010647349861936384,0.10572488977955241,0.012000009429875148,-63.539437000769304,-1.8901768213833157,3020,1455,1564,-0.00028232500198741223,30497,True,"Requires leakage audit, availability audit, DSR/PBO diagnostics, and explicit cost-sensitivity rerun before Stage B promotion.",/home/harveybc/Documents/GitHub/financial-data/experiments/stage_a_screening/runs/omega/audusd_4h_dqn_baseline_12_direct_atr_sltp_s0_20260502T080025Z_project3_stage31_firstwave
omega,audusd_4h_dqn_tech_full_direct_atr_sltp_s0_20260502T080347Z_project3_stage31_firstwave,audusd,4h,dqn,tech_full,technical,0,cpu,12500,5e-05,0.0,-4.0986084828165126e-05,-0.00024083608482816513,-0.10875769079722486,-4.0986084828165126e-05,0.1087167047123967,0.00455733923300731,-68.51612304333348,-0.8695937281868561,3997,1938,2059,-0.00010254211867829211,30347,True,"Requires leakage audit, availability audit, DSR/PBO diagnostics, and explicit cost-sensitivity rerun before Stage B promotion.",/home/harveybc/Documents/GitHub/financial-data/experiments/stage_a_screening/runs/omega/audusd_4h_dqn_tech_full_direct_atr_sltp_s0_20260502T080347Z_project3_stage31_firstwave
omega,audusd_4h_dqn_tech_stat_decomp_direct_atr_sltp_s0_20260502T081029Z_project3_stage31_firstwave,audusd,4h,dqn,tech_stat_decomp,"technical,statistical,wavelet,emd,fracdiff",0,cpu,12500,5e-05,0.0,1.4013114947086791e-05,-0.00014383688505291322,-0.13590557177306772,1.4013114947086791e-05,0.1359195848880148,0.005060976017064168,-64.74386968822323,0.28269500262881564,3157,1501,1656,4.438744047241878e-05,30291,True,"Requires leakage audit, availability audit, DSR/PBO diagnostics, and explicit cost-sensitivity rerun before Stage B promotion.",/home/harveybc/Documents/GitHub/financial-data/experiments/stage_a_screening/runs/omega/audusd_4h_dqn_tech_stat_decomp_direct_atr_sltp_s0_20260502T081029Z_project3_stage31_firstwave
omega,audusd_4h_dqn_tech_stat_direct_atr_sltp_s0_20260502T080708Z_project3_stage31_firstwave,audusd,4h,dqn,tech_stat,"technical,statistical",0,cpu,12500,5e-05,0.0,-1.5459001992734756e-05,-0.00019555900199273477,-0.13249235474006127,-1.5459001992734756e-05,0.13247689573806853,0.004821012528400613,-69.77558277899767,-0.3408791712968659,3602,1800,1802,-4.2917828934319504e-05,30294,True,"Requires leakage audit, availability audit, DSR/PBO diagnostics, and explicit cost-sensitivity rerun before Stage B promotion.",/home/harveybc/Documents/GitHub/financial-data/experiments/stage_a_screening/runs/omega/audusd_4h_dqn_tech_stat_direct_atr_sltp_s0_20260502T080708Z_project3_stage31_firstwave
omega,audusd_4h_ppo_baseline_12_direct_atr_sltp_s0_20260502T080131Z_project3_stage31_firstwave,audusd,4h,ppo,baseline_12,baseline,0,cpu,12500,5e-05,0.0,-1.589810817059778e-05,-0.00010274810817059779,-0.10583136327817178,-1.589810817059778e-05,0.10581546517000118,0.005237173406260983,-71.69391701855209,-0.3631904489840353,1737,685,1051,-9.255594887672735e-05,30497,True,"Requires leakage audit, availability audit, DSR/PBO diagnostics, and explicit cost-sensitivity rerun before Stage B promotion.",/home/harveybc/Documents/GitHub/financial-data/experiments/stage_a_screening/runs/omega/audusd_4h_ppo_baseline_12_direct_atr_sltp_s0_20260502T080131Z_project3_stage31_firstwave
omega,audusd_4h_ppo_tech_full_direct_atr_sltp_s0_20260502T080453Z_project3_stage31_firstwave,audusd,4h,ppo,tech_full,technical,0,cpu,12500,5e-05,0.0,-1.7449049920847948e-05,-0.00010399904992084795,-0.10875769079722486,-1.7449049920847948e-05,0.10874024174730401,0.005237181528629158,-71.66296705993041,-0.3986549669378802,1731,681,1049,-0.00010184193338150249,30347,True,"Requires leakage audit, availability audit, DSR/PBO diagnostics, and explicit cost-sensitivity rerun before Stage B promotion.",/home/harveybc/Documents/GitHub/financial-data/experiments/stage_a_screening/runs/omega/audusd_4h_ppo_tech_full_direct_atr_sltp_s0_20260502T080453Z_project3_stage31_firstwave
omega,audusd_4h_ppo_tech_stat_decomp_direct_atr_sltp_s0_20260502T081136Z_project3_stage31_firstwave,audusd,4h,ppo,tech_stat_decomp,"technical,statistical,wavelet,emd,fracdiff",0,cpu,12500,5e-05,0.0,-1.8392686420676263e-05,-0.0002443426864206763,-0.13590557177306772,-1.8392686420676263e-05,0.13588717908664705,0.014481972441248384,-42.87143301782645,-2.963762940210217,4519,2122,2396,-0.00031705743197053235,30291,True,"Requires leakage audit, availability audit, DSR/PBO diagnostics, and explicit cost-sensitivity rerun before Stage B promotion.",/home/harveybc/Documents/GitHub/financial-data/experiments/stage_a_screening/runs/omega/audusd_4h_ppo_tech_stat_decomp_direct_atr_sltp_s0_20260502T081136Z_project3_stage31_firstwave
omega,audusd_4h_ppo_tech_stat_direct_atr_sltp_s0_20260502T080814Z_project3_stage31_firstwave,audusd,4h,ppo,tech_stat,"technical,statistical",0,cpu,12500,5e-05,0.0,-1.8104859920820005e-05,-0.00010475485992082001,-0.13249235474006127,-1.8104859920820005e-05,0.13247424988014045,0.005237184963150169,-71.61473132420163,-0.41360782759764525,1733,682,1050,-0.00010551076486720515,30294,True,"Requires leakage audit, availability audit, DSR/PBO diagnostics, and explicit cost-sensitivity rerun before Stage B promotion.",/home/harveybc/Documents/GitHub/financial-data/experiments/stage_a_screening/runs/omega/audusd_4h_ppo_tech_stat_direct_atr_sltp_s0_20260502T080814Z_project3_stage31_firstwave
omega,btcusdt_1h_dqn_tech_stat_direct_atr_sltp_s0_20260502T045936Z_project3_stage31_firstwave,btcusdt,1h,dqn,tech_stat,"technical,statistical",0,cpu,8750,0.0002,0.0,-0.027950983043341093,-0.028266583043341093,8.819688806316767,-0.027950983043341093,-8.847639789360109,5.11058981367075,-0.056031535936498955,-0.6464208499660609,1578,591,986,-0.17702499343908012,55489,True,"Requires leakage audit, availability audit, DSR/PBO diagnostics, and explicit cost-sensitivity rerun before Stage B promotion.",/home/harveybc/Documents/GitHub/financial-data/experiments/stage_a_screening/runs/omega/btcusdt_1h_dqn_tech_stat_direct_atr_sltp_s0_20260502T045936Z_project3_stage31_firstwave
omega,btcusdt_1h_ppo_baseline_12_direct_atr_sltp_s0_20260502T044544Z_project3_stage31_firstwave,btcusdt,1h,ppo,baseline_12,baseline,0,cpu,8750,0.0002,0.0,-0.03270794016263734,-0.03324034016263734,9.371248467010057,-0.03270794016263734,-9.403956407172695,7.2723500178027995,-0.056166085642400936,-0.7430002352971807,2662,1113,1548,-0.12298079138154354,55692,True,"Requires leakage audit, availability audit, DSR/PBO diagnostics, and explicit cost-sensitivity rerun before Stage B promotion.",/home/harveybc/Documents/GitHub/financial-data/experiments/stage_a_screening/runs/omega/btcusdt_1h_ppo_baseline_12_direct_atr_sltp_s0_20260502T044544Z_project3_stage31_firstwave
omega,btcusdt_4h_dqn_baseline_12_direct_atr_sltp_s0_20260502T042820Z_project3_stage31_firstwave,btcusdt,4h,dqn,baseline_12,baseline,0,cpu,8750,0.0002,0.0,-0.025808692510799647,-0.026032092510799645,8.695244733758743,-0.025808692510799647,-8.721053426269544,6.01992105584598,-0.04102810444966833,-0.531550377205857,1117,495,621,-0.23048987710394575,13903,True,"Requires leakage audit, availability audit, DSR/PBO diagnostics, and explicit cost-sensitivity rerun before Stage B promotion.",/home/harveybc/Documents/GitHub/financial-data/experiments/stage_a_screening/runs/omega/btcusdt_4h_dqn_baseline_12_direct_atr_sltp_s0_20260502T042820Z_project3_stage31_firstwave
omega,btcusdt_4h_dqn_baseline_12_direct_atr_sltp_s0_20260502T042926Z_project3_stage31_firstwave,btcusdt,4h,dqn,baseline_12,baseline,0,cpu,8750,0.0002,0.0,-0.025808692510799647,-0.026032092510799645,8.695244733758743,-0.025808692510799647,-8.721053426269544,6.01992105584598,-0.04102810444966833,-0.531550377205857,1117,495,621,-0.23048987710394575,13903,True,"Requires leakage audit, availability audit, DSR/PBO diagnostics, and explicit cost-sensitivity rerun before Stage B promotion.",/home/harveybc/Documents/GitHub/financial-data/experiments/stage_a_screening/runs/omega/btcusdt_4h_dqn_baseline_12_direct_atr_sltp_s0_20260502T042926Z_project3_stage31_firstwave
omega,btcusdt_4h_dqn_learned_lstm_direct_atr_sltp_s0_20260502T045252Z_project3_stage31_firstwave,btcusdt,4h,dqn,learned_lstm,learned_lstm,0,cpu,8750,0.0002,0.0,0.005864843255314556,0.0058612432553145554,9.93593656245474,0.005864843255314556,-9.930071719199425,0.9243931371878173,-0.17412718316000533,0.6029178601048796,18,13,5,3.258246252952376,13921,True,"Requires leakage audit, availability audit, DSR/PBO diagnostics, and explicit cost-sensitivity rerun before Stage B promotion.",/home/harveybc/Documents/GitHub/financial-data/experiments/stage_a_screening/runs/omega/btcusdt_4h_dqn_learned_lstm_direct_atr_sltp_s0_20260502T045252Z_project3_stage31_firstwave
omega,btcusdt_4h_dqn_tech_stat_direct_atr_sltp_s0_20260502T050641Z_project3_stage31_firstwave,btcusdt,4h,dqn,tech_stat,"technical,statistical",0,cpu,8750,0.0002,0.0,0.03096074685505812,0.03095074685505812,8.958450306170514,0.03096074685505812,-8.927489559315456,4.991360085177014,-0.027539757366233902,-0.7845775644207857,50,22,27,-1.4310516121457764,13700,True,"Requires leakage audit, availability audit, DSR/PBO diagnostics, and explicit cost-sensitivity rerun before Stage B promotion.",/home/harveybc/Documents/GitHub/financial-data/experiments/stage_a_screening/runs/omega/btcusdt_4h_dqn_tech_stat_direct_atr_sltp_s0_20260502T050641Z_project3_stage31_firstwave
omega,btcusdt_4h_ppo_tech_full_direct_atr_sltp_s0_20260502T043846Z_project3_stage31_firstwave,btcusdt,4h,ppo,tech_full,technical,0,cpu,8750,0.0002,0.0,0.0,0.0,9.653432468046187,0.0,-9.653432468046187,0.0,,0.0,0,0,0,,13753,True,"Requires leakage audit, availability audit, DSR/PBO diagnostics, and explicit cost-sensitivity rerun before Stage B promotion.",/home/harveybc/Documents/GitHub/financial-data/experiments/stage_a_screening/runs/omega/btcusdt_4h_ppo_tech_full_direct_atr_sltp_s0_20260502T043846Z_project3_stage31_firstwave
omega,ethusdt_1h_dqn_baseline_12_direct_atr_sltp_s0_20260502T044218Z_project3_stage31_firstwave,ethusdt,1h,dqn,baseline_12,baseline,0,cpu,8750,0.0002,0.0,-0.00726636930568747,-0.00968736930568747,6.781843603996862,-0.00726636930568747,-6.7891099733025495,0.8505620358391146,-0.41303803523499255,-1.3992547775831645,12105,5607,6497,-0.006009624194103507,55692,True,"Requires leakage audit, availability audit, DSR/PBO diagnostics, and explicit cost-sensitivity rerun before Stage B promotion.",/home/harveybc/Documents/GitHub/financial-data/experiments/stage_a_screening/runs/omega/ethusdt_1h_dqn_baseline_12_direct_atr_sltp_s0_20260502T044218Z_project3_stage31_firstwave
omega,ethusdt_1h_dqn_tech_full_direct_atr_sltp_s0_20260502T050755Z_project3_stage31_firstwave,ethusdt,1h,dqn,tech_full,technical,0,cpu,8750,0.0002,0.0,-0.0022808408124923574,-0.0027722408124923573,5.888456197548753,-0.0022808408124923574,-5.890737038361245,0.6187071868195618,-0.4036765400760616,-0.45949807459756853,2457,1176,1280,-0.008939564646579877,55542,True,"Requires leakage audit, availability audit, DSR/PBO diagnostics, and explicit cost-sensitivity rerun before Stage B promotion.",/home/harveybc/Documents/GitHub/financial-data/experiments/stage_a_screening/runs/omega/ethusdt_1h_dqn_tech_full_direct_atr_sltp_s0_20260502T050755Z_project3_stage31_firstwave
omega,ethusdt_1h_dqn_tech_stat_direct_atr_sltp_s0_20260502T045714Z_project3_stage31_firstwave,ethusdt,1h,dqn,tech_stat,"technical,statistical",0,cpu,8750,0.0002,0.0,0.00012679327287479225,-0.00012020672712520779,5.815010602395246,0.00012679327287479225,-5.814883809122371,0.4283499544338794,-0.5012195681171473,-0.2942130553580503,1235,508,726,-0.008132524049317011,55489,True,"Requires leakage audit, availability audit, DSR/PBO diagnostics, and explicit cost-sensitivity rerun before Stage B promotion.",/home/harveybc/Documents/GitHub/financial-data/experiments/stage_a_screening/runs/omega/ethusdt_1h_dqn_tech_stat_direct_atr_sltp_s0_20260502T045714Z_project3_stage31_firstwave
omega,ethusdt_4h_dqn_baseline_12_direct_atr_sltp_s0_20260502T043424Z_project3_stage31_firstwave,ethusdt,4h,dqn,baseline_12,baseline,0,cpu,8750,0.0002,0.0,0.00035758490014003996,0.00026278490014003994,5.888456197548753,0.00035758490014003996,-5.888098612648613,0.5488720483615519,-0.5821229976810334,0.10292469740033881,474,229,245,0.007543985235081339,13903,True,"Requires leakage audit, availability audit, DSR/PBO diagnostics, and explicit cost-sensitivity rerun before Stage B promotion.",/home/harveybc/Documents/GitHub/financial-data/experiments/stage_a_screening/runs/omega/ethusdt_4h_dqn_baseline_12_direct_atr_sltp_s0_20260502T043424Z_project3_stage31_firstwave
omega,ethusdt_4h_dqn_tech_stat_direct_atr_sltp_s0_20260502T050231Z_project3_stage31_firstwave,ethusdt,4h,dqn,tech_stat,"technical,statistical",0,cpu,8750,0.0002,0.0,0.0012733997933442875,0.0012611997933442876,6.467585168701116,0.0012733997933442875,-6.466311768907771,0.39375568574010866,-0.6388863752547869,0.5017460935165576,61,28,33,0.20875406448243536,13700,True,"Requires leakage audit, availability audit, DSR/PBO diagnostics, and explicit cost-sensitivity rerun before Stage B promotion.",/home/harveybc/Documents/GitHub/financial-data/experiments/stage_a_screening/runs/omega/ethusdt_4h_dqn_tech_stat_direct_atr_sltp_s0_20260502T050231Z_project3_stage31_firstwave
omega,ethusdt_4h_ppo_tech_full_direct_atr_sltp_s0_20260502T044857Z_project3_stage31_firstwave,ethusdt,4h,ppo,tech_full,technical,0,cpu,8750,0.0002,0.0,-0.00017027643028810768,-0.0003218764302881077,6.895743944636678,-0.00017027643028810768,-6.895914221066966,0.42072632391455794,-0.5275527297549091,-0.04294278197634609,758,336,421,-0.0020143539007359892,13753,True,"Requires leakage audit, availability audit, DSR/PBO diagnostics, and explicit cost-sensitivity rerun before Stage B promotion.",/home/harveybc/Documents/GitHub/financial-data/experiments/stage_a_screening/runs/omega/ethusdt_4h_ppo_tech_full_direct_atr_sltp_s0_20260502T044857Z_project3_stage31_firstwave
omega,eurgbp_1h_dqn_baseline_12_direct_atr_sltp_s0_20260502T102715Z_project3_stage31_firstwave,eurgbp,1h,dqn,baseline_12,baseline,0,cpu,12500,5e-05,0.0,-3.8254913174773364e-05,-0.00014530491317477336,0.2279824312836498,-3.8254913174773364e-05,-0.22802068619682458,0.00648901475039543,-50.5701724931099,-0.600936183682387,2141,1004,1136,-1.634406917957353e-05,117341,True,"Requires leakage audit, availability audit, DSR/PBO diagnostics, and explicit cost-sensitivity rerun before Stage B promotion.",/home/harveybc/Documents/GitHub/financial-data/experiments/stage_a_screening/runs/omega/eurgbp_1h_dqn_baseline_12_direct_atr_sltp_s0_20260502T102715Z_project3_stage31_firstwave
omega,eurgbp_1h_dqn_tech_full_direct_atr_sltp_s0_20260502T103249Z_project3_stage31_firstwave,eurgbp,1h,dqn,tech_full,technical,0,cpu,12500,5e-05,0.0,-1.498132982757916e-05,-0.00012318132982757916,0.23568577131451374,-1.498132982757916e-05,-0.23570075264434132,0.0033511899338835994,-99.60152631852819,0.4231104828719417,2164,1056,1107,1.1345920161481006e-05,117191,True,"Requires leakage audit, availability audit, DSR/PBO diagnostics, and explicit cost-sensitivity rerun before Stage B promotion.",/home/harveybc/Documents/GitHub/financial-data/experiments/stage_a_screening/runs/omega/eurgbp_1h_dqn_tech_full_direct_atr_sltp_s0_20260502T103249Z_project3_stage31_firstwave
omega,eurgbp_1h_dqn_tech_stat_decomp_direct_atr_sltp_s0_20260502T104354Z_project3_stage31_firstwave,eurgbp,1h,dqn,tech_stat_decomp,"technical,statistical,wavelet,emd,fracdiff",0,cpu,12500,5e-05,0.0,-3.59603890217608e-05,-0.0001547603890217608,0.23621452003993726,-3.59603890217608e-05,-0.23625048042895902,0.006507300185069439,-49.964153259409464,0.16512702717848463,2376,1138,1237,4.137755739549346e-06,117135,True,"Requires leakage audit, availability audit, DSR/PBO diagnostics, and explicit cost-sensitivity rerun before Stage B promotion.",/home/harveybc/Documents/GitHub/financial-data/experiments/stage_a_screening/runs/omega/eurgbp_1h_dqn_tech_stat_decomp_direct_atr_sltp_s0_20260502T104354Z_project3_stage31_firstwave
omega,eurgbp_1h_dqn_tech_stat_direct_atr_sltp_s0_20260502T103822Z_project3_stage31_firstwave,eurgbp,1h,dqn,tech_stat,"technical,statistical",0,cpu,12500,5e-05,0.0,-1.5425830845794408e-05,-0.00011867583084579441,0.23621452003993726,-1.5425830845794408e-05,-0.23622994587078305,0.0031718968243014873,-98.84682772974374,0.3784083831070643,2065,979,1085,1.1564751608527398e-05,117138,True,"Requires leakage audit, availability audit, DSR/PBO diagnostics, and explicit cost-sensitivity rerun before Stage B promotion.",/home/harveybc/Documents/GitHub/financial-data/experiments/stage_a_screening/runs/omega/eurgbp_1h_dqn_tech_stat_direct_atr_sltp_s0_20260502T103822Z_project3_stage31_firstwave
omega,eurgbp_1h_ppo_baseline_12_direct_atr_sltp_s0_20260502T102928Z_project3_stage31_firstwave,eurgbp,1h,ppo,baseline_12,baseline,0,cpu,12500,5e-05,0.0,-4.4034227537848025e-05,-0.00038878422753784803,0.2279824312836498,-4.4034227537848025e-05,-0.22802646551118766,0.00633471048171285,-105.03337237141066,-1.5305037327477717,6895,2764,4130,-6.388003253843896e-05,117341,True,"Requires leakage audit, availability audit, DSR/PBO diagnostics, and explicit cost-sensitivity rerun before Stage B promotion.",/home/harveybc/Documents/GitHub/financial-data/experiments/stage_a_screening/runs/omega/eurgbp_1h_ppo_baseline_12_direct_atr_sltp_s0_20260502T102928Z_project3_stage31_firstwave
omega,eurgbp_1h_ppo_tech_full_direct_atr_sltp_s0_20260502T103503Z_project3_stage31_firstwave,eurgbp,1h,ppo,tech_full,technical,0,cpu,12500,5e-05,0.0,-6.320738137766124e-05,-0.0004085573813776612,0.23568577131451374,-6.320738137766124e-05,-0.2357489786958914,0.007245726433852759,-103.30322431337129,-2.215031134275192,6907,2751,4155,-9.175650105977185e-05,117191,True,"Requires leakage audit, availability audit, DSR/PBO diagnostics, and explicit cost-sensitivity rerun before Stage B promotion.",/home/harveybc/Documents/GitHub/financial-data/experiments/stage_a_screening/runs/omega/eurgbp_1h_ppo_tech_full_direct_atr_sltp_s0_20260502T103503Z_project3_stage31_firstwave
omega,eurgbp_1h_ppo_tech_stat_decomp_direct_atr_sltp_s0_20260502T104608Z_project3_stage31_firstwave,eurgbp,1h,ppo,tech_stat_decomp,"technical,statistical,wavelet,emd,fracdiff",0,cpu,12500,5e-05,0.0,-4.377551978396177e-05,-0.00038832551978396177,0.23621452003993726,-4.377551978396177e-05,-0.23625829555972122,0.006334708842905028,-104.95534773199259,-1.5217606808269566,6891,2763,4127,-6.35416352365745e-05,117135,True,"Requires leakage audit, availability audit, DSR/PBO diagnostics, and explicit cost-sensitivity rerun before Stage B promotion.",/home/harveybc/Documents/GitHub/financial-data/experiments/stage_a_screening/runs/omega/eurgbp_1h_ppo_tech_stat_decomp_direct_atr_sltp_s0_20260502T104608Z_project3_stage31_firstwave
omega,eurgbp_1h_ppo_tech_stat_direct_atr_sltp_s0_20260502T104035Z_project3_stage31_firstwave,eurgbp,1h,ppo,tech_stat,"technical,statistical",0,cpu,12500,5e-05,0.0,-4.3852615279171836e-05,-0.00038845261527917186,0.23621452003993726,-4.3852615279171836e-05,-0.23625837265521643,0.006334709331273373,-104.96391640224518,-1.524435844399872,6892,2763,4128,-6.364429280728466e-05,117138,True,"Requires leakage audit, availability audit, DSR/PBO diagnostics, and explicit cost-sensitivity rerun before Stage B promotion.",/home/harveybc/Documents/GitHub/financial-data/experiments/stage_a_screening/runs/omega/eurgbp_1h_ppo_tech_stat_direct_atr_sltp_s0_20260502T104035Z_project3_stage31_firstwave
omega,eurgbp_4h_dqn_baseline_12_direct_atr_sltp_s0_20260502T104914Z_project3_stage31_firstwave,eurgbp,4h,dqn,baseline_12,baseline,0,cpu,12500,5e-05,0.0,-1.2763124337400455e-06,-0.00013197631243374005,0.2413491836150099,-1.2763124337400455e-06,-0.24135045992744364,0.003629673700042824,-101.30285771215183,-0.042944861804495534,2614,1221,1393,-4.882603030386039e-06,30492,True,"Requires leakage audit, availability audit, DSR/PBO diagnostics, and explicit cost-sensitivity rerun before Stage B promotion.",/home/harveybc/Documents/GitHub/financial-data/experiments/stage_a_screening/runs/omega/eurgbp_4h_dqn_baseline_12_direct_atr_sltp_s0_20260502T104914Z_project3_stage31_firstwave
omega,eurgbp_4h_dqn_tech_full_direct_atr_sltp_s0_20260502T105237Z_project3_stage31_firstwave,eurgbp,4h,dqn,tech_full,technical,0,cpu,12500,5e-05,0.0,-1.2144133992086914e-05,-0.00012204413399208693,0.25975290697674436,-1.2144133992086914e-05,-0.25976505111073644,0.00577567888291744,-103.34939481180926,-0.3837006529875852,2198,1058,1140,-5.525083702716885e-05,30342,True,"Requires leakage audit, availability audit, DSR/PBO diagnostics, and explicit cost-sensitivity rerun before Stage B promotion.",/home/harveybc/Documents/GitHub/financial-data/experiments/stage_a_screening/runs/omega/eurgbp_4h_dqn_tech_full_direct_atr_sltp_s0_20260502T105237Z_project3_stage31_firstwave
omega,eurgbp_4h_dqn_tech_stat_decomp_direct_atr_sltp_s0_20260502T105814Z_project3_stage31_firstwave,eurgbp,4h,dqn,tech_stat_decomp,"technical,statistical,wavelet,emd,fracdiff",0,cpu,12500,5e-05,0.0,2.4041814463693356e-06,-0.00013164581855363067,0.25591943196638156,2.4041814463693356e-06,-0.2559170277849352,0.004092426613653425,-106.7935296148509,0.07892448340188717,2681,1308,1373,8.967480217936175e-06,30286,True,"Requires leakage audit, availability audit, DSR/PBO diagnostics, and explicit cost-sensitivity rerun before Stage B promotion.",/home/harveybc/Documents/GitHub/financial-data/experiments/stage_a_screening/runs/omega/eurgbp_4h_dqn_tech_stat_decomp_direct_atr_sltp_s0_20260502T105814Z_project3_stage31_firstwave
omega,eurgbp_4h_dqn_tech_stat_direct_atr_sltp_s0_20260502T105454Z_project3_stage31_firstwave,eurgbp,4h,dqn,tech_stat,"technical,statistical",0,cpu,12500,5e-05,0.0,-4.507135796805173e-07,-0.00012820071357968053,0.2551918899348298,-4.507135796805173e-07,-0.25519234064840945,0.0023924640049770283,-109.36999476595331,-0.01661744954354406,2555,1212,1343,-1.764045317305639e-06,30289,True,"Requires leakage audit, availability audit, DSR/PBO diagnostics, and explicit cost-sensitivity rerun before Stage B promotion.",/home/harveybc/Documents/GitHub/financial-data/experiments/stage_a_screening/runs/omega/eurgbp_4h_dqn_tech_stat_direct_atr_sltp_s0_20260502T105454Z_project3_stage31_firstwave
omega,eurgbp_4h_ppo_baseline_12_direct_atr_sltp_s0_20260502T105021Z_project3_stage31_firstwave,eurgbp,4h,ppo,baseline_12,baseline,0,cpu,12500,5e-05,0.0,8.610739904435505e-06,-8.29892600955645e-05,0.2413491836150099,8.610739904435505e-06,-0.24134057287510546,0.0031809572405881443,-103.04423021415045,0.30303550486464126,1832,747,1084,4.827462943746869e-05,30492,True,"Requires leakage audit, availability audit, DSR/PBO diagnostics, and explicit cost-sensitivity rerun before Stage B promotion.",/home/harveybc/Documents/GitHub/financial-data/experiments/stage_a_screening/runs/omega/eurgbp_4h_ppo_baseline_12_direct_atr_sltp_s0_20260502T105021Z_project3_stage31_firstwave
omega,eurgbp_4h_ppo_tech_full_direct_atr_sltp_s0_20260502T105345Z_project3_stage31_firstwave,eurgbp,4h,ppo,tech_full,technical,0,cpu,12500,5e-05,0.0,9.483044154379172e-06,-8.151695584562083e-05,0.25975290697674436,9.483044154379172e-06,-0.25974342393259,0.003180954465900699,-102.86858345609112,0.33317809867334053,1820,742,1077,5.3388614073669875e-05,30342,True,"Requires leakage audit, availability audit, DSR/PBO diagnostics, and explicit cost-sensitivity rerun before Stage B promotion.",/home/harveybc/Documents/GitHub/financial-data/experiments/stage_a_screening/runs/omega/eurgbp_4h_ppo_tech_full_direct_atr_sltp_s0_20260502T105345Z_project3_stage31_firstwave
omega,eurgbp_4h_ppo_tech_stat_decomp_direct_atr_sltp_s0_20260502T105922Z_project3_stage31_firstwave,eurgbp,4h,ppo,tech_stat_decomp,"technical,statistical,wavelet,emd,fracdiff",0,cpu,12500,5e-05,0.0,9.3982839044493e-06,-0.00020865171609555071,0.25591943196638156,9.3982839044493e-06,-0.2559100336824771,0.0017841087488917327,-70.27378926158215,0.6177363943697908,4361,2144,2216,4.220873288007665e-05,30286,True,"Requires leakage audit, availability audit, DSR/PBO diagnostics, and explicit cost-sensitivity rerun before Stage B promotion.",/home/harveybc/Documents/GitHub/financial-data/experiments/stage_a_screening/runs/omega/eurgbp_4h_ppo_tech_stat_decomp_direct_atr_sltp_s0_20260502T105922Z_project3_stage31_firstwave
omega,eurgbp_4h_ppo_tech_stat_direct_atr_sltp_s0_20260502T105601Z_project3_stage31_firstwave,eurgbp,4h,ppo,tech_stat,"technical,statistical",0,cpu,12500,5e-05,0.0,9.284245404694857e-06,-8.181575459530515e-05,0.2551918899348298,9.284245404694857e-06,-0.2551826056894251,0.0031809550982534857,-102.80444307004092,0.3263831103299763,1822,743,1078,5.223827649643358e-05,30289,True,"Requires leakage audit, availability audit, DSR/PBO diagnostics, and explicit cost-sensitivity rerun before Stage B promotion.",/home/harveybc/Documents/GitHub/financial-data/experiments/stage_a_screening/runs/omega/eurgbp_4h_ppo_tech_stat_direct_atr_sltp_s0_20260502T105601Z_project3_stage31_firstwave
omega,eurusd_1h_dqn_baseline_12_direct_atr_sltp_s0_20260502T043924Z_project3_stage31_firstwave,eurusd,1h,dqn,baseline_12,baseline,0,cpu,8750,5e-05,0.0,3.0197814093746445e-05,-0.00020375218590625358,-0.1675265897261825,3.0197814093746445e-05,0.16755678754027625,0.005694027788409275,-54.79574687734145,0.6988650110173097,4679,2002,2676,6.479978116378862e-05,117357,True,"Requires leakage audit, availability audit, DSR/PBO diagnostics, and explicit cost-sensitivity rerun before Stage B promotion.",/home/harveybc/Documents/GitHub/financial-data/experiments/stage_a_screening/runs/omega/eurusd_1h_dqn_baseline_12_direct_atr_sltp_s0_20260502T043924Z_project3_stage31_firstwave
omega,eurusd_1h_dqn_baseline_12_direct_atr_sltp_s0_20260502T063140Z_project3_stage31_firstwave,eurusd,1h,dqn,baseline_12,baseline,0,cpu,12500,5e-05,0.0,-0.00032702186951338863,-0.00044792186951338864,-0.1675265897261825,-0.00032702186951338863,0.16719956785666912,0.0021917003476922513,-52.50109754720399,-0.1017796775616334,2418,1109,1308,-8.181948227734874e-06,117357,True,"Requires leakage audit, availability audit, DSR/PBO diagnostics, and explicit cost-sensitivity rerun before Stage B promotion.",/home/harveybc/Documents/GitHub/financial-data/experiments/stage_a_screening/runs/omega/eurusd_1h_dqn_baseline_12_direct_atr_sltp_s0_20260502T063140Z_project3_stage31_firstwave
omega,eurusd_1h_dqn_tech_full_direct_atr_sltp_s0_20260502T063744Z_project3_stage31_firstwave,eurusd,1h,dqn,tech_full,technical,0,cpu,12500,5e-05,0.0,-0.00027637655685397444,-0.0011386765568539745,-0.16871798734558596,-0.00027637655685397444,0.168441610788732,0.02973412758924247,-50.72651579996139,-4.524696328226674,17246,7930,9315,-0.00014918689505994298,117207,True,"Requires leakage audit, availability audit, DSR/PBO diagnostics, and explicit cost-sensitivity rerun before Stage B promotion.",/home/harveybc/Documents/GitHub/financial-data/experiments/stage_a_screening/runs/omega/eurusd_1h_dqn_tech_full_direct_atr_sltp_s0_20260502T063744Z_project3_stage31_firstwave
omega,eurusd_1h_dqn_tech_stat_decomp_direct_atr_sltp_s0_20260502T064933Z_project3_stage31_firstwave,eurusd,1h,dqn,tech_stat_decomp,"technical,statistical,wavelet,emd,fracdiff",0,cpu,12500,5e-05,0.0,-0.000383624004072991,-0.0005236740040729911,-0.15870559536514717,-0.000383624004072991,0.15832197136107418,0.004074087887505899,-51.21019377795341,-1.5846121145655232,2801,1325,1475,-0.00011721105141377973,117151,True,"Requires leakage audit, availability audit, DSR/PBO diagnostics, and explicit cost-sensitivity rerun before Stage B promotion.",/home/harveybc/Documents/GitHub/financial-data/experiments/stage_a_screening/runs/omega/eurusd_1h_dqn_tech_stat_decomp_direct_atr_sltp_s0_20260502T064933Z_project3_stage31_firstwave
omega,eurusd_1h_dqn_tech_stat_direct_atr_sltp_s0_20260502T051007Z_project3_stage31_firstwave,eurusd,1h,dqn,tech_stat,"technical,statistical",0,cpu,8750,5e-05,0.0,2.973572716635786e-05,-0.00020046427283364215,-0.15870559536514717,2.973572716635786e-05,0.15873533109231353,0.00597675773152993,-45.98781002295168,0.6393239706331414,4604,1968,2635,6.485172868484702e-05,117154,True,"Requires leakage audit, availability audit, DSR/PBO diagnostics, and explicit cost-sensitivity rerun before Stage B promotion.",/home/harveybc/Documents/GitHub/financial-data/experiments/stage_a_screening/runs/omega/eurusd_1h_dqn_tech_stat_direct_atr_sltp_s0_20260502T051007Z_project3_stage31_firstwave
omega,eurusd_1h_dqn_tech_stat_direct_atr_sltp_s0_20260502T064308Z_project3_stage31_firstwave,eurusd,1h,dqn,tech_stat,"technical,statistical",0,cpu,12500,5e-05,0.0,-0.00033673749288409827,-0.0014388374928840984,-0.15870559536514717,-0.00033673749288409827,0.15836885787226307,0.036055013133207164,-51.0069693722151,-5.255357652534918,22042,9907,12134,-0.00015272536152208003,117154,True,"Requires leakage audit, availability audit, DSR/PBO diagnostics, and explicit cost-sensitivity rerun before Stage B promotion.",/home/harveybc/Documents/GitHub/financial-data/experiments/stage_a_screening/runs/omega/eurusd_1h_dqn_tech_stat_direct_atr_sltp_s0_20260502T064308Z_project3_stage31_firstwave
omega,eurusd_1h_ppo_baseline_12_direct_atr_sltp_s0_20260502T063423Z_project3_stage31_firstwave,eurusd,1h,ppo,baseline_12,baseline,0,cpu,12500,5e-05,0.0,-0.00011985402741032658,-0.0004780040274103266,-0.1675265897261825,-0.00011985402741032658,0.16740673569877218,0.014951344411151323,-62.59319224100945,-2.4492278590530847,7163,2870,4292,-0.00016718584735004216,117357,True,"Requires leakage audit, availability audit, DSR/PBO diagnostics, and explicit cost-sensitivity rerun before Stage B promotion.",/home/harveybc/Documents/GitHub/financial-data/experiments/stage_a_screening/runs/omega/eurusd_1h_ppo_baseline_12_direct_atr_sltp_s0_20260502T063423Z_project3_stage31_firstwave
omega,eurusd_1h_ppo_tech_full_direct_atr_sltp_s0_20260502T045420Z_project3_stage31_firstwave,eurusd,1h,ppo,tech_full,technical,0,cpu,8750,5e-05,0.0,-0.0001200851839102679,-0.0004779351839102679,-0.16871798734558596,-0.0001200851839102679,0.1685979021616757,0.014951347867206487,-62.57814225748704,-2.4555121013270047,7157,2867,4289,-0.00016764905026844644,117207,True,"Requires leakage audit, availability audit, DSR/PBO diagnostics, and explicit cost-sensitivity rerun before Stage B promotion.",/home/harveybc/Documents/GitHub/financial-data/experiments/stage_a_screening/runs/omega/eurusd_1h_ppo_tech_full_direct_atr_sltp_s0_20260502T045420Z_project3_stage31_firstwave
omega,eurusd_1h_ppo_tech_full_direct_atr_sltp_s0_20260502T063955Z_project3_stage31_firstwave,eurusd,1h,ppo,tech_full,technical,0,cpu,12500,5e-05,0.0,-0.0001200851839102679,-0.0004779351839102679,-0.16871798734558596,-0.0001200851839102679,0.1685979021616757,0.014951347867206487,-62.57814225748704,-2.4555121013270047,7157,2867,4289,-0.00016764905026844644,117207,True,"Requires leakage audit, availability audit, DSR/PBO diagnostics, and explicit cost-sensitivity rerun before Stage B promotion.",/home/harveybc/Documents/GitHub/financial-data/experiments/stage_a_screening/runs/omega/eurusd_1h_ppo_tech_full_direct_atr_sltp_s0_20260502T063955Z_project3_stage31_firstwave
omega,eurusd_1h_ppo_tech_stat_decomp_direct_atr_sltp_s0_20260502T065245Z_project3_stage31_firstwave,eurusd,1h,ppo,tech_stat_decomp,"technical,statistical,wavelet,emd,fracdiff",0,cpu,12500,5e-05,0.0,-0.00011976808384883686,-0.0004777680838488369,-0.15870559536514717,-0.00011976808384883686,0.15858582728129833,0.014951343126196778,-62.570030338663784,-2.4491916816665746,7160,2868,4291,-0.0001671358573964245,117151,True,"Requires leakage audit, availability audit, DSR/PBO diagnostics, and explicit cost-sensitivity rerun before Stage B promotion.",/home/harveybc/Documents/GitHub/financial-data/experiments/stage_a_screening/runs/omega/eurusd_1h_ppo_tech_stat_decomp_direct_atr_sltp_s0_20260502T065245Z_project3_stage31_firstwave
omega,eurusd_1h_ppo_tech_stat_direct_atr_sltp_s0_20260502T064620Z_project3_stage31_firstwave,eurusd,1h,ppo,tech_stat,"technical,statistical",0,cpu,12500,5e-05,0.0,-0.00011955071034885911,-0.0004775007103488591,-0.15870559536514717,-0.00011955071034885911,0.1585860446547983,0.014951339876197123,-62.579559303105405,-2.4447649233731714,7159,2868,4290,-0.00016685552781587078,117154,True,"Requires leakage audit, availability audit, DSR/PBO diagnostics, and explicit cost-sensitivity rerun before Stage B promotion.",/home/harveybc/Documents/GitHub/financial-data/experiments/stage_a_screening/runs/omega/eurusd_1h_ppo_tech_stat_direct_atr_sltp_s0_20260502T064620Z_project3_stage31_firstwave
omega,eurusd_4h_dqn_baseline_12_direct_atr_sltp_s0_20260502T065534Z_project3_stage31_firstwave,eurusd,4h,dqn,baseline_12,baseline,0,cpu,12500,5e-05,0.0,5.0148178811770805e-06,-0.00015088518211882294,-0.15793529681062113,5.0148178811770805e-06,0.1579403116285023,0.006511690846651369,-48.121395457657094,0.4622037375674416,3118,1530,1587,8.088197781749844e-05,30497,True,"Requires leakage audit, availability audit, DSR/PBO diagnostics, and explicit cost-sensitivity rerun before Stage B promotion.",/home/harveybc/Documents/GitHub/financial-data/experiments/stage_a_screening/runs/omega/eurusd_4h_dqn_baseline_12_direct_atr_sltp_s0_20260502T065534Z_project3_stage31_firstwave
omega,eurusd_4h_dqn_tech_full_direct_atr_sltp_s0_20260502T044755Z_project3_stage31_firstwave,eurusd,4h,dqn,tech_full,technical,0,cpu,8750,5e-05,0.0,-5.651322742672438e-05,-0.00020961322742672439,-0.1350340935810017,-5.651322742672438e-05,0.134977580353575,0.008750023233773715,-53.90022660158607,-1.0001887552968782,3062,1351,1710,-0.00018343904452326366,30347,True,"Requires leakage audit, availability audit, DSR/PBO diagnostics, and explicit cost-sensitivity rerun before Stage B promotion.",/home/harveybc/Documents/GitHub/financial-data/experiments/stage_a_screening/runs/omega/eurusd_4h_dqn_tech_full_direct_atr_sltp_s0_20260502T044755Z_project3_stage31_firstwave
omega,eurusd_4h_dqn_tech_full_direct_atr_sltp_s0_20260502T065757Z_project3_stage31_firstwave,eurusd,4h,dqn,tech_full,technical,0,cpu,12500,5e-05,0.0,-2.7471151578861708e-05,-0.0002054211515788617,-0.1350340935810017,-2.7471151578861708e-05,0.13500662242942285,0.007329481793490722,-48.84231226078406,-0.20329774712636303,3559,1719,1839,-3.224109603107788e-05,30347,True,"Requires leakage audit, availability audit, DSR/PBO diagnostics, and explicit cost-sensitivity rerun before Stage B promotion.",/home/harveybc/Documents/GitHub/financial-data/experiments/stage_a_screening/runs/omega/eurusd_4h_dqn_tech_full_direct_atr_sltp_s0_20260502T065757Z_project3_stage31_firstwave
omega,eurusd_4h_dqn_tech_stat_decomp_direct_atr_sltp_s0_20260502T070219Z_project3_stage31_firstwave,eurusd,4h,dqn,tech_stat_decomp,"technical,statistical,wavelet,emd,fracdiff",0,cpu,12500,5e-05,0.0,-1.6001204607207775e-05,-0.00019195120460720777,-0.15568051411521688,-1.6001204607207775e-05,0.15566451291060968,0.005875978970289912,-53.12884391636236,-0.27078053820497455,3519,1593,1925,-4.445329368350188e-05,30291,True,"Requires leakage audit, availability audit, DSR/PBO diagnostics, and explicit cost-sensitivity rerun before Stage B promotion.",/home/harveybc/Documents/GitHub/financial-data/experiments/stage_a_screening/runs/omega/eurusd_4h_dqn_tech_stat_decomp_direct_atr_sltp_s0_20260502T070219Z_project3_stage31_firstwave
omega,eurusd_4h_dqn_tech_stat_direct_atr_sltp_s0_20260502T070007Z_project3_stage31_firstwave,eurusd,4h,dqn,tech_stat,"technical,statistical",0,cpu,12500,5e-05,0.0,3.370394319901493e-05,-0.00014149605680098507,-0.1556159143075746,3.370394319901493e-05,0.1556496182507736,0.007101566272995639,-45.49589829434299,0.8022699338146326,3504,1741,1762,0.0001418889888870781,30294,True,"Requires leakage audit, availability audit, DSR/PBO diagnostics, and explicit cost-sensitivity rerun before Stage B promotion.",/home/harveybc/Documents/GitHub/financial-data/experiments/stage_a_screening/runs/omega/eurusd_4h_dqn_tech_stat_direct_atr_sltp_s0_20260502T070007Z_project3_stage31_firstwave
omega,eurusd_4h_ppo_baseline_12_direct_atr_sltp_s0_20260502T043048Z_project3_stage31_firstwave,eurusd,4h,ppo,baseline_12,baseline,0,cpu,8750,5e-05,0.0,7.662710622691193e-06,4.627106226911929e-07,-0.15793529681062113,7.662710622691193e-06,0.15794295952124382,0.0012242016408959516,-237.0038075475678,0.5904640794899835,144,62,82,0.0005321326822916846,30497,True,"Requires leakage audit, availability audit, DSR/PBO diagnostics, and explicit cost-sensitivity rerun before Stage B promotion.",/home/harveybc/Documents/GitHub/financial-data/experiments/stage_a_screening/runs/omega/eurusd_4h_ppo_baseline_12_direct_atr_sltp_s0_20260502T043048Z_project3_stage31_firstwave
omega,eurusd_4h_ppo_baseline_12_direct_atr_sltp_s0_20260502T065650Z_project3_stage31_firstwave,eurusd,4h,ppo,baseline_12,baseline,0,cpu,12500,5e-05,0.0,-4.1554975324098464e-05,-0.00013650497532409847,-0.15793529681062113,-4.1554975324098464e-05,0.15789374183529703,0.00850773835193681,-62.0229251731737,-0.8495430828908547,1899,760,1138,-0.00021703076620126137,30497,True,"Requires leakage audit, availability audit, DSR/PBO diagnostics, and explicit cost-sensitivity rerun before Stage B promotion.",/home/harveybc/Documents/GitHub/financial-data/experiments/stage_a_screening/runs/omega/eurusd_4h_ppo_baseline_12_direct_atr_sltp_s0_20260502T065650Z_project3_stage31_firstwave
omega,eurusd_4h_ppo_tech_full_direct_atr_sltp_s0_20260502T065902Z_project3_stage31_firstwave,eurusd,4h,ppo,tech_full,technical,0,cpu,12500,5e-05,0.0,-3.873015682387404e-05,-0.00013338015682387404,-0.1350340935810017,-3.873015682387404e-05,0.13499536342417784,0.008507714319954401,-61.970152110052915,-0.7922542038580256,1893,759,1133,-0.00020278869410676265,30347,True,"Requires leakage audit, availability audit, DSR/PBO diagnostics, and explicit cost-sensitivity rerun before Stage B promotion.",/home/harveybc/Documents/GitHub/financial-data/experiments/stage_a_screening/runs/omega/eurusd_4h_ppo_tech_full_direct_atr_sltp_s0_20260502T065902Z_project3_stage31_firstwave
omega,eurusd_4h_ppo_tech_stat_decomp_direct_atr_sltp_s0_20260502T070322Z_project3_stage31_firstwave,eurusd,4h,ppo,tech_stat_decomp,"technical,statistical,wavelet,emd,fracdiff",0,cpu,12500,5e-05,0.0,-4.1230791823720914e-05,-0.0001358807918237209,-0.15568051411521688,-4.1230791823720914e-05,0.15563928332339316,0.008507735593957259,-61.93269348896879,-0.8441279886487331,1893,758,1134,-0.0002160055809989403,30291,True,"Requires leakage audit, availability audit, DSR/PBO diagnostics, and explicit cost-sensitivity rerun before Stage B promotion.",/home/harveybc/Documents/GitHub/financial-data/experiments/stage_a_screening/runs/omega/eurusd_4h_ppo_tech_stat_decomp_direct_atr_sltp_s0_20260502T070322Z_project3_stage31_firstwave
omega,eurusd_4h_ppo_tech_stat_direct_atr_sltp_s0_20260502T050040Z_project3_stage31_firstwave,eurusd,4h,ppo,tech_stat,"technical,statistical",0,cpu,8750,5e-05,0.0,-4.14566953237383e-05,-0.00013615669532373833,-0.1556159143075746,-4.14566953237383e-05,0.15557445761225086,0.008507737515823028,-61.93655499752551,-0.8487749040614447,1894,758,1135,-0.00021708483584257512,30294,True,"Requires leakage audit, availability audit, DSR/PBO diagnostics, and explicit cost-sensitivity rerun before Stage B promotion.",/home/harveybc/Documents/GitHub/financial-data/experiments/stage_a_screening/runs/omega/eurusd_4h_ppo_tech_stat_direct_atr_sltp_s0_20260502T050040Z_project3_stage31_firstwave
omega,eurusd_4h_ppo_tech_stat_direct_atr_sltp_s0_20260502T070111Z_project3_stage31_firstwave,eurusd,4h,ppo,tech_stat,"technical,statistical",0,cpu,12500,5e-05,0.0,-4.14566953237383e-05,-0.00013615669532373833,-0.1556159143075746,-4.14566953237383e-05,0.15557445761225086,0.008507737515823028,-61.93655499752551,-0.8487749040614447,1894,758,1135,-0.00021708483584257512,30294,True,"Requires leakage audit, availability audit, DSR/PBO diagnostics, and explicit cost-sensitivity rerun before Stage B promotion.",/home/harveybc/Documents/GitHub/financial-data/experiments/stage_a_screening/runs/omega/eurusd_4h_ppo_tech_stat_direct_atr_sltp_s0_20260502T070111Z_project3_stage31_firstwave
omega,gbpusd_1h_dqn_baseline_12_direct_atr_sltp_s0_20260502T081241Z_project3_stage31_firstwave,gbpusd,1h,dqn,baseline_12,baseline,0,cpu,12500,5e-05,0.0,-7.254092253083932e-05,-0.00015254092253083932,-0.3226295626263701,-7.254092253083932e-05,0.32255702170383926,0.011365244991103918,-47.37350189517227,-0.9007681090000063,1600,699,900,-0.0001595661694353607,117336,True,"Requires leakage audit, availability audit, DSR/PBO diagnostics, and explicit cost-sensitivity rerun before Stage B promotion.",/home/harveybc/Documents/GitHub/financial-data/experiments/stage_a_screening/runs/omega/gbpusd_1h_dqn_baseline_12_direct_atr_sltp_s0_20260502T081241Z_project3_stage31_firstwave
omega,gbpusd_1h_dqn_tech_full_direct_atr_sltp_s0_20260502T081817Z_project3_stage31_firstwave,gbpusd,1h,dqn,tech_full,technical,0,cpu,12500,5e-05,0.0,-6.840353881631955e-05,-0.00014750353881631955,-0.3276025986372999,-6.840353881631955e-05,0.3275341950984836,0.011437251135986624,-46.69574098364317,-0.6992714252654189,1582,705,876,-0.00013521345211710238,117186,True,"Requires leakage audit, availability audit, DSR/PBO diagnostics, and explicit cost-sensitivity rerun before Stage B promotion.",/home/harveybc/Documents/GitHub/financial-data/experiments/stage_a_screening/runs/omega/gbpusd_1h_dqn_tech_full_direct_atr_sltp_s0_20260502T081817Z_project3_stage31_firstwave
omega,gbpusd_1h_dqn_tech_stat_decomp_direct_atr_sltp_s0_20260502T082916Z_project3_stage31_firstwave,gbpusd,1h,dqn,tech_stat_decomp,"technical,statistical,wavelet,emd,fracdiff",0,cpu,12500,5e-05,0.0,-8.265944810259551e-05,-0.00017025944810259553,-0.3196975364719713,-8.265944810259551e-05,0.3196148770238687,0.011745446175616321,-46.89639591729443,-1.1823522922351133,1752,771,980,-0.00020350174794769862,117130,True,"Requires leakage audit, availability audit, DSR/PBO diagnostics, and explicit cost-sensitivity rerun before Stage B promotion.",/home/harveybc/Documents/GitHub/financial-data/experiments/stage_a_screening/runs/omega/gbpusd_1h_dqn_tech_stat_decomp_direct_atr_sltp_s0_20260502T082916Z_project3_stage31_firstwave
omega,gbpusd_1h_dqn_tech_stat_direct_atr_sltp_s0_20260502T082346Z_project3_stage31_firstwave,gbpusd,1h,dqn,tech_stat,"technical,statistical",0,cpu,12500,5e-05,0.0,-0.00018265106967518818,-0.0005399510696751882,-0.3196975364719713,-0.00018265106967518818,0.3195148854022961,0.021171499986315397,-48.765802336012385,-2.960150895296386,7146,2883,4262,-0.00025550972747123165,117133,True,"Requires leakage audit, availability audit, DSR/PBO diagnostics, and explicit cost-sensitivity rerun before Stage B promotion.",/home/harveybc/Documents/GitHub/financial-data/experiments/stage_a_screening/runs/omega/gbpusd_1h_dqn_tech_stat_direct_atr_sltp_s0_20260502T082346Z_project3_stage31_firstwave
omega,gbpusd_1h_ppo_baseline_12_direct_atr_sltp_s0_20260502T081456Z_project3_stage31_firstwave,gbpusd,1h,ppo,baseline_12,baseline,0,cpu,12500,5e-05,0.0,-0.00017888338898552902,-0.000544233388985529,-0.3226295626263701,-0.00017888338898552902,0.3224506792373846,0.020047810202210466,-49.67122386659558,-2.9138002620786705,7307,2914,4392,-0.00024472217300171366,117336,True,"Requires leakage audit, availability audit, DSR/PBO diagnostics, and explicit cost-sensitivity rerun before Stage B promotion.",/home/harveybc/Documents/GitHub/financial-data/experiments/stage_a_screening/runs/omega/gbpusd_1h_ppo_baseline_12_direct_atr_sltp_s0_20260502T081456Z_project3_stage31_firstwave
omega,gbpusd_1h_ppo_tech_full_direct_atr_sltp_s0_20260502T082028Z_project3_stage31_firstwave,gbpusd,1h,ppo,tech_full,technical,0,cpu,12500,5e-05,0.0,-0.00018038698373568085,-0.0005453369837356808,-0.3276025986372999,-0.00018038698373568085,0.3274222116535642,0.020047840345798165,-49.65408235413875,-2.9405722268009815,7299,2909,4389,-0.0002470507184777363,117186,True,"Requires leakage audit, availability audit, DSR/PBO diagnostics, and explicit cost-sensitivity rerun before Stage B promotion.",/home/harveybc/Documents/GitHub/financial-data/experiments/stage_a_screening/runs/omega/gbpusd_1h_ppo_tech_full_direct_atr_sltp_s0_20260502T082028Z_project3_stage31_firstwave
omega,gbpusd_1h_ppo_tech_stat_decomp_direct_atr_sltp_s0_20260502T083128Z_project3_stage31_firstwave,gbpusd,1h,ppo,tech_stat_decomp,"technical,statistical,wavelet,emd,fracdiff",0,cpu,12500,5e-05,0.0,-0.00017695137883932954,-0.0005419513788393295,-0.3196975364719713,-0.00017695137883932954,0.31952058509313197,0.020047771469997328,-49.699811819073,-2.8847469249223403,7300,2911,4388,-0.00024230991841218264,117130,True,"Requires leakage audit, availability audit, DSR/PBO diagnostics, and explicit cost-sensitivity rerun before Stage B promotion.",/home/harveybc/Documents/GitHub/financial-data/experiments/stage_a_screening/runs/omega/gbpusd_1h_ppo_tech_stat_decomp_direct_atr_sltp_s0_20260502T083128Z_project3_stage31_firstwave
omega,gbpusd_1h_ppo_tech_stat_direct_atr_sltp_s0_20260502T082556Z_project3_stage31_firstwave,gbpusd,1h,ppo,tech_stat,"technical,statistical",0,cpu,12500,5e-05,0.0,-0.00017734867397412035,-0.0005423486739741203,-0.3196975364719713,-0.00017734867397412035,0.3195201877979972,0.020047779434790435,-49.70019954877584,-2.891235295496845,7300,2910,4389,-0.00024285423288676822,117133,True,"Requires leakage audit, availability audit, DSR/PBO diagnostics, and explicit cost-sensitivity rerun before Stage B promotion.",/home/harveybc/Documents/GitHub/financial-data/experiments/stage_a_screening/runs/omega/gbpusd_1h_ppo_tech_stat_direct_atr_sltp_s0_20260502T082556Z_project3_stage31_firstwave
omega,gbpusd_4h_dqn_baseline_12_direct_atr_sltp_s0_20260502T083434Z_project3_stage31_firstwave,gbpusd,4h,dqn,baseline_12,baseline,0,cpu,12500,5e-05,0.0,-7.933677781779558e-05,-0.00015323677781779559,-0.3219440745672436,-7.933677781779558e-05,0.3218647377894258,0.010375267116005,-46.23089530477856,-0.929913861348038,1478,662,815,-0.0003061770592736175,30494,True,"Requires leakage audit, availability audit, DSR/PBO diagnostics, and explicit cost-sensitivity rerun before Stage B promotion.",/home/harveybc/Documents/GitHub/financial-data/experiments/stage_a_screening/runs/omega/gbpusd_4h_dqn_baseline_12_direct_atr_sltp_s0_20260502T083434Z_project3_stage31_firstwave
omega,gbpusd_4h_dqn_tech_full_direct_atr_sltp_s0_20260502T083649Z_project3_stage31_firstwave,gbpusd,4h,dqn,tech_full,technical,0,cpu,12500,5e-05,0.0,-5.927368155966839e-06,-7.062736815596685e-05,-0.3135716596570689,-5.927368155966839e-06,0.31356573228891294,0.007122266654640298,-45.89105491990702,0.622852965335842,1294,639,654,0.00020021415164070628,30344,True,"Requires leakage audit, availability audit, DSR/PBO diagnostics, and explicit cost-sensitivity rerun before Stage B promotion.",/home/harveybc/Documents/GitHub/financial-data/experiments/stage_a_screening/runs/omega/gbpusd_4h_dqn_tech_full_direct_atr_sltp_s0_20260502T083649Z_project3_stage31_firstwave
omega,gbpusd_4h_dqn_tech_stat_decomp_direct_atr_sltp_s0_20260502T084331Z_project3_stage31_firstwave,gbpusd,4h,dqn,tech_stat_decomp,"technical,statistical,wavelet,emd,fracdiff",0,cpu,12500,5e-05,0.0,-4.708346729043189e-05,-0.0001519834672904319,-0.3278865952167256,-4.708346729043189e-05,0.32783951174943515,0.009683170686192323,-43.66371093896488,-0.37835410629788285,2098,970,1127,-9.98285265174704e-05,30288,True,"Requires leakage audit, availability audit, DSR/PBO diagnostics, and explicit cost-sensitivity rerun before Stage B promotion.",/home/harveybc/Documents/GitHub/financial-data/experiments/stage_a_screening/runs/omega/gbpusd_4h_dqn_tech_stat_decomp_direct_atr_sltp_s0_20260502T084331Z_project3_stage31_firstwave
omega,gbpusd_4h_dqn_tech_stat_direct_atr_sltp_s0_20260502T084009Z_project3_stage31_firstwave,gbpusd,4h,dqn,tech_stat,"technical,statistical",0,cpu,12500,5e-05,0.0,-3.623798481944274e-05,-0.00013708798481944275,-0.3276025986372999,-3.623798481944274e-05,0.32756636065248046,0.007150942457880724,-44.49211368234802,-0.5881693211994223,2017,902,1114,-0.00017921931809807438,30291,True,"Requires leakage audit, availability audit, DSR/PBO diagnostics, and explicit cost-sensitivity rerun before Stage B promotion.",/home/harveybc/Documents/GitHub/financial-data/experiments/stage_a_screening/runs/omega/gbpusd_4h_dqn_tech_stat_direct_atr_sltp_s0_20260502T084009Z_project3_stage31_firstwave
omega,gbpusd_4h_ppo_baseline_12_direct_atr_sltp_s0_20260502T083540Z_project3_stage31_firstwave,gbpusd,4h,ppo,baseline_12,baseline,0,cpu,12500,5e-05,0.0,0.0,0.0,-0.3219440745672436,0.0,0.3219440745672436,0.0,,0.0,0,0,0,,30494,True,"Requires leakage audit, availability audit, DSR/PBO diagnostics, and explicit cost-sensitivity rerun before Stage B promotion.",/home/harveybc/Documents/GitHub/financial-data/experiments/stage_a_screening/runs/omega/gbpusd_4h_ppo_baseline_12_direct_atr_sltp_s0_20260502T083540Z_project3_stage31_firstwave
omega,gbpusd_4h_ppo_tech_full_direct_atr_sltp_s0_20260502T083755Z_project3_stage31_firstwave,gbpusd,4h,ppo,tech_full,technical,0,cpu,12500,5e-05,0.0,-7.944024916572978e-05,-0.00017434024916572978,-0.3135716596570689,-7.944024916572978e-05,0.31349221940790317,0.01180361793748798,-48.49126495451638,-1.2783024234493792,1898,760,1137,-0.00041820178637321946,30344,True,"Requires leakage audit, availability audit, DSR/PBO diagnostics, and explicit cost-sensitivity rerun before Stage B promotion.",/home/harveybc/Documents/GitHub/financial-data/experiments/stage_a_screening/runs/omega/gbpusd_4h_ppo_tech_full_direct_atr_sltp_s0_20260502T083755Z_project3_stage31_firstwave
omega,gbpusd_4h_ppo_tech_stat_decomp_direct_atr_sltp_s0_20260502T084438Z_project3_stage31_firstwave,gbpusd,4h,ppo,tech_stat_decomp,"technical,statistical,wavelet,emd,fracdiff",0,cpu,12500,5e-05,0.0,-8.343501941576736e-05,-0.0001782350194157674,-0.3278865952167256,-8.343501941576736e-05,0.3278031601973098,0.011803665089570205,-48.48062810518915,-1.344337121644482,1896,758,1137,-0.0004397237420844317,30288,True,"Requires leakage audit, availability audit, DSR/PBO diagnostics, and explicit cost-sensitivity rerun before Stage B promotion.",/home/harveybc/Documents/GitHub/financial-data/experiments/stage_a_screening/runs/omega/gbpusd_4h_ppo_tech_stat_decomp_direct_atr_sltp_s0_20260502T084438Z_project3_stage31_firstwave
omega,gbpusd_4h_ppo_tech_stat_direct_atr_sltp_s0_20260502T084116Z_project3_stage31_firstwave,gbpusd,4h,ppo,tech_stat,"technical,statistical",0,cpu,12500,5e-05,0.0,-8.283249191587405e-05,-0.00017768249191587405,-0.3276025986372999,-8.283249191587405e-05,0.32751976614538403,0.011803657977641154,-48.477776704623366,-1.3345760087069192,1897,759,1137,-0.0004363139326213069,30291,True,"Requires leakage audit, availability audit, DSR/PBO diagnostics, and explicit cost-sensitivity rerun before Stage B promotion.",/home/harveybc/Documents/GitHub/financial-data/experiments/stage_a_screening/runs/omega/gbpusd_4h_ppo_tech_stat_direct_atr_sltp_s0_20260502T084116Z_project3_stage31_firstwave
omega,nzdusd_1h_dqn_baseline_12_direct_atr_sltp_s0_20260502T095156Z_project3_stage31_firstwave,nzdusd,1h,dqn,baseline_12,baseline,0,cpu,12500,5e-05,0.0,1.934017371740815e-05,-0.00014745982628259187,-0.10008547008547009,1.934017371740815e-05,0.1001048102591875,0.004512555963771455,-68.10860565442191,0.14513777450193238,3336,1529,1806,1.346820529021357e-05,113353,True,"Requires leakage audit, availability audit, DSR/PBO diagnostics, and explicit cost-sensitivity rerun before Stage B promotion.",/home/harveybc/Documents/GitHub/financial-data/experiments/stage_a_screening/runs/omega/nzdusd_1h_dqn_baseline_12_direct_atr_sltp_s0_20260502T095156Z_project3_stage31_firstwave
omega,nzdusd_1h_dqn_tech_full_direct_atr_sltp_s0_20260502T095728Z_project3_stage31_firstwave,nzdusd,1h,dqn,tech_full,technical,0,cpu,12500,5e-05,0.0,-1.1198121410149753e-06,-0.00015171981214101498,-0.09570569710850274,-1.1198121410149753e-06,0.09570457729636173,0.00461284967136122,-74.00721487672321,-0.5542692636508575,3012,1428,1583,-5.261373025098283e-05,113203,True,"Requires leakage audit, availability audit, DSR/PBO diagnostics, and explicit cost-sensitivity rerun before Stage B promotion.",/home/harveybc/Documents/GitHub/financial-data/experiments/stage_a_screening/runs/omega/nzdusd_1h_dqn_tech_full_direct_atr_sltp_s0_20260502T095728Z_project3_stage31_firstwave
omega,nzdusd_1h_dqn_tech_stat_decomp_direct_atr_sltp_s0_20260502T100833Z_project3_stage31_firstwave,nzdusd,1h,dqn,tech_stat_decomp,"technical,statistical,wavelet,emd,fracdiff",0,cpu,12500,5e-05,0.0,-1.152146503335949e-05,-0.0001369714650333595,-0.08708092485549135,-1.152146503335949e-05,0.08706940339045799,0.004360480929143523,-76.56168579830786,-0.8592395835759756,2509,1175,1333,-8.904725393028145e-05,113147,True,"Requires leakage audit, availability audit, DSR/PBO diagnostics, and explicit cost-sensitivity rerun before Stage B promotion.",/home/harveybc/Documents/GitHub/financial-data/experiments/stage_a_screening/runs/omega/nzdusd_1h_dqn_tech_stat_decomp_direct_atr_sltp_s0_20260502T100833Z_project3_stage31_firstwave
omega,nzdusd_1h_dqn_tech_stat_direct_atr_sltp_s0_20260502T100301Z_project3_stage31_firstwave,nzdusd,1h,dqn,tech_stat,"technical,statistical",0,cpu,12500,5e-05,0.0,2.2506163714020033e-05,-0.00014559383628597996,-0.08430207276416868,2.2506163714020033e-05,0.0843245789278827,0.0037704419592376696,-68.50281521299615,0.22696267250551108,3362,1561,1800,2.1438608194841163e-05,113150,True,"Requires leakage audit, availability audit, DSR/PBO diagnostics, and explicit cost-sensitivity rerun before Stage B promotion.",/home/harveybc/Documents/GitHub/financial-data/experiments/stage_a_screening/runs/omega/nzdusd_1h_dqn_tech_stat_direct_atr_sltp_s0_20260502T100301Z_project3_stage31_firstwave
omega,nzdusd_1h_ppo_baseline_12_direct_atr_sltp_s0_20260502T095408Z_project3_stage31_firstwave,nzdusd,1h,ppo,baseline_12,baseline,0,cpu,12500,5e-05,0.0,0.0,0.0,-0.10008547008547009,0.0,0.10008547008547009,0.0,,0.0,0,0,0,,113353,True,"Requires leakage audit, availability audit, DSR/PBO diagnostics, and explicit cost-sensitivity rerun before Stage B promotion.",/home/harveybc/Documents/GitHub/financial-data/experiments/stage_a_screening/runs/omega/nzdusd_1h_ppo_baseline_12_direct_atr_sltp_s0_20260502T095408Z_project3_stage31_firstwave
omega,nzdusd_1h_ppo_tech_full_direct_atr_sltp_s0_20260502T095940Z_project3_stage31_firstwave,nzdusd,1h,ppo,tech_full,technical,0,cpu,12500,5e-05,0.0,-4.7045002443679707e-05,-0.0003616450024436797,-0.09570569710850274,-4.7045002443679707e-05,0.09565865210605906,0.006721931650637683,-79.91535257078894,-1.2186241637054787,6292,2508,3783,-7.457453087744378e-05,113203,True,"Requires leakage audit, availability audit, DSR/PBO diagnostics, and explicit cost-sensitivity rerun before Stage B promotion.",/home/harveybc/Documents/GitHub/financial-data/experiments/stage_a_screening/runs/omega/nzdusd_1h_ppo_tech_full_direct_atr_sltp_s0_20260502T095940Z_project3_stage31_firstwave
omega,nzdusd_1h_ppo_tech_stat_decomp_direct_atr_sltp_s0_20260502T101047Z_project3_stage31_firstwave,nzdusd,1h,ppo,tech_stat_decomp,"technical,statistical,wavelet,emd,fracdiff",0,cpu,12500,5e-05,0.0,-4.595238219406994e-05,-0.00036040238219406997,-0.08708092485549135,-4.595238219406994e-05,0.08703497247329728,0.0067219243062413125,-79.91631464442638,-1.1905153809410798,6289,2508,3780,-7.287248270515245e-05,113147,True,"Requires leakage audit, availability audit, DSR/PBO diagnostics, and explicit cost-sensitivity rerun before Stage B promotion.",/home/harveybc/Documents/GitHub/financial-data/experiments/stage_a_screening/runs/omega/nzdusd_1h_ppo_tech_stat_decomp_direct_atr_sltp_s0_20260502T101047Z_project3_stage31_firstwave
omega,nzdusd_1h_ppo_tech_stat_direct_atr_sltp_s0_20260502T100514Z_project3_stage31_firstwave,nzdusd,1h,ppo,tech_stat,"technical,statistical",0,cpu,12500,5e-05,0.0,-4.5604809943644575e-05,-0.0003600048099436446,-0.08430207276416868,-4.5604809943644575e-05,0.08425646795422503,0.006721921969926661,-79.9146897567108,-1.1814901603162535,6288,2508,3779,-7.233123091299486e-05,113150,True,"Requires leakage audit, availability audit, DSR/PBO diagnostics, and explicit cost-sensitivity rerun before Stage B promotion.",/home/harveybc/Documents/GitHub/financial-data/experiments/stage_a_screening/runs/omega/nzdusd_1h_ppo_tech_stat_direct_atr_sltp_s0_20260502T100514Z_project3_stage31_firstwave
omega,nzdusd_4h_dqn_baseline_12_direct_atr_sltp_s0_20260502T101353Z_project3_stage31_firstwave,nzdusd,4h,dqn,baseline_12,baseline,0,cpu,12500,5e-05,0.0,-4.385577001086993e-05,-0.00014965577001086996,-0.0941496988815601,-4.385577001086993e-05,0.09410584311154924,0.007876778922749223,-65.03637341500064,-1.4843455776833987,2116,987,1128,-0.00027597672948328193,29450,True,"Requires leakage audit, availability audit, DSR/PBO diagnostics, and explicit cost-sensitivity rerun before Stage B promotion.",/home/harveybc/Documents/GitHub/financial-data/experiments/stage_a_screening/runs/omega/nzdusd_4h_dqn_baseline_12_direct_atr_sltp_s0_20260502T101353Z_project3_stage31_firstwave
omega,nzdusd_4h_dqn_tech_full_direct_atr_sltp_s0_20260502T101714Z_project3_stage31_firstwave,nzdusd,4h,dqn,tech_full,technical,0,cpu,12500,5e-05,0.0,-1.82692952200858e-05,-0.0002059692952200858,-0.08615651670765234,-1.82692952200858e-05,0.08613824741243226,0.002970815735893417,-67.55027807361469,-0.14362044489475922,3754,1815,1938,-1.4727684509535377e-05,29300,True,"Requires leakage audit, availability audit, DSR/PBO diagnostics, and explicit cost-sensitivity rerun before Stage B promotion.",/home/harveybc/Documents/GitHub/financial-data/experiments/stage_a_screening/runs/omega/nzdusd_4h_dqn_tech_full_direct_atr_sltp_s0_20260502T101714Z_project3_stage31_firstwave
omega,nzdusd_4h_dqn_tech_stat_decomp_direct_atr_sltp_s0_20260502T102356Z_project3_stage31_firstwave,nzdusd,4h,dqn,tech_stat_decomp,"technical,statistical,wavelet,emd,fracdiff",0,cpu,12500,5e-05,0.0,5.7561053117494154e-05,-9.778894688250585e-05,-0.08826670515225865,5.7561053117494154e-05,0.08832426620537615,0.002860216371806702,-65.11013554836994,1.0538251425086747,3107,1535,1571,0.000140693292371907,29244,True,"Requires leakage audit, availability audit, DSR/PBO diagnostics, and explicit cost-sensitivity rerun before Stage B promotion.",/home/harveybc/Documents/GitHub/financial-data/experiments/stage_a_screening/runs/omega/nzdusd_4h_dqn_tech_stat_decomp_direct_atr_sltp_s0_20260502T102356Z_project3_stage31_firstwave
omega,nzdusd_4h_dqn_tech_stat_direct_atr_sltp_s0_20260502T102036Z_project3_stage31_firstwave,nzdusd,4h,dqn,tech_stat,"technical,statistical",0,cpu,12500,5e-05,0.0,1.0138763228972891e-05,-9.691123677102711e-05,-0.09232758620689652,1.0138763228972891e-05,0.09233772497012549,0.003047711267411943,-70.66469268588685,0.24585530841745754,2141,1044,1097,4.735526961700217e-05,29247,True,"Requires leakage audit, availability audit, DSR/PBO diagnostics, and explicit cost-sensitivity rerun before Stage B promotion.",/home/harveybc/Documents/GitHub/financial-data/experiments/stage_a_screening/runs/omega/nzdusd_4h_dqn_tech_stat_direct_atr_sltp_s0_20260502T102036Z_project3_stage31_firstwave
omega,nzdusd_4h_ppo_baseline_12_direct_atr_sltp_s0_20260502T101459Z_project3_stage31_firstwave,nzdusd,4h,ppo,baseline_12,baseline,0,cpu,12500,5e-05,0.0,-1.6964699071975176e-05,-0.0002919646990719752,-0.0941496988815601,-1.6964699071975176e-05,0.09413273418248813,0.005785958081927869,-44.682613508198735,-0.7091350515357875,5500,2676,2823,-6.0301242862337294e-05,29450,True,"Requires leakage audit, availability audit, DSR/PBO diagnostics, and explicit cost-sensitivity rerun before Stage B promotion.",/home/harveybc/Documents/GitHub/financial-data/experiments/stage_a_screening/runs/omega/nzdusd_4h_ppo_baseline_12_direct_atr_sltp_s0_20260502T101459Z_project3_stage31_firstwave
omega,nzdusd_4h_ppo_tech_full_direct_atr_sltp_s0_20260502T101822Z_project3_stage31_firstwave,nzdusd,4h,ppo,tech_full,technical,0,cpu,12500,5e-05,0.0,-1.7136589820943016e-05,-0.00010618658982094303,-0.08615651670765234,-1.7136589820943016e-05,0.0861393801178314,0.003909541125290556,-79.4634510363256,-0.4495025128250813,1781,707,1073,-9.70361689606765e-05,29300,True,"Requires leakage audit, availability audit, DSR/PBO diagnostics, and explicit cost-sensitivity rerun before Stage B promotion.",/home/harveybc/Documents/GitHub/financial-data/experiments/stage_a_screening/runs/omega/nzdusd_4h_ppo_tech_full_direct_atr_sltp_s0_20260502T101822Z_project3_stage31_firstwave
omega,nzdusd_4h_ppo_tech_stat_decomp_direct_atr_sltp_s0_20260502T102503Z_project3_stage31_firstwave,nzdusd,4h,ppo,tech_stat_decomp,"technical,statistical,wavelet,emd,fracdiff",0,cpu,12500,5e-05,0.0,-1.5825357065124557e-05,-0.00027827535706512457,-0.08826670515225865,-1.5825357065124557e-05,0.08825087979519353,0.006688854569564605,-47.95064809561644,-1.2985804633078095,5249,2515,2733,-0.00011223482140815484,29244,True,"Requires leakage audit, availability audit, DSR/PBO diagnostics, and explicit cost-sensitivity rerun before Stage B promotion.",/home/harveybc/Documents/GitHub/financial-data/experiments/stage_a_screening/runs/omega/nzdusd_4h_ppo_tech_stat_decomp_direct_atr_sltp_s0_20260502T102503Z_project3_stage31_firstwave
omega,nzdusd_4h_ppo_tech_stat_direct_atr_sltp_s0_20260502T102143Z_project3_stage31_firstwave,nzdusd,4h,ppo,tech_stat,"technical,statistical",0,cpu,12500,5e-05,0.0,-1.688212807127165e-05,-0.00010578212807127166,-0.09232758620689652,-1.688212807127165e-05,0.09231070407882525,0.003909540130476196,-79.40626492374983,-0.44307340426456365,1778,706,1071,-9.57680153348364e-05,29247,True,"Requires leakage audit, availability audit, DSR/PBO diagnostics, and explicit cost-sensitivity rerun before Stage B promotion.",/home/harveybc/Documents/GitHub/financial-data/experiments/stage_a_screening/runs/omega/nzdusd_4h_ppo_tech_stat_direct_atr_sltp_s0_20260502T102143Z_project3_stage31_firstwave
omega,usdcad_1h_dqn_baseline_12_direct_atr_sltp_s0_20260502T084543Z_project3_stage31_firstwave,usdcad,1h,dqn,baseline_12,baseline,0,cpu,12500,5e-05,0.0,-1.364623667121645e-05,-0.00016334623667121646,0.08120460295437848,-1.364623667121645e-05,-0.0812182491910497,0.005326733557851213,-55.63424548456131,-0.34120739641632347,2994,1357,1636,-4.308235672974809e-05,111098,True,"Requires leakage audit, availability audit, DSR/PBO diagnostics, and explicit cost-sensitivity rerun before Stage B promotion.",/home/harveybc/Documents/GitHub/financial-data/experiments/stage_a_screening/runs/omega/usdcad_1h_dqn_baseline_12_direct_atr_sltp_s0_20260502T084543Z_project3_stage31_firstwave
omega,usdcad_1h_dqn_tech_full_direct_atr_sltp_s0_20260502T085117Z_project3_stage31_firstwave,usdcad,1h,dqn,tech_full,technical,0,cpu,12500,5e-05,0.0,-4.768895925355565e-05,-0.00034493895925355564,0.10547396528704955,-4.768895925355565e-05,-0.10552165424630311,0.0055134047106626454,-61.2692448565129,-0.8143073052538279,5945,2531,3413,-5.949338298563125e-05,110948,True,"Requires leakage audit, availability audit, DSR/PBO diagnostics, and explicit cost-sensitivity rerun before Stage B promotion.",/home/harveybc/Documents/GitHub/financial-data/experiments/stage_a_screening/runs/omega/usdcad_1h_dqn_tech_full_direct_atr_sltp_s0_20260502T085117Z_project3_stage31_firstwave
omega,usdcad_1h_dqn_tech_stat_decomp_direct_atr_sltp_s0_20260502T090220Z_project3_stage31_firstwave,usdcad,1h,dqn,tech_stat_decomp,"technical,statistical,wavelet,emd,fracdiff",0,cpu,12500,5e-05,0.0,-1.655153164370482e-05,-0.0002542015316437048,0.08768472906403946,-1.655153164370482e-05,-0.08770128059568316,0.005680609139255784,-49.46963529938253,-0.23371675393595726,4753,2026,2726,-1.9348888106451243e-05,110892,True,"Requires leakage audit, availability audit, DSR/PBO diagnostics, and explicit cost-sensitivity rerun before Stage B promotion.",/home/harveybc/Documents/GitHub/financial-data/experiments/stage_a_screening/runs/omega/usdcad_1h_dqn_tech_stat_decomp_direct_atr_sltp_s0_20260502T090220Z_project3_stage31_firstwave
omega,usdcad_1h_dqn_tech_stat_direct_atr_sltp_s0_20260502T085649Z_project3_stage31_firstwave,usdcad,1h,dqn,tech_stat,"technical,statistical",0,cpu,12500,5e-05,0.0,-3.3928117897596977e-05,-0.00018767811789759697,0.08768472906403946,-3.3928117897596977e-05,-0.08771865718193705,0.005990574303922917,-57.903704742696185,-0.875522077397836,3075,1363,1711,-0.00010811002508132567,110895,True,"Requires leakage audit, availability audit, DSR/PBO diagnostics, and explicit cost-sensitivity rerun before Stage B promotion.",/home/harveybc/Documents/GitHub/financial-data/experiments/stage_a_screening/runs/omega/usdcad_1h_dqn_tech_stat_direct_atr_sltp_s0_20260502T085649Z_project3_stage31_firstwave
omega,usdcad_1h_ppo_baseline_12_direct_atr_sltp_s0_20260502T084755Z_project3_stage31_firstwave,usdcad,1h,ppo,baseline_12,baseline,0,cpu,12500,5e-05,0.0,-6.488285474848254e-05,-0.00040148285474848254,0.08120460295437848,-6.488285474848254e-05,-0.08126948580912696,0.006939724469959733,-66.16075446004588,-1.4138453803321316,6732,2728,4003,-9.660709887802715e-05,111098,True,"Requires leakage audit, availability audit, DSR/PBO diagnostics, and explicit cost-sensitivity rerun before Stage B promotion.",/home/harveybc/Documents/GitHub/financial-data/experiments/stage_a_screening/runs/omega/usdcad_1h_ppo_baseline_12_direct_atr_sltp_s0_20260502T084755Z_project3_stage31_firstwave
omega,usdcad_1h_ppo_tech_full_direct_atr_sltp_s0_20260502T085330Z_project3_stage31_firstwave,usdcad,1h,ppo,tech_full,technical,0,cpu,12500,5e-05,0.0,-6.314896599857178e-05,-0.0003991989659985718,0.10547396528704955,-6.314896599857178e-05,-0.10553711425304813,0.00693971243731525,-66.15583169936959,-1.3775690745792684,6721,2726,3994,-9.418504390595235e-05,110948,True,"Requires leakage audit, availability audit, DSR/PBO diagnostics, and explicit cost-sensitivity rerun before Stage B promotion.",/home/harveybc/Documents/GitHub/financial-data/experiments/stage_a_screening/runs/omega/usdcad_1h_ppo_tech_full_direct_atr_sltp_s0_20260502T085330Z_project3_stage31_firstwave
omega,usdcad_1h_ppo_tech_stat_decomp_direct_atr_sltp_s0_20260502T090432Z_project3_stage31_firstwave,usdcad,1h,ppo,tech_stat_decomp,"technical,statistical,wavelet,emd,fracdiff",0,cpu,12500,5e-05,0.0,-6.508459857834659e-05,-0.0004012345985783466,0.08768472906403946,-6.508459857834659e-05,-0.0877498136626178,0.006939725870001391,-66.16341405768979,-1.4203829455625745,6723,2725,3997,-9.703656960026781e-05,110892,True,"Requires leakage audit, availability audit, DSR/PBO diagnostics, and explicit cost-sensitivity rerun before Stage B promotion.",/home/harveybc/Documents/GitHub/financial-data/experiments/stage_a_screening/runs/omega/usdcad_1h_ppo_tech_stat_decomp_direct_atr_sltp_s0_20260502T090432Z_project3_stage31_firstwave
omega,usdcad_1h_ppo_tech_stat_direct_atr_sltp_s0_20260502T085902Z_project3_stage31_firstwave,usdcad,1h,ppo,tech_stat,"technical,statistical",0,cpu,12500,5e-05,0.0,-6.510900307388212e-05,-0.00040125900307388213,0.08768472906403946,-6.510900307388212e-05,-0.08774983806711334,0.006939726039361307,-66.16792547603978,-1.420923137585174,6723,2725,3997,-9.707287500788461e-05,110895,True,"Requires leakage audit, availability audit, DSR/PBO diagnostics, and explicit cost-sensitivity rerun before Stage B promotion.",/home/harveybc/Documents/GitHub/financial-data/experiments/stage_a_screening/runs/omega/usdcad_1h_ppo_tech_stat_direct_atr_sltp_s0_20260502T085902Z_project3_stage31_firstwave
omega,usdcad_4h_dqn_baseline_12_direct_atr_sltp_s0_20260502T090740Z_project3_stage31_firstwave,usdcad,4h,dqn,baseline_12,baseline,0,cpu,12500,5e-05,0.0,-7.03078352859432e-05,-0.00046615783528594325,0.08616873001557757,-7.03078352859432e-05,-0.08623903785086351,0.009614905675111245,-47.63450589058799,-1.0636835066252683,7917,3785,4131,-8.751914534306822e-05,28882,True,"Requires leakage audit, availability audit, DSR/PBO diagnostics, and explicit cost-sensitivity rerun before Stage B promotion.",/home/harveybc/Documents/GitHub/financial-data/experiments/stage_a_screening/runs/omega/usdcad_4h_dqn_baseline_12_direct_atr_sltp_s0_20260502T090740Z_project3_stage31_firstwave
omega,usdcad_4h_dqn_tech_full_direct_atr_sltp_s0_20260502T090956Z_project3_stage31_firstwave,usdcad,4h,dqn,tech_full,technical,0,cpu,12500,5e-05,0.0,-4.7223649958350045e-05,-0.00013627364995835007,0.060688550840672484,-4.7223649958350045e-05,-0.060735774490630834,0.006875553936871964,-44.919106539130226,-0.38374020592619085,1781,840,940,-0.00010559882022471677,28732,True,"Requires leakage audit, availability audit, DSR/PBO diagnostics, and explicit cost-sensitivity rerun before Stage B promotion.",/home/harveybc/Documents/GitHub/financial-data/experiments/stage_a_screening/runs/omega/usdcad_4h_dqn_tech_full_direct_atr_sltp_s0_20260502T090956Z_project3_stage31_firstwave
omega,usdcad_4h_dqn_tech_stat_decomp_direct_atr_sltp_s0_20260502T091639Z_project3_stage31_firstwave,usdcad,4h,dqn,tech_stat_decomp,"technical,statistical,wavelet,emd,fracdiff",0,cpu,12500,5e-05,0.0,-9.089445657917139e-05,-0.0001847944565791714,0.07567392010392981,-9.089445657917139e-05,-0.07576481456050899,0.003417799659000682,-45.879427396412666,1.2577220855107973,1878,900,977,0.0003001273057310334,28676,True,"Requires leakage audit, availability audit, DSR/PBO diagnostics, and explicit cost-sensitivity rerun before Stage B promotion.",/home/harveybc/Documents/GitHub/financial-data/experiments/stage_a_screening/runs/omega/usdcad_4h_dqn_tech_stat_decomp_direct_atr_sltp_s0_20260502T091639Z_project3_stage31_firstwave
omega,usdcad_4h_dqn_tech_stat_direct_atr_sltp_s0_20260502T091318Z_project3_stage31_firstwave,usdcad,4h,dqn,tech_stat,"technical,statistical",0,cpu,12500,5e-05,0.0,2.620541223685713e-05,-7.124458776314288e-05,0.07724833306228662,2.620541223685713e-05,-0.07722212765004977,0.0026312079091585735,-45.578245851291896,1.8168990884469534,1949,937,1011,0.0004141862009386952,28679,True,"Requires leakage audit, availability audit, DSR/PBO diagnostics, and explicit cost-sensitivity rerun before Stage B promotion.",/home/harveybc/Documents/GitHub/financial-data/experiments/stage_a_screening/runs/omega/usdcad_4h_dqn_tech_stat_direct_atr_sltp_s0_20260502T091318Z_project3_stage31_firstwave
omega,usdcad_4h_ppo_baseline_12_direct_atr_sltp_s0_20260502T090847Z_project3_stage31_firstwave,usdcad,4h,ppo,baseline_12,baseline,0,cpu,12500,5e-05,0.0,-2.3197574781086416e-06,-8.871975747810864e-05,0.08616873001557757,-2.3197574781086416e-06,-0.08617104977305567,0.00371956517678618,-65.53825970892818,-0.0613274269512537,1728,705,1022,-1.2202218789810883e-05,28882,True,"Requires leakage audit, availability audit, DSR/PBO diagnostics, and explicit cost-sensitivity rerun before Stage B promotion.",/home/harveybc/Documents/GitHub/financial-data/experiments/stage_a_screening/runs/omega/usdcad_4h_ppo_baseline_12_direct_atr_sltp_s0_20260502T090847Z_project3_stage31_firstwave
omega,usdcad_4h_ppo_tech_full_direct_atr_sltp_s0_20260502T091104Z_project3_stage31_firstwave,usdcad,4h,ppo,tech_full,technical,0,cpu,12500,5e-05,0.0,-6.654980977516267e-06,-9.255498097751627e-05,0.060688550840672484,-6.654980977516267e-06,-0.06069520582165,0.0037195813018735813,-65.50796502105614,-0.15691135461064198,1718,699,1018,-4.154560993011255e-05,28732,True,"Requires leakage audit, availability audit, DSR/PBO diagnostics, and explicit cost-sensitivity rerun before Stage B promotion.",/home/harveybc/Documents/GitHub/financial-data/experiments/stage_a_screening/runs/omega/usdcad_4h_ppo_tech_full_direct_atr_sltp_s0_20260502T091104Z_project3_stage31_firstwave
omega,usdcad_4h_ppo_tech_stat_decomp_direct_atr_sltp_s0_20260502T091745Z_project3_stage31_firstwave,usdcad,4h,ppo,tech_stat_decomp,"technical,statistical,wavelet,emd,fracdiff",0,cpu,12500,5e-05,0.0,0.0,0.0,0.07567392010392981,0.0,-0.07567392010392981,0.0,,0.0,0,0,0,,28676,True,"Requires leakage audit, availability audit, DSR/PBO diagnostics, and explicit cost-sensitivity rerun before Stage B promotion.",/home/harveybc/Documents/GitHub/financial-data/experiments/stage_a_screening/runs/omega/usdcad_4h_ppo_tech_stat_decomp_direct_atr_sltp_s0_20260502T091745Z_project3_stage31_firstwave
omega,usdcad_4h_ppo_tech_stat_direct_atr_sltp_s0_20260502T091426Z_project3_stage31_firstwave,usdcad,4h,ppo,tech_stat,"technical,statistical",0,cpu,12500,5e-05,0.0,-5.8424372276766334e-06,-9.149243722767664e-05,0.07724833306228662,-5.8424372276766334e-06,-0.0772541754995143,0.0037195782795645493,-65.50241843628797,-0.13917560699444628,1713,697,1015,-3.692077964369323e-05,28679,True,"Requires leakage audit, availability audit, DSR/PBO diagnostics, and explicit cost-sensitivity rerun before Stage B promotion.",/home/harveybc/Documents/GitHub/financial-data/experiments/stage_a_screening/runs/omega/usdcad_4h_ppo_tech_stat_direct_atr_sltp_s0_20260502T091426Z_project3_stage31_firstwave
omega,usdchf_1h_dqn_baseline_12_direct_atr_sltp_s0_20260502T091851Z_project3_stage31_firstwave,usdchf,1h,dqn,baseline_12,baseline,0,cpu,12500,5e-05,0.0,-5.230795998900639e-05,-0.0002685079599890064,-0.28116189662537383,-5.230795998900639e-05,0.2811095886653848,0.007784801690043392,-64.30245395371391,-0.7346254967256654,4324,1971,2352,-4.469561053186901e-05,117315,True,"Requires leakage audit, availability audit, DSR/PBO diagnostics, and explicit cost-sensitivity rerun before Stage B promotion.",/home/harveybc/Documents/GitHub/financial-data/experiments/stage_a_screening/runs/omega/usdchf_1h_dqn_baseline_12_direct_atr_sltp_s0_20260502T091851Z_project3_stage31_firstwave
omega,usdchf_1h_dqn_tech_full_direct_atr_sltp_s0_20260502T092423Z_project3_stage31_firstwave,usdchf,1h,dqn,tech_full,technical,0,cpu,12500,5e-05,0.0,-3.879699958575511e-05,-0.00012744699958575512,-0.27851140456182466,-3.879699958575511e-05,0.2784726075622389,0.005908266501762411,-65.29243322994861,-0.2828639192026066,1773,807,965,-3.279318295187512e-05,117165,True,"Requires leakage audit, availability audit, DSR/PBO diagnostics, and explicit cost-sensitivity rerun before Stage B promotion.",/home/harveybc/Documents/GitHub/financial-data/experiments/stage_a_screening/runs/omega/usdchf_1h_dqn_tech_full_direct_atr_sltp_s0_20260502T092423Z_project3_stage31_firstwave
omega,usdchf_1h_dqn_tech_stat_decomp_direct_atr_sltp_s0_20260502T093527Z_project3_stage31_firstwave,usdchf,1h,dqn,tech_stat_decomp,"technical,statistical,wavelet,emd,fracdiff",0,cpu,12500,5e-05,0.0,-6.611375526077712e-05,-0.00022091375526077714,-0.28694915254237285,-6.611375526077712e-05,0.2868830387871121,0.008095339307805349,-64.9879711813185,-1.394592014779847,3096,1377,1718,-0.00010703621226678516,117109,True,"Requires leakage audit, availability audit, DSR/PBO diagnostics, and explicit cost-sensitivity rerun before Stage B promotion.",/home/harveybc/Documents/GitHub/financial-data/experiments/stage_a_screening/runs/omega/usdchf_1h_dqn_tech_stat_decomp_direct_atr_sltp_s0_20260502T093527Z_project3_stage31_firstwave
omega,usdchf_1h_dqn_tech_stat_direct_atr_sltp_s0_20260502T092956Z_project3_stage31_firstwave,usdchf,1h,dqn,tech_stat,"technical,statistical",0,cpu,12500,5e-05,0.0,-5.115477440920113e-05,-0.00025120477440920114,-0.28694915254237285,-5.115477440920113e-05,0.28689799776796365,0.007342062833231923,-64.50809441149383,-0.5232400599720309,4001,1792,2208,-3.482249604089059e-05,117112,True,"Requires leakage audit, availability audit, DSR/PBO diagnostics, and explicit cost-sensitivity rerun before Stage B promotion.",/home/harveybc/Documents/GitHub/financial-data/experiments/stage_a_screening/runs/omega/usdchf_1h_dqn_tech_stat_direct_atr_sltp_s0_20260502T092956Z_project3_stage31_firstwave
omega,usdchf_1h_ppo_baseline_12_direct_atr_sltp_s0_20260502T092105Z_project3_stage31_firstwave,usdchf,1h,ppo,baseline_12,baseline,0,cpu,12500,5e-05,0.0,-0.00011601104196634626,-0.0004573610419663463,-0.28116189662537383,-0.00011601104196634626,0.2810458855834075,0.013128563433959213,-76.02276195879469,-2.7613991615972293,6827,2685,4141,-0.00016988366909786006,117315,True,"Requires leakage audit, availability audit, DSR/PBO diagnostics, and explicit cost-sensitivity rerun before Stage B promotion.",/home/harveybc/Documents/GitHub/financial-data/experiments/stage_a_screening/runs/omega/usdchf_1h_ppo_baseline_12_direct_atr_sltp_s0_20260502T092105Z_project3_stage31_firstwave
omega,usdchf_1h_ppo_tech_full_direct_atr_sltp_s0_20260502T092637Z_project3_stage31_firstwave,usdchf,1h,ppo,tech_full,technical,0,cpu,12500,5e-05,0.0,-0.00012008543746599987,-0.00046988543746599986,-0.27851140456182466,-0.00012008543746599987,0.27839131912435866,0.013128616924353478,-76.34604301397526,-2.9398782223180526,6996,2762,4233,-0.00017160398574152808,117165,True,"Requires leakage audit, availability audit, DSR/PBO diagnostics, and explicit cost-sensitivity rerun before Stage B promotion.",/home/harveybc/Documents/GitHub/financial-data/experiments/stage_a_screening/runs/omega/usdchf_1h_ppo_tech_full_direct_atr_sltp_s0_20260502T092637Z_project3_stage31_firstwave
omega,usdchf_1h_ppo_tech_stat_decomp_direct_atr_sltp_s0_20260502T093740Z_project3_stage31_firstwave,usdchf,1h,ppo,tech_stat_decomp,"technical,statistical,wavelet,emd,fracdiff",0,cpu,12500,5e-05,0.0,-0.00012147462380640572,-0.0004714746238064058,-0.28694915254237285,-0.00012147462380640572,0.28682767791856645,0.0131286351622813,-76.36512268952933,-2.9742810156747894,7000,2762,4237,-0.00017349074777353734,117109,True,"Requires leakage audit, availability audit, DSR/PBO diagnostics, and explicit cost-sensitivity rerun before Stage B promotion.",/home/harveybc/Documents/GitHub/financial-data/experiments/stage_a_screening/runs/omega/usdchf_1h_ppo_tech_stat_decomp_direct_atr_sltp_s0_20260502T093740Z_project3_stage31_firstwave
omega,usdchf_1h_ppo_tech_stat_direct_atr_sltp_s0_20260502T093210Z_project3_stage31_firstwave,usdchf,1h,ppo,tech_stat,"technical,statistical",0,cpu,12500,5e-05,0.0,-0.00012137034361092702,-0.00047142034361092705,-0.28694915254237285,-0.00012137034361092702,0.2868277821987619,0.013128633793237376,-76.37095539312693,-2.971713572344077,7001,2763,4237,-0.0001733169916731411,117112,True,"Requires leakage audit, availability audit, DSR/PBO diagnostics, and explicit cost-sensitivity rerun before Stage B promotion.",/home/harveybc/Documents/GitHub/financial-data/experiments/stage_a_screening/runs/omega/usdchf_1h_ppo_tech_stat_direct_atr_sltp_s0_20260502T093210Z_project3_stage31_firstwave
omega,usdchf_4h_dqn_baseline_12_direct_atr_sltp_s0_20260502T094047Z_project3_stage31_firstwave,usdchf,4h,dqn,baseline_12,baseline,0,cpu,12500,5e-05,0.0,6.079116139545704e-05,-8.880883860454297e-05,-0.2890578791719476,6.079116139545704e-05,0.28911867033334304,0.0034606001489408526,-59.41114680894981,1.1908465078054067,2992,1419,1572,0.00020168620808854988,30488,True,"Requires leakage audit, availability audit, DSR/PBO diagnostics, and explicit cost-sensitivity rerun before Stage B promotion.",/home/harveybc/Documents/GitHub/financial-data/experiments/stage_a_screening/runs/omega/usdchf_4h_dqn_baseline_12_direct_atr_sltp_s0_20260502T094047Z_project3_stage31_firstwave
omega,usdchf_4h_dqn_tech_full_direct_atr_sltp_s0_20260502T094304Z_project3_stage31_firstwave,usdchf,4h,dqn,tech_full,technical,0,cpu,12500,5e-05,0.0,-6.718037946717992e-06,-0.00012001803794671801,-0.31224456432891945,-6.718037946717992e-06,0.31223784629097273,0.005270170798494632,-61.87909091842717,-0.1514807782238237,2266,996,1269,-3.172121187322621e-05,30338,True,"Requires leakage audit, availability audit, DSR/PBO diagnostics, and explicit cost-sensitivity rerun before Stage B promotion.",/home/harveybc/Documents/GitHub/financial-data/experiments/stage_a_screening/runs/omega/usdchf_4h_dqn_tech_full_direct_atr_sltp_s0_20260502T094304Z_project3_stage31_firstwave
omega,usdchf_4h_dqn_tech_stat_decomp_direct_atr_sltp_s0_20260502T094836Z_project3_stage31_firstwave,usdchf,4h,dqn,tech_stat_decomp,"technical,statistical,wavelet,emd,fracdiff",0,cpu,12500,5e-05,0.0,-1.0553996788953413e-05,-0.0002386539967889534,-0.2888175133124842,-1.0553996788953413e-05,0.2888069593156952,0.005016152662049971,-58.71610018188396,-0.196035064079491,4562,2128,2434,-2.3134583046282497e-05,30282,True,"Requires leakage audit, availability audit, DSR/PBO diagnostics, and explicit cost-sensitivity rerun before Stage B promotion.",/home/harveybc/Documents/GitHub/financial-data/experiments/stage_a_screening/runs/omega/usdchf_4h_dqn_tech_stat_decomp_direct_atr_sltp_s0_20260502T094836Z_project3_stage31_firstwave
omega,usdchf_4h_dqn_tech_stat_direct_atr_sltp_s0_20260502T094513Z_project3_stage31_firstwave,usdchf,4h,dqn,tech_stat,"technical,statistical",0,cpu,12500,5e-05,0.0,3.450855990205781e-05,-0.00011344144009794218,-0.28977800286992494,3.450855990205781e-05,0.289812511429827,0.003345029004233307,-62.64788848093242,0.6274875335103197,2959,1327,1631,0.00011508364894233538,30285,True,"Requires leakage audit, availability audit, DSR/PBO diagnostics, and explicit cost-sensitivity rerun before Stage B promotion.",/home/harveybc/Documents/GitHub/financial-data/experiments/stage_a_screening/runs/omega/usdchf_4h_dqn_tech_stat_direct_atr_sltp_s0_20260502T094513Z_project3_stage31_firstwave
omega,usdchf_4h_ppo_baseline_12_direct_atr_sltp_s0_20260502T094154Z_project3_stage31_firstwave,usdchf,4h,ppo,baseline_12,baseline,0,cpu,12500,5e-05,0.0,-4.454374194706734e-05,-0.00031979374194706733,-0.2890578791719476,-4.454374194706734e-05,0.2890133354300005,0.01606341971768657,-43.35264583604328,-2.7796337554220054,5505,2588,2917,-0.0002650141822880499,30488,True,"Requires leakage audit, availability audit, DSR/PBO diagnostics, and explicit cost-sensitivity rerun before Stage B promotion.",/home/harveybc/Documents/GitHub/financial-data/experiments/stage_a_screening/runs/omega/usdchf_4h_ppo_baseline_12_direct_atr_sltp_s0_20260502T094154Z_project3_stage31_firstwave
omega,usdchf_4h_ppo_tech_full_direct_atr_sltp_s0_20260502T094411Z_project3_stage31_firstwave,usdchf,4h,ppo,tech_full,technical,0,cpu,12500,5e-05,0.0,-5.3826751247654236e-05,-0.00013747675124765424,-0.31224456432891945,-5.3826751247654236e-05,0.3121907375776718,0.00639450671577996,-79.32744683442061,-1.3871345448758838,1673,647,1025,-0.00032472229545454565,30338,True,"Requires leakage audit, availability audit, DSR/PBO diagnostics, and explicit cost-sensitivity rerun before Stage B promotion.",/home/harveybc/Documents/GitHub/financial-data/experiments/stage_a_screening/runs/omega/usdchf_4h_ppo_tech_full_direct_atr_sltp_s0_20260502T094411Z_project3_stage31_firstwave
omega,usdchf_4h_ppo_tech_stat_decomp_direct_atr_sltp_s0_20260502T094944Z_project3_stage31_firstwave,usdchf,4h,ppo,tech_stat_decomp,"technical,statistical,wavelet,emd,fracdiff",0,cpu,12500,5e-05,0.0,-1.2603669368393966e-05,-0.00010525366936839398,-0.2888175133124842,-1.2603669368393966e-05,0.2888049096431158,0.005815068915749366,-73.79632509789214,-0.3162975359995455,1853,759,1093,-6.945166964285748e-05,30282,True,"Requires leakage audit, availability audit, DSR/PBO diagnostics, and explicit cost-sensitivity rerun before Stage B promotion.",/home/harveybc/Documents/GitHub/financial-data/experiments/stage_a_screening/runs/omega/usdchf_4h_ppo_tech_stat_decomp_direct_atr_sltp_s0_20260502T094944Z_project3_stage31_firstwave
omega,usdchf_4h_ppo_tech_stat_direct_atr_sltp_s0_20260502T094624Z_project3_stage31_firstwave,usdchf,4h,ppo,tech_stat,"technical,statistical",0,cpu,12500,5e-05,0.0,-4.2234790946671374e-05,-0.00013483479094667138,-0.28977800286992494,-4.2234790946671374e-05,0.2897357680789783,0.005970850172967458,-73.49651460421644,-1.006181276180577,1852,731,1120,-0.00023069480010804979,30285,True,"Requires leakage audit, availability audit, DSR/PBO diagnostics, and explicit cost-sensitivity rerun before Stage B promotion.",/home/harveybc/Documents/GitHub/financial-data/experiments/stage_a_screening/runs/omega/usdchf_4h_ppo_tech_stat_direct_atr_sltp_s0_20260502T094624Z_project3_stage31_firstwave
omega,usdjpy_1h_dqn_baseline_12_direct_atr_sltp_s0_20260502T044338Z_project3_stage31_firstwave,usdjpy,1h,dqn,baseline_12,baseline,0,cpu,8750,5e-05,0.0,-0.009053758701497272,-0.009506508701497272,0.3461281390241573,-0.009053758701497272,-0.35518189772565456,1.1380366862181657,-0.5995116015625027,-1.615894637962129,9055,4134,4920,-0.01005406594491847,117352,True,"Requires leakage audit, availability audit, DSR/PBO diagnostics, and explicit cost-sensitivity rerun before Stage B promotion.",/home/harveybc/Documents/GitHub/financial-data/experiments/stage_a_screening/runs/omega/usdjpy_1h_dqn_baseline_12_direct_atr_sltp_s0_20260502T044338Z_project3_stage31_firstwave
omega,usdjpy_1h_dqn_baseline_12_direct_atr_sltp_s0_20260502T070529Z_project3_stage31_firstwave,usdjpy,1h,dqn,baseline_12,baseline,0,cpu,12500,5e-05,0.0,-0.005504293893948686,-0.005842143893948686,0.3461281390241573,-0.005504293893948686,-0.351632432918106,0.9255164497004529,-0.7065052962435314,-1.2164639274020588,6757,2758,3998,-0.008144003728463557,117352,True,"Requires leakage audit, availability audit, DSR/PBO diagnostics, and explicit cost-sensitivity rerun before Stage B promotion.",/home/harveybc/Documents/GitHub/financial-data/experiments/stage_a_screening/runs/omega/usdjpy_1h_dqn_baseline_12_direct_atr_sltp_s0_20260502T070529Z_project3_stage31_firstwave
omega,usdjpy_1h_dqn_tech_full_direct_atr_sltp_s0_20260502T071053Z_project3_stage31_firstwave,usdjpy,1h,dqn,tech_full,technical,0,cpu,12500,5e-05,0.0,-0.005101276089872542,-0.005345576089872542,0.3774303859306303,-0.005101276089872542,-0.3825316620205028,0.8385862894235586,-0.594844455391083,-0.9850421178578727,4886,2171,2714,-0.010520305547322627,117202,True,"Requires leakage audit, availability audit, DSR/PBO diagnostics, and explicit cost-sensitivity rerun before Stage B promotion.",/home/harveybc/Documents/GitHub/financial-data/experiments/stage_a_screening/runs/omega/usdjpy_1h_dqn_tech_full_direct_atr_sltp_s0_20260502T071053Z_project3_stage31_firstwave
omega,usdjpy_1h_dqn_tech_stat_decomp_direct_atr_sltp_s0_20260502T072258Z_project3_stage31_firstwave,usdjpy,1h,dqn,tech_stat_decomp,"technical,statistical,wavelet,emd,fracdiff",0,cpu,12500,5e-05,0.0,-0.01082203749363797,-0.01122098749363797,0.3805327066196629,-0.01082203749363797,-0.39135474411330085,1.415781844413337,-0.6190982945437709,-2.5068674702642735,7979,3526,4452,-0.014113483083462684,117146,True,"Requires leakage audit, availability audit, DSR/PBO diagnostics, and explicit cost-sensitivity rerun before Stage B promotion.",/home/harveybc/Documents/GitHub/financial-data/experiments/stage_a_screening/runs/omega/usdjpy_1h_dqn_tech_stat_decomp_direct_atr_sltp_s0_20260502T072258Z_project3_stage31_firstwave
omega,usdjpy_1h_dqn_tech_stat_direct_atr_sltp_s0_20260502T071617Z_project3_stage31_firstwave,usdjpy,1h,dqn,tech_stat,"technical,statistical",0,cpu,12500,5e-05,0.0,-0.013083480937422398,-0.013695130937422398,0.3805327066196629,-0.013083480937422398,-0.3936161875570853,1.4744476193626768,-0.5855171209520071,-2.4907843133705194,12233,5525,6707,-0.010837848060071265,117149,True,"Requires leakage audit, availability audit, DSR/PBO diagnostics, and explicit cost-sensitivity rerun before Stage B promotion.",/home/harveybc/Documents/GitHub/financial-data/experiments/stage_a_screening/runs/omega/usdjpy_1h_dqn_tech_stat_direct_atr_sltp_s0_20260502T071617Z_project3_stage31_firstwave
omega,usdjpy_1h_ppo_baseline_12_direct_atr_sltp_s0_20260502T070737Z_project3_stage31_firstwave,usdjpy,1h,ppo,baseline_12,baseline,0,cpu,12500,5e-05,0.0,-0.005504293893948686,-0.005842143893948686,0.3461281390241573,-0.005504293893948686,-0.351632432918106,0.9255164497004529,-0.7065052962435314,-1.2164639274020588,6757,2758,3998,-0.008144003728463557,117352,True,"Requires leakage audit, availability audit, DSR/PBO diagnostics, and explicit cost-sensitivity rerun before Stage B promotion.",/home/harveybc/Documents/GitHub/financial-data/experiments/stage_a_screening/runs/omega/usdjpy_1h_ppo_baseline_12_direct_atr_sltp_s0_20260502T070737Z_project3_stage31_firstwave
omega,usdjpy_1h_ppo_tech_full_direct_atr_sltp_s0_20260502T071303Z_project3_stage31_firstwave,usdjpy,1h,ppo,tech_full,technical,0,cpu,12500,5e-05,0.0,-0.0054272446939483965,-0.005764744693948397,0.3774303859306303,-0.0054272446939483965,-0.38285763062457867,0.9254452471541443,-0.7062010397401548,-1.2001142231171555,6750,2757,3992,-0.008038286737220299,117202,True,"Requires leakage audit, availability audit, DSR/PBO diagnostics, and explicit cost-sensitivity rerun before Stage B promotion.",/home/harveybc/Documents/GitHub/financial-data/experiments/stage_a_screening/runs/omega/usdjpy_1h_ppo_tech_full_direct_atr_sltp_s0_20260502T071303Z_project3_stage31_firstwave
omega,usdjpy_1h_ppo_tech_stat_decomp_direct_atr_sltp_s0_20260502T072511Z_project3_stage31_firstwave,usdjpy,1h,ppo,tech_stat_decomp,"technical,statistical,wavelet,emd,fracdiff",0,cpu,12500,5e-05,0.0,-0.005369361193448108,-0.005706811193448108,0.3805327066196629,-0.005369361193448108,-0.385902067813111,0.9253917631805463,-0.7061552788547393,-1.1877322734344582,6749,2757,3991,-0.00795369919746587,117146,True,"Requires leakage audit, availability audit, DSR/PBO diagnostics, and explicit cost-sensitivity rerun before Stage B promotion.",/home/harveybc/Documents/GitHub/financial-data/experiments/stage_a_screening/runs/omega/usdjpy_1h_ppo_tech_stat_decomp_direct_atr_sltp_s0_20260502T072511Z_project3_stage31_firstwave
omega,usdjpy_1h_ppo_tech_stat_direct_atr_sltp_s0_20260502T050339Z_project3_stage31_firstwave,usdjpy,1h,ppo,tech_stat,"technical,statistical",0,cpu,8750,5e-05,0.0,-0.005379596532698816,-0.005717096532698816,0.3805327066196629,-0.005379596532698816,-0.3859123031523617,0.9254012201167423,-0.7062389132259506,-1.1899935341538086,6750,2757,3992,-0.007967686409393939,117149,True,"Requires leakage audit, availability audit, DSR/PBO diagnostics, and explicit cost-sensitivity rerun before Stage B promotion.",/home/harveybc/Documents/GitHub/financial-data/experiments/stage_a_screening/runs/omega/usdjpy_1h_ppo_tech_stat_direct_atr_sltp_s0_20260502T050339Z_project3_stage31_firstwave
omega,usdjpy_1h_ppo_tech_stat_direct_atr_sltp_s0_20260502T071928Z_project3_stage31_firstwave,usdjpy,1h,ppo,tech_stat,"technical,statistical",0,cpu,12500,5e-05,0.0,-0.005379596532698816,-0.005717096532698816,0.3805327066196629,-0.005379596532698816,-0.3859123031523617,0.9254012201167423,-0.7062389132259506,-1.1899935341538086,6750,2757,3992,-0.007967686409393939,117149,True,"Requires leakage audit, availability audit, DSR/PBO diagnostics, and explicit cost-sensitivity rerun before Stage B promotion.",/home/harveybc/Documents/GitHub/financial-data/experiments/stage_a_screening/runs/omega/usdjpy_1h_ppo_tech_stat_direct_atr_sltp_s0_20260502T071928Z_project3_stage31_firstwave
omega,usdjpy_4h_dqn_baseline_12_direct_atr_sltp_s0_20260502T051205Z_project3_stage31_firstwave,usdjpy,4h,dqn,baseline_12,baseline,0,cpu,8750,5e-05,0.0,-0.0006586941716412165,-0.0007416941716412164,0.36317926900019337,-0.0006586941716412165,-0.3638379631718346,0.5068728507477741,-0.5789270261387494,-0.12885697933900175,1660,716,943,-0.004029468032807978,30495,True,"Requires leakage audit, availability audit, DSR/PBO diagnostics, and explicit cost-sensitivity rerun before Stage B promotion.",/home/harveybc/Documents/GitHub/financial-data/experiments/stage_a_screening/runs/omega/usdjpy_4h_dqn_baseline_12_direct_atr_sltp_s0_20260502T051205Z_project3_stage31_firstwave
omega,usdjpy_4h_dqn_baseline_12_direct_atr_sltp_s0_20260502T072755Z_project3_stage31_firstwave,usdjpy,4h,dqn,baseline_12,baseline,0,cpu,12500,5e-05,0.0,-0.005740278211080141,-0.005891328211080141,0.36317926900019337,-0.005740278211080141,-0.3689195472112735,0.8466758162959731,-0.5569156305588175,-1.0061112960022127,3021,1300,1720,-0.019039976112819212,30495,True,"Requires leakage audit, availability audit, DSR/PBO diagnostics, and explicit cost-sensitivity rerun before Stage B promotion.",/home/harveybc/Documents/GitHub/financial-data/experiments/stage_a_screening/runs/omega/usdjpy_4h_dqn_baseline_12_direct_atr_sltp_s0_20260502T072755Z_project3_stage31_firstwave
omega,usdjpy_4h_dqn_tech_full_direct_atr_sltp_s0_20260502T045003Z_project3_stage31_firstwave,usdjpy,4h,dqn,tech_full,technical,0,cpu,8750,5e-05,0.0,0.0017559209703563727,0.0015920709703563726,0.33339638702355034,0.0017559209703563727,-0.33164046605319397,0.7649048118453253,-0.5306484482842383,0.34143682253607555,3277,1545,1731,0.005239391207701345,30345,True,"Requires leakage audit, availability audit, DSR/PBO diagnostics, and explicit cost-sensitivity rerun before Stage B promotion.",/home/harveybc/Documents/GitHub/financial-data/experiments/stage_a_screening/runs/omega/usdjpy_4h_dqn_tech_full_direct_atr_sltp_s0_20260502T045003Z_project3_stage31_firstwave
omega,usdjpy_4h_dqn_tech_full_direct_atr_sltp_s0_20260502T073041Z_project3_stage31_firstwave,usdjpy,4h,dqn,tech_full,technical,0,cpu,12500,5e-05,0.0,-0.0004719416871404869,-0.0004991416871404869,0.33339638702355034,-0.0004719416871404869,-0.33386832871069083,0.41973387411394153,-1.0328101021210068,-0.14728722926129467,544,215,329,-0.00867539866071464,30345,True,"Requires leakage audit, availability audit, DSR/PBO diagnostics, and explicit cost-sensitivity rerun before Stage B promotion.",/home/harveybc/Documents/GitHub/financial-data/experiments/stage_a_screening/runs/omega/usdjpy_4h_dqn_tech_full_direct_atr_sltp_s0_20260502T073041Z_project3_stage31_firstwave
omega,usdjpy_4h_dqn_tech_stat_decomp_direct_atr_sltp_s0_20260502T073506Z_project3_stage31_firstwave,usdjpy,4h,dqn,tech_stat_decomp,"technical,statistical,wavelet,emd,fracdiff",0,cpu,12500,5e-05,0.0,-0.008453314316423377,-0.008601164316423377,0.33276611835885794,-0.008453314316423377,-0.3412194326752813,1.097123489619675,-0.5603512668305523,-1.4712273323710074,2957,1274,1682,-0.026411078619756365,30289,True,"Requires leakage audit, availability audit, DSR/PBO diagnostics, and explicit cost-sensitivity rerun before Stage B promotion.",/home/harveybc/Documents/GitHub/financial-data/experiments/stage_a_screening/runs/omega/usdjpy_4h_dqn_tech_stat_decomp_direct_atr_sltp_s0_20260502T073506Z_project3_stage31_firstwave
omega,usdjpy_4h_dqn_tech_stat_direct_atr_sltp_s0_20260502T073256Z_project3_stage31_firstwave,usdjpy,4h,dqn,tech_stat,"technical,statistical",0,cpu,12500,5e-05,0.0,-0.001692773461785313,-0.0016951234617853129,0.3364299933642998,-0.001692773461785313,-0.3381227668260851,0.18494982125460663,-2.8388089199634035,-1.6915773346911775,47,17,30,-0.3601645663373859,30292,True,"Requires leakage audit, availability audit, DSR/PBO diagnostics, and explicit cost-sensitivity rerun before Stage B promotion.",/home/harveybc/Documents/GitHub/financial-data/experiments/stage_a_screening/runs/omega/usdjpy_4h_dqn_tech_stat_direct_atr_sltp_s0_20260502T073256Z_project3_stage31_firstwave
omega,usdjpy_4h_ppo_baseline_12_direct_atr_sltp_s0_20260502T043721Z_project3_stage31_firstwave,usdjpy,4h,ppo,baseline_12,baseline,0,cpu,8750,5e-05,0.0,-0.0007989561825010316,-0.0009494561825010316,0.36317926900019337,-0.0007989561825010316,-0.3639782251826944,0.5902716705891112,-0.5000987393374947,-1.101949075214383,3010,1416,1593,-0.013252371112851404,30495,True,"Requires leakage audit, availability audit, DSR/PBO diagnostics, and explicit cost-sensitivity rerun before Stage B promotion.",/home/harveybc/Documents/GitHub/financial-data/experiments/stage_a_screening/runs/omega/usdjpy_4h_ppo_baseline_12_direct_atr_sltp_s0_20260502T043721Z_project3_stage31_firstwave
omega,usdjpy_4h_ppo_baseline_12_direct_atr_sltp_s0_20260502T072933Z_project3_stage31_firstwave,usdjpy,4h,ppo,baseline_12,baseline,0,cpu,12500,5e-05,0.0,-0.0007989561825010316,-0.0008916561825010317,0.36317926900019337,-0.0007989561825010316,-0.3639782251826944,0.5224916617736471,-0.6763281409762149,-0.17522321857444617,1854,767,1086,-0.004366712506745669,30495,True,"Requires leakage audit, availability audit, DSR/PBO diagnostics, and explicit cost-sensitivity rerun before Stage B promotion.",/home/harveybc/Documents/GitHub/financial-data/experiments/stage_a_screening/runs/omega/usdjpy_4h_ppo_baseline_12_direct_atr_sltp_s0_20260502T072933Z_project3_stage31_firstwave
omega,usdjpy_4h_ppo_tech_full_direct_atr_sltp_s0_20260502T073149Z_project3_stage31_firstwave,usdjpy,4h,ppo,tech_full,technical,0,cpu,12500,5e-05,0.0,-0.0010429238575007105,-0.0012736238575007104,0.33339638702355034,-0.0010429238575007105,-0.33443931088105106,1.1376741032425077,-0.5357501185242547,-1.8969237661733818,4614,2184,2429,-0.01823990049317124,30345,True,"Requires leakage audit, availability audit, DSR/PBO diagnostics, and explicit cost-sensitivity rerun before Stage B promotion.",/home/harveybc/Documents/GitHub/financial-data/experiments/stage_a_screening/runs/omega/usdjpy_4h_ppo_tech_full_direct_atr_sltp_s0_20260502T073149Z_project3_stage31_firstwave
omega,usdjpy_4h_ppo_tech_stat_decomp_direct_atr_sltp_s0_20260502T073614Z_project3_stage31_firstwave,usdjpy,4h,ppo,tech_stat_decomp,"technical,statistical,wavelet,emd,fracdiff",0,cpu,12500,5e-05,0.0,-0.000984625057500521,-0.0010764750575005212,0.33276611835885794,-0.000984625057500521,-0.33375074341635846,0.5225885255460265,-0.6761600921206985,-0.2160427833965201,1837,759,1077,-0.005418413412309238,30289,True,"Requires leakage audit, availability audit, DSR/PBO diagnostics, and explicit cost-sensitivity rerun before Stage B promotion.",/home/harveybc/Documents/GitHub/financial-data/experiments/stage_a_screening/runs/omega/usdjpy_4h_ppo_tech_stat_decomp_direct_atr_sltp_s0_20260502T073614Z_project3_stage31_firstwave
omega,usdjpy_4h_ppo_tech_stat_direct_atr_sltp_s0_20260502T045831Z_project3_stage31_firstwave,usdjpy,4h,ppo,tech_stat,"technical,statistical",0,cpu,8750,5e-05,0.0,-0.000988339757500345,-0.001080189757500345,0.3364299933642998,-0.000988339757500345,-0.33741833312180014,0.522590463877908,-0.6762027874856857,-0.21684871104308187,1837,759,1077,-0.005438645983115337,30292,True,"Requires leakage audit, availability audit, DSR/PBO diagnostics, and explicit cost-sensitivity rerun before Stage B promotion.",/home/harveybc/Documents/GitHub/financial-data/experiments/stage_a_screening/runs/omega/usdjpy_4h_ppo_tech_stat_direct_atr_sltp_s0_20260502T045831Z_project3_stage31_firstwave
omega,usdjpy_4h_ppo_tech_stat_direct_atr_sltp_s0_20260502T073403Z_project3_stage31_firstwave,usdjpy,4h,ppo,tech_stat,"technical,statistical",0,cpu,12500,5e-05,0.0,-0.000988339757500345,-0.001080189757500345,0.3364299933642998,-0.000988339757500345,-0.33741833312180014,0.522590463877908,-0.6762027874856857,-0.21684871104308187,1837,759,1077,-0.005438645983115337,30292,True,"Requires leakage audit, availability audit, DSR/PBO diagnostics, and explicit cost-sensitivity rerun before Stage B promotion.",/home/harveybc/Documents/GitHub/financial-data/experiments/stage_a_screening/runs/omega/usdjpy_4h_ppo_tech_stat_direct_atr_sltp_s0_20260502T073403Z_project3_stage31_firstwave
