DateTime,Open,High,Low,Close,Volume
2005-01-03,1.3555,1.3576,1.3441,1.3487,0
2005-01-04,1.3486,1.3497,1.3252,1.3268,0
2005-01-05,1.3269,1.3303,1.3216,1.3261,0
2005-01-06,1.3262,1.3272,1.3158,1.3198,0
2005-01-07,1.3197,1.3251,1.3028,1.3053,0
2005-01-09,1.3053,1.3092,1.3053,1.3081,0
2005-01-10,1.3082,1.3137,1.3061,1.3134,0
2005-01-11,1.3133,1.3173,1.3103,1.3114,0
2005-01-12,1.3115,1.3295,1.3084,1.3255,0
2005-01-13,1.3254,1.3268,1.311,1.3112,0
2005-01-14,1.3117,1.3138,1.3058,1.3118,0
2005-01-16,1.3118,1.3121,1.3094,1.3112,0
2005-01-17,1.3113,1.3129,1.301,1.3035,0
2005-01-18,1.3033,1.3076,1.2997,1.3027,0
2005-01-19,1.3028,1.3119,1.2965,1.301,0
2005-01-20,1.3011,1.3027,1.2924,1.2956,0
2005-01-21,1.2957,1.3069,1.2945,1.3049,0
2005-01-23,1.3049,1.3058,1.3033,1.3048,0
2005-01-24,1.3049,1.31,1.3007,1.3023,0
2005-01-25,1.3024,1.3076,1.2947,1.2988,0
2005-01-26,1.2987,1.3109,1.2971,1.3077,0
2005-01-27,1.3076,1.3125,1.3013,1.3027,0
2005-01-28,1.3028,1.3081,1.2988,1.3044,0
2005-01-30,1.3044,1.3044,1.3009,1.3027,0
2005-01-31,1.3028,1.3061,1.2977,1.3052,0
2005-02-01,1.3051,1.3089,1.3004,1.308,0
2005-02-02,1.3081,1.3094,1.3012,1.3021,0
2005-02-03,1.3022,1.3038,1.2944,1.2971,0
2005-02-04,1.297,1.3045,1.2869,1.2873,0
2005-02-06,1.2832,1.2848,1.2828,1.2829,0
2005-02-07,1.283,1.2866,1.2734,1.2763,0
2005-02-08,1.2762,1.2799,1.2735,1.2759,0
2005-02-09,1.276,1.2824,1.2741,1.2814,0
2005-02-10,1.2815,1.2908,1.274,1.2878,0
2005-02-11,1.2879,1.2898,1.2848,1.2869,0
2005-02-13,1.2869,1.2957,1.2869,1.2935,0
2005-02-14,1.2936,1.2991,1.2928,1.2957,0
2005-02-15,1.2958,1.3054,1.2954,1.3022,0
2005-02-16,1.3021,1.3065,1.2961,1.3047,0
2005-02-17,1.3046,1.309,1.3016,1.307,0
2005-02-18,1.3071,1.3084,1.3016,1.3076,0
2005-02-20,1.3076,1.3076,1.3035,1.3052,0
2005-02-21,1.3051,1.3166,1.3048,1.3149,0
2005-02-22,1.3149,1.3276,1.3147,1.3241,0
2005-02-23,1.3242,1.3251,1.3186,1.3237,0
2005-02-24,1.3236,1.3271,1.3179,1.3208,0
2005-02-25,1.3207,1.325,1.3148,1.3249,0
2005-02-27,1.3249,1.3281,1.3234,1.3263,0
2005-02-28,1.3264,1.3281,1.317,1.3195,0
2005-03-01,1.3196,1.3228,1.3149,1.3169,0
2005-03-02,1.317,1.3176,1.309,1.3138,0
2005-03-03,1.3137,1.3168,1.3098,1.3107,0
2005-03-04,1.3106,1.3255,1.309,1.3245,0
2005-03-06,1.324,1.325,1.3229,1.3234,0
2005-03-07,1.3235,1.3242,1.3181,1.3226,0
2005-03-08,1.3227,1.3363,1.3216,1.3348,0
2005-03-09,1.3347,1.3458,1.3333,1.3435,0
2005-03-10,1.3434,1.3455,1.3399,1.3427,0
2005-03-11,1.3426,1.3481,1.3396,1.3457,0
2005-03-13,1.3465,1.3478,1.3444,1.3453,0
2005-03-14,1.3454,1.3457,1.3337,1.3368,0
2005-03-15,1.3367,1.3412,1.3293,1.3314,0
2005-03-16,1.3315,1.344,1.3311,1.3402,0
2005-03-17,1.3401,1.3421,1.3344,1.3373,0
2005-03-18,1.3372,1.3373,1.3267,1.3321,0
2005-03-20,1.3312,1.3318,1.3253,1.3259,0
2005-03-21,1.3258,1.3276,1.3142,1.3165,0
2005-03-22,1.3166,1.3224,1.3056,1.3084,0
2005-03-23,1.3083,1.3088,1.2963,1.2993,0
2005-03-24,1.2992,1.3034,1.2931,1.2945,0
2005-03-25,1.2944,1.2971,1.2942,1.296,0
2005-03-27,1.2957,1.2958,1.2888,1.291,0
2005-03-28,1.2911,1.2956,1.2859,1.2937,0
2005-03-29,1.2939,1.2968,1.2899,1.295,0
2005-03-30,1.295,1.2985,1.2914,1.2917,0
2005-03-31,1.2918,1.3019,1.2915,1.296,0
2005-04-01,1.2961,1.3058,1.2873,1.2908,0
2005-04-03,1.2895,1.2906,1.2881,1.2899,0
2005-04-04,1.29,1.2904,1.2818,1.2826,0
2005-04-05,1.2825,1.2887,1.2802,1.2874,0
2005-04-06,1.2873,1.2912,1.2843,1.2885,0
2005-04-07,1.2886,1.2941,1.2815,1.2824,0
2005-04-08,1.2823,1.2934,1.2811,1.2933,0
2005-04-10,1.2933,1.2946,1.291,1.2928,0
2005-04-11,1.2929,1.3004,1.2921,1.2979,0
2005-04-12,1.298,1.3016,1.2865,1.2913,0
2005-04-13,1.2914,1.2957,1.2851,1.2881,0
2005-04-14,1.2882,1.289,1.2769,1.2807,0
2005-04-15,1.2805,1.2942,1.2781,1.2921,0
2005-04-17,1.2915,1.2928,1.2878,1.289,0
2005-04-18,1.2889,1.3046,1.2886,1.3018,0
2005-04-19,1.3019,1.3084,1.2984,1.3074,0
2005-04-20,1.3073,1.3111,1.2994,1.3097,0
2005-04-21,1.3096,1.3125,1.3023,1.3036,0
2005-04-22,1.3037,1.3094,1.3032,1.3065,0
2005-04-24,1.3064,1.3071,1.3003,1.3015,0
2005-04-25,1.3016,1.3047,1.2955,1.3011,0
2005-04-26,1.301,1.3015,1.2947,1.2974,0
2005-04-27,1.2975,1.299,1.2907,1.2931,0
2005-04-28,1.2932,1.2943,1.2884,1.2917,0
2005-04-29,1.2916,1.298,1.2856,1.2866,0
2005-05-01,1.2866,1.287,1.2842,1.2855,0
2005-05-02,1.2855,1.2876,1.2833,1.2839,0
2005-05-03,1.2838,1.2967,1.2833,1.2959,0
2005-05-04,1.2959,1.2974,1.292,1.2941,0
2005-05-05,1.2941,1.2992,1.2928,1.2946,0
2005-05-06,1.2946,1.2966,1.2813,1.2821,0
2005-05-08,1.2819,1.2829,1.2796,1.2805,0
2005-05-09,1.2804,1.2872,1.2792,1.2855,0
2005-05-10,1.2856,1.2897,1.2817,1.2871,0
2005-05-11,1.287,1.2912,1.278,1.281,0
2005-05-12,1.2809,1.2811,1.2667,1.2676,0
2005-05-13,1.2676,1.2691,1.2611,1.2627,0
2005-05-15,1.263,1.2633,1.2585,1.2606,0
2005-05-16,1.2606,1.2651,1.2583,1.263,0
2005-05-17,1.2629,1.2667,1.2589,1.2613,0
2005-05-18,1.2613,1.2691,1.2605,1.2684,0
2005-05-19,1.2684,1.2687,1.2606,1.2644,0
2005-05-20,1.2645,1.2656,1.2536,1.2566,0
2005-05-22,1.2552,1.2567,1.2544,1.2566,0
2005-05-23,1.2567,1.2599,1.2537,1.2568,0
2005-05-24,1.2569,1.263,1.2562,1.2594,0
2005-05-25,1.2593,1.262,1.2554,1.2601,0
2005-05-26,1.2602,1.2605,1.2497,1.2518,0
2005-05-27,1.2519,1.2591,1.2517,1.258,0
2005-05-29,1.2529,1.2547,1.2513,1.254,0
2005-05-30,1.2541,1.2541,1.2373,1.2398,0
2005-05-31,1.2397,1.2412,1.2298,1.2316,0
2005-06-01,1.2317,1.2341,1.2162,1.2211,0
2005-06-02,1.2212,1.23,1.2184,1.2291,0
2005-06-03,1.229,1.2341,1.2208,1.2232,0
2005-06-05,1.2231,1.2266,1.2222,1.2262,0
2005-06-06,1.2263,1.2296,1.2233,1.2256,0
2005-06-07,1.2255,1.2325,1.2254,1.231,0
2005-06-08,1.2309,1.2355,1.2209,1.2239,0
2005-06-09,1.224,1.226,1.2177,1.2235,0
2005-06-10,1.2234,1.2248,1.2109,1.212,0
2005-06-12,1.211,1.2122,1.2068,1.2098,0
2005-06-13,1.2099,1.2151,1.2029,1.2134,0
2005-06-14,1.2135,1.2153,1.2018,1.2047,0
2005-06-15,1.2048,1.2134,1.2032,1.2072,0
2005-06-16,1.2073,1.2169,1.2059,1.2108,0
2005-06-17,1.2107,1.2287,1.2093,1.2284,0
2005-06-19,1.222,1.224,1.2184,1.2236,0
2005-06-20,1.2235,1.224,1.2125,1.2145,0
2005-06-21,1.2146,1.2207,1.2073,1.2167,0
2005-06-22,1.2166,1.22,1.2101,1.2128,0
2005-06-23,1.2127,1.2131,1.2018,1.2021,0
2005-06-24,1.202,1.2109,1.1984,1.2103,0
2005-06-26,1.2095,1.2139,1.2092,1.2128,0
2005-06-27,1.2129,1.2187,1.2126,1.2162,0
2005-06-28,1.2161,1.217,1.2053,1.2066,0
2005-06-29,1.2067,1.2113,1.2018,1.2093,0
2005-06-30,1.2094,1.2121,1.2046,1.2105,0
2005-07-03,1.1945,1.1948,1.1904,1.1912,0
2005-07-04,1.1913,1.195,1.1893,1.1914,0
2005-07-05,1.1915,1.194,1.187,1.1915,0
2005-07-06,1.1916,1.1953,1.1895,1.1919,0
2005-07-07,1.192,1.2039,1.1917,1.1935,0
2005-07-08,1.1936,1.199,1.1877,1.1969,0
2005-07-10,1.197,1.2007,1.1958,1.2002,0
2005-07-11,1.2003,1.2156,1.1993,1.2153,0
2005-07-12,1.2152,1.2257,1.2144,1.2221,0
2005-07-13,1.222,1.2229,1.206,1.2068,0
2005-07-14,1.2067,1.2126,1.2061,1.2099,0
2005-07-15,1.2098,1.2138,1.2025,1.2044,0
2005-07-17,1.2031,1.2056,1.2024,1.2049,0
2005-07-18,1.2048,1.2091,1.2044,1.2054,0
2005-07-19,1.2053,1.2099,1.1956,1.2083,0
2005-07-20,1.2084,1.2202,1.1999,1.2165,0
2005-07-21,1.2164,1.2257,1.2101,1.2176,0
2005-07-22,1.2175,1.2192,1.2056,1.206,0
2005-07-24,1.206,1.2064,1.2038,1.2055,0
2005-07-25,1.2054,1.209,1.2024,1.2038,0
2005-07-26,1.2037,1.2064,1.1982,1.2016,0
2005-07-27,1.2015,1.2087,1.1968,1.2075,0
2005-07-28,1.2074,1.215,1.2038,1.2126,0
2005-07-29,1.2127,1.2162,1.2077,1.213,0
2005-07-31,1.2128,1.2188,1.2121,1.2184,0
2005-08-01,1.2183,1.2252,1.2166,1.2222,0
2005-08-02,1.2223,1.2255,1.2151,1.2166,0
2005-08-03,1.2165,1.2386,1.216,1.2332,0
2005-08-04,1.2331,1.2404,1.2301,1.2362,0
2005-08-05,1.2361,1.2397,1.2315,1.2355,0
2005-08-07,1.236,1.236,1.233,1.2337,0
2005-08-08,1.2336,1.2401,1.2318,1.2366,0
2005-08-09,1.2367,1.2416,1.2332,1.2362,0
2005-08-10,1.2363,1.2427,1.2339,1.2417,0
2005-08-11,1.2418,1.2477,1.2391,1.2464,0
2005-08-12,1.2463,1.2487,1.2386,1.244,0
2005-08-14,1.2465,1.2468,1.2407,1.2422,0
2005-08-15,1.2421,1.2423,1.2329,1.2332,0
2005-08-16,1.2333,1.2375,1.2298,1.2335,0
2005-08-17,1.2336,1.2336,1.2263,1.229,0
2005-08-18,1.2291,1.2295,1.2161,1.2172,0
2005-08-19,1.2173,1.2195,1.2129,1.2167,0
2005-08-21,1.2167,1.2193,1.2159,1.2182,0
2005-08-22,1.2183,1.2244,1.2165,1.2212,0
2005-08-23,1.2211,1.2256,1.2194,1.2213,0
2005-08-24,1.2212,1.2316,1.2164,1.2304,0
2005-08-25,1.2303,1.233,1.2266,1.2304,0
2005-08-26,1.2303,1.2343,1.2274,1.2285,0
2005-08-28,1.2298,1.2349,1.2284,1.2324,0
2005-08-29,1.2323,1.2346,1.2211,1.2212,0
2005-08-30,1.2211,1.2236,1.2173,1.2231,0
2005-08-31,1.2232,1.2359,1.2192,1.2337,0
2005-09-01,1.2336,1.2525,1.2329,1.2482,0
2005-09-02,1.2483,1.2591,1.2476,1.2542,0
2005-09-04,1.2541,1.2582,1.2531,1.2577,0
2005-09-05,1.2578,1.2587,1.2486,1.249,0
2005-09-06,1.2491,1.2518,1.2445,1.2484,0
2005-09-07,1.2485,1.254,1.2406,1.2431,0
2005-09-08,1.243,1.2453,1.2376,1.2424,0
2005-09-09,1.2425,1.246,1.2383,1.2418,0
2005-09-11,1.2407,1.2418,1.2311,1.2336,0
2005-09-12,1.2335,1.2351,1.2272,1.2307,0
2005-09-13,1.2306,1.2315,1.2247,1.2298,0
2005-09-14,1.2297,1.2334,1.2213,1.2226,0
2005-09-15,1.2227,1.2265,1.2196,1.2258,0
2005-09-16,1.2257,1.231,1.2201,1.2233,0
2005-09-18,1.2171,1.2178,1.2146,1.217,0
2005-09-19,1.2169,1.2176,1.2103,1.2165,0
2005-09-20,1.2164,1.2193,1.2113,1.2166,0
2005-09-21,1.2165,1.2271,1.2164,1.2212,0
2005-09-22,1.2211,1.2239,1.2133,1.2161,0
2005-09-23,1.216,1.2164,1.2043,1.2043,0
2005-09-25,1.2032,1.2045,1.2011,1.2044,0
2005-09-26,1.2043,1.2084,1.2019,1.2033,0
2005-09-27,1.2032,1.2048,1.1979,1.2031,0
2005-09-28,1.2031,1.2073,1.1994,1.2066,0
2005-09-29,1.2066,1.2078,1.2006,1.2051,0
2005-09-30,1.205,1.2093,1.1998,1.2026,0
2005-10-02,1.2026,1.2035,1.1928,1.1948,0
2005-10-03,1.1946,1.1971,1.1901,1.1926,0
2005-10-04,1.1925,1.195,1.1907,1.1943,0
2005-10-05,1.1942,1.206,1.1931,1.2054,0
2005-10-06,1.2055,1.2205,1.2039,1.2169,0
2005-10-07,1.217,1.2181,1.2093,1.2125,0
2005-10-09,1.2118,1.2136,1.2112,1.2124,0
2005-10-10,1.2125,1.2154,1.2022,1.2033,0
2005-10-11,1.2034,1.2049,1.1958,1.1981,0
2005-10-12,1.198,1.2053,1.1954,1.1986,0
2005-10-13,1.1985,1.2039,1.1916,1.2038,0
2005-10-14,1.2039,1.2109,1.1982,1.2085,0
2005-10-16,1.2086,1.2123,1.206,1.211,0
2005-10-17,1.2109,1.211,1.1985,1.2002,0
2005-10-18,1.2001,1.2004,1.1918,1.1933,0
2005-10-19,1.1932,1.2006,1.1876,1.1962,0
2005-10-20,1.1963,1.2079,1.195,1.2047,0
2005-10-21,1.2047,1.206,1.1931,1.1952,0
2005-10-23,1.1939,1.1949,1.1923,1.1934,0
2005-10-24,1.1933,1.2022,1.193,1.1977,0
2005-10-25,1.1978,1.212,1.1939,1.2107,0
2005-10-26,1.2106,1.2139,1.2043,1.2114,0
2005-10-27,1.2113,1.2174,1.2085,1.2138,0
2005-10-28,1.2139,1.2171,1.2051,1.2068,0
2005-10-30,1.2062,1.2074,1.2046,1.2048,0
2005-10-31,1.2049,1.209,1.1971,1.198,0
2005-11-01,1.1979,1.2046,1.1973,1.2043,0
2005-11-02,1.2042,1.2086,1.1991,1.2073,0
2005-11-03,1.2074,1.2083,1.1933,1.1935,0
2005-11-04,1.1934,1.1996,1.1804,1.1823,0
2005-11-06,1.1813,1.1826,1.1804,1.1818,0
2005-11-07,1.1817,1.1834,1.1712,1.1726,0
2005-11-08,1.1725,1.1795,1.1711,1.1764,0
2005-11-09,1.1765,1.179,1.172,1.176,0
2005-11-10,1.1761,1.18,1.1673,1.1699,0
2005-11-11,1.1698,1.1734,1.1685,1.1725,0
2005-11-13,1.1723,1.1774,1.1716,1.1766,0
2005-11-14,1.1766,1.1774,1.1662,1.1695,0
2005-11-15,1.1694,1.1739,1.1641,1.1717,0
2005-11-16,1.1717,1.1731,1.1648,1.1677,0
2005-11-17,1.1678,1.1764,1.1645,1.1724,0
2005-11-18,1.1723,1.1796,1.1666,1.1775,0
2005-11-20,1.1774,1.1787,1.1764,1.1783,0
2005-11-21,1.1784,1.1839,1.1721,1.173,0
2005-11-22,1.1731,1.1829,1.1688,1.1814,0
2005-11-23,1.1813,1.1868,1.1766,1.1818,0
2005-11-24,1.1817,1.1824,1.1758,1.1774,0
2005-11-25,1.1775,1.1777,1.1712,1.1726,0
2005-11-27,1.1715,1.1718,1.169,1.1699,0
2005-11-28,1.17,1.1905,1.1684,1.1825,0
2005-11-29,1.1826,1.1839,1.174,1.1778,0
2005-11-30,1.1777,1.1806,1.1755,1.1784,0
2005-12-01,1.1783,1.1794,1.1693,1.1726,0
2005-12-02,1.1727,1.175,1.1664,1.1719,0
2005-12-04,1.1703,1.172,1.169,1.1695,0
2005-12-05,1.1696,1.1822,1.169,1.1788,0
2005-12-06,1.1789,1.1809,1.1757,1.1776,0
2005-12-07,1.1777,1.1782,1.1706,1.172,0
2005-12-08,1.1721,1.1851,1.1713,1.1815,0
2005-12-09,1.1814,1.1838,1.1768,1.1814,0
2005-12-11,1.1784,1.1849,1.178,1.1842,0
2005-12-12,1.1843,1.1985,1.1821,1.1958,0
2005-12-13,1.1959,1.204,1.1909,1.2016,0
2005-12-14,1.2017,1.2108,1.1963,1.1997,0
2005-12-15,1.1996,1.2041,1.1936,1.196,0
2005-12-16,1.1959,1.2028,1.1959,1.2015,0
2005-12-18,1.2029,1.2041,1.2009,1.2015,0
2005-12-19,1.2014,1.2032,1.1964,1.1984,0
2005-12-20,1.1983,1.1998,1.1841,1.1869,0
2005-12-21,1.1868,1.1914,1.1803,1.1836,0
2005-12-22,1.1835,1.1898,1.1811,1.1877,0
2005-12-23,1.1876,1.1887,1.183,1.1878,0
2005-12-26,1.1839,1.1849,1.1834,1.1841,0
2005-12-27,1.1842,1.1878,1.1828,1.1847,0
2005-12-28,1.1846,1.1934,1.1814,1.1848,0
2005-12-29,1.1849,1.1885,1.1822,1.1843,0
2006-01-02,1.1815,1.1881,1.1815,1.1881,0
2006-01-03,1.1882,1.2084,1.1863,1.2066,0
2006-01-04,1.2065,1.2147,1.2034,1.21,0
2006-01-05,1.2099,1.2128,1.2067,1.2093,0
2006-01-06,1.2092,1.2182,1.2084,1.2153,0
2006-01-08,1.2149,1.2155,1.2132,1.2145,0
2006-01-09,1.2144,1.215,1.2046,1.2064,0
2006-01-10,1.2063,1.2111,1.2039,1.207,0
2006-01-11,1.2069,1.2162,1.2046,1.2139,0
2006-01-12,1.2138,1.2165,1.2009,1.204,0
2006-01-13,1.2039,1.2145,1.2037,1.2136,0
2006-01-15,1.2151,1.2177,1.2142,1.2159,0
2006-01-16,1.2158,1.2158,1.2079,1.2118,0
2006-01-17,1.2119,1.2143,1.2052,1.2091,0
2006-01-18,1.2092,1.2161,1.2072,1.2098,0
2006-01-19,1.2099,1.2127,1.2054,1.2082,0
2006-01-20,1.2083,1.2142,1.2042,1.2141,0
2006-01-22,1.2145,1.2261,1.214,1.2242,0
2006-01-23,1.2241,1.2324,1.2225,1.2288,0
2006-01-24,1.2287,1.2312,1.2254,1.2271,0
2006-01-25,1.227,1.2326,1.2238,1.2256,0
2006-01-26,1.2256,1.227,1.2195,1.2216,0
2006-01-27,1.2215,1.2236,1.2087,1.2105,0
2006-01-29,1.2109,1.2112,1.2086,1.209,0
2006-01-30,1.209,1.2117,1.2066,1.2099,0
2006-01-31,1.2098,1.2192,1.2089,1.2157,0
2006-02-01,1.2158,1.2164,1.205,1.2064,0
2006-02-02,1.2063,1.2114,1.2033,1.2093,0
2006-02-03,1.2093,1.2096,1.197,1.2026,0
2006-02-05,1.2039,1.2048,1.2014,1.2021,0
2006-02-06,1.2022,1.2032,1.1948,1.1969,0
2006-02-07,1.1969,1.2017,1.1945,1.1969,0
2006-02-08,1.1968,1.1996,1.1925,1.1977,0
2006-02-09,1.1976,1.2016,1.1949,1.1987,0
2006-02-10,1.1986,1.2026,1.1894,1.1902,0
2006-02-12,1.1902,1.1907,1.1888,1.1899,0
2006-02-13,1.19,1.192,1.1879,1.1906,0
2006-02-14,1.1907,1.1935,1.1861,1.1923,0
2006-02-15,1.1924,1.1955,1.1871,1.1887,0
2006-02-16,1.1888,1.1917,1.1852,1.1888,0
2006-02-17,1.1889,1.1945,1.1862,1.1937,0
2006-02-19,1.1934,1.1978,1.1925,1.1975,0
2006-02-20,1.1974,1.1975,1.1915,1.1924,0
2006-02-21,1.1923,1.1932,1.1892,1.1921,0
2006-02-22,1.1922,1.1928,1.1865,1.1912,0
2006-02-23,1.1911,1.1971,1.1902,1.1928,0
2006-02-24,1.1927,1.1931,1.1865,1.1876,0
2006-02-26,1.1876,1.188,1.1827,1.1875,0
2006-02-27,1.1876,1.1876,1.1836,1.1861,0
2006-02-28,1.186,1.1952,1.1844,1.1944,0
2006-03-01,1.1945,1.1977,1.1891,1.1921,0
2006-03-02,1.192,1.2047,1.192,1.203,0
2006-03-03,1.2029,1.2053,1.1997,1.2042,0
2006-03-05,1.2049,1.2094,1.2044,1.2064,0
2006-03-06,1.2063,1.2083,1.195,1.1958,0
2006-03-07,1.1959,1.1975,1.1871,1.1898,0
2006-03-08,1.1897,1.195,1.1891,1.195,0
2006-03-09,1.1951,1.1954,1.1891,1.1905,0
2006-03-10,1.1904,1.1928,1.1861,1.1919,0
2006-03-12,1.1917,1.1951,1.1913,1.1947,0
2006-03-13,1.1948,1.1984,1.1919,1.1975,0
2006-03-14,1.1974,1.2034,1.1943,1.202,0
2006-03-15,1.2021,1.2076,1.2016,1.2051,0
2006-03-16,1.2052,1.219,1.2039,1.2173,0
2006-03-17,1.2172,1.2208,1.2144,1.219,0
2006-03-19,1.2184,1.2188,1.2168,1.2172,0
2006-03-20,1.2171,1.2197,1.2125,1.2136,0
2006-03-21,1.2135,1.2166,1.2077,1.2093,0
2006-03-22,1.2094,1.2108,1.205,1.2058,0
2006-03-23,1.2057,1.2079,1.1958,1.1969,0
2006-03-24,1.1968,1.2047,1.1954,1.2037,0
2006-03-26,1.2041,1.206,1.2018,1.2053,0
2006-03-27,1.2054,1.2058,1.1995,1.2005,0
2006-03-28,1.2004,1.2108,1.1996,1.2004,0
2006-03-29,1.2003,1.2078,1.1981,1.2076,0
2006-03-30,1.2075,1.2179,1.2049,1.2158,0
2006-03-31,1.2159,1.2164,1.2084,1.2118,0
2006-04-02,1.2118,1.2126,1.2066,1.2072,0
2006-04-03,1.2073,1.2157,1.2035,1.2144,0
2006-04-04,1.2143,1.2279,1.2123,1.2271,0
2006-04-05,1.2272,1.2306,1.2247,1.2292,0
2006-04-06,1.2291,1.2335,1.2188,1.2202,0
2006-04-07,1.2203,1.2226,1.2092,1.2095,0
2006-04-09,1.2106,1.2124,1.2102,1.2114,0
2006-04-10,1.2115,1.213,1.2077,1.2109,0
2006-04-11,1.211,1.217,1.2098,1.2163,0
2006-04-12,1.2162,1.2165,1.2068,1.2107,0
2006-04-13,1.2106,1.2135,1.2071,1.2113,0
2006-04-14,1.2114,1.2119,1.2102,1.2112,0
2006-04-16,1.2123,1.22,1.2122,1.2185,0
2006-04-17,1.2186,1.229,1.2169,1.2265,0
2006-04-18,1.2264,1.237,1.2227,1.2351,0
2006-04-19,1.2352,1.2396,1.2288,1.2355,0
2006-04-20,1.2356,1.2364,1.2273,1.2313,0
2006-04-21,1.2311,1.2361,1.2268,1.2344,0
2006-04-23,1.2373,1.2381,1.2342,1.2346,0
2006-04-24,1.2345,1.2415,1.2334,1.2378,0
2006-04-25,1.2377,1.2442,1.2369,1.2419,0
2006-04-26,1.242,1.2472,1.2387,1.2454,0
2006-04-27,1.2455,1.255,1.2407,1.2526,0
2006-04-28,1.2527,1.2644,1.2525,1.2635,0
2006-04-30,1.2632,1.2638,1.2612,1.2629,0
2006-05-01,1.2628,1.2693,1.2557,1.2585,0
2006-05-02,1.2586,1.2669,1.2562,1.2646,0
2006-05-03,1.2647,1.2672,1.2592,1.2614,0
2006-05-04,1.2613,1.2725,1.2574,1.2696,0
2006-05-05,1.2695,1.2765,1.2677,1.2734,0
2006-05-07,1.2738,1.2753,1.2716,1.2727,0
2006-05-08,1.2726,1.2788,1.2684,1.2696,0
2006-05-09,1.2695,1.2786,1.2664,1.2762,0
2006-05-10,1.2763,1.2834,1.2716,1.2741,0
2006-05-11,1.2742,1.2876,1.2688,1.2854,0
2006-05-12,1.2853,1.296,1.2851,1.2923,0
2006-05-14,1.2946,1.2973,1.2919,1.2925,0
2006-05-15,1.2924,1.2936,1.2782,1.2841,0
2006-05-16,1.284,1.2882,1.2772,1.2875,0
2006-05-17,1.2876,1.2921,1.2703,1.2763,0
2006-05-18,1.2761,1.2874,1.2737,1.2833,0
2006-05-19,1.2834,1.2839,1.2695,1.2778,0
2006-05-21,1.2764,1.2774,1.2729,1.275,0
2006-05-22,1.2751,1.2888,1.2695,1.2865,0
2006-05-23,1.2866,1.2879,1.2768,1.2791,0
2006-05-24,1.279,1.2893,1.2733,1.2755,0
2006-05-25,1.2756,1.283,1.2751,1.2773,0
2006-05-26,1.2774,1.2836,1.2702,1.273,0
2006-05-28,1.2736,1.2758,1.272,1.2745,0
2006-05-29,1.2746,1.2825,1.2736,1.2807,0
2006-05-30,1.2806,1.291,1.2802,1.2867,0
2006-05-31,1.2866,1.2906,1.2758,1.2768,0
2006-06-01,1.2767,1.2826,1.2725,1.2815,0
2006-06-02,1.2814,1.2942,1.2797,1.2924,0
2006-06-04,1.2936,1.2946,1.2923,1.2945,0
2006-06-05,1.2946,1.2982,1.2886,1.2893,0
2006-06-06,1.2892,1.2935,1.2808,1.2834,0
2006-06-07,1.2833,1.2834,1.2762,1.2786,0
2006-06-08,1.2787,1.2802,1.2627,1.264,0
2006-06-09,1.2641,1.2685,1.2598,1.2644,0
2006-06-11,1.2625,1.2633,1.2608,1.2631,0
2006-06-12,1.2632,1.2652,1.2568,1.2581,0
2006-06-13,1.258,1.2617,1.2533,1.2551,0
2006-06-14,1.255,1.2649,1.2534,1.2605,0
2006-06-15,1.2606,1.2662,1.2585,1.2646,0
2006-06-16,1.2645,1.2673,1.2619,1.2645,0
2006-06-18,1.2649,1.2655,1.2567,1.2586,0
2006-06-19,1.2585,1.2612,1.2554,1.2573,0
2006-06-20,1.2572,1.2632,1.254,1.2618,0
2006-06-21,1.2619,1.2679,1.2613,1.2672,0
2006-06-22,1.2673,1.2682,1.2553,1.2572,0
2006-06-23,1.2573,1.2588,1.2481,1.2511,0
2006-06-25,1.2517,1.2527,1.2505,1.2517,0
2006-06-26,1.2518,1.2621,1.2506,1.2605,0
2006-06-27,1.2606,1.2618,1.2563,1.2575,0
2006-06-28,1.2576,1.2582,1.2519,1.2545,0
2006-06-29,1.2546,1.2723,1.2522,1.2709,0
2006-06-30,1.2708,1.2795,1.2699,1.2793,0
2006-07-02,1.2786,1.2794,1.2769,1.2787,0
2006-07-03,1.2786,1.2825,1.2764,1.2807,0
2006-07-04,1.2808,1.2823,1.2772,1.2791,0
2006-07-05,1.2792,1.2839,1.271,1.2734,0
2006-07-06,1.2733,1.2785,1.2725,1.2772,0
2006-07-07,1.2771,1.2865,1.2769,1.2812,0
2006-07-09,1.2818,1.282,1.2786,1.2797,0
2006-07-10,1.2796,1.2814,1.2724,1.2741,0
2006-07-11,1.2742,1.278,1.2708,1.2763,0
2006-07-12,1.2762,1.278,1.2678,1.2713,0
2006-07-13,1.2714,1.2733,1.2668,1.2682,0
2006-07-14,1.2681,1.2696,1.2629,1.2652,0
2006-07-16,1.2654,1.2658,1.2623,1.2625,0
2006-07-17,1.2624,1.2643,1.2511,1.2531,0
2006-07-18,1.253,1.2561,1.2475,1.25,0
2006-07-19,1.2499,1.2619,1.2461,1.2614,0
2006-07-20,1.2613,1.2655,1.2591,1.2648,0
2006-07-21,1.2649,1.27,1.263,1.2693,0
2006-07-23,1.2711,1.2712,1.2642,1.2656,0
2006-07-24,1.2657,1.2661,1.2607,1.2624,0
2006-07-25,1.2625,1.2673,1.2566,1.2583,0
2006-07-26,1.2582,1.2727,1.2561,1.2719,0
2006-07-27,1.272,1.2773,1.2678,1.2691,0
2006-07-28,1.2692,1.2772,1.2663,1.2761,0
2006-07-30,1.2769,1.2773,1.275,1.2769,0
2006-07-31,1.2768,1.2785,1.2737,1.275,0
2006-08-01,1.2751,1.2837,1.2722,1.2829,0
2006-08-02,1.283,1.283,1.2743,1.2755,0
2006-08-03,1.2756,1.2835,1.2751,1.2801,0
2006-08-04,1.28,1.2912,1.278,1.288,0
2006-08-06,1.2875,1.2895,1.2875,1.288,0
2006-08-07,1.2881,1.2888,1.2808,1.2824,0
2006-08-08,1.2823,1.2895,1.2766,1.2795,0
2006-08-09,1.2796,1.2902,1.279,1.2882,0
2006-08-10,1.2883,1.2916,1.2749,1.2772,0
2006-08-11,1.2773,1.2798,1.2716,1.2728,0
2006-08-13,1.2726,1.2751,1.2712,1.2747,0
2006-08-14,1.2748,1.2765,1.2698,1.2736,0
2006-08-15,1.2737,1.2805,1.2713,1.2789,0
2006-08-16,1.279,1.2866,1.2771,1.2856,0
2006-08-17,1.2855,1.2888,1.2815,1.2828,0
2006-08-18,1.2829,1.2847,1.2783,1.283,0
2006-08-20,1.2828,1.2885,1.2826,1.288,0
2006-08-21,1.2881,1.2942,1.2856,1.2875,0
2006-08-22,1.2876,1.2887,1.2785,1.2794,0
2006-08-23,1.2795,1.2853,1.2759,1.2768,0
2006-08-24,1.2769,1.2845,1.2749,1.2774,0
2006-08-25,1.2775,1.2785,1.2728,1.2756,0
2006-08-27,1.2768,1.2805,1.2757,1.2799,0
2006-08-28,1.28,1.2824,1.2779,1.2819,0
2006-08-29,1.282,1.2856,1.2753,1.2833,0
2006-08-30,1.2834,1.2845,1.2813,1.2827,0
2006-08-31,1.2826,1.288,1.2788,1.2806,0
2006-09-01,1.2807,1.2848,1.2758,1.2841,0
2006-09-03,1.2844,1.2867,1.2842,1.2862,0
2006-09-04,1.2863,1.2876,1.2833,1.2839,0
2006-09-05,1.2838,1.2846,1.2798,1.2821,0
2006-09-06,1.282,1.2833,1.2773,1.2827,0
2006-09-07,1.2826,1.2831,1.2709,1.2725,0
2006-09-08,1.2726,1.2731,1.2654,1.2678,0
2006-09-10,1.2673,1.2676,1.2651,1.2675,0
2006-09-11,1.2676,1.2743,1.2674,1.2719,0
2006-09-12,1.272,1.2737,1.2668,1.2687,0
2006-09-13,1.2686,1.272,1.2667,1.2693,0
2006-09-14,1.2694,1.2756,1.2678,1.2723,0
2006-09-15,1.2722,1.2737,1.2634,1.2664,0
2006-09-17,1.2644,1.2658,1.2631,1.2657,0
2006-09-18,1.2658,1.2727,1.2651,1.272,0
2006-09-19,1.2719,1.2721,1.2654,1.2678,0
2006-09-20,1.2679,1.2732,1.2667,1.2722,0
2006-09-21,1.2721,1.2801,1.27,1.2792,0
2006-09-22,1.2793,1.2833,1.2781,1.2792,0
2006-09-24,1.2787,1.2808,1.2782,1.2806,0
2006-09-25,1.2807,1.282,1.2733,1.2752,0
2006-09-26,1.2753,1.276,1.2665,1.2699,0
2006-09-27,1.2698,1.2731,1.2674,1.2722,0
2006-09-28,1.2721,1.2735,1.2681,1.2708,0
2006-09-29,1.2707,1.2712,1.2642,1.2677,0
2006-10-01,1.2687,1.2691,1.2667,1.2669,0
2006-10-02,1.267,1.2759,1.2664,1.2751,0
2006-10-03,1.275,1.2768,1.2717,1.2727,0
2006-10-04,1.2726,1.2742,1.267,1.2698,0
2006-10-05,1.2699,1.2728,1.2674,1.2686,0
2006-10-06,1.2687,1.2724,1.2573,1.2599,0
2006-10-08,1.2596,1.2606,1.2587,1.2601,0
2006-10-09,1.2602,1.2615,1.2587,1.2591,0
2006-10-10,1.259,1.2615,1.2521,1.2543,0
2006-10-11,1.2542,1.2559,1.2503,1.2535,0
2006-10-12,1.2534,1.2578,1.2521,1.2573,0
2006-10-13,1.2574,1.2578,1.2485,1.2513,0
2006-10-15,1.2511,1.2511,1.2492,1.2503,0
2006-10-16,1.2504,1.2548,1.2491,1.2539,0
2006-10-17,1.254,1.2567,1.251,1.2546,0
2006-10-18,1.2547,1.256,1.2503,1.2544,0
2006-10-19,1.2543,1.2646,1.2533,1.2637,0
2006-10-20,1.2638,1.2639,1.2599,1.2617,0
2006-10-22,1.262,1.2624,1.2609,1.2615,0
2006-10-23,1.2616,1.2619,1.2538,1.2547,0
2006-10-24,1.2546,1.258,1.2528,1.2575,0
2006-10-25,1.2576,1.2644,1.2561,1.2638,0
2006-10-26,1.2637,1.2716,1.2627,1.2706,0
2006-10-27,1.2707,1.2753,1.2665,1.2742,0
2006-10-29,1.2733,1.2735,1.272,1.2732,0
2006-10-30,1.2733,1.2737,1.2701,1.2715,0
2006-10-31,1.2714,1.2784,1.268,1.2765,0
2006-11-01,1.2766,1.28,1.2739,1.2757,0
2006-11-02,1.2757,1.2787,1.2742,1.2779,0
2006-11-03,1.2778,1.2794,1.2685,1.2718,0
2006-11-05,1.2719,1.2725,1.2708,1.2709,0
2006-11-06,1.2708,1.277,1.2692,1.2769,0
2006-11-07,1.277,1.282,1.2753,1.2781,0
2006-11-08,1.2782,1.2809,1.2749,1.2771,0
2006-11-09,1.277,1.287,1.2755,1.2861,0
2006-11-10,1.286,1.2901,1.2843,1.2843,0
2006-11-12,1.2848,1.2878,1.2845,1.2872,0
2006-11-13,1.2873,1.2879,1.2798,1.2827,0
2006-11-14,1.2828,1.2873,1.2794,1.2816,0
2006-11-15,1.2817,1.2835,1.2776,1.2831,0
2006-11-16,1.283,1.2842,1.2774,1.2776,0
2006-11-17,1.2777,1.2847,1.2765,1.2831,0
2006-11-19,1.2831,1.2847,1.282,1.2844,0
2006-11-20,1.2845,1.2854,1.2807,1.2811,0
2006-11-21,1.2812,1.2872,1.2799,1.2868,0
2006-11-22,1.2869,1.2958,1.2859,1.294,0
2006-11-23,1.2941,1.2976,1.2931,1.2958,0
2006-11-24,1.2959,1.311,1.2956,1.3098,0
2006-11-26,1.317,1.3173,1.3128,1.3132,0
2006-11-27,1.3131,1.315,1.3088,1.3136,0
2006-11-28,1.3135,1.3221,1.3122,1.319,0
2006-11-29,1.3189,1.3208,1.3134,1.3172,0
2006-11-30,1.3173,1.3276,1.3167,1.3251,0
2006-12-01,1.325,1.335,1.3223,1.334,0
2006-12-03,1.3337,1.337,1.3312,1.332,0
2006-12-04,1.3321,1.3347,1.3285,1.3329,0
2006-12-05,1.3328,1.3365,1.3289,1.3325,0
2006-12-06,1.3326,1.3342,1.3257,1.3311,0
2006-12-07,1.331,1.3326,1.3277,1.3289,0
2006-12-08,1.3288,1.3367,1.3194,1.3204,0
2006-12-10,1.3178,1.3196,1.3131,1.3154,0
2006-12-11,1.3155,1.327,1.3151,1.3261,0
2006-12-12,1.326,1.3294,1.3213,1.3284,0
2006-12-13,1.3285,1.3286,1.3195,1.3216,0
2006-12-14,1.3215,1.3255,1.3143,1.315,0
2006-12-15,1.3149,1.3189,1.3061,1.3083,0
2006-12-17,1.3085,1.3097,1.308,1.3093,0
2006-12-18,1.3092,1.3121,1.3054,1.309,0
2006-12-19,1.3091,1.3243,1.3086,1.3227,0
2006-12-20,1.3228,1.3248,1.3162,1.3194,0
2006-12-21,1.3193,1.3215,1.3144,1.3196,0
2006-12-22,1.3197,1.3215,1.311,1.3141,0
2006-12-25,1.314,1.3141,1.3129,1.3129,0
2006-12-26,1.313,1.3142,1.3092,1.3136,0
2006-12-27,1.3135,1.3179,1.3108,1.3121,0
2006-12-28,1.3122,1.3202,1.3121,1.3164,0
2006-12-29,1.3165,1.3206,1.3154,1.3202,0
2007-01-01,1.3237,1.3241,1.3229,1.3241,0
2007-01-02,1.324,1.3298,1.3233,1.329,0
2007-01-03,1.3289,1.3289,1.3148,1.317,0
2007-01-04,1.3169,1.3182,1.3064,1.3073,0
2007-01-05,1.3072,1.3107,1.2983,1.301,0
2007-01-07,1.3019,1.3019,1.2986,1.3001,0
2007-01-08,1.3,1.305,1.2974,1.3043,0
2007-01-09,1.3044,1.3055,1.2955,1.2973,0
2007-01-10,1.2972,1.3003,1.2933,1.2957,0
2007-01-11,1.2956,1.3018,1.2879,1.2903,0
2007-01-12,1.2902,1.2945,1.2868,1.2921,0
2007-01-14,1.2926,1.294,1.2917,1.2938,0
2007-01-15,1.2939,1.296,1.2925,1.2946,0
2007-01-16,1.2945,1.2992,1.2911,1.2927,0
2007-01-17,1.2926,1.298,1.2899,1.2971,0
2007-01-18,1.297,1.3003,1.2898,1.2999,0
2007-01-19,1.3,1.3002,1.2916,1.2968,0
2007-01-21,1.2964,1.2978,1.2957,1.2973,0
2007-01-22,1.2974,1.2979,1.2926,1.2944,0
2007-01-23,1.2945,1.3047,1.2937,1.3037,0
2007-01-24,1.3036,1.3038,1.2951,1.2963,0
2007-01-25,1.2962,1.3005,1.2917,1.2922,0
2007-01-26,1.2923,1.2941,1.2879,1.2919,0
2007-01-28,1.2919,1.2929,1.2901,1.2907,0
2007-01-29,1.2908,1.2972,1.2904,1.2966,0
2007-01-30,1.2967,1.2984,1.2946,1.2962,0
2007-01-31,1.2961,1.3041,1.2927,1.3033,0
2007-02-01,1.3034,1.3056,1.3006,1.3024,0
2007-02-02,1.3025,1.3067,1.2953,1.2965,0
2007-02-04,1.2964,1.2965,1.2937,1.294,0
2007-02-05,1.2941,1.2968,1.2915,1.2926,0
2007-02-06,1.2927,1.2995,1.2914,1.2989,0
2007-02-07,1.2988,1.3026,1.2974,1.3023,0
2007-02-08,1.3024,1.3045,1.2977,1.3041,0
2007-02-09,1.3042,1.3045,1.2986,1.3008,0
2007-02-11,1.2992,1.3027,1.299,1.3018,0
2007-02-12,1.3019,1.3039,1.2943,1.2962,0
2007-02-13,1.2963,1.3057,1.2961,1.3034,0
2007-02-14,1.3035,1.3152,1.3026,1.3135,0
2007-02-15,1.3134,1.3174,1.3121,1.314,0
2007-02-16,1.3139,1.3147,1.3097,1.3144,0
2007-02-18,1.3159,1.3165,1.3146,1.3156,0
2007-02-19,1.3157,1.319,1.3125,1.318,0
2007-02-20,1.3179,1.3193,1.3133,1.3144,0
2007-02-21,1.3143,1.3168,1.3115,1.3131,0
2007-02-22,1.313,1.3143,1.3084,1.3124,0
2007-02-23,1.3125,1.3189,1.3105,1.317,0
2007-02-25,1.3169,1.3201,1.3169,1.3184,0
2007-02-26,1.3183,1.3206,1.3154,1.3183,0
2007-02-27,1.3182,1.3261,1.3163,1.3224,0
2007-02-28,1.3223,1.3241,1.3182,1.3225,0
2007-03-01,1.3226,1.3242,1.3158,1.3173,0
2007-03-02,1.3174,1.3202,1.3143,1.3194,0
2007-03-04,1.3205,1.3214,1.3122,1.315,0
2007-03-05,1.3149,1.3178,1.3074,1.3103,0
2007-03-06,1.3104,1.3143,1.309,1.3131,0
2007-03-07,1.313,1.3189,1.3112,1.3178,0
2007-03-08,1.3179,1.318,1.3119,1.3153,0
2007-03-09,1.3154,1.3161,1.3086,1.312,0
2007-03-11,1.3142,1.3143,1.3111,1.3113,0
2007-03-12,1.3112,1.3202,1.311,1.3187,0
2007-03-13,1.3188,1.3225,1.3159,1.3196,0
2007-03-14,1.3195,1.3249,1.3179,1.3229,0
2007-03-15,1.323,1.3316,1.3195,1.3295,0
2007-03-16,1.3296,1.3341,1.3282,1.3321,0
2007-03-18,1.3318,1.3328,1.3298,1.331,0
2007-03-19,1.3309,1.3319,1.3278,1.3291,0
2007-03-20,1.3292,1.3325,1.3275,1.3317,0
2007-03-21,1.3318,1.3414,1.3292,1.3389,0
2007-03-22,1.339,1.3394,1.3312,1.3323,0
2007-03-23,1.3322,1.3343,1.3285,1.3286,0
2007-03-25,1.3287,1.3298,1.3259,1.3264,0
2007-03-26,1.3265,1.3348,1.3257,1.3328,0
2007-03-27,1.3329,1.3372,1.3324,1.3354,0
2007-03-28,1.3353,1.3375,1.3304,1.3322,0
2007-03-29,1.3323,1.3354,1.3314,1.3343,0
2007-03-30,1.3344,1.3402,1.329,1.3358,0
2007-04-01,1.3377,1.3378,1.3334,1.3357,0
2007-04-02,1.3358,1.3385,1.3344,1.3368,0
2007-04-03,1.3367,1.3383,1.332,1.3336,0
2007-04-04,1.3335,1.3384,1.3331,1.3369,0
2007-04-05,1.337,1.3443,1.3356,1.3424,0
2007-04-06,1.3423,1.3429,1.3367,1.3379,0
2007-04-08,1.3379,1.3383,1.3362,1.3362,0
2007-04-09,1.3363,1.3435,1.3341,1.3416,0
2007-04-10,1.3415,1.3457,1.3405,1.3422,0
2007-04-11,1.3421,1.347,1.3409,1.3465,0
2007-04-12,1.3466,1.3526,1.3443,1.3515,0
2007-04-13,1.3516,1.3555,1.3488,1.3533,0
2007-04-15,1.3558,1.3578,1.3553,1.3561,0
2007-04-16,1.3562,1.3566,1.3527,1.3538,0
2007-04-17,1.3539,1.3597,1.3528,1.3585,0
2007-04-18,1.3586,1.3621,1.3559,1.3605,0
2007-04-19,1.3604,1.363,1.3563,1.362,0
2007-04-20,1.3619,1.364,1.3589,1.3589,0
2007-04-22,1.3601,1.3609,1.3584,1.3586,0
2007-04-23,1.3585,1.3596,1.3544,1.3561,0
2007-04-24,1.3562,1.3646,1.3553,1.3637,0
2007-04-25,1.3636,1.3667,1.3623,1.3649,0
2007-04-26,1.365,1.3656,1.3585,1.3604,0
2007-04-27,1.3605,1.3683,1.3588,1.3652,0
2007-04-29,1.3632,1.3652,1.3617,1.3647,0
2007-04-30,1.3646,1.368,1.3592,1.3653,0
2007-05-01,1.3652,1.3674,1.3565,1.3568,0
2007-05-02,1.3569,1.3613,1.3562,1.36,0
2007-05-03,1.3601,1.3625,1.3536,1.3546,0
2007-05-04,1.3545,1.3614,1.3542,1.3593,0
2007-05-06,1.3606,1.3614,1.3593,1.3608,0
2007-05-07,1.3609,1.363,1.3596,1.3615,0
2007-05-08,1.3614,1.3622,1.3517,1.3544,0
2007-05-09,1.3545,1.3569,1.3522,1.3531,0
2007-05-10,1.353,1.3566,1.3465,1.348,0
2007-05-11,1.3481,1.3534,1.3468,1.3527,0
2007-05-13,1.3539,1.3551,1.3531,1.3549,0
2007-05-14,1.355,1.3561,1.3526,1.3544,0
2007-05-15,1.3543,1.3612,1.3528,1.3594,0
2007-05-16,1.3593,1.3611,1.3507,1.3529,0
2007-05-17,1.353,1.3546,1.3479,1.3488,0
2007-05-18,1.3489,1.3524,1.3467,1.351,0
2007-05-20,1.3522,1.3534,1.3513,1.3519,0
2007-05-21,1.3518,1.3522,1.3439,1.3457,0
2007-05-22,1.3456,1.3477,1.344,1.3458,0
2007-05-23,1.3459,1.3503,1.3417,1.3452,0
2007-05-24,1.3451,1.3463,1.3413,1.3425,0
2007-05-25,1.3424,1.3474,1.3415,1.3446,0
2007-05-27,1.3452,1.346,1.3447,1.346,0
2007-05-28,1.3459,1.346,1.3423,1.3437,0
2007-05-29,1.3436,1.3521,1.3434,1.3452,0
2007-05-30,1.3451,1.3454,1.3406,1.3433,0
2007-05-31,1.3432,1.3478,1.3432,1.3453,0
2007-06-01,1.3452,1.3464,1.3395,1.3451,0
2007-06-03,1.3444,1.3455,1.3439,1.3448,0
2007-06-04,1.3449,1.3507,1.3433,1.3507,0
2007-06-05,1.3506,1.3555,1.3491,1.3527,0
2007-06-06,1.3526,1.3541,1.3486,1.3508,0
2007-06-07,1.3509,1.3515,1.342,1.3425,0
2007-06-08,1.3426,1.343,1.3322,1.3373,0
2007-06-10,1.3374,1.3375,1.3345,1.3354,0
2007-06-11,1.3353,1.3368,1.3335,1.3365,0
2007-06-12,1.3364,1.337,1.3288,1.3304,0
2007-06-13,1.3305,1.3319,1.3264,1.3315,0
2007-06-14,1.3316,1.3332,1.3282,1.3324,0
2007-06-15,1.3325,1.339,1.3307,1.3388,0
2007-06-17,1.338,1.3394,1.3378,1.3392,0
2007-06-18,1.3391,1.3431,1.3388,1.3423,0
2007-06-19,1.3422,1.344,1.3386,1.3436,0
2007-06-20,1.3435,1.3438,1.3385,1.3398,0
2007-06-21,1.3397,1.3409,1.3374,1.3396,0
2007-06-22,1.3397,1.3473,1.3395,1.3472,0
2007-06-24,1.3471,1.3475,1.346,1.3468,0
2007-06-25,1.3467,1.3474,1.3442,1.3466,0
2007-06-26,1.3465,1.3481,1.3434,1.3441,0
2007-06-27,1.344,1.3467,1.3417,1.3464,0
2007-06-28,1.3463,1.3482,1.3425,1.3441,0
2007-06-29,1.344,1.3544,1.3437,1.3544,0
2007-07-01,1.3544,1.355,1.353,1.3534,0
2007-07-02,1.3533,1.3641,1.3529,1.3624,0
2007-07-03,1.3623,1.3635,1.3586,1.3617,0
2007-07-04,1.3616,1.3632,1.3608,1.3614,0
2007-07-05,1.3613,1.3661,1.3581,1.3599,0
2007-07-06,1.3598,1.3644,1.3569,1.3631,0
2007-07-08,1.3637,1.3637,1.3618,1.3627,0
2007-07-09,1.3626,1.3639,1.3611,1.3618,0
2007-07-10,1.3617,1.3789,1.3595,1.3739,0
2007-07-11,1.3738,1.3781,1.3734,1.3756,0
2007-07-12,1.3757,1.3801,1.3752,1.3784,0
2007-07-13,1.3785,1.3815,1.3764,1.3784,0
2007-07-15,1.3788,1.3793,1.3772,1.3792,0
2007-07-16,1.3791,1.3805,1.3761,1.3785,0
2007-07-17,1.3786,1.3827,1.3757,1.3826,0
2007-07-18,1.3825,1.3834,1.3754,1.38,0
2007-07-19,1.3799,1.3833,1.3787,1.3797,0
2007-07-20,1.3798,1.3845,1.378,1.3827,0
2007-07-22,1.3837,1.3847,1.3831,1.3837,0
2007-07-23,1.3836,1.3846,1.3797,1.3821,0
2007-07-24,1.3822,1.3853,1.3802,1.381,0
2007-07-25,1.3811,1.3826,1.3698,1.3709,0
2007-07-26,1.3708,1.377,1.3694,1.3744,0
2007-07-27,1.3743,1.3749,1.3628,1.3634,0
2007-07-29,1.3619,1.3645,1.361,1.3637,0
2007-07-30,1.3636,1.373,1.3628,1.3718,0
2007-07-31,1.3717,1.3723,1.3655,1.3662,0
2007-08-01,1.3661,1.371,1.3639,1.3661,0
2007-08-02,1.366,1.3713,1.3652,1.3706,0
2007-08-03,1.3707,1.3822,1.3685,1.3774,0
2007-08-05,1.3809,1.3842,1.3803,1.3816,0
2007-08-06,1.3817,1.384,1.3782,1.3808,0
2007-08-07,1.3809,1.3812,1.3737,1.3751,0
2007-08-08,1.3752,1.3826,1.3723,1.3804,0
2007-08-09,1.3805,1.3818,1.3657,1.3667,0
2007-08-10,1.3666,1.3706,1.3642,1.3694,0
2007-08-12,1.3689,1.3711,1.3684,1.3706,0
2007-08-13,1.3707,1.3708,1.3603,1.3616,0
2007-08-14,1.3617,1.3627,1.3517,1.3518,0
2007-08-15,1.3519,1.3522,1.3388,1.3404,0
2007-08-16,1.3403,1.3449,1.3362,1.3413,0
2007-08-17,1.3414,1.355,1.3371,1.3476,0
2007-08-19,1.3485,1.35,1.3475,1.3495,0
2007-08-20,1.3496,1.351,1.3461,1.3476,0
2007-08-21,1.3477,1.3521,1.3451,1.3471,0
2007-08-22,1.347,1.3561,1.3466,1.3553,0
2007-08-23,1.3554,1.359,1.3537,1.3569,0
2007-08-24,1.357,1.3689,1.3555,1.3677,0
2007-08-26,1.3678,1.3687,1.3666,1.3673,0
2007-08-27,1.3672,1.3681,1.3627,1.3632,0
2007-08-28,1.3631,1.3682,1.3565,1.3591,0
2007-08-29,1.359,1.3681,1.3569,1.3661,0
2007-08-30,1.3662,1.3676,1.3595,1.3676,0
2007-08-31,1.3675,1.372,1.3623,1.3631,0
2007-09-02,1.3635,1.364,1.3628,1.3639,0
2007-09-03,1.3638,1.3656,1.3607,1.3609,0
2007-09-04,1.3608,1.363,1.3553,1.3619,0
2007-09-05,1.3618,1.3672,1.357,1.3648,0
2007-09-06,1.3649,1.371,1.3638,1.3669,0
2007-09-07,1.3668,1.38,1.3665,1.3771,0
2007-09-09,1.3774,1.3788,1.3769,1.3774,0
2007-09-10,1.3773,1.3818,1.3772,1.3806,0
2007-09-11,1.3805,1.3851,1.378,1.3842,0
2007-09-12,1.3843,1.3917,1.3839,1.3899,0
2007-09-13,1.3898,1.393,1.3866,1.3874,0
2007-09-14,1.3873,1.3897,1.3845,1.3875,0
2007-09-16,1.3869,1.3886,1.3858,1.388,0
2007-09-17,1.3879,1.3889,1.3851,1.386,0
2007-09-18,1.3861,1.3991,1.3829,1.3978,0
2007-09-19,1.3977,1.3989,1.3939,1.3978,0
2007-09-20,1.3977,1.4099,1.3973,1.4076,0
2007-09-21,1.4077,1.4121,1.4043,1.409,0
2007-09-23,1.4093,1.412,1.4087,1.4103,0
2007-09-24,1.4104,1.4132,1.4068,1.408,0
2007-09-25,1.4079,1.4163,1.4063,1.4137,0
2007-09-26,1.4138,1.4157,1.4112,1.4138,0
2007-09-27,1.4139,1.4192,1.4131,1.4169,0
2007-09-28,1.4168,1.4281,1.4158,1.427,0
2007-09-30,1.4277,1.4283,1.4258,1.4265,0
2007-10-01,1.4266,1.4275,1.4213,1.4218,0
2007-10-02,1.4217,1.4225,1.4141,1.418,0
2007-10-03,1.4179,1.4203,1.4085,1.4093,0
2007-10-04,1.4094,1.415,1.4068,1.4139,0
2007-10-05,1.4138,1.4158,1.4035,1.4137,0
2007-10-07,1.4141,1.4155,1.4132,1.4138,0
2007-10-08,1.4137,1.4141,1.4018,1.4024,0
2007-10-09,1.4025,1.412,1.4018,1.4115,0
2007-10-10,1.4114,1.4173,1.4102,1.4158,0
2007-10-11,1.4159,1.4243,1.4154,1.4198,0
2007-10-12,1.4199,1.4217,1.4156,1.418,0
2007-10-14,1.4179,1.4189,1.4162,1.4167,0
2007-10-15,1.4168,1.4245,1.4167,1.4201,0
2007-10-16,1.42,1.4227,1.4146,1.4173,0
2007-10-17,1.4174,1.4238,1.4158,1.4234,0
2007-10-18,1.4233,1.4312,1.4228,1.4305,0
2007-10-19,1.4304,1.4321,1.4248,1.4302,0
2007-10-21,1.4334,1.4351,1.4307,1.4309,0
2007-10-22,1.431,1.434,1.4127,1.4196,0
2007-10-23,1.4195,1.4282,1.4177,1.4261,0
2007-10-24,1.4262,1.4278,1.419,1.4269,0
2007-10-25,1.427,1.4344,1.4249,1.4328,0
2007-10-26,1.4326,1.4397,1.4325,1.4396,0
2007-10-28,1.4419,1.4424,1.4402,1.4411,0
2007-10-29,1.4412,1.4441,1.4379,1.441,0
2007-10-30,1.4409,1.445,1.4376,1.4442,0
2007-10-31,1.4441,1.4508,1.4422,1.4467,0
2007-11-01,1.4466,1.4479,1.4405,1.4445,0
2007-11-02,1.4446,1.4531,1.4424,1.4506,0
2007-11-04,1.4518,1.4526,1.4481,1.4494,0
2007-11-05,1.4495,1.4503,1.4444,1.4483,0
2007-11-06,1.4484,1.4668,1.4483,1.4636,0
2007-11-07,1.4637,1.4733,1.4615,1.4636,0
2007-11-08,1.4635,1.4741,1.4627,1.4719,0
2007-11-09,1.4718,1.4754,1.4633,1.468,0
2007-11-11,1.4673,1.4677,1.4625,1.4641,0
2007-11-12,1.464,1.4666,1.4521,1.4571,0
2007-11-13,1.4572,1.4667,1.4568,1.4658,0
2007-11-14,1.4657,1.4726,1.464,1.4678,0
2007-11-15,1.4677,1.4705,1.4607,1.4619,0
2007-11-16,1.4618,1.4675,1.4584,1.4663,0
2007-11-18,1.4672,1.4688,1.4657,1.4663,0
2007-11-19,1.4662,1.4686,1.4623,1.4667,0
2007-11-20,1.4668,1.4855,1.4662,1.4841,0
2007-11-21,1.484,1.4876,1.4778,1.4861,0
2007-11-22,1.486,1.497,1.4824,1.4923,0
2007-11-23,1.4924,1.4938,1.4787,1.4839,0
2007-11-25,1.4825,1.484,1.4811,1.4823,0
2007-11-26,1.4822,1.4889,1.4806,1.4871,0
2007-11-27,1.4872,1.4911,1.4811,1.482,0
2007-11-28,1.4821,1.4859,1.4714,1.4825,0
2007-11-29,1.4824,1.4836,1.4724,1.4742,0
2007-11-30,1.4741,1.4787,1.4629,1.4634,0
2007-12-02,1.464,1.4672,1.464,1.4665,0
2007-12-03,1.4664,1.471,1.4622,1.4667,0
2007-12-04,1.4668,1.4773,1.4638,1.4756,0
2007-12-05,1.4757,1.4761,1.4574,1.4619,0
2007-12-06,1.4618,1.4662,1.4529,1.461,0
2007-12-07,1.4609,1.4673,1.46,1.4659,0
2007-12-09,1.4656,1.4659,1.4642,1.4645,0
2007-12-10,1.4646,1.4737,1.4642,1.473,0
2007-12-11,1.4729,1.4751,1.464,1.4661,0
2007-12-12,1.4662,1.4749,1.4657,1.4728,0
2007-12-13,1.4729,1.474,1.4577,1.4625,0
2007-12-14,1.4624,1.4658,1.4414,1.4433,0
2007-12-16,1.4394,1.4453,1.439,1.4443,0
2007-12-17,1.4442,1.4453,1.4331,1.4401,0
2007-12-18,1.44,1.4437,1.4368,1.442,0
2007-12-19,1.4419,1.4424,1.4325,1.4376,0
2007-12-20,1.4375,1.4377,1.4311,1.4357,0
2007-12-21,1.4358,1.4412,1.4349,1.4381,0
2007-12-23,1.4376,1.4391,1.4368,1.4387,0
2007-12-24,1.4386,1.4416,1.4376,1.4397,0
2007-12-26,1.4417,1.4506,1.4415,1.4488,0
2007-12-27,1.4489,1.4641,1.4479,1.4608,0
2007-12-28,1.4607,1.473,1.4605,1.4724,0
2007-12-30,1.4717,1.475,1.4708,1.4744,0
2007-12-31,1.4743,1.4748,1.4571,1.459,0
2008-01-01,1.4621,1.4637,1.4597,1.4637,0
2008-01-02,1.4637,1.4752,1.4635,1.4712,0
2008-01-03,1.4713,1.4784,1.4689,1.4744,0
2008-01-04,1.4745,1.4827,1.4696,1.4745,0
2008-01-06,1.4749,1.4758,1.4698,1.4722,0
2008-01-07,1.4723,1.4737,1.4661,1.4698,0
2008-01-08,1.4697,1.4742,1.4695,1.4721,0
2008-01-09,1.472,1.4743,1.4642,1.4683,0
2008-01-10,1.4684,1.4817,1.4644,1.4814,0
2008-01-11,1.4815,1.4822,1.4764,1.4777,0
2008-01-13,1.4784,1.482,1.4784,1.482,0
2008-01-14,1.4821,1.4916,1.4813,1.4875,0
2008-01-15,1.4874,1.4924,1.4778,1.4836,0
2008-01-16,1.4835,1.4854,1.4598,1.4657,0
2008-01-17,1.4658,1.4716,1.4591,1.4648,0
2008-01-18,1.4646,1.4696,1.4604,1.4624,0
2008-01-20,1.4605,1.4606,1.4533,1.4535,0
2008-01-21,1.4536,1.4563,1.4391,1.4417,0
2008-01-22,1.4416,1.4685,1.4367,1.463,0
2008-01-23,1.4631,1.4646,1.4513,1.462,0
2008-01-24,1.4619,1.4782,1.4592,1.4754,0
2008-01-25,1.4755,1.4776,1.4664,1.4683,0
2008-01-27,1.4681,1.471,1.4666,1.4675,0
2008-01-28,1.4676,1.48,1.4664,1.4771,0
2008-01-29,1.4772,1.4789,1.474,1.4766,0
2008-01-30,1.4767,1.4907,1.4757,1.4842,0
2008-01-31,1.4841,1.4915,1.4806,1.4867,0
2008-02-01,1.4866,1.495,1.4786,1.4805,0
2008-02-03,1.4807,1.4825,1.4795,1.4815,0
2008-02-04,1.4816,1.485,1.48,1.4817,0
2008-02-05,1.4818,1.4824,1.4625,1.4645,0
2008-02-06,1.4646,1.4671,1.4593,1.4618,0
2008-02-07,1.4619,1.4652,1.4439,1.4486,0
2008-02-08,1.4485,1.4547,1.4451,1.4512,0
2008-02-10,1.4518,1.4548,1.4513,1.4542,0
2008-02-11,1.4541,1.4578,1.4482,1.4515,0
2008-02-12,1.4512,1.4617,1.4499,1.4577,0
2008-02-13,1.4576,1.4599,1.4534,1.457,0
2008-02-14,1.4569,1.4651,1.4562,1.4639,0
2008-02-15,1.464,1.471,1.4638,1.4684,0
2008-02-17,1.468,1.4689,1.4667,1.4688,0
2008-02-18,1.4687,1.4693,1.4611,1.4663,0
2008-02-19,1.4664,1.476,1.4662,1.4721,0
2008-02-20,1.472,1.4735,1.4617,1.4717,0
2008-02-21,1.4718,1.4839,1.4704,1.4805,0
2008-02-22,1.4806,1.4863,1.4795,1.4828,0
2008-02-24,1.4841,1.4842,1.4814,1.4815,0
2008-02-25,1.4816,1.4845,1.4796,1.4829,0
2008-02-26,1.4828,1.505,1.4781,1.4997,0
2008-02-27,1.4996,1.5147,1.4994,1.5114,0
2008-02-28,1.5113,1.5233,1.5076,1.518,0
2008-02-29,1.5179,1.5241,1.5147,1.5181,0
2008-03-02,1.52,1.5227,1.5187,1.5206,0
2008-03-03,1.5205,1.5276,1.516,1.5184,0
2008-03-04,1.5183,1.525,1.5174,1.5195,0
2008-03-05,1.5196,1.5305,1.5148,1.5279,0
2008-03-06,1.528,1.5398,1.5278,1.5383,0
2008-03-07,1.5382,1.5463,1.5315,1.5356,0
2008-03-09,1.5364,1.5407,1.5358,1.5385,0
2008-03-10,1.5386,1.5403,1.5316,1.5365,0
2008-03-11,1.5364,1.5498,1.5285,1.5362,0
2008-03-12,1.5363,1.5589,1.5354,1.5568,0
2008-03-13,1.5567,1.5646,1.5536,1.5601,0
2008-03-14,1.5602,1.5692,1.5535,1.5674,0
2008-03-16,1.5678,1.5906,1.5678,1.5845,0
2008-03-17,1.5844,1.5859,1.5686,1.5787,0
2008-03-18,1.5788,1.5834,1.5614,1.5687,0
2008-03-19,1.5686,1.5786,1.5569,1.56,0
2008-03-20,1.5601,1.5611,1.5397,1.542,0
2008-03-21,1.5419,1.5474,1.5418,1.5433,0
2008-03-23,1.5441,1.5441,1.5344,1.5351,0
2008-03-24,1.5352,1.5572,1.535,1.5558,0
2008-03-25,1.5557,1.5661,1.5528,1.5634,0
2008-03-26,1.5635,1.5861,1.5585,1.5816,0
2008-03-27,1.5815,1.5829,1.5728,1.5796,0
2008-03-28,1.5797,1.5839,1.5743,1.5798,0
2008-03-30,1.5803,1.5818,1.5761,1.5802,0
2008-03-31,1.5803,1.5897,1.575,1.5777,0
2008-04-01,1.5778,1.5783,1.5566,1.5602,0
2008-04-02,1.5603,1.5703,1.5534,1.5646,0
2008-04-03,1.5647,1.5687,1.5511,1.5657,0
2008-04-04,1.5658,1.5772,1.5655,1.574,0
2008-04-06,1.5733,1.574,1.5651,1.5671,0
2008-04-07,1.5672,1.5801,1.5628,1.5757,0
2008-04-08,1.5758,1.5777,1.5675,1.5706,0
2008-04-09,1.5705,1.5867,1.5701,1.5845,0
2008-04-10,1.5846,1.5917,1.5728,1.5774,0
2008-04-11,1.5775,1.5857,1.5757,1.5808,0
2008-04-13,1.5699,1.5732,1.5672,1.5719,0
2008-04-14,1.5718,1.5888,1.5698,1.5829,0
2008-04-15,1.583,1.5876,1.5754,1.5789,0
2008-04-16,1.579,1.598,1.579,1.5951,0
2008-04-17,1.5952,1.5986,1.5849,1.5901,0
2008-04-18,1.5902,1.5958,1.5714,1.5817,0
2008-04-20,1.5807,1.5838,1.5797,1.5831,0
2008-04-21,1.583,1.5951,1.5793,1.5917,0
2008-04-22,1.5916,1.602,1.5835,1.5994,0
2008-04-23,1.5993,1.6,1.5834,1.5847,0
2008-04-24,1.5848,1.5873,1.5639,1.5694,0
2008-04-25,1.5695,1.5703,1.5556,1.5631,0
2008-04-27,1.5613,1.5649,1.5594,1.564,0
2008-04-28,1.5639,1.5696,1.5597,1.5654,0
2008-04-29,1.5653,1.566,1.5542,1.5575,0
2008-04-30,1.5574,1.5645,1.5519,1.5638,0
2008-05-01,1.5637,1.5644,1.5431,1.5453,0
2008-05-02,1.5452,1.5501,1.5362,1.5426,0
2008-05-04,1.5438,1.548,1.5425,1.5471,0
2008-05-05,1.5472,1.5536,1.5427,1.5525,0
2008-05-06,1.5526,1.5595,1.5454,1.5509,0
2008-05-07,1.5508,1.5518,1.5286,1.5314,0
2008-05-08,1.5313,1.5444,1.5293,1.5405,0
2008-05-09,1.5406,1.549,1.5403,1.5483,0
2008-05-11,1.5453,1.5487,1.5404,1.5416,0
2008-05-12,1.5417,1.5572,1.5367,1.554,0
2008-05-13,1.5539,1.5569,1.5433,1.5458,0
2008-05-14,1.5457,1.549,1.5398,1.5465,0
2008-05-15,1.5466,1.5548,1.5422,1.5474,0
2008-05-16,1.5472,1.5603,1.5451,1.5578,0
2008-05-18,1.5597,1.5601,1.5563,1.5568,0
2008-05-19,1.5567,1.5635,1.5489,1.5533,0
2008-05-20,1.5532,1.5689,1.5508,1.5668,0
2008-05-21,1.5669,1.5803,1.5633,1.5773,0
2008-05-22,1.5774,1.5815,1.5696,1.5735,0
2008-05-23,1.5734,1.5795,1.5699,1.5762,0
2008-05-25,1.577,1.5795,1.5752,1.5763,0
2008-05-26,1.5764,1.5801,1.5743,1.579,0
2008-05-27,1.5789,1.582,1.5667,1.5697,0
2008-05-28,1.5698,1.5762,1.561,1.5636,0
2008-05-29,1.5637,1.5643,1.5487,1.5519,0
2008-05-30,1.5518,1.557,1.5463,1.5557,0
2008-06-01,1.5557,1.5575,1.5533,1.554,0
2008-06-02,1.5541,1.559,1.5488,1.5538,0
2008-06-03,1.5537,1.5629,1.5412,1.5455,0
2008-06-04,1.5454,1.5485,1.5386,1.5397,0
2008-06-05,1.5396,1.5606,1.5366,1.5583,0
2008-06-06,1.5582,1.5781,1.5575,1.5781,0
2008-06-08,1.5787,1.5802,1.5766,1.5785,0
2008-06-09,1.5784,1.5846,1.5561,1.5584,0
2008-06-10,1.5585,1.562,1.5444,1.5479,0
2008-06-11,1.5478,1.5589,1.5458,1.5489,0
2008-06-12,1.549,1.5496,1.5381,1.5453,0
2008-06-13,1.5452,1.5455,1.5305,1.5383,0
2008-06-15,1.5408,1.542,1.5373,1.5401,0
2008-06-16,1.54,1.5543,1.5347,1.5533,0
2008-06-17,1.5532,1.5553,1.5467,1.5507,0
2008-06-18,1.5508,1.5581,1.5466,1.5569,0
2008-06-19,1.557,1.5588,1.5468,1.5513,0
2008-06-20,1.5514,1.5653,1.5507,1.5609,0
2008-06-22,1.5625,1.5638,1.5597,1.5619,0
2008-06-23,1.562,1.5621,1.547,1.552,0
2008-06-24,1.5521,1.5623,1.5514,1.5575,0
2008-06-25,1.5574,1.5688,1.5539,1.568,0
2008-06-26,1.5681,1.5768,1.5631,1.5737,0
2008-06-27,1.5738,1.5794,1.5722,1.5794,0
2008-06-29,1.578,1.5799,1.5776,1.5786,0
2008-06-30,1.5787,1.5839,1.5729,1.5758,0
2008-07-01,1.5757,1.5829,1.5724,1.5805,0
2008-07-02,1.5806,1.5893,1.5779,1.5881,0
2008-07-03,1.588,1.5911,1.5676,1.5719,0
2008-07-04,1.5718,1.5729,1.5657,1.5708,0
2008-07-06,1.5702,1.5709,1.5634,1.5648,0
2008-07-07,1.5647,1.5755,1.5614,1.571,0
2008-07-08,1.5711,1.5741,1.5637,1.5665,0
2008-07-09,1.5666,1.5752,1.5663,1.5729,0
2008-07-10,1.5728,1.5804,1.5692,1.5796,0
2008-07-11,1.5795,1.5949,1.5768,1.5941,0
2008-07-13,1.597,1.5972,1.5884,1.5906,0
2008-07-14,1.5907,1.5946,1.5843,1.5943,0
2008-07-15,1.5942,1.6041,1.5868,1.5907,0
2008-07-16,1.5906,1.5949,1.5803,1.5852,0
2008-07-17,1.5853,1.5895,1.5787,1.5848,0
2008-07-18,1.5849,1.589,1.5809,1.5852,0
2008-07-20,1.5845,1.5875,1.583,1.587,0
2008-07-21,1.5871,1.5938,1.5834,1.5926,0
2008-07-22,1.5927,1.5946,1.576,1.5798,0
2008-07-23,1.5797,1.5798,1.5672,1.5699,0
2008-07-24,1.5698,1.5716,1.563,1.5694,0
2008-07-25,1.5695,1.5755,1.5669,1.5713,0
2008-07-27,1.5711,1.5727,1.5687,1.5723,0
2008-07-28,1.5724,1.5771,1.569,1.5746,0
2008-07-29,1.5747,1.576,1.5556,1.559,0
2008-07-30,1.5589,1.5618,1.5525,1.5588,0
2008-07-31,1.5587,1.5703,1.5558,1.5572,0
2008-08-01,1.5573,1.5591,1.5518,1.5566,0
2008-08-03,1.557,1.5597,1.5566,1.5592,0
2008-08-04,1.5591,1.5633,1.553,1.5538,0
2008-08-05,1.5537,1.5551,1.5447,1.5496,0
2008-08-06,1.5495,1.5518,1.5401,1.5435,0
2008-08-07,1.5434,1.5505,1.5194,1.5217,0
2008-08-08,1.5218,1.5249,1.5002,1.5011,0
2008-08-10,1.4932,1.4995,1.4908,1.4988,0
2008-08-11,1.4987,1.5085,1.4863,1.4885,0
2008-08-12,1.4886,1.4967,1.4817,1.4934,0
2008-08-13,1.4935,1.4983,1.4845,1.4899,0
2008-08-14,1.49,1.4952,1.4755,1.4777,0
2008-08-15,1.4778,1.4788,1.4659,1.469,0
2008-08-17,1.468,1.4768,1.467,1.4765,0
2008-08-18,1.4766,1.4769,1.467,1.4693,0
2008-08-19,1.4694,1.4809,1.4633,1.4772,0
2008-08-20,1.4771,1.4787,1.4674,1.4777,0
2008-08-21,1.4776,1.4911,1.4745,1.487,0
2008-08-22,1.4871,1.4897,1.476,1.4794,0
2008-08-24,1.4786,1.4793,1.4717,1.4721,0
2008-08-25,1.472,1.481,1.4697,1.4711,0
2008-08-26,1.4712,1.4746,1.4571,1.4734,0
2008-08-27,1.4733,1.4794,1.4669,1.4794,0
2008-08-28,1.4793,1.4813,1.4674,1.4745,0
2008-08-29,1.4744,1.4769,1.4641,1.4673,0
2008-08-31,1.4699,1.4725,1.4617,1.464,0
2008-09-01,1.4641,1.4668,1.4557,1.4572,0
2008-09-02,1.4573,1.46,1.4468,1.4495,0
2008-09-03,1.4494,1.453,1.4387,1.4511,0
2008-09-04,1.4513,1.4546,1.4213,1.428,0
2008-09-05,1.4281,1.4349,1.4199,1.4268,0
2008-09-07,1.4337,1.443,1.4312,1.4409,0
2008-09-08,1.441,1.4427,1.4047,1.4089,0
2008-09-09,1.409,1.4229,1.406,1.4136,0
2008-09-10,1.4135,1.4181,1.3935,1.3954,0
2008-09-11,1.3955,1.4043,1.3883,1.4001,0
2008-09-12,1.4,1.4234,1.3988,1.4216,0
2008-09-14,1.4345,1.4483,1.4289,1.444,0
2008-09-15,1.4438,1.4449,1.4087,1.4192,0
2008-09-16,1.4191,1.4284,1.4075,1.4161,0
2008-09-17,1.4162,1.4395,1.41,1.4361,0
2008-09-18,1.436,1.4544,1.4193,1.4214,0
2008-09-19,1.4215,1.45,1.4155,1.447,0
2008-09-21,1.4492,1.4566,1.4439,1.4536,0
2008-09-22,1.4537,1.4869,1.4466,1.4779,0
2008-09-23,1.4778,1.4815,1.4625,1.4682,0
2008-09-24,1.4683,1.4749,1.4606,1.471,0
2008-09-25,1.4711,1.4771,1.4561,1.4676,0
2008-09-26,1.4677,1.468,1.4557,1.4618,0
2008-09-28,1.4559,1.4566,1.4485,1.4502,0
2008-09-29,1.4501,1.4571,1.4304,1.436,0
2008-09-30,1.4358,1.4428,1.4011,1.413,0
2008-10-01,1.4129,1.4176,1.3932,1.3979,0
2008-10-02,1.398,1.3992,1.3749,1.3848,0
2008-10-03,1.3847,1.391,1.3704,1.3777,0
2008-10-05,1.367,1.3708,1.361,1.3636,0
2008-10-06,1.3635,1.3647,1.3444,1.3588,0
2008-10-07,1.359,1.3744,1.3516,1.36,0
2008-10-08,1.3601,1.3756,1.3548,1.3681,0
2008-10-09,1.3682,1.3787,1.3545,1.3551,0
2008-10-10,1.3549,1.3654,1.3261,1.3413,0
2008-10-12,1.3577,1.3627,1.3459,1.3535,0
2008-10-13,1.3536,1.3694,1.3473,1.3686,0
2008-10-14,1.3687,1.3771,1.3537,1.3579,0
2008-10-15,1.358,1.369,1.3428,1.3476,0
2008-10-16,1.3474,1.354,1.3348,1.3466,0
2008-10-17,1.3467,1.3514,1.3388,1.3413,0
2008-10-19,1.3431,1.348,1.3404,1.3457,0
2008-10-20,1.3458,1.3532,1.329,1.3332,0
2008-10-21,1.3333,1.3339,1.2912,1.2922,0
2008-10-22,1.2923,1.2945,1.273,1.2758,0
2008-10-23,1.276,1.3008,1.2737,1.2769,0
2008-10-24,1.2766,1.2829,1.2498,1.2624,0
2008-10-26,1.2567,1.269,1.2536,1.2599,0
2008-10-27,1.2598,1.263,1.2331,1.2434,0
2008-10-28,1.2432,1.2847,1.2412,1.2718,0
2008-10-29,1.2717,1.3299,1.2628,1.3234,0
2008-10-30,1.3233,1.3258,1.2748,1.2856,0
2008-10-31,1.2857,1.287,1.267,1.2725,0
2008-11-02,1.2753,1.2871,1.2742,1.2843,0
2008-11-03,1.2842,1.29,1.2528,1.2583,0
2008-11-04,1.2584,1.3051,1.2572,1.2854,0
2008-11-05,1.2853,1.3118,1.2796,1.2876,0
2008-11-06,1.2874,1.2933,1.2655,1.276,0
2008-11-07,1.2761,1.2853,1.2717,1.2719,0
2008-11-09,1.2827,1.29,1.2779,1.2891,0
2008-11-10,1.2892,1.2929,1.2677,1.274,0
2008-11-11,1.2741,1.2802,1.2479,1.2574,0
2008-11-12,1.2575,1.2634,1.244,1.2461,0
2008-11-13,1.246,1.2858,1.239,1.2728,0
2008-11-14,1.2729,1.2801,1.2575,1.2605,0
2008-11-16,1.2541,1.2599,1.2514,1.2567,0
2008-11-17,1.2566,1.2744,1.2547,1.2618,0
2008-11-18,1.2619,1.2702,1.2569,1.2622,0
2008-11-19,1.2621,1.2816,1.2474,1.249,0
2008-11-20,1.2489,1.2596,1.2425,1.2489,0
2008-11-21,1.249,1.264,1.2439,1.2592,0
2008-11-23,1.2592,1.2657,1.2579,1.2645,0
2008-11-24,1.2648,1.2962,1.2569,1.2853,0
2008-11-25,1.2852,1.3083,1.2806,1.2979,0
2008-11-26,1.2978,1.3029,1.2821,1.2923,0
2008-11-27,1.2922,1.297,1.2862,1.291,0
2008-11-28,1.2911,1.2958,1.2647,1.2693,0
2008-11-30,1.2718,1.2718,1.2623,1.2684,0
2008-12-01,1.2683,1.2706,1.2583,1.265,0
2008-12-02,1.2651,1.2768,1.2564,1.2703,0
2008-12-03,1.2702,1.273,1.2604,1.2675,0
2008-12-04,1.2674,1.285,1.2551,1.2748,0
2008-12-05,1.2749,1.28,1.2629,1.2724,0
2008-12-07,1.2735,1.2788,1.2721,1.2762,0
2008-12-08,1.2761,1.2969,1.2747,1.2875,0
2008-12-09,1.2874,1.3003,1.2801,1.2959,0
2008-12-10,1.296,1.3072,1.2905,1.3049,0
2008-12-11,1.305,1.3408,1.3043,1.3369,0
2008-12-12,1.3368,1.3417,1.3254,1.3371,0
2008-12-14,1.3372,1.3499,1.3371,1.349,0
2008-12-15,1.3491,1.3738,1.3431,1.373,0
2008-12-16,1.3729,1.4194,1.3631,1.4141,0
2008-12-17,1.414,1.4457,1.401,1.4435,0
2008-12-18,1.4436,1.4721,1.4184,1.4264,0
2008-12-19,1.4265,1.4309,1.3827,1.3909,0
2008-12-21,1.3939,1.4049,1.3914,1.3975,0
2008-12-22,1.3976,1.4127,1.3905,1.3981,0
2008-12-23,1.398,1.4023,1.3917,1.3959,0
2008-12-24,1.3958,1.4021,1.3948,1.4005,0
2008-12-26,1.4066,1.412,1.4015,1.4031,0
2008-12-28,1.4071,1.4176,1.4066,1.4154,0
2008-12-29,1.4153,1.4365,1.392,1.4101,0
2008-12-30,1.4103,1.4224,1.3991,1.4086,0
2008-12-31,1.4085,1.4145,1.3852,1.397,0
2009-01-01,1.4005,1.403,1.3861,1.387,0
2009-01-02,1.3866,1.3988,1.3842,1.3923,0
2009-01-04,1.391,1.3965,1.3844,1.3885,0
2009-01-05,1.3884,1.3945,1.3531,1.3558,0
2009-01-06,1.3556,1.3568,1.3314,1.3518,0
2009-01-07,1.3517,1.3749,1.3465,1.3635,0
2009-01-08,1.3634,1.3801,1.3536,1.365,0
2009-01-09,1.3649,1.3754,1.3417,1.3479,0
2009-01-11,1.3482,1.3482,1.3375,1.339,0
2009-01-12,1.3391,1.3447,1.3292,1.3332,0
2009-01-13,1.3331,1.3334,1.3142,1.326,0
2009-01-14,1.3259,1.3338,1.3095,1.3181,0
2009-01-15,1.3182,1.3256,1.3028,1.3223,0
2009-01-16,1.3222,1.3346,1.3189,1.3268,0
2009-01-18,1.3343,1.3388,1.3315,1.3346,0
2009-01-19,1.3347,1.3365,1.2981,1.2998,0
2009-01-20,1.2997,1.3033,1.2847,1.2971,0
2009-01-21,1.2972,1.3088,1.2826,1.304,0
2009-01-22,1.3041,1.3085,1.291,1.2943,0
2009-01-23,1.2944,1.3037,1.2766,1.2973,0
2009-01-25,1.297,1.2971,1.2863,1.2946,0
2009-01-26,1.2948,1.3261,1.2875,1.3214,0
2009-01-27,1.3215,1.3331,1.3121,1.3266,0
2009-01-28,1.3267,1.3328,1.3084,1.3124,0
2009-01-29,1.3126,1.3181,1.2875,1.2893,0
2009-01-30,1.2894,1.2928,1.2765,1.2815,0
2009-02-01,1.2774,1.2788,1.2713,1.2723,0
2009-02-02,1.2724,1.2916,1.2708,1.2877,0
2009-02-03,1.2878,1.306,1.2804,1.301,0
2009-02-04,1.3009,1.3073,1.2801,1.2839,0
2009-02-05,1.2838,1.2907,1.2763,1.2787,0
2009-02-06,1.2786,1.2995,1.2749,1.2946,0
2009-02-08,1.297,1.2994,1.2914,1.2956,0
2009-02-09,1.2955,1.3095,1.2812,1.2824,0
2009-02-10,1.2823,1.3076,1.282,1.2893,0
2009-02-11,1.2892,1.2999,1.2836,1.2913,0
2009-02-12,1.2912,1.2946,1.2724,1.2929,0
2009-02-13,1.293,1.2941,1.2823,1.2864,0
2009-02-15,1.2785,1.281,1.2754,1.2767,0
2009-02-16,1.2766,1.2827,1.2634,1.2649,0
2009-02-17,1.2649,1.2676,1.256,1.2596,0
2009-02-18,1.2597,1.2642,1.2515,1.2585,0
2009-02-19,1.2584,1.2762,1.2572,1.2594,0
2009-02-20,1.2593,1.2885,1.256,1.283,0
2009-02-22,1.281,1.2949,1.278,1.2906,0
2009-02-23,1.2908,1.2993,1.2664,1.2728,0
2009-02-24,1.2727,1.288,1.2702,1.2832,0
2009-02-25,1.2833,1.2901,1.2692,1.2737,0
2009-02-26,1.2736,1.2812,1.2684,1.2735,0
2009-02-27,1.2734,1.2752,1.2605,1.2674,0
2009-03-01,1.2635,1.2639,1.2547,1.257,0
2009-03-02,1.2576,1.2641,1.254,1.2619,0
2009-03-03,1.2618,1.268,1.2458,1.2488,0
2009-03-04,1.2487,1.2665,1.2487,1.2618,0
2009-03-05,1.2619,1.2624,1.2483,1.258,0
2009-03-06,1.2581,1.2756,1.2572,1.2654,0
2009-03-08,1.2657,1.2729,1.2657,1.2675,0
2009-03-09,1.2675,1.2682,1.2558,1.2678,0
2009-03-10,1.2678,1.2824,1.2613,1.267,0
2009-03-11,1.2669,1.2873,1.2619,1.2831,0
2009-03-12,1.2832,1.2947,1.2734,1.2929,0
2009-03-13,1.2928,1.2959,1.2865,1.2931,0
2009-03-15,1.2883,1.2925,1.2836,1.2895,0
2009-03-16,1.2895,1.3073,1.2885,1.3006,0
2009-03-17,1.3005,1.3059,1.2933,1.3048,0
2009-03-18,1.3047,1.3537,1.2988,1.3457,0
2009-03-19,1.3456,1.374,1.342,1.366,0
2009-03-20,1.3659,1.3728,1.3519,1.3584,0
2009-03-22,1.3627,1.3686,1.3614,1.3667,0
2009-03-23,1.3668,1.3738,1.3487,1.3654,0
2009-03-24,1.3655,1.368,1.3433,1.3488,0
2009-03-25,1.3489,1.3653,1.342,1.357,0
2009-03-26,1.3569,1.3642,1.3496,1.3569,0
2009-03-27,1.3569,1.3593,1.3259,1.3291,0
2009-03-29,1.3231,1.3288,1.3215,1.3274,0
2009-03-30,1.3275,1.3276,1.3115,1.3259,0
2009-03-31,1.3258,1.3345,1.3175,1.3211,0
2009-04-01,1.3212,1.3296,1.3168,1.3275,0
2009-04-02,1.3275,1.3519,1.3253,1.3443,0
2009-04-03,1.3445,1.3496,1.3367,1.3487,0
2009-04-05,1.3505,1.3584,1.3503,1.3573,0
2009-04-06,1.3573,1.358,1.3324,1.3365,0
2009-04-07,1.3366,1.34,1.3179,1.3201,0
2009-04-08,1.3202,1.3312,1.315,1.3265,0
2009-04-09,1.3266,1.3338,1.3092,1.3138,0
2009-04-10,1.3137,1.3191,1.3113,1.3191,0
2009-04-12,1.3192,1.3198,1.3128,1.3167,0
2009-04-13,1.3167,1.3396,1.3166,1.3331,0
2009-04-14,1.3332,1.337,1.3222,1.3247,0
2009-04-15,1.3247,1.33,1.3149,1.3219,0
2009-04-16,1.322,1.3234,1.3104,1.3121,0
2009-04-17,1.3122,1.3126,1.3018,1.3045,0
2009-04-19,1.3064,1.3064,1.2968,1.3004,0
2009-04-20,1.3003,1.302,1.289,1.2939,0
2009-04-21,1.2938,1.2996,1.29,1.2928,0
2009-04-22,1.2927,1.3041,1.2887,1.3,0
2009-04-23,1.3001,1.3164,1.2998,1.3149,0
2009-04-24,1.315,1.3303,1.3139,1.3244,0
2009-04-26,1.3249,1.3251,1.3158,1.3168,0
2009-04-27,1.3169,1.3184,1.2998,1.3025,0
2009-04-28,1.3024,1.3199,1.2967,1.3189,0
2009-04-29,1.3188,1.3345,1.3171,1.3313,0
2009-04-30,1.3313,1.3388,1.3194,1.3256,0
2009-05-01,1.3256,1.333,1.3229,1.3272,0
2009-05-03,1.3277,1.3348,1.3268,1.3324,0
2009-05-04,1.3324,1.344,1.3215,1.3372,0
2009-05-05,1.3371,1.3438,1.3248,1.3276,0
2009-05-06,1.3275,1.3376,1.3249,1.3287,0
2009-05-07,1.3286,1.3472,1.3254,1.3376,0
2009-05-08,1.3376,1.3654,1.3365,1.3642,0
2009-05-10,1.3648,1.3671,1.3618,1.3658,0
2009-05-11,1.3657,1.3668,1.356,1.3601,0
2009-05-12,1.3602,1.3724,1.3588,1.3691,0
2009-05-13,1.3692,1.3718,1.3527,1.3555,0
2009-05-14,1.3556,1.3667,1.3533,1.3638,0
2009-05-15,1.3638,1.3646,1.3464,1.3496,0
2009-05-17,1.3482,1.3493,1.3426,1.3442,0
2009-05-18,1.3443,1.3573,1.3434,1.3572,0
2009-05-19,1.3573,1.367,1.354,1.3618,0
2009-05-20,1.3617,1.3832,1.3586,1.3793,0
2009-05-21,1.3791,1.3957,1.373,1.3931,0
2009-05-22,1.3932,1.4053,1.3901,1.4001,0
2009-05-24,1.4017,1.4047,1.3975,1.3987,0
2009-05-25,1.3989,1.4028,1.3944,1.3972,0
2009-05-26,1.3971,1.4005,1.386,1.3977,0
2009-05-27,1.3978,1.3995,1.3815,1.3819,0
2009-05-28,1.3818,1.3998,1.3793,1.3984,0
2009-05-29,1.3983,1.4169,1.3971,1.416,0
2009-05-31,1.4145,1.4165,1.4099,1.4144,0
2009-06-01,1.4143,1.4246,1.4114,1.4169,0
2009-06-02,1.4168,1.4331,1.4102,1.4305,0
2009-06-03,1.4304,1.4338,1.4109,1.4168,0
2009-06-04,1.4167,1.4241,1.407,1.4201,0
2009-06-05,1.42,1.4268,1.3933,1.397,0
2009-06-07,1.3969,1.4002,1.3926,1.3983,0
2009-06-08,1.3982,1.3996,1.3805,1.3871,0
2009-06-09,1.3872,1.4101,1.3852,1.4074,0
2009-06-10,1.4073,1.4144,1.3915,1.4028,0
2009-06-11,1.4027,1.4178,1.3943,1.4098,0
2009-06-12,1.4099,1.4116,1.3936,1.4016,0
2009-06-14,1.3996,1.4002,1.3947,1.3956,0
2009-06-15,1.3955,1.3963,1.3748,1.38,0
2009-06-16,1.38,1.3933,1.3793,1.3866,0
2009-06-17,1.3865,1.3985,1.3823,1.3958,0
2009-06-18,1.3959,1.4001,1.3871,1.392,0
2009-06-19,1.3921,1.4012,1.3884,1.394,0
2009-06-21,1.3948,1.3957,1.3886,1.3908,0
2009-06-22,1.3907,1.3917,1.3827,1.3861,0
2009-06-23,1.3862,1.4107,1.3829,1.4086,0
2009-06-24,1.4086,1.4138,1.3889,1.3968,0
2009-06-25,1.3967,1.4047,1.3889,1.4042,0
2009-06-26,1.4043,1.4118,1.4015,1.4059,0
2009-06-28,1.4066,1.4077,1.4003,1.4028,0
2009-06-29,1.4029,1.4132,1.3983,1.4109,0
2009-06-30,1.411,1.4152,1.4001,1.4034,0
2009-07-01,1.4035,1.4201,1.4018,1.4113,0
2009-07-02,1.4112,1.4128,1.3927,1.3983,0
2009-07-03,1.3982,1.4028,1.3963,1.3981,0
2009-07-05,1.3958,1.3987,1.3952,1.397,0
2009-07-06,1.3969,1.3998,1.3876,1.3977,0
2009-07-07,1.3976,1.405,1.3881,1.3904,0
2009-07-08,1.3903,1.3938,1.3833,1.3897,0
2009-07-09,1.3896,1.407,1.3892,1.3977,0
2009-07-10,1.3976,1.3987,1.3878,1.3935,0
2009-07-12,1.3948,1.3979,1.3924,1.3929,0
2009-07-13,1.393,1.4007,1.3897,1.3983,0
2009-07-14,1.3984,1.4014,1.3911,1.3983,0
2009-07-15,1.3982,1.4135,1.3978,1.4074,0
2009-07-16,1.4073,1.4166,1.4057,1.4115,0
2009-07-17,1.4114,1.4147,1.4062,1.4103,0
2009-07-19,1.4099,1.4182,1.4095,1.4155,0
2009-07-20,1.4154,1.4249,1.4145,1.4208,0
2009-07-21,1.4207,1.4277,1.4163,1.4195,0
2009-07-22,1.4196,1.4257,1.4156,1.4232,0
2009-07-23,1.4233,1.4291,1.4119,1.4161,0
2009-07-24,1.416,1.4253,1.4153,1.4205,0
2009-07-26,1.4225,1.4235,1.4171,1.4232,0
2009-07-27,1.4231,1.4298,1.4203,1.4242,0
2009-07-28,1.4243,1.4304,1.4131,1.4169,0
2009-07-29,1.4169,1.4184,1.4007,1.4056,0
2009-07-30,1.4055,1.4135,1.4015,1.4127,0
2009-07-31,1.4126,1.4279,1.4086,1.4258,0
2009-08-02,1.4266,1.4309,1.4229,1.4234,0
2009-08-03,1.4235,1.4445,1.4207,1.4389,0
2009-08-04,1.439,1.443,1.4367,1.4411,0
2009-08-05,1.4412,1.4447,1.4355,1.4399,0
2009-08-06,1.4398,1.4422,1.4329,1.4361,0
2009-08-07,1.4362,1.4412,1.4154,1.4182,0
2009-08-09,1.418,1.4212,1.4168,1.4203,0
2009-08-10,1.4202,1.4218,1.4105,1.4141,0
2009-08-11,1.4142,1.4185,1.411,1.4144,0
2009-08-12,1.4144,1.4247,1.4086,1.422,0
2009-08-13,1.4219,1.4327,1.4213,1.4269,0
2009-08-14,1.427,1.4306,1.416,1.4203,0
2009-08-16,1.4188,1.4193,1.414,1.4153,0
2009-08-17,1.4154,1.4157,1.4045,1.4105,0
2009-08-18,1.4106,1.4173,1.4069,1.414,0
2009-08-19,1.4139,1.4265,1.4083,1.4222,0
2009-08-20,1.4223,1.4274,1.4199,1.4224,0
2009-08-21,1.4225,1.4374,1.4208,1.4327,0
2009-08-23,1.4332,1.4359,1.4331,1.4336,0
2009-08-24,1.4337,1.4343,1.4273,1.4302,0
2009-08-25,1.4303,1.4362,1.4252,1.4302,0
2009-08-26,1.4301,1.4352,1.4207,1.4244,0
2009-08-27,1.4243,1.4406,1.4221,1.4354,0
2009-08-28,1.4355,1.4388,1.428,1.4301,0
2009-08-30,1.4308,1.4316,1.4279,1.4286,0
2009-08-31,1.4287,1.4367,1.4255,1.4354,0
2009-09-01,1.4353,1.4377,1.4176,1.4212,0
2009-09-02,1.4211,1.4293,1.4192,1.4272,0
2009-09-03,1.4273,1.4347,1.4235,1.425,0
2009-09-04,1.4251,1.4325,1.419,1.4297,0
2009-09-06,1.4302,1.4333,1.43,1.4331,0
2009-09-07,1.4332,1.4361,1.4319,1.4341,0
2009-09-08,1.434,1.4534,1.4333,1.4482,0
2009-09-09,1.4481,1.4599,1.4466,1.4574,0
2009-09-10,1.4573,1.4612,1.4501,1.4603,0
2009-09-11,1.4602,1.4634,1.4552,1.4569,0
2009-09-13,1.46,1.4606,1.452,1.4544,0
2009-09-14,1.4545,1.4652,1.4514,1.4619,0
2009-09-15,1.462,1.4684,1.4561,1.468,0
2009-09-16,1.4679,1.4735,1.4645,1.4727,0
2009-09-17,1.4726,1.4766,1.4687,1.4716,0
2009-09-18,1.4715,1.4734,1.4647,1.4707,0
2009-09-20,1.4706,1.4712,1.4678,1.4683,0
2009-09-21,1.4684,1.4722,1.4611,1.4716,0
2009-09-22,1.4715,1.484,1.4705,1.4809,0
2009-09-23,1.4808,1.4842,1.4687,1.4723,0
2009-09-24,1.4724,1.4803,1.4616,1.4656,0
2009-09-25,1.4655,1.4724,1.4624,1.4692,0
2009-09-27,1.4702,1.472,1.4572,1.4578,0
2009-09-28,1.4579,1.4677,1.4564,1.4626,0
2009-09-29,1.4627,1.4645,1.4527,1.4619,0
2009-09-30,1.462,1.4673,1.4575,1.4624,0
2009-10-01,1.4623,1.4629,1.4501,1.4543,0
2009-10-02,1.4544,1.4646,1.448,1.4575,0
2009-10-04,1.461,1.4646,1.4579,1.4633,0
2009-10-05,1.4633,1.4717,1.4591,1.4704,0
2009-10-06,1.4705,1.4761,1.4682,1.4704,0
2009-10-07,1.4703,1.4773,1.465,1.476,0
2009-10-08,1.4759,1.4816,1.4705,1.4723,0
2009-10-09,1.4724,1.4773,1.4673,1.4725,0
2009-10-11,1.4722,1.4741,1.4678,1.4702,0
2009-10-12,1.4703,1.4812,1.468,1.477,0
2009-10-13,1.4771,1.4886,1.4761,1.4884,0
2009-10-14,1.4885,1.496,1.4869,1.4952,0
2009-10-15,1.4951,1.4966,1.4842,1.4932,0
2009-10-16,1.4932,1.4939,1.4848,1.4902,0
2009-10-18,1.4887,1.4919,1.4829,1.488,0
2009-10-19,1.4881,1.4992,1.4872,1.4972,0
2009-10-20,1.4973,1.499,1.4882,1.4923,0
2009-10-21,1.4924,1.5045,1.4906,1.4984,0
2009-10-22,1.4985,1.506,1.4945,1.5029,0
2009-10-23,1.5028,1.505,1.4986,1.5007,0
2009-10-25,1.4995,1.5063,1.4982,1.5038,0
2009-10-26,1.5037,1.5046,1.4845,1.4881,0
2009-10-27,1.4882,1.4927,1.477,1.4811,0
2009-10-28,1.4812,1.484,1.4683,1.4718,0
2009-10-29,1.4718,1.4859,1.4702,1.4855,0
2009-10-30,1.4854,1.4857,1.4703,1.4723,0
2009-11-01,1.4717,1.4772,1.4684,1.476,0
2009-11-02,1.4759,1.4845,1.4728,1.4784,0
2009-11-03,1.4783,1.4807,1.4626,1.4733,0
2009-11-04,1.4732,1.4909,1.4723,1.4841,0
2009-11-05,1.4841,1.4918,1.481,1.4874,0
2009-11-06,1.4873,1.4914,1.4813,1.4845,0
2009-11-08,1.4883,1.4943,1.4853,1.4939,0
2009-11-09,1.4938,1.502,1.4929,1.4979,0
2009-11-10,1.498,1.5021,1.4938,1.4986,0
2009-11-11,1.4985,1.5049,1.4953,1.4991,0
2009-11-12,1.499,1.501,1.4821,1.486,0
2009-11-13,1.4859,1.4938,1.4824,1.4904,0
2009-11-15,1.492,1.4972,1.4916,1.4965,0
2009-11-16,1.4966,1.5016,1.488,1.4968,0
2009-11-17,1.4967,1.4974,1.4808,1.4881,0
2009-11-18,1.4882,1.499,1.488,1.4911,0
2009-11-19,1.491,1.4935,1.4842,1.4925,0
2009-11-20,1.4926,1.4935,1.4801,1.4861,0
2009-11-22,1.4862,1.4947,1.4854,1.4942,0
2009-11-23,1.4941,1.4999,1.4921,1.4952,0
2009-11-24,1.4951,1.4998,1.4889,1.4996,0
2009-11-25,1.4995,1.5144,1.498,1.5112,0
2009-11-26,1.5113,1.5119,1.4914,1.4934,0
2009-11-27,1.4934,1.4989,1.4829,1.4987,0
2009-11-29,1.5014,1.5084,1.4963,1.5066,0
2009-11-30,1.5065,1.5078,1.4973,1.5011,0
2009-12-01,1.5012,1.5117,1.4971,1.5092,0
2009-12-02,1.5091,1.5109,1.5032,1.5087,0
2009-12-03,1.5086,1.5141,1.5037,1.5058,0
2009-12-04,1.5057,1.509,1.4822,1.4855,0
2009-12-06,1.4856,1.4898,1.4851,1.4887,0
2009-12-07,1.4888,1.4905,1.4756,1.4844,0
2009-12-08,1.4843,1.4863,1.4669,1.4723,0
2009-12-09,1.4724,1.4782,1.4674,1.4712,0
2009-12-10,1.4713,1.476,1.4684,1.4726,0
2009-12-11,1.4725,1.4777,1.4586,1.4617,0
2009-12-13,1.4622,1.4677,1.4598,1.466,0
2009-12-14,1.4659,1.4685,1.4616,1.4654,0
2009-12-15,1.4653,1.4654,1.4503,1.4538,0
2009-12-16,1.4537,1.459,1.4369,1.439,0
2009-12-17,1.4389,1.4419,1.4304,1.4394,0
2009-12-18,1.4395,1.4404,1.4261,1.4331,0
2009-12-20,1.4309,1.4359,1.4299,1.435,0
2009-12-21,1.4349,1.4373,1.4265,1.4294,0
2009-12-22,1.4293,1.4332,1.4217,1.4248,0
2009-12-23,1.4247,1.4366,1.4234,1.4336,0
2009-12-24,1.4337,1.4418,1.4336,1.4366,0
2009-12-27,1.4389,1.4397,1.4354,1.4377,0
2009-12-28,1.4378,1.4414,1.4354,1.4374,0
2009-12-29,1.4373,1.4458,1.4306,1.4318,0
2009-12-30,1.4319,1.4373,1.4273,1.4372,0
2009-12-31,1.4371,1.444,1.4306,1.4324,0
2010-01-03,1.4301,1.4337,1.4257,1.429,0
2010-01-04,1.4289,1.4456,1.4269,1.4427,0
2010-01-05,1.4426,1.4483,1.4334,1.4355,0
2010-01-06,1.4356,1.4447,1.4283,1.44,0
2010-01-07,1.4399,1.4404,1.4299,1.4313,0
2010-01-08,1.4314,1.4439,1.4263,1.4409,0
2010-01-10,1.4428,1.4533,1.4408,1.4498,0
2010-01-11,1.4499,1.4556,1.4453,1.4483,0
2010-01-12,1.4484,1.4546,1.4456,1.4489,0
2010-01-13,1.4488,1.4579,1.4463,1.4533,0
2010-01-14,1.4532,1.4555,1.4406,1.4418,0
2010-01-15,1.4417,1.4445,1.4337,1.4386,0
2010-01-17,1.4353,1.4378,1.4335,1.4374,0
2010-01-18,1.4375,1.4414,1.4365,1.4394,0
2010-01-19,1.4393,1.4411,1.419,1.4212,0
2010-01-20,1.4211,1.422,1.4067,1.4096,0
2010-01-21,1.4095,1.4143,1.403,1.4123,0
2010-01-22,1.4124,1.4182,1.4086,1.4138,0
2010-01-24,1.4156,1.4174,1.4134,1.4167,0
2010-01-25,1.4168,1.4194,1.4088,1.4092,0
2010-01-26,1.4091,1.4111,1.4042,1.4076,0
2010-01-27,1.4075,1.4087,1.394,1.4013,0
2010-01-28,1.4012,1.4051,1.3912,1.393,0
2010-01-29,1.3931,1.3987,1.3862,1.3862,0
2010-01-31,1.3866,1.3887,1.3852,1.3881,0
2010-02-01,1.388,1.3938,1.3873,1.3916,0
2010-02-02,1.3915,1.3976,1.3902,1.3955,0
2010-02-03,1.3956,1.4025,1.3866,1.3889,0
2010-02-04,1.3888,1.3896,1.3669,1.3711,0
2010-02-05,1.3712,1.3742,1.3585,1.3678,0
2010-02-07,1.3658,1.3667,1.3621,1.3646,0
2010-02-08,1.3645,1.3713,1.3622,1.3692,0
2010-02-09,1.3693,1.3839,1.3689,1.3754,0
2010-02-10,1.3753,1.3812,1.3677,1.3792,0
2010-02-11,1.3791,1.3801,1.3595,1.3669,0
2010-02-12,1.367,1.3686,1.3531,1.3631,0
2010-02-14,1.3625,1.3631,1.3605,1.3609,0
2010-02-15,1.361,1.3649,1.3579,1.3643,0
2010-02-16,1.3644,1.3782,1.3634,1.3779,0
2010-02-17,1.3778,1.3788,1.3557,1.3568,0
2010-02-18,1.3569,1.3654,1.3442,1.3481,0
2010-02-19,1.3482,1.3617,1.3455,1.3613,0
2010-02-21,1.3636,1.3653,1.3601,1.3637,0
2010-02-22,1.3638,1.364,1.3574,1.3625,0
2010-02-23,1.3624,1.3691,1.3496,1.3539,0
2010-02-24,1.3538,1.3625,1.345,1.3471,0
2010-02-25,1.347,1.3603,1.3456,1.3584,0
2010-02-26,1.3585,1.3682,1.3549,1.363,0
2010-02-28,1.3623,1.3649,1.359,1.3604,0
2010-03-01,1.3603,1.3652,1.3459,1.3533,0
2010-03-02,1.3532,1.3652,1.3436,1.3636,0
2010-03-03,1.3637,1.3735,1.3591,1.3681,0
2010-03-04,1.368,1.3693,1.355,1.359,0
2010-03-05,1.3589,1.3629,1.3529,1.362,0
2010-03-07,1.363,1.369,1.3624,1.3677,0
2010-03-08,1.3678,1.3702,1.3604,1.3618,0
2010-03-09,1.3619,1.3627,1.3536,1.3599,0
2010-03-10,1.3598,1.3678,1.3543,1.364,0
2010-03-11,1.3641,1.3695,1.362,1.3691,0
2010-03-12,1.3692,1.3795,1.3685,1.3767,0
2010-03-14,1.3776,1.3777,1.3725,1.3732,0
2010-03-15,1.3733,1.376,1.3639,1.3692,0
2010-03-16,1.3691,1.3785,1.3655,1.378,0
2010-03-17,1.3779,1.3817,1.371,1.3717,0
2010-03-18,1.3716,1.3728,1.3585,1.3625,0
2010-03-19,1.3624,1.3626,1.3502,1.3528,0
2010-03-21,1.3536,1.3537,1.3505,1.3513,0
2010-03-22,1.3512,1.3568,1.3462,1.3558,0
2010-03-23,1.3557,1.3562,1.3445,1.3454,0
2010-03-24,1.3455,1.3464,1.3304,1.3334,0
2010-03-25,1.3333,1.3386,1.3266,1.3332,0
2010-03-26,1.3333,1.3424,1.3324,1.3408,0
2010-03-28,1.347,1.3492,1.3418,1.344,0
2010-03-29,1.3441,1.3506,1.3422,1.3487,0
2010-03-30,1.3488,1.3536,1.3391,1.3396,0
2010-03-31,1.3395,1.356,1.3383,1.3507,0
2010-04-01,1.3508,1.359,1.3459,1.3567,0
2010-04-02,1.3566,1.3581,1.3474,1.3503,0
2010-04-04,1.3496,1.3537,1.348,1.3521,0
2010-04-05,1.3522,1.3527,1.342,1.3427,0
2010-04-06,1.3426,1.3437,1.3354,1.3389,0
2010-04-07,1.3388,1.3401,1.3312,1.3329,0
2010-04-08,1.3328,1.3383,1.3281,1.3361,0
2010-04-09,1.336,1.3498,1.3341,1.3497,0
2010-04-11,1.366,1.3676,1.3607,1.3654,0
2010-04-12,1.3655,1.3691,1.3565,1.3573,0
2010-04-13,1.3574,1.3664,1.3544,1.366,0
2010-04-14,1.3659,1.3678,1.3593,1.3649,0
2010-04-15,1.3648,1.3649,1.352,1.3541,0
2010-04-16,1.3542,1.3562,1.3471,1.35,0
2010-04-18,1.3467,1.3497,1.3445,1.3462,0
2010-04-19,1.3461,1.35,1.3415,1.3477,0
2010-04-20,1.3478,1.3521,1.3404,1.3417,0
2010-04-21,1.3416,1.3446,1.3357,1.3387,0
2010-04-22,1.3388,1.342,1.3201,1.3224,0
2010-04-23,1.3223,1.3399,1.3218,1.3384,0
2010-04-25,1.3347,1.3396,1.3333,1.3369,0
2010-04-26,1.337,1.3415,1.329,1.338,0
2010-04-27,1.3379,1.3385,1.3143,1.3215,0
2010-04-28,1.3214,1.3265,1.3113,1.3213,0
2010-04-29,1.3212,1.3278,1.3192,1.3252,0
2010-04-30,1.3251,1.3341,1.3235,1.3292,0
2010-05-02,1.3358,1.3359,1.3208,1.3214,0
2010-05-03,1.3215,1.3252,1.3153,1.3201,0
2010-05-04,1.32,1.3208,1.2936,1.2957,0
2010-05-05,1.2958,1.2995,1.2788,1.2844,0
2010-05-06,1.2843,1.2843,1.2518,1.2705,0
2010-05-07,1.2706,1.2797,1.2608,1.2751,0
2010-05-09,1.2918,1.2967,1.2806,1.2945,0
2010-05-10,1.2944,1.3092,1.2722,1.2746,0
2010-05-11,1.2745,1.2758,1.2615,1.2634,0
2010-05-12,1.2635,1.2737,1.2604,1.2647,0
2010-05-13,1.2646,1.2683,1.2515,1.2535,0
2010-05-14,1.2534,1.2575,1.2353,1.2357,0
2010-05-16,1.2341,1.2371,1.2233,1.2266,0
2010-05-17,1.2265,1.2413,1.2254,1.2334,0
2010-05-18,1.2333,1.2443,1.2143,1.2191,0
2010-05-19,1.2192,1.2432,1.2154,1.2362,0
2010-05-20,1.2361,1.2597,1.2296,1.2594,0
2010-05-21,1.2593,1.2671,1.247,1.2571,0
2010-05-23,1.2537,1.2562,1.248,1.25,0
2010-05-24,1.2499,1.2524,1.2282,1.2292,0
2010-05-25,1.2291,1.2387,1.2177,1.2295,0
2010-05-26,1.2296,1.2344,1.2153,1.2224,0
2010-05-27,1.2225,1.2393,1.2202,1.2299,0
2010-05-28,1.2298,1.2452,1.2264,1.2271,0
2010-05-30,1.2265,1.233,1.226,1.2318,0
2010-05-31,1.2317,1.2333,1.2244,1.2255,0
2010-06-01,1.2254,1.2352,1.211,1.2211,0
2010-06-02,1.2212,1.2306,1.2174,1.2291,0
2010-06-03,1.2292,1.2326,1.2151,1.2177,0
2010-06-04,1.2178,1.2214,1.1954,1.1966,0
2010-06-06,1.1928,1.1965,1.1875,1.1895,0
2010-06-07,1.1896,1.199,1.189,1.1968,0
2010-06-08,1.1969,1.2008,1.1901,1.1948,0
2010-06-09,1.1947,1.2072,1.1923,1.2032,0
2010-06-10,1.2033,1.2147,1.2007,1.21,0
2010-06-11,1.2099,1.2151,1.2044,1.2111,0
2010-06-13,1.2128,1.2207,1.2115,1.2181,0
2010-06-14,1.218,1.2297,1.2162,1.2219,0
2010-06-15,1.2218,1.2348,1.2167,1.2317,0
2010-06-16,1.2316,1.2352,1.2254,1.2272,0
2010-06-17,1.2271,1.2412,1.2241,1.2404,0
2010-06-18,1.2403,1.2415,1.2352,1.2386,0
2010-06-20,1.2451,1.2467,1.2367,1.2413,0
2010-06-21,1.2414,1.2466,1.2283,1.2303,0
2010-06-22,1.2302,1.2327,1.2244,1.2262,0
2010-06-23,1.2261,1.2351,1.2208,1.2345,0
2010-06-24,1.2346,1.2387,1.226,1.232,0
2010-06-25,1.2321,1.2394,1.2253,1.2367,0
2010-06-27,1.2373,1.2396,1.2368,1.2382,0
2010-06-28,1.2381,1.2385,1.2257,1.2264,0
2010-06-29,1.2265,1.2271,1.215,1.2212,0
2010-06-30,1.2211,1.2303,1.2192,1.2203,0
2010-07-01,1.2204,1.2539,1.2195,1.2513,0
2010-07-02,1.2512,1.261,1.2481,1.2565,0
2010-07-04,1.2561,1.2564,1.2521,1.2538,0
2010-07-05,1.2539,1.2557,1.2479,1.2534,0
2010-07-06,1.2535,1.2661,1.2517,1.259,0
2010-07-07,1.2591,1.2687,1.2552,1.2652,0
2010-07-08,1.2651,1.2711,1.2633,1.2685,0
2010-07-09,1.2687,1.2728,1.2608,1.2639,0
2010-07-11,1.2636,1.2646,1.2586,1.2597,0
2010-07-12,1.2598,1.2612,1.255,1.259,0
2010-07-13,1.2589,1.2737,1.2522,1.2717,0
2010-07-14,1.2716,1.2777,1.2682,1.2752,0
2010-07-15,1.2753,1.2954,1.2716,1.2912,0
2010-07-16,1.2911,1.3006,1.2888,1.2929,0
2010-07-18,1.2905,1.292,1.2882,1.2902,0
2010-07-19,1.2903,1.2991,1.2869,1.2961,0
2010-07-20,1.2962,1.3027,1.2838,1.2881,0
2010-07-21,1.288,1.2912,1.2731,1.2771,0
2010-07-22,1.277,1.2932,1.274,1.2886,0
2010-07-23,1.2885,1.2964,1.2792,1.2908,0
2010-07-25,1.289,1.2943,1.2876,1.2929,0
2010-07-26,1.2928,1.3016,1.2888,1.3008,0
2010-07-27,1.3007,1.3045,1.2951,1.2994,0
2010-07-28,1.2993,1.3041,1.2968,1.301,0
2010-07-29,1.3009,1.3105,1.3003,1.3057,0
2010-07-30,1.3056,1.3092,1.2979,1.305,0
2010-08-01,1.3062,1.3086,1.3053,1.3082,0
2010-08-02,1.3081,1.3194,1.3055,1.3168,0
2010-08-03,1.3167,1.3261,1.3146,1.3215,0
2010-08-04,1.3214,1.3232,1.313,1.3146,0
2010-08-05,1.3147,1.3234,1.3118,1.3186,0
2010-08-06,1.3187,1.3333,1.3157,1.328,0
2010-08-08,1.3294,1.3295,1.3275,1.328,0
2010-08-09,1.3279,1.3307,1.3134,1.3148,0
2010-08-10,1.3147,1.3227,1.3073,1.3122,0
2010-08-11,1.3121,1.3122,1.2829,1.2882,0
2010-08-12,1.2883,1.2931,1.2779,1.2862,0
2010-08-13,1.2861,1.2905,1.2748,1.2753,0
2010-08-15,1.2765,1.2792,1.2733,1.2777,0
2010-08-16,1.2778,1.287,1.277,1.2837,0
2010-08-17,1.2836,1.2915,1.2824,1.2839,0
2010-08-18,1.284,1.2921,1.2781,1.2808,0
2010-08-19,1.2807,1.2901,1.277,1.2811,0
2010-08-20,1.281,1.2832,1.2663,1.2711,0
2010-08-22,1.2704,1.2723,1.2688,1.2714,0
2010-08-23,1.2713,1.2728,1.2619,1.2634,0
2010-08-24,1.2633,1.2718,1.2587,1.2655,0
2010-08-25,1.2656,1.2726,1.2607,1.2716,0
2010-08-26,1.2717,1.2763,1.2663,1.2712,0
2010-08-27,1.2713,1.2778,1.2675,1.2762,0
2010-08-29,1.276,1.2768,1.2733,1.2737,0
2010-08-30,1.2738,1.2746,1.2632,1.265,0
2010-08-31,1.2651,1.2742,1.2624,1.2703,0
2010-09-01,1.2704,1.2854,1.2695,1.2787,0
2010-09-02,1.2788,1.2847,1.2776,1.2817,0
2010-09-03,1.2818,1.2896,1.2808,1.2895,0
2010-09-05,1.289,1.29,1.2871,1.2893,0
2010-09-06,1.2894,1.2918,1.2788,1.2807,0
2010-09-07,1.2806,1.2814,1.2676,1.2691,0
2010-09-08,1.2692,1.2763,1.2659,1.2711,0
2010-09-09,1.2712,1.2765,1.2644,1.2664,0
2010-09-10,1.2666,1.2746,1.2663,1.2682,0
2010-09-12,1.2714,1.2798,1.2703,1.2788,0
2010-09-13,1.2789,1.2892,1.2783,1.2873,0
2010-09-14,1.2874,1.3033,1.2829,1.2965,0
2010-09-15,1.2966,1.3036,1.2959,1.2987,0
2010-09-16,1.2986,1.3116,1.2978,1.3103,0
2010-09-17,1.3104,1.3159,1.3019,1.3048,0
2010-09-19,1.3063,1.3083,1.3034,1.3073,0
2010-09-20,1.3072,1.312,1.3028,1.3094,0
2010-09-21,1.3095,1.3313,1.3064,1.3295,0
2010-09-22,1.3296,1.344,1.3267,1.3395,0
2010-09-23,1.3396,1.3413,1.3286,1.3344,0
2010-09-24,1.3345,1.3495,1.3305,1.3489,0
2010-09-26,1.3486,1.3495,1.3447,1.3463,0
2010-09-27,1.3462,1.3506,1.3425,1.346,0
2010-09-28,1.3461,1.3595,1.338,1.3586,0
2010-09-29,1.3585,1.3646,1.3573,1.3595,0
2010-09-30,1.3594,1.3683,1.3559,1.3659,0
2010-10-01,1.366,1.3791,1.3629,1.3791,0
2010-10-03,1.3801,1.3805,1.3746,1.376,0
2010-10-04,1.3759,1.3784,1.3636,1.365,0
2010-10-05,1.3651,1.3858,1.3643,1.3846,0
2010-10-06,1.3847,1.3947,1.3797,1.3917,0
2010-10-07,1.3918,1.4028,1.3856,1.3955,0
2010-10-08,1.3956,1.3983,1.3832,1.3937,0
2010-10-10,1.3994,1.4012,1.3958,1.3964,0
2010-10-11,1.3965,1.3985,1.3844,1.388,0
2010-10-12,1.3879,1.3977,1.3774,1.3965,0
2010-10-13,1.3964,1.4093,1.3912,1.4069,0
2010-10-14,1.4068,1.4121,1.4007,1.4037,0
2010-10-15,1.4036,1.4158,1.3936,1.3976,0
2010-10-17,1.399,1.399,1.3862,1.3881,0
2010-10-18,1.3882,1.4003,1.383,1.392,0
2010-10-19,1.3921,1.3957,1.3697,1.3771,0
2010-10-20,1.3772,1.399,1.3753,1.3918,0
2010-10-21,1.3917,1.4049,1.3888,1.3928,0
2010-10-22,1.3927,1.3971,1.3857,1.3952,0
2010-10-24,1.3973,1.4035,1.3933,1.4028,0
2010-10-25,1.4029,1.4079,1.3907,1.3961,0
2010-10-26,1.396,1.3981,1.3807,1.3811,0
2010-10-27,1.3812,1.3852,1.3733,1.3823,0
2010-10-28,1.3824,1.395,1.3796,1.3902,0
2010-10-29,1.3901,1.3946,1.3806,1.3946,0
2010-10-31,1.3961,1.3996,1.3894,1.398,0
2010-11-01,1.3979,1.401,1.3863,1.3916,0
2010-11-02,1.3917,1.4057,1.3908,1.4018,0
2010-11-03,1.4019,1.4152,1.3991,1.4136,0
2010-11-04,1.4135,1.4281,1.4112,1.4196,0
2010-11-05,1.4195,1.4229,1.4023,1.4031,0
2010-11-07,1.4057,1.4085,1.3918,1.3953,0
2010-11-08,1.3952,1.3976,1.3846,1.3869,0
2010-11-09,1.3868,1.3973,1.3734,1.376,0
2010-11-10,1.3761,1.3824,1.3669,1.3788,0
2010-11-11,1.3787,1.3804,1.36,1.3616,0
2010-11-12,1.3615,1.3775,1.3573,1.369,0
2010-11-14,1.3706,1.3749,1.3662,1.3684,0
2010-11-15,1.3683,1.3685,1.356,1.3617,0
2010-11-16,1.3618,1.3655,1.3446,1.3505,0
2010-11-17,1.3504,1.3592,1.346,1.3587,0
2010-11-18,1.3588,1.3667,1.3574,1.3629,0
2010-11-19,1.3631,1.373,1.3618,1.3671,0
2010-11-21,1.3719,1.3767,1.371,1.3761,0
2010-11-22,1.376,1.3785,1.3544,1.3578,0
2010-11-23,1.3579,1.3605,1.3359,1.3402,0
2010-11-24,1.3401,1.342,1.3283,1.3321,0
2010-11-25,1.3322,1.3386,1.3285,1.332,0
2010-11-26,1.3319,1.3324,1.3199,1.324,0
2010-11-28,1.3283,1.329,1.3181,1.3224,0
2010-11-29,1.3225,1.3301,1.3063,1.309,0
2010-11-30,1.3092,1.3135,1.2968,1.3009,0
2010-12-01,1.3008,1.3181,1.3008,1.3105,0
2010-12-02,1.3106,1.3246,1.3059,1.3203,0
2010-12-03,1.3202,1.3437,1.3198,1.3413,0
2010-12-05,1.3376,1.3421,1.3333,1.3351,0
2010-12-06,1.3352,1.338,1.3245,1.3336,0
2010-12-07,1.3335,1.34,1.3213,1.3231,0
2010-12-08,1.323,1.3321,1.3179,1.3313,0
2010-12-09,1.3314,1.3316,1.3163,1.3253,0
2010-12-10,1.3252,1.3281,1.3178,1.3227,0
2010-12-12,1.3198,1.3209,1.3181,1.3184,0
2010-12-13,1.3183,1.3432,1.3182,1.3388,0
2010-12-14,1.3387,1.3498,1.3335,1.3353,0
2010-12-15,1.3352,1.3377,1.3208,1.3211,0
2010-12-16,1.321,1.3294,1.318,1.3289,0
2010-12-17,1.3288,1.3358,1.3132,1.3188,0
2010-12-19,1.3186,1.3186,1.3124,1.3153,0
2010-12-20,1.3154,1.3193,1.3093,1.3166,0
2010-12-21,1.3167,1.3201,1.3073,1.3133,0
2010-12-22,1.3134,1.318,1.3077,1.3112,0
2010-12-23,1.3111,1.315,1.3054,1.3128,0
2010-12-24,1.3127,1.3147,1.3092,1.3116,0
2010-12-26,1.3114,1.313,1.3071,1.3126,0
2010-12-27,1.3125,1.3254,1.3112,1.3242,0
2010-12-28,1.3241,1.3273,1.3083,1.3127,0
2010-12-29,1.3126,1.3258,1.3108,1.3234,0
2010-12-30,1.3235,1.3314,1.3223,1.329,0
2010-12-31,1.3291,1.3423,1.3289,1.3364,0
2011-01-02,1.3345,1.3362,1.3275,1.3294,0
2011-01-03,1.3293,1.3394,1.3249,1.3351,0
2011-01-04,1.335,1.3433,1.3263,1.327,0
2011-01-05,1.3271,1.3289,1.3125,1.3139,0
2011-01-06,1.3138,1.3159,1.2968,1.2987,0
2011-01-07,1.2986,1.3018,1.2904,1.2906,0
2011-01-09,1.2876,1.2929,1.2874,1.2905,0
2011-01-10,1.2906,1.299,1.2873,1.2943,0
2011-01-11,1.2942,1.3016,1.2904,1.2989,0
2011-01-12,1.299,1.3144,1.2961,1.3104,0
2011-01-13,1.3103,1.3382,1.3088,1.3346,0
2011-01-14,1.3347,1.3456,1.3314,1.3388,0
2011-01-16,1.3384,1.3384,1.3332,1.3336,0
2011-01-17,1.3335,1.3341,1.3244,1.3314,0
2011-01-18,1.3315,1.3466,1.3302,1.3445,0
2011-01-19,1.3446,1.3537,1.3426,1.3455,0
2011-01-20,1.3456,1.3522,1.3395,1.3496,0
2011-01-21,1.3495,1.3625,1.3464,1.362,0
2011-01-23,1.364,1.3641,1.3585,1.3593,0
2011-01-24,1.3594,1.3685,1.3539,1.3658,0
2011-01-25,1.3657,1.3703,1.3572,1.3691,0
2011-01-26,1.3693,1.3721,1.364,1.3702,0
2011-01-27,1.3703,1.3757,1.3636,1.3703,0
2011-01-28,1.3702,1.3745,1.3582,1.361,0
2011-01-30,1.3587,1.3613,1.357,1.3603,0
2011-01-31,1.3604,1.3738,1.3597,1.3728,0
2011-02-01,1.3727,1.386,1.37,1.3851,0
2011-02-02,1.385,1.3855,1.3766,1.3794,0
2011-02-03,1.3795,1.3825,1.3608,1.363,0
2011-02-04,1.3629,1.3678,1.3542,1.358,0
2011-02-06,1.3562,1.3623,1.3562,1.3609,0
2011-02-07,1.3608,1.3626,1.3507,1.3615,0
2011-02-08,1.3614,1.3687,1.3592,1.364,0
2011-02-09,1.3641,1.3743,1.361,1.3701,0
2011-02-10,1.37,1.37,1.356,1.358,0
2011-02-11,1.3579,1.3579,1.3496,1.3556,0
2011-02-13,1.3506,1.3549,1.35,1.3532,0
2011-02-14,1.3533,1.3557,1.3427,1.3507,0
2011-02-15,1.3508,1.3549,1.346,1.3529,0
2011-02-16,1.3528,1.3608,1.3461,1.3579,0
2011-02-17,1.358,1.3626,1.3536,1.3604,0
2011-02-18,1.3605,1.3714,1.3544,1.3692,0
2011-02-20,1.37,1.3715,1.3669,1.3674,0
2011-02-21,1.3675,1.3708,1.3562,1.3591,0
2011-02-22,1.3592,1.3712,1.3524,1.3693,0
2011-02-23,1.3694,1.3786,1.3682,1.3775,0
2011-02-24,1.3774,1.3837,1.3703,1.3825,0
2011-02-25,1.3824,1.3834,1.3723,1.3752,0
2011-02-27,1.3758,1.3762,1.371,1.3756,0
2011-02-28,1.3757,1.3855,1.3754,1.3805,0
2011-03-01,1.3804,1.3853,1.3742,1.375,0
2011-03-02,1.3749,1.3889,1.3744,1.3855,0
2011-03-03,1.3856,1.3975,1.3832,1.3954,0
2011-03-04,1.3953,1.4006,1.394,1.3986,0
2011-03-06,1.3988,1.3997,1.3961,1.3974,0
2011-03-07,1.3973,1.4035,1.3955,1.3987,0
2011-03-08,1.3986,1.3987,1.3861,1.3888,0
2011-03-09,1.3887,1.3941,1.3855,1.3867,0
2011-03-10,1.3868,1.3878,1.3774,1.3822,0
2011-03-11,1.3823,1.3914,1.3751,1.3902,0
2011-03-13,1.3963,1.3978,1.3915,1.3918,0
2011-03-14,1.3919,1.4002,1.3904,1.3928,0
2011-03-15,1.3927,1.4012,1.3854,1.3965,0
2011-03-16,1.3966,1.4,1.3866,1.3919,0
2011-03-17,1.392,1.4086,1.3913,1.4075,0
2011-03-18,1.4074,1.4183,1.404,1.4181,0
2011-03-20,1.4194,1.4195,1.4158,1.4169,0
2011-03-21,1.4168,1.4239,1.4138,1.4221,0
2011-03-22,1.422,1.4247,1.4152,1.4177,0
2011-03-23,1.4176,1.4213,1.407,1.4075,0
2011-03-24,1.4076,1.4219,1.4053,1.4168,0
2011-03-25,1.4167,1.4193,1.4055,1.4086,0
2011-03-27,1.404,1.4068,1.402,1.4052,0
2011-03-28,1.4051,1.4114,1.4025,1.4083,0
2011-03-29,1.4084,1.4148,1.4046,1.4089,0
2011-03-30,1.4088,1.4146,1.4051,1.4131,0
2011-03-31,1.413,1.4232,1.4128,1.4163,0
2011-04-01,1.4164,1.4245,1.4061,1.4235,0
2011-04-03,1.423,1.4268,1.4216,1.4221,0
2011-04-04,1.422,1.425,1.4185,1.4192,0
2011-04-05,1.4193,1.4265,1.415,1.4257,0
2011-04-06,1.4256,1.4348,1.4251,1.4309,0
2011-04-07,1.4308,1.4403,1.4241,1.4391,0
2011-04-08,1.4392,1.4487,1.4383,1.4483,0
2011-04-10,1.4472,1.4482,1.444,1.4458,0
2011-04-11,1.4459,1.4469,1.4377,1.439,0
2011-04-12,1.4391,1.4518,1.4379,1.4473,0
2011-04-13,1.4472,1.4519,1.4407,1.4461,0
2011-04-14,1.4462,1.4513,1.4364,1.4468,0
2011-04-15,1.4467,1.4499,1.439,1.4429,0
2011-04-17,1.4412,1.442,1.4348,1.4382,0
2011-04-18,1.4381,1.4387,1.4156,1.4228,0
2011-04-19,1.4227,1.4412,1.4204,1.4397,0
2011-04-20,1.4398,1.4581,1.4382,1.4563,0
2011-04-21,1.4562,1.4648,1.4531,1.4557,0
2011-04-22,1.4558,1.4588,1.4533,1.456,0
2011-04-24,1.4561,1.4605,1.4524,1.4545,0
2011-04-25,1.4547,1.4626,1.4492,1.4534,0
2011-04-26,1.4535,1.4713,1.4507,1.4683,0
2011-04-27,1.4684,1.4881,1.4632,1.4863,0
2011-04-28,1.4862,1.4872,1.4772,1.4829,0
2011-04-29,1.4828,1.4877,1.4804,1.4807,0
2011-05-01,1.4816,1.4863,1.4762,1.479,0
2011-05-02,1.4791,1.4901,1.4768,1.4801,0
2011-05-03,1.48,1.4889,1.4754,1.4797,0
2011-05-04,1.4796,1.4939,1.4791,1.4863,0
2011-05-05,1.4864,1.4898,1.4509,1.454,0
2011-05-06,1.4539,1.4586,1.4309,1.4315,0
2011-05-08,1.4363,1.4406,1.434,1.4397,0
2011-05-09,1.4398,1.4441,1.4253,1.4331,0
2011-05-10,1.4332,1.4422,1.427,1.4399,0
2011-05-11,1.44,1.4422,1.4172,1.422,0
2011-05-12,1.4221,1.4276,1.4122,1.4197,0
2011-05-13,1.4198,1.4338,1.4066,1.4117,0
2011-05-15,1.409,1.4106,1.4047,1.4085,0
2011-05-16,1.4086,1.4243,1.4079,1.4164,0
2011-05-17,1.4163,1.4286,1.412,1.4275,0
2011-05-18,1.4276,1.4305,1.4194,1.4287,0
2011-05-19,1.4286,1.4336,1.4205,1.431,0
2011-05-20,1.4311,1.4344,1.4132,1.416,0
2011-05-22,1.4125,1.4146,1.4077,1.4083,0
2011-05-23,1.4084,1.4088,1.3968,1.4056,0
2011-05-24,1.4057,1.4132,1.4033,1.4057,0
2011-05-25,1.4058,1.4172,1.4012,1.4142,0
2011-05-26,1.4143,1.4277,1.4068,1.4261,0
2011-05-27,1.4262,1.4323,1.4182,1.4318,0
2011-05-29,1.4322,1.4322,1.4278,1.4288,0
2011-05-30,1.4287,1.4405,1.4256,1.4374,0
2011-05-31,1.4375,1.4436,1.4361,1.4421,0
2011-06-01,1.442,1.4458,1.4307,1.4356,0
2011-06-02,1.4355,1.4517,1.4348,1.4486,0
2011-06-03,1.4485,1.4642,1.445,1.4635,0
2011-06-05,1.461,1.4656,1.461,1.4636,0
2011-06-06,1.4635,1.4657,1.4556,1.4598,0
2011-06-07,1.4599,1.4695,1.4594,1.4653,0
2011-06-08,1.4654,1.4688,1.4563,1.4618,0
2011-06-09,1.4617,1.4645,1.4476,1.4513,0
2011-06-10,1.4514,1.4516,1.4321,1.4346,0
2011-06-12,1.4325,1.4356,1.432,1.4336,0
2011-06-13,1.4337,1.444,1.4324,1.4424,0
2011-06-14,1.4425,1.4496,1.4403,1.4409,0
2011-06-15,1.4408,1.4429,1.4155,1.4193,0
2011-06-16,1.4194,1.4221,1.4072,1.4168,0
2011-06-17,1.4169,1.4338,1.4126,1.4312,0
2011-06-19,1.428,1.4298,1.4251,1.4253,0
2011-06-20,1.4252,1.4383,1.419,1.433,0
2011-06-21,1.4329,1.4432,1.4314,1.4367,0
2011-06-22,1.4366,1.4441,1.4285,1.4302,0
2011-06-23,1.4301,1.4313,1.4125,1.4257,0
2011-06-24,1.4258,1.4305,1.4141,1.4188,0
2011-06-26,1.4192,1.4197,1.4102,1.4126,0
2011-06-27,1.4128,1.4329,1.4112,1.4293,0
2011-06-28,1.4292,1.4396,1.4236,1.435,0
2011-06-29,1.4349,1.4518,1.4345,1.4507,0
2011-06-30,1.4506,1.4537,1.4447,1.4492,0
2011-07-01,1.4491,1.4551,1.4435,1.4525,0
2011-07-03,1.4534,1.4577,1.453,1.456,0
2011-07-04,1.4561,1.4562,1.447,1.4489,0
2011-07-05,1.4488,1.4498,1.4396,1.4456,0
2011-07-06,1.4455,1.4465,1.4285,1.4324,0
2011-07-07,1.4325,1.4373,1.422,1.4348,0
2011-07-08,1.4349,1.4362,1.4205,1.4264,0
2011-07-10,1.4206,1.4227,1.4186,1.4193,0
2011-07-11,1.4194,1.4205,1.3931,1.3962,0
2011-07-12,1.3961,1.4053,1.3836,1.4008,0
2011-07-13,1.4007,1.4282,1.3983,1.4208,0
2011-07-14,1.4209,1.4258,1.4115,1.4171,0
2011-07-15,1.4172,1.4188,1.4091,1.4155,0
2011-07-17,1.4106,1.4133,1.4051,1.4069,0
2011-07-18,1.407,1.4135,1.4013,1.4118,0
2011-07-19,1.4117,1.4216,1.4068,1.4153,0
2011-07-20,1.4152,1.4273,1.4132,1.4253,0
2011-07-21,1.4252,1.4437,1.4138,1.4387,0
2011-07-22,1.4388,1.4436,1.4323,1.4358,0
2011-07-24,1.4388,1.4417,1.4357,1.4379,0
2011-07-25,1.4378,1.4485,1.4324,1.4477,0
2011-07-26,1.4478,1.4535,1.4455,1.4506,0
2011-07-27,1.4507,1.4529,1.4329,1.436,0
2011-07-28,1.4359,1.44,1.4253,1.4339,0
2011-07-29,1.434,1.4412,1.4229,1.4398,0
2011-07-31,1.4381,1.4394,1.4345,1.4385,0
2011-08-01,1.4384,1.4453,1.4184,1.4248,0
2011-08-02,1.4247,1.4282,1.415,1.42,0
2011-08-03,1.4199,1.4371,1.4142,1.4295,0
2011-08-04,1.4296,1.433,1.4054,1.4092,0
2011-08-05,1.4093,1.4297,1.4072,1.4281,0
2011-08-07,1.4423,1.4431,1.4288,1.4317,0
2011-08-08,1.4316,1.4401,1.4128,1.4223,0
2011-08-09,1.4222,1.4397,1.4183,1.4349,0
2011-08-10,1.4348,1.44,1.4122,1.4217,0
2011-08-11,1.4216,1.4293,1.4103,1.4183,0
2011-08-12,1.4182,1.429,1.4149,1.4246,0
2011-08-14,1.4268,1.4317,1.4251,1.4289,0
2011-08-15,1.429,1.4476,1.4263,1.4428,0
2011-08-16,1.4427,1.4471,1.4351,1.4387,0
2011-08-17,1.4386,1.4516,1.4324,1.4406,0
2011-08-18,1.4405,1.4451,1.427,1.4315,0
2011-08-19,1.4316,1.4451,1.4258,1.4396,0
2011-08-21,1.4379,1.4391,1.436,1.4366,0
2011-08-22,1.4367,1.4433,1.4346,1.4374,0
2011-08-23,1.4375,1.4499,1.4363,1.4405,0
2011-08-24,1.4406,1.4481,1.4379,1.4406,0
2011-08-25,1.4407,1.4474,1.4327,1.4407,0
2011-08-26,1.4406,1.4501,1.4328,1.4498,0
2011-08-28,1.4499,1.4503,1.4465,1.4485,0
2011-08-29,1.4484,1.4548,1.4483,1.4516,0
2011-08-30,1.4515,1.4532,1.4384,1.4435,0
2011-08-31,1.4436,1.4468,1.4353,1.4365,0
2011-09-01,1.4366,1.4376,1.4225,1.4258,0
2011-09-02,1.4259,1.4286,1.4183,1.4204,0
2011-09-04,1.4162,1.4173,1.4135,1.4167,0
2011-09-05,1.4168,1.4169,1.4058,1.4078,0
2011-09-06,1.4077,1.4248,1.3973,1.405,0
2011-09-07,1.4049,1.4148,1.4011,1.4054,0
2011-09-08,1.4053,1.4088,1.3872,1.3924,0
2011-09-09,1.3923,1.3923,1.3626,1.3655,0
2011-09-11,1.3586,1.3621,1.3554,1.3582,0
2011-09-12,1.3581,1.3693,1.3501,1.3685,0
2011-09-13,1.3686,1.3738,1.3557,1.3634,0
2011-09-14,1.3635,1.3782,1.359,1.3723,0
2011-09-15,1.3722,1.3935,1.3706,1.3861,0
2011-09-16,1.3862,1.3875,1.3753,1.3795,0
2011-09-18,1.3692,1.3714,1.3646,1.3666,0
2011-09-19,1.3665,1.372,1.3585,1.3607,0
2011-09-20,1.3608,1.3743,1.3597,1.3717,0
2011-09-21,1.3718,1.3787,1.3531,1.3542,0
2011-09-22,1.3541,1.3572,1.3385,1.353,0
2011-09-23,1.3531,1.3558,1.3418,1.35,0
2011-09-25,1.3521,1.3549,1.339,1.3398,0
2011-09-26,1.34,1.3566,1.3361,1.3528,0
2011-09-27,1.3529,1.3667,1.348,1.3559,0
2011-09-28,1.3558,1.3689,1.3519,1.3611,0
2011-09-29,1.3612,1.3678,1.3522,1.3525,0
2011-09-30,1.3526,1.3563,1.3383,1.3387,0
2011-10-02,1.3344,1.3369,1.3318,1.3325,0
2011-10-03,1.3324,1.3381,1.3163,1.3197,0
2011-10-04,1.3196,1.3369,1.3145,1.3288,0
2011-10-05,1.3289,1.3383,1.3277,1.3329,0
2011-10-06,1.3328,1.345,1.3241,1.3436,0
2011-10-07,1.3435,1.3524,1.3361,1.3377,0
2011-10-09,1.3389,1.3468,1.3377,1.3458,0
2011-10-10,1.3459,1.3698,1.3454,1.3625,0
2011-10-11,1.3626,1.3683,1.3565,1.3614,0
2011-10-12,1.3613,1.3833,1.361,1.3793,0
2011-10-13,1.3792,1.3826,1.3685,1.376,0
2011-10-14,1.3759,1.3894,1.3744,1.3881,0
2011-10-16,1.3867,1.3887,1.3827,1.3843,0
2011-10-17,1.3844,1.3914,1.3724,1.3782,0
2011-10-18,1.3783,1.3817,1.3652,1.3802,0
2011-10-19,1.38,1.3868,1.3707,1.3725,0
2011-10-20,1.3724,1.3842,1.3656,1.3774,0
2011-10-21,1.3775,1.3901,1.3703,1.3895,0
2011-10-23,1.3843,1.3882,1.3829,1.3881,0
2011-10-24,1.3882,1.3956,1.3822,1.3907,0
2011-10-25,1.3908,1.396,1.3848,1.3922,0
2011-10-26,1.3923,1.3994,1.3797,1.3969,0
2011-10-27,1.397,1.4247,1.3962,1.4168,0
2011-10-28,1.4167,1.4197,1.4133,1.4151,0
2011-10-30,1.4142,1.417,1.4013,1.4014,0
2011-10-31,1.4013,1.4053,1.3813,1.3843,0
2011-11-01,1.3844,1.3844,1.3608,1.3716,0
2011-11-02,1.3717,1.3827,1.3665,1.3702,0
2011-11-03,1.3701,1.3854,1.3656,1.3804,0
2011-11-04,1.3803,1.3867,1.371,1.3791,0
2011-11-06,1.3827,1.3831,1.3754,1.3774,0
2011-11-07,1.3775,1.3813,1.3681,1.3748,0
2011-11-08,1.3747,1.3857,1.3724,1.3824,0
2011-11-09,1.3823,1.3837,1.3514,1.3537,0
2011-11-10,1.3538,1.3652,1.3483,1.3624,0
2011-11-11,1.3623,1.3795,1.3602,1.3749,0
2011-11-13,1.3808,1.3809,1.3754,1.3769,0
2011-11-14,1.3768,1.3773,1.3591,1.3599,0
2011-11-15,1.36,1.3619,1.3436,1.3463,0
2011-11-16,1.3464,1.3556,1.3421,1.3488,0
2011-11-17,1.3487,1.3539,1.3436,1.3478,0
2011-11-18,1.3477,1.3614,1.3466,1.3524,0
2011-11-20,1.3512,1.3538,1.3505,1.3524,0
2011-11-21,1.3525,1.354,1.343,1.3475,0
2011-11-22,1.3476,1.3568,1.3451,1.3463,0
2011-11-23,1.3461,1.348,1.332,1.3367,0
2011-11-24,1.3368,1.3411,1.3303,1.3309,0
2011-11-25,1.331,1.3322,1.3212,1.3238,0
2011-11-27,1.3322,1.3334,1.3276,1.3285,0
2011-11-28,1.3286,1.3398,1.3272,1.3346,0
2011-11-29,1.3347,1.3441,1.3293,1.3332,0
2011-11-30,1.3333,1.3532,1.3259,1.3466,0
2011-12-01,1.3467,1.352,1.3417,1.3456,0
2011-12-02,1.3457,1.3548,1.3362,1.339,0
2011-12-04,1.3419,1.34251,1.33949,1.34048,0
2011-12-05,1.34051,1.34857,1.33609,1.33719,0
2011-12-06,1.33718,1.3427,1.33326,1.34198,0
2011-12-07,1.34201,1.34527,1.33503,1.34049,0
2011-12-08,1.3405,1.34588,1.32883,1.33354,0
2011-12-09,1.33356,1.34332,1.32808,1.33857,0
2011-12-11,1.3381,1.3381,1.33334,1.33349,0
2011-12-12,1.33348,1.33566,1.31603,1.32005,0
2011-12-13,1.32006,1.32361,1.30083,1.30335,0
2011-12-14,1.30334,1.30636,1.29455,1.29876,0
2011-12-15,1.29875,1.30491,1.29565,1.30365,0
2011-12-16,1.30366,1.30835,1.29944,1.3045,0
2011-12-18,1.30421,1.30435,1.29823,1.29938,0
2011-12-19,1.29932,1.30417,1.29874,1.30037,0
2011-12-20,1.30036,1.3131,1.30032,1.3112,0
2011-12-21,1.31121,1.31962,1.30244,1.30424,0
2011-12-22,1.30423,1.31184,1.30166,1.30676,0
2011-12-23,1.30677,1.30951,1.30254,1.30422,0
2011-12-26,1.3055,1.30817,1.30425,1.30763,0
2011-12-27,1.30764,1.30826,1.30561,1.30623,0
2011-12-28,1.30624,1.30795,1.28869,1.29285,0
2011-12-29,1.29286,1.2965,1.28577,1.2941,0
2011-12-30,1.29409,1.2998,1.29034,1.29573,0
2012-01-02,1.29324,1.29884,1.29167,1.29784,0
2012-01-03,1.29785,1.30763,1.29732,1.30354,0
2012-01-04,1.30353,1.30721,1.28969,1.2923,0
2012-01-05,1.29229,1.29431,1.27698,1.27812,0
2012-01-06,1.27811,1.28119,1.26968,1.27189,0
2012-01-08,1.26946,1.27057,1.26654,1.26943,0
2012-01-09,1.26941,1.27846,1.26929,1.27799,0
2012-01-10,1.278,1.28175,1.2728,1.27414,0
2012-01-11,1.27408,1.27891,1.26608,1.27164,0
2012-01-12,1.27163,1.28442,1.26984,1.28292,0
2012-01-13,1.28291,1.28776,1.26255,1.26803,0
2012-01-15,1.26359,1.2657,1.26253,1.26433,0
2012-01-16,1.26432,1.27359,1.26322,1.27258,0
2012-01-17,1.27255,1.28072,1.27114,1.27828,0
2012-01-18,1.27827,1.28779,1.27336,1.28579,0
2012-01-19,1.2858,1.29715,1.28387,1.29619,0
2012-01-20,1.29621,1.29855,1.28868,1.29301,0
2012-01-22,1.28804,1.29078,1.28754,1.28949,0
2012-01-23,1.28948,1.30519,1.28847,1.29969,0
2012-01-24,1.29967,1.30619,1.29529,1.30197,0
2012-01-25,1.30196,1.31198,1.29304,1.31111,0
2012-01-26,1.31118,1.31832,1.30772,1.31033,0
2012-01-27,1.31029,1.32333,1.30797,1.32192,0
2012-01-29,1.32268,1.32271,1.31699,1.31766,0
2012-01-30,1.31767,1.31982,1.30763,1.31915,0
2012-01-31,1.31913,1.32127,1.30416,1.30661,0
2012-02-01,1.3066,1.32173,1.30253,1.31653,0
2012-02-02,1.31654,1.31917,1.30848,1.31306,0
2012-02-03,1.31309,1.32044,1.30658,1.31564,0
2012-02-05,1.3118,1.31306,1.30802,1.30851,0
2012-02-06,1.30854,1.31407,1.30272,1.31006,0
2012-02-07,1.31002,1.32691,1.30954,1.32431,0
2012-02-08,1.32433,1.32878,1.32143,1.32755,0
2012-02-09,1.32752,1.33203,1.32337,1.32605,0
2012-02-10,1.32604,1.32837,1.31548,1.3196,0
2012-02-12,1.32088,1.32602,1.32013,1.32501,0
2012-02-13,1.32502,1.32835,1.31446,1.31593,0
2012-02-14,1.31594,1.32151,1.30795,1.31656,0
2012-02-15,1.31655,1.31899,1.3007,1.30168,0
2012-02-16,1.30167,1.31578,1.29736,1.31287,0
2012-02-17,1.31288,1.31967,1.31145,1.31392,0
2012-02-19,1.31806,1.32367,1.31727,1.32086,0
2012-02-20,1.32085,1.32925,1.31816,1.32694,0
2012-02-21,1.32696,1.32909,1.31977,1.32251,0
2012-02-22,1.32248,1.32658,1.32114,1.32573,0
2012-02-23,1.32572,1.33788,1.32536,1.33693,0
2012-02-24,1.33692,1.34856,1.33566,1.34465,0
2012-02-26,1.34634,1.34789,1.34429,1.3449,0
2012-02-27,1.34489,1.34637,1.33658,1.34353,0
2012-02-28,1.34354,1.34848,1.3389,1.34832,0
2012-02-29,1.34833,1.34848,1.33142,1.33463,0
2012-03-01,1.33464,1.33555,1.32819,1.32982,0
2012-03-02,1.32983,1.3307,1.31864,1.31972,0
2012-03-04,1.31913,1.32129,1.31821,1.31995,0
2012-03-05,1.31991,1.32403,1.31596,1.31945,0
2012-03-06,1.31946,1.32082,1.31026,1.31375,0
2012-03-07,1.31372,1.31773,1.30959,1.31714,0
2012-03-08,1.31712,1.32904,1.3165,1.32665,0
2012-03-09,1.32666,1.32699,1.30961,1.31227,0
2012-03-11,1.3104,1.31242,1.30844,1.30954,0
2012-03-12,1.30955,1.31906,1.30782,1.31825,0
2012-03-13,1.31821,1.31852,1.30514,1.30763,0
2012-03-14,1.30762,1.30894,1.30033,1.30279,0
2012-03-15,1.30281,1.31188,1.30147,1.30938,0
2012-03-16,1.30942,1.31866,1.30484,1.31741,0
2012-03-18,1.31756,1.31864,1.31611,1.31705,0
2012-03-19,1.31708,1.32645,1.31412,1.32344,0
2012-03-20,1.32343,1.32824,1.31716,1.32676,0
2012-03-21,1.32677,1.32843,1.3178,1.3227,0
2012-03-22,1.32269,1.32538,1.31333,1.32077,0
2012-03-23,1.32078,1.32925,1.31902,1.32691,0
2012-03-25,1.32708,1.32839,1.32602,1.32648,0
2012-03-26,1.3265,1.3367,1.31913,1.33517,0
2012-03-27,1.33515,1.33846,1.3312,1.33284,0
2012-03-28,1.33283,1.33727,1.32767,1.33245,0
2012-03-29,1.33246,1.33589,1.32515,1.33478,0
2012-03-30,1.33477,1.33757,1.33089,1.33436,0
2012-04-01,1.33602,1.33757,1.33309,1.33335,0
2012-04-02,1.33334,1.33796,1.32776,1.33397,0
2012-04-03,1.33399,1.33668,1.3183,1.32007,0
2012-04-04,1.32006,1.32115,1.31064,1.31463,0
2012-04-05,1.31464,1.31637,1.30345,1.30682,0
2012-04-06,1.30683,1.31117,1.30508,1.30956,0
2012-04-08,1.31019,1.31044,1.30327,1.30571,0
2012-04-09,1.3057,1.31437,1.30479,1.31313,0
2012-04-10,1.31312,1.31373,1.30537,1.30904,0
2012-04-11,1.30905,1.31563,1.30878,1.31329,0
2012-04-12,1.31326,1.3212,1.31013,1.31666,0
2012-04-13,1.31665,1.3183,1.30688,1.3077,0
2012-04-15,1.30661,1.30745,1.30083,1.30186,0
2012-04-16,1.30188,1.3147,1.2994,1.31153,0
2012-04-17,1.31152,1.31718,1.30897,1.31218,0
2012-04-18,1.3122,1.31362,1.30571,1.31169,0
2012-04-19,1.3117,1.31644,1.30685,1.31415,0
2012-04-20,1.31412,1.32266,1.31282,1.32189,0
2012-04-22,1.31828,1.32096,1.31822,1.31914,0
2012-04-23,1.31915,1.31969,1.3104,1.31488,0
2012-04-24,1.31492,1.32175,1.31475,1.31938,0
2012-04-25,1.31943,1.32358,1.31732,1.32233,0
2012-04-26,1.32234,1.32621,1.31761,1.31983,0
2012-04-27,1.31984,1.32695,1.31567,1.32535,0
2012-04-29,1.32367,1.32475,1.32297,1.32461,0
2012-04-30,1.32462,1.3266,1.32073,1.32428,0
2012-05-01,1.32429,1.32829,1.32035,1.32283,0
2012-05-02,1.32284,1.3231,1.31216,1.31443,0
2012-05-03,1.31444,1.31796,1.3095,1.3155,0
2012-05-04,1.31548,1.31776,1.30797,1.30835,0
2012-05-06,1.3013,1.30321,1.29545,1.2981,0
2012-05-07,1.29811,1.30648,1.29727,1.30282,0
2012-05-08,1.30281,1.30422,1.29648,1.29648,0
2012-05-09,1.29649,1.29976,1.29108,1.29407,0
2012-05-10,1.29408,1.29788,1.29043,1.29222,0
2012-05-11,1.2922,1.29566,1.29049,1.29161,0
2012-05-13,1.2901,1.29036,1.28786,1.28887,0
2012-05-14,1.28888,1.28966,1.28134,1.2836,0
2012-05-15,1.28359,1.28684,1.27212,1.27244,0
2012-05-16,1.27243,1.27583,1.26806,1.27435,0
2012-05-17,1.27437,1.27483,1.26658,1.26785,0
2012-05-18,1.26788,1.27938,1.26415,1.27795,0
2012-05-20,1.27642,1.28123,1.27479,1.2794,0
2012-05-21,1.27941,1.2824,1.27246,1.2786,0
2012-05-22,1.27858,1.28069,1.26447,1.26696,0
2012-05-23,1.26694,1.26857,1.25447,1.25809,0
2012-05-24,1.25808,1.2619,1.25153,1.25253,0
2012-05-25,1.25252,1.26011,1.24956,1.25162,0
2012-05-27,1.25752,1.25966,1.25594,1.25952,0
2012-05-28,1.25949,1.26238,1.25091,1.25337,0
2012-05-29,1.25338,1.25739,1.24564,1.24613,0
2012-05-30,1.24612,1.24801,1.23575,1.23697,0
2012-05-31,1.23698,1.24277,1.23231,1.23463,0
2012-06-01,1.23461,1.2455,1.22877,1.24338,0
2012-06-03,1.24172,1.24427,1.23852,1.24059,0
2012-06-04,1.2406,1.25417,1.23947,1.25222,0
2012-06-05,1.25219,1.25326,1.24094,1.24997,0
2012-06-06,1.24998,1.25846,1.24406,1.25653,0
2012-06-07,1.25657,1.26246,1.25132,1.25204,0
2012-06-08,1.25202,1.25278,1.24349,1.25158,0
2012-06-10,1.264,1.26681,1.26164,1.26293,0
2012-06-11,1.26294,1.26464,1.24487,1.24941,0
2012-06-12,1.24942,1.25287,1.24419,1.24914,0
2012-06-13,1.24913,1.26098,1.24851,1.25726,0
2012-06-14,1.25727,1.26417,1.25413,1.26362,0
2012-06-15,1.26361,1.26641,1.25914,1.26396,0
2012-06-17,1.26973,1.27471,1.26718,1.26966,0
2012-06-18,1.26967,1.27247,1.25564,1.26113,0
2012-06-19,1.26112,1.27298,1.2568,1.2674,0
2012-06-20,1.26738,1.27423,1.26374,1.26704,0
2012-06-21,1.267,1.26982,1.25308,1.25522,0
2012-06-22,1.2552,1.25826,1.25187,1.25696,0
2012-06-24,1.25467,1.25578,1.25279,1.25419,0
2012-06-25,1.25418,1.25421,1.24705,1.25071,0
2012-06-26,1.25073,1.25298,1.24413,1.24981,0
2012-06-27,1.2498,1.25237,1.2445,1.25163,0
2012-06-28,1.25162,1.26263,1.24067,1.25847,0
2012-06-29,1.25846,1.2692,1.25523,1.26602,0
2012-07-01,1.26769,1.26797,1.26139,1.26244,0
2012-07-02,1.26245,1.26667,1.25675,1.25956,0
2012-07-03,1.25958,1.26265,1.25586,1.2587,0
2012-07-04,1.25871,1.25997,1.25075,1.25262,0
2012-07-05,1.25264,1.25366,1.23633,1.23795,0
2012-07-06,1.23797,1.24007,1.22595,1.22871,0
2012-07-08,1.22634,1.2296,1.22556,1.22886,0
2012-07-09,1.22885,1.23232,1.22709,1.2283,0
2012-07-10,1.22833,1.23331,1.22344,1.22523,0
2012-07-11,1.22522,1.22963,1.22122,1.22381,0
2012-07-12,1.22382,1.22444,1.21662,1.22089,0
2012-07-13,1.2209,1.22558,1.21617,1.22486,0
2012-07-15,1.22672,1.22717,1.2231,1.22394,0
2012-07-16,1.22393,1.23127,1.21748,1.23019,0
2012-07-17,1.23018,1.23161,1.21884,1.22812,0
2012-07-18,1.22813,1.22962,1.22162,1.22863,0
2012-07-19,1.22867,1.23211,1.22285,1.22624,0
2012-07-20,1.22625,1.22768,1.21436,1.21564,0
2012-07-22,1.21202,1.21335,1.21052,1.21126,0
2012-07-23,1.21125,1.2144,1.20667,1.21261,0
2012-07-24,1.2126,1.21314,1.20414,1.20731,0
2012-07-25,1.20732,1.21697,1.20526,1.21288,0
2012-07-26,1.21289,1.23288,1.21169,1.22863,0
2012-07-27,1.22864,1.23891,1.22409,1.23211,0
2012-07-29,1.22981,1.23098,1.22829,1.22922,0
2012-07-30,1.22921,1.22965,1.22246,1.22849,0
2012-07-31,1.22843,1.23294,1.22482,1.22955,0
2012-08-01,1.22957,1.23358,1.22173,1.22463,0
2012-08-02,1.22462,1.24046,1.21332,1.21754,0
2012-08-03,1.21753,1.23916,1.21723,1.23865,0
2012-08-05,1.23972,1.24426,1.23825,1.23907,0
2012-08-06,1.23905,1.24288,1.2341,1.23995,0
2012-08-07,1.23996,1.24412,1.23753,1.23946,0
2012-08-08,1.23943,1.23975,1.23261,1.23772,0
2012-08-09,1.23773,1.23846,1.22664,1.2292,0
2012-08-10,1.22922,1.23161,1.22407,1.2289,0
2012-08-12,1.22899,1.23008,1.22602,1.229,0
2012-08-13,1.22897,1.23727,1.22713,1.23424,0
2012-08-14,1.23423,1.2385,1.2316,1.23227,0
2012-08-15,1.23226,1.23429,1.22634,1.22824,0
2012-08-16,1.22822,1.2372,1.22551,1.23469,0
2012-08-17,1.23472,1.23813,1.22883,1.23326,0
2012-08-19,1.23516,1.23521,1.23206,1.23317,0
2012-08-20,1.23316,1.2368,1.22946,1.23527,0
2012-08-21,1.23525,1.24869,1.23502,1.24598,0
2012-08-22,1.24597,1.25524,1.24305,1.25469,0
2012-08-23,1.2547,1.25887,1.25281,1.25604,0
2012-08-24,1.25604,1.25632,1.24807,1.25112,0
2012-08-26,1.25123,1.25233,1.24976,1.2509,0
2012-08-27,1.25091,1.25348,1.24646,1.24802,0
2012-08-28,1.24804,1.2576,1.24758,1.25545,0
2012-08-29,1.25546,1.25726,1.25181,1.25372,0
2012-08-30,1.25374,1.2563,1.24866,1.2516,0
2012-08-31,1.25157,1.26369,1.24929,1.25786,0
2012-09-02,1.25707,1.25859,1.25595,1.25731,0
2012-09-03,1.25732,1.26271,1.2562,1.26159,0
2012-09-04,1.26158,1.2626,1.25221,1.25354,0
2012-09-05,1.25352,1.26236,1.2501,1.26086,0
2012-09-06,1.26081,1.26509,1.25607,1.26339,0
2012-09-07,1.26338,1.28167,1.26313,1.28155,0
2012-09-09,1.28081,1.28117,1.27825,1.27857,0
2012-09-10,1.2786,1.28029,1.27543,1.27749,0
2012-09-11,1.27748,1.28704,1.27581,1.286,0
2012-09-12,1.28598,1.29359,1.28149,1.2922,0
2012-09-13,1.29218,1.30282,1.28563,1.30239,0
2012-09-14,1.30243,1.31682,1.3018,1.31275,0
2012-09-16,1.312,1.314,1.3104,1.31258,0
2012-09-17,1.3126,1.31709,1.30825,1.30985,0
2012-09-18,1.30984,1.3114,1.30287,1.30485,0
2012-09-19,1.30487,1.30842,1.29927,1.30038,0
2012-09-20,1.30036,1.30139,1.29186,1.29755,0
2012-09-21,1.29756,1.3047,1.29548,1.29782,0
2012-09-23,1.29758,1.29903,1.29269,1.29492,0
2012-09-24,1.29493,1.29718,1.28903,1.29348,0
2012-09-25,1.29352,1.29701,1.28856,1.28987,0
2012-09-26,1.28988,1.28999,1.28345,1.28794,0
2012-09-27,1.28793,1.29418,1.28285,1.29297,0
2012-09-28,1.29298,1.2959,1.2838,1.2858,0
2012-09-30,1.28456,1.28495,1.28031,1.28199,0
2012-10-01,1.28202,1.2938,1.28158,1.28933,0
2012-10-02,1.28931,1.29671,1.28796,1.2902,0
2012-10-03,1.29022,1.29364,1.28767,1.29248,0
2012-10-04,1.29246,1.30308,1.29187,1.30122,0
2012-10-05,1.3012,1.30708,1.29933,1.30355,0
2012-10-07,1.30243,1.3025,1.2983,1.29897,0
2012-10-08,1.29901,1.29932,1.29371,1.29855,0
2012-10-09,1.29858,1.299,1.28347,1.28561,0
2012-10-10,1.28559,1.29126,1.28248,1.28653,0
2012-10-11,1.28652,1.29512,1.28435,1.29269,0
2012-10-12,1.29268,1.29909,1.29235,1.29505,0
2012-10-14,1.29532,1.29607,1.28899,1.29032,0
2012-10-15,1.29033,1.2978,1.28957,1.29615,0
2012-10-16,1.29616,1.31236,1.29579,1.30925,0
2012-10-17,1.30923,1.31387,1.30845,1.30881,0
2012-10-18,1.30882,1.31279,1.3055,1.3069,0
2012-10-19,1.30691,1.30759,1.30124,1.30236,0
2012-10-21,1.30207,1.30495,1.30149,1.30365,0
2012-10-22,1.30366,1.30828,1.30237,1.30525,0
2012-10-23,1.30526,1.30587,1.29513,1.29871,0
2012-10-24,1.29873,1.2996,1.29196,1.29701,0
2012-10-25,1.29702,1.30223,1.29263,1.29374,0
2012-10-26,1.29373,1.29548,1.2882,1.29382,0
2012-10-28,1.29411,1.29456,1.29142,1.29315,0
2012-10-29,1.29314,1.29337,1.28845,1.29077,0
2012-10-30,1.29076,1.29828,1.28852,1.2959,0
2012-10-31,1.29589,1.30199,1.29458,1.29636,0
2012-11-01,1.29634,1.29819,1.29239,1.293,0
2012-11-02,1.29299,1.29379,1.28206,1.28337,0
2012-11-04,1.28161,1.28385,1.28154,1.28245,0
2012-11-05,1.28243,1.28419,1.27666,1.27847,0
2012-11-06,1.2785,1.2874,1.27628,1.28576,0
2012-11-07,1.28574,1.28756,1.27357,1.27504,0
2012-11-08,1.27503,1.27823,1.27164,1.2772,0
2012-11-09,1.27719,1.27894,1.26892,1.27097,0
2012-11-11,1.27118,1.27357,1.27098,1.27288,0
2012-11-12,1.27293,1.27383,1.26724,1.26771,0
2012-11-13,1.26772,1.2728,1.26608,1.27249,0
2012-11-14,1.27244,1.27775,1.27047,1.27355,0
2012-11-15,1.27354,1.28011,1.27312,1.27697,0
2012-11-16,1.27695,1.27768,1.26898,1.2742,0
2012-11-18,1.27481,1.27726,1.27395,1.27587,0
2012-11-19,1.27589,1.2819,1.27516,1.27958,0
2012-11-20,1.27959,1.28287,1.27357,1.27486,0
2012-11-21,1.27487,1.28671,1.27404,1.28401,0
2012-11-22,1.28402,1.2898,1.28366,1.28857,0
2012-11-23,1.28854,1.29899,1.28742,1.29722,0
2012-11-25,1.29674,1.29768,1.295,1.2958,0
2012-11-26,1.29585,1.3008,1.29435,1.29855,0
2012-11-27,1.29853,1.29981,1.29148,1.29366,0
2012-11-28,1.29364,1.29604,1.28793,1.29494,0
2012-11-29,1.29495,1.30133,1.29384,1.29968,0
2012-11-30,1.2997,1.30267,1.29675,1.2986,0
2012-12-02,1.29824,1.30464,1.29824,1.30379,0
2012-12-03,1.30373,1.3075,1.30193,1.3055,0
2012-12-04,1.30548,1.31235,1.30508,1.31156,0
2012-12-05,1.31155,1.31259,1.30447,1.30549,0
2012-12-06,1.30548,1.30858,1.29497,1.2968,0
2012-12-07,1.29679,1.29695,1.28761,1.29264,0
2012-12-09,1.28893,1.29152,1.28868,1.2896,0
2012-12-10,1.28959,1.29612,1.28852,1.29489,0
2012-12-11,1.29491,1.30141,1.29384,1.29965,0
2012-12-12,1.29966,1.30968,1.2995,1.30828,0
2012-12-13,1.3083,1.30996,1.30402,1.30872,0
2012-12-14,1.30871,1.31726,1.30657,1.31625,0
2012-12-16,1.31782,1.31879,1.31477,1.31627,0
2012-12-17,1.31626,1.3178,1.31434,1.31726,0
2012-12-18,1.31727,1.32555,1.31556,1.32481,0
2012-12-19,1.32482,1.33075,1.31878,1.32217,0
2012-12-20,1.32215,1.32944,1.31794,1.31928,0
2012-12-21,1.31927,1.3231,1.3158,1.31876,0
2012-12-23,1.31752,1.31846,1.31707,1.31838,0
2012-12-24,1.31839,1.32329,1.31738,1.31905,0
2012-12-26,1.32099,1.32535,1.31869,1.32311,0
2012-12-27,1.32312,1.32828,1.32008,1.32422,0
2012-12-28,1.32423,1.32558,1.31652,1.32162,0
2012-12-30,1.32134,1.32341,1.31877,1.31968,0
2012-12-31,1.31967,1.32274,1.31716,1.31928,0
2013-01-01,1.32041,1.32987,1.31879,1.32601,0
2013-01-02,1.32603,1.32932,1.31233,1.31367,0
2013-01-03,1.31368,1.3169,1.30186,1.30326,0
2013-01-04,1.30325,1.30887,1.29968,1.30677,0
2013-01-06,1.30751,1.30787,1.30338,1.3038,0
2013-01-07,1.30382,1.31391,1.30162,1.31189,0
2013-01-08,1.3119,1.31316,1.30556,1.3074,0
2013-01-09,1.30741,1.30951,1.30358,1.30443,0
2013-01-10,1.30439,1.32788,1.30416,1.32587,0
2013-01-11,1.32584,1.33651,1.32477,1.33418,0
2013-01-13,1.33608,1.34031,1.33498,1.3391,0
2013-01-14,1.33908,1.33938,1.33355,1.3356,0
2013-01-15,1.33558,1.33872,1.32628,1.32899,0
2013-01-16,1.32897,1.3324,1.32559,1.3282,0
2013-01-17,1.32819,1.33906,1.3273,1.33854,0
2013-01-18,1.33855,1.33974,1.32798,1.33188,0
2013-01-20,1.33087,1.33296,1.33015,1.33216,0
2013-01-21,1.33218,1.33573,1.32991,1.33419,0
2013-01-22,1.33415,1.33708,1.32662,1.33103,0
2013-01-23,1.33104,1.33537,1.32638,1.33126,0
2013-01-24,1.33123,1.33919,1.32855,1.33612,0
2013-01-25,1.3361,1.34784,1.33582,1.34637,0
2013-01-27,1.34653,1.34704,1.34497,1.34583,0
2013-01-28,1.34584,1.34766,1.3424,1.34561,0
2013-01-29,1.34565,1.34965,1.34137,1.34875,0
2013-01-30,1.34859,1.35867,1.34814,1.35677,0
2013-01-31,1.35673,1.36321,1.35406,1.36225,0
2013-02-01,1.36227,1.37102,1.35856,1.36398,0
2013-02-03,1.36503,1.36591,1.36179,1.36206,0
2013-02-04,1.36203,1.36357,1.34838,1.34857,0
2013-02-05,1.34859,1.35967,1.34577,1.35761,0
2013-02-06,1.35763,1.35813,1.34928,1.35102,0
2013-02-07,1.35103,1.35767,1.33698,1.34095,0
2013-02-08,1.34096,1.34284,1.33526,1.33652,0
2013-02-10,1.33684,1.33778,1.33631,1.3373,0
2013-02-11,1.33728,1.34266,1.33564,1.33903,0
2013-02-12,1.33902,1.34749,1.33632,1.34457,0
2013-02-13,1.34458,1.35192,1.34255,1.34378,0
2013-02-14,1.3438,1.34441,1.33145,1.33542,0
2013-02-15,1.33541,1.33925,1.33056,1.33587,0
2013-02-17,1.33488,1.33584,1.3325,1.33303,0
2013-02-18,1.33304,1.33761,1.33208,1.33512,0
2013-02-19,1.33511,1.34333,1.33283,1.34131,0
2013-02-20,1.3413,1.3431,1.32546,1.32647,0
2013-02-21,1.32648,1.32757,1.31606,1.32118,0
2013-02-22,1.3212,1.32446,1.31444,1.31912,0
2013-02-24,1.32162,1.32176,1.31809,1.3189,0
2013-02-25,1.31889,1.3318,1.30377,1.30534,0
2013-02-26,1.30536,1.31218,1.30176,1.30633,0
2013-02-27,1.30632,1.31611,1.30512,1.31405,0
2013-02-28,1.31404,1.31566,1.30525,1.30737,0
2013-03-01,1.30738,1.31003,1.29658,1.30188,0
2013-03-03,1.30119,1.30305,1.30012,1.30145,0
2013-03-04,1.30146,1.304,1.29816,1.30333,0
2013-03-05,1.30332,1.30746,1.30094,1.30581,0
2013-03-06,1.30579,1.30699,1.29644,1.29929,0
2013-03-07,1.29932,1.31177,1.29837,1.30909,0
2013-03-08,1.30904,1.31335,1.29545,1.30043,0
2013-03-10,1.29862,1.30083,1.29787,1.30048,0
2013-03-11,1.30052,1.30529,1.29869,1.3024,0
2013-03-12,1.30243,1.30737,1.29903,1.30365,0
2013-03-13,1.30367,1.3064,1.29226,1.29542,0
2013-03-14,1.29543,1.30316,1.29107,1.30108,0
2013-03-15,1.30109,1.31064,1.30097,1.30752,0
2013-03-17,1.29074,1.29322,1.28875,1.29105,0
2013-03-18,1.29106,1.2995,1.28812,1.2953,0
2013-03-19,1.29532,1.2969,1.28431,1.2874,0
2013-03-20,1.28743,1.29776,1.28683,1.29481,0
2013-03-21,1.29475,1.29495,1.28789,1.29143,0
2013-03-22,1.29142,1.30092,1.28875,1.29884,0
2013-03-24,1.29473,1.30472,1.29436,1.30288,0
2013-03-25,1.30295,1.30473,1.28292,1.28668,0
2013-03-26,1.28666,1.2889,1.28275,1.28415,0
2013-03-27,1.28416,1.2854,1.27505,1.27783,0
2013-03-28,1.27782,1.28437,1.27545,1.28268,0
2013-03-29,1.28269,1.28316,1.27926,1.28196,0
2013-03-31,1.28046,1.2813,1.27707,1.27811,0
2013-04-01,1.27813,1.28769,1.27744,1.28672,0
2013-04-02,1.28677,1.28724,1.27947,1.28053,0
2013-04-03,1.28052,1.28637,1.2789,1.28475,0
2013-04-04,1.28477,1.29481,1.2745,1.29272,0
2013-04-05,1.29275,1.30392,1.28999,1.29895,0
2013-04-07,1.2973,1.30056,1.29721,1.29877,0
2013-04-08,1.29876,1.30673,1.29676,1.30446,0
2013-04-09,1.30444,1.31024,1.30043,1.30893,0
2013-04-10,1.30892,1.31212,1.3043,1.30582,0
2013-04-11,1.30585,1.31375,1.30566,1.31126,0
2013-04-12,1.31125,1.31259,1.30361,1.31117,0
2013-04-14,1.31147,1.31148,1.30643,1.30764,0
2013-04-15,1.30765,1.31065,1.3021,1.30629,0
2013-04-16,1.30627,1.32008,1.30274,1.31728,0
2013-04-17,1.31727,1.31989,1.30008,1.30544,0
2013-04-18,1.30546,1.30955,1.30254,1.30649,0
2013-04-19,1.30648,1.31281,1.30466,1.30509,0
2013-04-21,1.30769,1.30835,1.30527,1.30753,0
2013-04-22,1.30752,1.30754,1.30145,1.30334,0
2013-04-23,1.30337,1.30833,1.29722,1.29986,0
2013-04-24,1.29987,1.30607,1.29538,1.30452,0
2013-04-25,1.30451,1.30926,1.2988,1.30341,0
2013-04-26,1.30344,1.30439,1.29901,1.30293,0
2013-04-28,1.30483,1.30671,1.30312,1.30474,0
2013-04-29,1.30475,1.31158,1.3042,1.30954,0
2013-04-30,1.30955,1.31849,1.30535,1.31626,0
2013-05-01,1.31624,1.32421,1.316,1.31673,0
2013-05-02,1.31676,1.32171,1.30365,1.3072,0
2013-05-03,1.30722,1.31586,1.30323,1.31136,0
2013-05-05,1.31222,1.31402,1.31097,1.31235,0
2013-05-06,1.31234,1.31236,1.30529,1.30787,0
2013-05-07,1.30788,1.31312,1.30672,1.30898,0
2013-05-08,1.30896,1.31935,1.30862,1.3164,0
2013-05-09,1.31639,1.31764,1.30097,1.30409,0
2013-05-10,1.30414,1.30502,1.29346,1.29897,0
2013-05-12,1.29701,1.29779,1.2959,1.29663,0
2013-05-13,1.29664,1.30253,1.29408,1.30068,0
2013-05-14,1.30066,1.30283,1.2912,1.29344,0
2013-05-15,1.29343,1.29418,1.28425,1.28687,0
2013-05-16,1.28688,1.29289,1.28457,1.28578,0
2013-05-17,1.28577,1.28885,1.27957,1.28379,0
2013-05-19,1.28417,1.28478,1.28188,1.28419,0
2013-05-20,1.28418,1.29032,1.28359,1.28868,0
2013-05-21,1.28866,1.29381,1.28407,1.29196,0
2013-05-22,1.29194,1.29973,1.28236,1.28474,0
2013-05-23,1.28472,1.29561,1.28207,1.29199,0
2013-05-24,1.29202,1.29926,1.29099,1.29317,0
2013-05-26,1.29341,1.29438,1.29146,1.29207,0
2013-05-27,1.29208,1.29479,1.28834,1.29166,0
2013-05-28,1.29165,1.29488,1.28408,1.28549,0
2013-05-29,1.2855,1.29767,1.28372,1.29617,0
2013-05-30,1.29618,1.30607,1.29409,1.30348,0
2013-05-31,1.30347,1.3046,1.29435,1.29976,0
2013-06-02,1.29932,1.30149,1.29841,1.30139,0
2013-06-03,1.3014,1.31067,1.29547,1.30569,0
2013-06-04,1.30568,1.31007,1.30415,1.30888,0
2013-06-05,1.30889,1.3115,1.30525,1.3095,0
2013-06-06,1.30949,1.33049,1.30908,1.32558,0
2013-06-07,1.32557,1.32844,1.31911,1.32177,0
2013-06-09,1.31912,1.32277,1.3186,1.32006,0
2013-06-10,1.32007,1.32911,1.31768,1.32718,0
2013-06-11,1.32716,1.33169,1.32316,1.33108,0
2013-06-12,1.33107,1.3369,1.32648,1.33545,0
2013-06-13,1.33547,1.33894,1.32778,1.33475,0
2013-06-14,1.33476,1.3354,1.32941,1.33467,0
2013-06-16,1.33474,1.33567,1.332,1.33205,0
2013-06-17,1.33202,1.33807,1.33178,1.33533,0
2013-06-18,1.33532,1.3415,1.33251,1.339,0
2013-06-19,1.33899,1.34162,1.32529,1.32557,0
2013-06-20,1.32552,1.32672,1.31607,1.32357,0
2013-06-21,1.32358,1.32488,1.30979,1.31207,0
2013-06-23,1.30908,1.31133,1.30882,1.30983,0
2013-06-24,1.30982,1.31434,1.30584,1.3112,0
2013-06-25,1.31119,1.31499,1.30561,1.30663,0
2013-06-26,1.30658,1.30825,1.29842,1.30282,0
2013-06-27,1.30281,1.30742,1.29994,1.30669,0
2013-06-28,1.3067,1.31024,1.29907,1.30092,0
2013-06-30,1.3013,1.30248,1.30048,1.30226,0
2013-07-01,1.30227,1.30702,1.30133,1.30609,0
2013-07-02,1.30612,1.30773,1.29627,1.29717,0
2013-07-03,1.29719,1.30313,1.29224,1.29947,0
2013-07-04,1.29945,1.30166,1.28825,1.28973,0
2013-07-05,1.28974,1.29022,1.28053,1.28294,0
2013-07-07,1.28108,1.28319,1.28106,1.282,0
2013-07-08,1.28202,1.28812,1.2811,1.28604,0
2013-07-09,1.28606,1.28975,1.27545,1.27777,0
2013-07-10,1.27778,1.32053,1.27733,1.31334,0
2013-07-11,1.31332,1.31454,1.30051,1.30821,0
2013-07-12,1.30822,1.30899,1.29985,1.30666,0
2013-07-14,1.30772,1.30796,1.30524,1.30675,0
2013-07-15,1.30676,1.30785,1.29927,1.30687,0
2013-07-16,1.30689,1.31736,1.30501,1.31396,0
2013-07-17,1.31395,1.31776,1.30825,1.30948,0
2013-07-18,1.30949,1.31497,1.30662,1.31353,0
2013-07-19,1.31352,1.31537,1.30961,1.31422,0
2013-07-21,1.31382,1.31685,1.31352,1.31549,0
2013-07-22,1.31552,1.32174,1.31434,1.31981,0
2013-07-23,1.31982,1.3238,1.31628,1.32083,0
2013-07-24,1.32082,1.32555,1.31759,1.32044,0
2013-07-25,1.32042,1.32952,1.3165,1.3281,0
2013-07-26,1.32811,1.32962,1.3252,1.32782,0
2013-07-28,1.32855,1.32932,1.32747,1.32828,0
2013-07-29,1.32827,1.32944,1.32385,1.32528,0
2013-07-30,1.32526,1.33011,1.32337,1.32547,0
2013-07-31,1.32547,1.3344,1.32086,1.32747,0
2013-08-01,1.32746,1.32769,1.31889,1.32172,0
2013-08-02,1.32173,1.32933,1.31894,1.32794,0
2013-08-04,1.32813,1.32864,1.32627,1.32742,0
2013-08-05,1.32743,1.32996,1.32322,1.32615,0
2013-08-06,1.32616,1.33223,1.32455,1.3296,0
2013-08-07,1.32959,1.33448,1.3265,1.33355,0
2013-08-08,1.33353,1.33995,1.3331,1.338,0
2013-08-09,1.33799,1.33896,1.33321,1.33417,0
2013-08-11,1.33206,1.33434,1.33169,1.33219,0
2013-08-12,1.3322,1.33325,1.32765,1.33089,0
2013-08-13,1.33091,1.33162,1.32328,1.32622,0
2013-08-14,1.32621,1.331,1.32382,1.32889,0
2013-08-15,1.3289,1.33623,1.32051,1.33452,0
2013-08-16,1.33454,1.33792,1.33104,1.33281,0
2013-08-18,1.33335,1.3342,1.33206,1.3326,0
2013-08-19,1.33259,1.33738,1.33144,1.33493,0
2013-08-20,1.33492,1.34513,1.33226,1.34209,0
2013-08-21,1.34208,1.34237,1.33307,1.33387,0
2013-08-22,1.33388,1.33724,1.32975,1.33482,0
2013-08-23,1.33481,1.3409,1.33326,1.33807,0
2013-08-25,1.33846,1.33915,1.33766,1.33819,0
2013-08-26,1.33818,1.33935,1.33559,1.33734,0
2013-08-27,1.33735,1.3398,1.33223,1.33837,0
2013-08-28,1.33838,1.33859,1.33043,1.33362,0
2013-08-29,1.33362,1.33369,1.32186,1.32405,0
2013-08-30,1.32406,1.32522,1.31732,1.32207,0
2013-09-01,1.32133,1.32146,1.31911,1.32066,0
2013-09-02,1.32062,1.32265,1.3183,1.31893,0
2013-09-03,1.31892,1.31962,1.31377,1.31653,0
2013-09-04,1.31652,1.32172,1.31562,1.319,0
2013-09-05,1.31899,1.32223,1.31097,1.31333,0
2013-09-06,1.31329,1.31884,1.3104,1.31771,0
2013-09-08,1.31627,1.31807,1.31626,1.31705,0
2013-09-09,1.31704,1.328,1.31661,1.32617,0
2013-09-10,1.32618,1.32811,1.32296,1.32561,0
2013-09-11,1.32563,1.33238,1.32432,1.33196,0
2013-09-12,1.33195,1.33242,1.32563,1.32826,0
2013-09-13,1.32827,1.33204,1.32533,1.32928,0
2013-09-15,1.33596,1.33812,1.33545,1.33688,0
2013-09-16,1.33689,1.33848,1.33245,1.33328,0
2013-09-17,1.33327,1.33686,1.33285,1.33511,0
2013-09-18,1.33512,1.35412,1.33374,1.35301,0
2013-09-19,1.35299,1.35678,1.35086,1.35378,0
2013-09-20,1.35377,1.35479,1.34972,1.35232,0
2013-09-22,1.35473,1.35477,1.35195,1.35255,0
2013-09-23,1.35256,1.3544,1.34789,1.34934,0
2013-09-24,1.34936,1.3518,1.34612,1.34658,0
2013-09-25,1.34659,1.35364,1.34637,1.35225,0
2013-09-26,1.35222,1.35256,1.34715,1.34789,0
2013-09-27,1.34792,1.35636,1.34787,1.35212,0
2013-09-29,1.3493,1.35042,1.34772,1.35025,0
2013-09-30,1.35024,1.35553,1.3477,1.3534,0
2013-10-01,1.35342,1.35872,1.35068,1.35192,0
2013-10-02,1.35194,1.36225,1.35042,1.36046,0
2013-10-03,1.36045,1.36453,1.35861,1.36215,0
2013-10-04,1.36216,1.36292,1.35378,1.35567,0
2013-10-06,1.35638,1.35735,1.35603,1.35633,0
2013-10-07,1.35632,1.35904,1.35419,1.35622,0
2013-10-08,1.35621,1.36064,1.35568,1.35654,0
2013-10-09,1.35655,1.35683,1.34852,1.34991,0
2013-10-10,1.34985,1.35457,1.34869,1.35378,0
2013-10-11,1.35379,1.35809,1.35227,1.35417,0
2013-10-13,1.35612,1.35647,1.35503,1.35623,0
2013-10-14,1.35622,1.35969,1.35447,1.35619,0
2013-10-15,1.35618,1.35703,1.34788,1.35119,0
2013-10-16,1.35122,1.35667,1.34721,1.35452,0
2013-10-17,1.35453,1.3681,1.35404,1.36634,0
2013-10-18,1.36632,1.37032,1.36612,1.36856,0
2013-10-20,1.36832,1.36875,1.36698,1.36735,0
2013-10-21,1.36736,1.36878,1.36504,1.36643,0
2013-10-22,1.36639,1.37922,1.36637,1.37855,0
2013-10-23,1.37854,1.37924,1.37408,1.37884,0
2013-10-24,1.37882,1.38245,1.37638,1.38061,0
2013-10-25,1.38062,1.38315,1.37739,1.38027,0
2013-10-27,1.38065,1.3817,1.37995,1.38078,0
2013-10-28,1.38077,1.38165,1.37687,1.37775,0
2013-10-29,1.37771,1.38125,1.37321,1.37352,0
2013-10-30,1.37351,1.37843,1.36951,1.37085,0
2013-10-31,1.37086,1.37146,1.35389,1.35554,0
2013-11-01,1.35555,1.35658,1.34794,1.34862,0
2013-11-03,1.34865,1.35014,1.34418,1.34796,0
2013-11-04,1.34797,1.35235,1.34776,1.34964,0
2013-11-05,1.34965,1.35207,1.34484,1.35077,0
2013-11-06,1.3508,1.35467,1.34874,1.35166,0
2013-11-07,1.35167,1.35281,1.32948,1.34079,0
2013-11-08,1.34078,1.34371,1.3317,1.33707,0
2013-11-10,1.33562,1.33662,1.33439,1.3362,0
2013-11-11,1.33619,1.34153,1.33567,1.33929,0
2013-11-12,1.33928,1.34554,1.33585,1.34506,0
2013-11-13,1.34507,1.3497,1.33894,1.34669,0
2013-11-14,1.34672,1.34882,1.34177,1.34546,0
2013-11-15,1.34547,1.35046,1.34317,1.34952,0
2013-11-17,1.34958,1.34981,1.34738,1.34892,0
2013-11-18,1.3489,1.3541,1.3486,1.35068,0
2013-11-19,1.35069,1.3578,1.34871,1.35501,0
2013-11-20,1.35496,1.35524,1.3413,1.34157,0
2013-11-21,1.34158,1.34857,1.33987,1.3464,0
2013-11-22,1.34642,1.3557,1.3463,1.3556,0
2013-11-24,1.35481,1.35594,1.35386,1.35399,0
2013-11-25,1.354,1.35444,1.34895,1.35322,0
2013-11-26,1.3532,1.35985,1.35205,1.35938,0
2013-11-27,1.35937,1.3612,1.35582,1.35857,0
2013-11-28,1.35856,1.36209,1.35677,1.36109,0
2013-11-29,1.36112,1.36208,1.35795,1.35896,0
2013-12-01,1.35868,1.36105,1.35808,1.36016,0
2013-12-02,1.36022,1.3615,1.35237,1.35363,0
2013-12-03,1.35362,1.36129,1.35346,1.35896,0
2013-12-04,1.35894,1.36141,1.35276,1.36025,0
2013-12-05,1.36026,1.36765,1.35423,1.36633,0
2013-12-06,1.3663,1.37056,1.36191,1.37047,0
2013-12-08,1.37143,1.37207,1.37005,1.37065,0
2013-12-09,1.37064,1.37665,1.36935,1.37562,0
2013-12-10,1.37563,1.3794,1.37396,1.37584,0
2013-12-11,1.37582,1.38099,1.37398,1.37925,0
2013-12-12,1.37924,1.38025,1.37368,1.37469,0
2013-12-13,1.37469,1.37684,1.37089,1.37407,0
2013-12-15,1.37282,1.37605,1.37277,1.37518,0
2013-12-16,1.37519,1.37978,1.37388,1.37687,0
2013-12-17,1.37688,1.37815,1.37224,1.37736,0
2013-12-18,1.37735,1.38109,1.36487,1.36566,0
2013-12-19,1.36567,1.36902,1.36312,1.36352,0
2013-12-20,1.36353,1.37085,1.36245,1.36706,0
2013-12-22,1.36721,1.36943,1.3666,1.36775,0
2013-12-23,1.36772,1.37162,1.36728,1.36792,0
2013-12-24,1.3679,1.36892,1.36542,1.3681,0
2013-12-26,1.36884,1.37446,1.36793,1.37365,0
2013-12-27,1.37367,1.38922,1.37308,1.37477,0
2013-12-29,1.37563,1.37689,1.37332,1.37408,0
2013-12-30,1.37406,1.38183,1.37276,1.37984,0
2013-12-31,1.37983,1.37985,1.37435,1.37574,0
2014-01-01,1.37615,1.37744,1.37402,1.37452,0
2014-01-02,1.3745,1.37579,1.36289,1.36625,0
2014-01-03,1.36626,1.36645,1.35816,1.35882,0
2014-01-05,1.35933,1.36002,1.35778,1.35818,0
2014-01-06,1.3582,1.36523,1.35706,1.36237,0
2014-01-07,1.36236,1.36555,1.35961,1.36313,0
2014-01-08,1.36312,1.36342,1.35528,1.35784,0
2014-01-09,1.35782,1.36322,1.35479,1.3612,0
2014-01-10,1.36115,1.36865,1.35686,1.36687,0
2014-01-12,1.36779,1.3684,1.36609,1.36784,0
2014-01-13,1.36782,1.36804,1.36367,1.36645,0
2014-01-14,1.36648,1.36986,1.36266,1.36329,0
2014-01-15,1.36328,1.36442,1.35807,1.36214,0
2014-01-16,1.36212,1.36489,1.35823,1.36124,0
2014-01-17,1.36122,1.36204,1.35163,1.35403,0
2014-01-19,1.35364,1.35374,1.35069,1.35259,0
2014-01-20,1.35262,1.35672,1.35259,1.3542,0
2014-01-21,1.35421,1.35794,1.35156,1.35622,0
2014-01-22,1.35614,1.35828,1.35296,1.35439,0
2014-01-23,1.35438,1.36973,1.3537,1.36849,0
2014-01-24,1.3685,1.37387,1.36619,1.36767,0
2014-01-26,1.36777,1.36899,1.36746,1.36812,0
2014-01-27,1.36814,1.37159,1.36526,1.36774,0
2014-01-28,1.36772,1.36877,1.36285,1.36512,0
2014-01-29,1.36514,1.3684,1.36022,1.36478,0
2014-01-30,1.36477,1.36561,1.35425,1.35489,0
2014-01-31,1.35492,1.35727,1.34783,1.34862,0
2014-02-02,1.34837,1.34947,1.34791,1.34829,0
2014-02-03,1.3483,1.35347,1.34763,1.35072,0
2014-02-04,1.35071,1.3538,1.34927,1.35119,0
2014-02-05,1.35122,1.35543,1.34981,1.35218,0
2014-02-06,1.35219,1.36182,1.34817,1.35898,0
2014-02-07,1.35899,1.36425,1.35512,1.36352,0
2014-02-09,1.36158,1.36297,1.36155,1.36224,0
2014-02-10,1.36223,1.3678,1.36196,1.36669,0
2014-02-11,1.36672,1.36822,1.36249,1.36283,0
2014-02-12,1.36284,1.36519,1.35614,1.36119,0
2014-02-13,1.3612,1.3691,1.36068,1.36807,0
2014-02-14,1.36805,1.3714,1.36747,1.36922,0
2014-02-16,1.37081,1.37235,1.36945,1.37087,0
2014-02-17,1.37086,1.37182,1.36913,1.37121,0
2014-02-18,1.37122,1.37725,1.37009,1.37637,0
2014-02-19,1.37636,1.37668,1.37237,1.37549,0
2014-02-20,1.37551,1.37618,1.36848,1.37163,0
2014-02-21,1.37164,1.37578,1.37011,1.37382,0
2014-02-23,1.37343,1.37418,1.37277,1.37366,0
2014-02-24,1.37365,1.37707,1.37076,1.37339,0
2014-02-25,1.3734,1.37663,1.37148,1.37387,0
2014-02-26,1.37388,1.37566,1.36609,1.36858,0
2014-02-27,1.36859,1.3726,1.36425,1.36997,0
2014-02-28,1.36994,1.38239,1.36934,1.38017,0
2014-03-02,1.37592,1.37876,1.37562,1.37786,0
2014-03-03,1.37787,1.37919,1.37202,1.37322,0
2014-03-04,1.37323,1.37809,1.37252,1.37308,0
2014-03-05,1.37309,1.37484,1.37067,1.37232,0
2014-03-06,1.37231,1.38721,1.37206,1.38571,0
2014-03-07,1.3857,1.39142,1.38515,1.38756,0
2014-03-09,1.38745,1.38915,1.38695,1.38864,0
2014-03-10,1.38862,1.38971,1.38609,1.38664,0
2014-03-11,1.38663,1.38759,1.3833,1.38526,0
2014-03-12,1.38525,1.39136,1.38427,1.39013,0
2014-03-13,1.39012,1.3966,1.38449,1.38607,0
2014-03-14,1.38606,1.39363,1.38468,1.39113,0
2014-03-16,1.39076,1.39163,1.39007,1.39057,0
2014-03-17,1.39056,1.39469,1.38783,1.39301,0
2014-03-18,1.39304,1.39419,1.38793,1.39208,0
2014-03-19,1.39209,1.39296,1.38089,1.38306,0
2014-03-20,1.38307,1.38442,1.37485,1.37835,0
2014-03-21,1.37836,1.381,1.37649,1.37951,0
2014-03-23,1.37976,1.38056,1.37856,1.38004,0
2014-03-24,1.38003,1.38752,1.37596,1.38334,0
2014-03-25,1.38332,1.38462,1.37486,1.38119,0
2014-03-26,1.3812,1.38204,1.37756,1.37818,0
2014-03-27,1.37819,1.37937,1.37278,1.37458,0
2014-03-28,1.37459,1.37723,1.3704,1.37508,0
2014-03-30,1.37627,1.37642,1.37441,1.37461,0
2014-03-31,1.3746,1.38077,1.37216,1.37739,0
2014-04-01,1.3774,1.38148,1.3771,1.38012,0
2014-04-02,1.38011,1.38195,1.37524,1.3757,0
2014-04-03,1.37569,1.3806,1.36974,1.3711,0
2014-04-04,1.37111,1.37304,1.36719,1.3703,0
2014-04-06,1.36966,1.37036,1.36955,1.36972,0
2014-04-07,1.3697,1.37478,1.36965,1.37417,0
2014-04-08,1.37418,1.38108,1.37367,1.37917,0
2014-04-09,1.37916,1.38698,1.37793,1.38458,0
2014-04-10,1.38459,1.38984,1.38351,1.3892,0
2014-04-11,1.38921,1.39047,1.38627,1.38843,0
2014-04-13,1.38432,1.38598,1.38413,1.38526,0
2014-04-14,1.38527,1.38623,1.38075,1.38137,0
2014-04-15,1.38136,1.38326,1.37895,1.38166,0
2014-04-16,1.38167,1.38502,1.3803,1.38374,0
2014-04-17,1.38375,1.38639,1.38078,1.38129,0
2014-04-18,1.3813,1.38217,1.38083,1.38086,0
2014-04-20,1.38137,1.38163,1.38044,1.381,0
2014-04-21,1.38103,1.38298,1.37865,1.37945,0
2014-04-22,1.37946,1.3824,1.37844,1.38158,0
2014-04-23,1.38159,1.38538,1.37996,1.38225,0
2014-04-24,1.38224,1.38426,1.37907,1.38311,0
2014-04-25,1.38307,1.38475,1.38277,1.38315,0
2014-04-27,1.38449,1.38449,1.38139,1.38238,0
2014-04-28,1.38237,1.38787,1.38175,1.38619,0
2014-04-29,1.38618,1.38784,1.3803,1.38053,0
2014-04-30,1.38054,1.38758,1.37734,1.38691,0
2014-05-01,1.38693,1.38885,1.38565,1.38606,0
2014-05-02,1.38607,1.38808,1.38115,1.38689,0
2014-05-04,1.38838,1.38838,1.38638,1.38742,0
2014-05-05,1.38741,1.38853,1.38685,1.38793,0
2014-05-06,1.38792,1.39504,1.38749,1.39243,0
2014-05-07,1.39244,1.39379,1.39047,1.39154,0
2014-05-08,1.39155,1.39927,1.38313,1.38375,0
2014-05-09,1.38376,1.38425,1.37444,1.37595,0
2014-05-11,1.37524,1.37604,1.37486,1.37572,0
2014-05-12,1.3757,1.3774,1.37525,1.37566,0
2014-05-13,1.37565,1.37709,1.36882,1.37164,0
2014-05-14,1.37163,1.37301,1.37019,1.372,0
2014-05-15,1.37201,1.37314,1.36476,1.37156,0
2014-05-16,1.37157,1.3726,1.36847,1.36928,0
2014-05-18,1.36923,1.37104,1.36922,1.37032,0
2014-05-19,1.37033,1.37334,1.36998,1.37112,0
2014-05-20,1.37111,1.37124,1.36773,1.37012,0
2014-05-21,1.37011,1.37225,1.3634,1.36717,0
2014-05-22,1.36718,1.36863,1.36402,1.36448,0
2014-05-23,1.36449,1.3652,1.36149,1.36301,0
2014-05-25,1.36225,1.36315,1.36144,1.36189,0
2014-05-26,1.36188,1.36679,1.36162,1.36558,0
2014-05-27,1.36557,1.36581,1.36119,1.3635,0
2014-05-28,1.36348,1.36368,1.35879,1.36049,0
2014-05-29,1.36048,1.36249,1.35854,1.36031,0
2014-05-30,1.36032,1.36494,1.35978,1.36329,0
2014-06-02,1.35962,1.36037,1.35925,1.36022,0
2014-06-03,1.36024,1.36469,1.35906,1.36122,0
2014-06-04,1.36123,1.3638,1.35936,1.35983,0
2014-06-05,1.35982,1.36691,1.35023,1.36576,0
2014-06-06,1.36575,1.3676,1.36202,1.36418,0
2014-06-08,1.36427,1.36476,1.36409,1.3644,0
2014-06-09,1.36442,1.36679,1.35818,1.35888,0
2014-06-10,1.35889,1.36011,1.35208,1.35322,0
2014-06-11,1.3532,1.35563,1.35212,1.35435,0
2014-06-12,1.35434,1.35711,1.35115,1.35581,0
2014-06-13,1.35579,1.35783,1.35202,1.35384,0
2014-06-15,1.35409,1.35435,1.35303,1.35407,0
2014-06-16,1.35408,1.35863,1.35124,1.35614,0
2014-06-17,1.35615,1.35781,1.35355,1.35448,0
2014-06-18,1.35449,1.35987,1.3541,1.35895,0
2014-06-19,1.35896,1.36427,1.35871,1.36201,0
2014-06-20,1.362,1.36332,1.35636,1.35982,0
2014-06-22,1.35892,1.36091,1.35861,1.36028,0
2014-06-23,1.36029,1.36128,1.35732,1.35952,0
2014-06-24,1.35951,1.36269,1.35826,1.36061,0
2014-06-25,1.36059,1.36505,1.35997,1.36326,0
2014-06-26,1.36327,1.36405,1.35752,1.36255,0
2014-06-27,1.36254,1.36497,1.36091,1.36481,0
2014-06-29,1.36436,1.3647,1.36403,1.36439,0
2014-06-30,1.36438,1.36969,1.36395,1.36863,0
2014-07-01,1.36864,1.36996,1.36745,1.3676,0
2014-07-02,1.36763,1.36804,1.36418,1.36478,0
2014-07-03,1.36477,1.36635,1.35953,1.3608,0
2014-07-04,1.36079,1.36097,1.35847,1.35936,0
2014-07-06,1.35937,1.3596,1.35802,1.35833,0
2014-07-07,1.35832,1.36088,1.35752,1.36022,0
2014-07-08,1.36021,1.36221,1.35874,1.3611,0
2014-07-09,1.36109,1.36484,1.36014,1.36444,0
2014-07-10,1.36442,1.36499,1.35884,1.36021,0
2014-07-11,1.36024,1.3624,1.35911,1.36062,0
2014-07-13,1.3599,1.36073,1.35977,1.36026,0
2014-07-14,1.36025,1.36395,1.35968,1.36148,0
2014-07-15,1.36147,1.36273,1.35612,1.35632,0
2014-07-16,1.35631,1.3568,1.35201,1.35269,0
2014-07-17,1.3527,1.35395,1.35119,1.35273,0
2014-07-18,1.35272,1.35352,1.34902,1.35236,0
2014-07-20,1.35277,1.35375,1.35242,1.35362,0
2014-07-21,1.35361,1.35483,1.35123,1.35245,0
2014-07-22,1.35246,1.35261,1.34573,1.3464,0
2014-07-23,1.34641,1.34734,1.34543,1.34597,0
2014-07-24,1.34598,1.34841,1.34374,1.34655,0
2014-07-25,1.34654,1.34749,1.34207,1.34292,0
2014-07-27,1.34307,1.34336,1.34265,1.34284,0
2014-07-28,1.34287,1.34431,1.34262,1.34326,0
2014-07-29,1.34328,1.34438,1.34035,1.34085,0
2014-07-30,1.34086,1.34103,1.33661,1.33957,0
2014-07-31,1.33958,1.33997,1.33708,1.33873,0
2014-08-01,1.33872,1.3444,1.33778,1.34288,0
2014-08-03,1.34304,1.34319,1.34168,1.34248,0
2014-08-04,1.34247,1.34304,1.34087,1.34191,0
2014-08-05,1.3419,1.3424,1.33575,1.33671,0
2014-08-06,1.3367,1.33907,1.33323,1.33874,0
2014-08-07,1.33873,1.33931,1.33364,1.33555,0
2014-08-08,1.33554,1.34319,1.33547,1.34082,0
2014-08-10,1.34089,1.34111,1.33969,1.33994,0
2014-08-11,1.33995,1.34018,1.33669,1.33715,0
2014-08-12,1.33713,1.33757,1.33353,1.33645,0
2014-08-13,1.33644,1.34144,1.33416,1.33606,0
2014-08-14,1.33604,1.3407,1.33478,1.33625,0
2014-08-15,1.33624,1.3411,1.33599,1.34001,0
2014-08-17,1.33919,1.33984,1.33869,1.33949,0
2014-08-18,1.3395,1.33975,1.33522,1.33569,0
2014-08-19,1.3357,1.33577,1.33023,1.33048,0
2014-08-20,1.33049,1.33088,1.32413,1.32443,0
2014-08-21,1.32442,1.32877,1.32417,1.32845,0
2014-08-22,1.32846,1.32959,1.32199,1.32416,0
2014-08-24,1.31963,1.32053,1.31851,1.32039,0
2014-08-25,1.3204,1.32096,1.31783,1.32021,0
2014-08-26,1.32022,1.3214,1.31519,1.31617,0
2014-08-27,1.31619,1.32163,1.31558,1.32138,0
2014-08-28,1.32139,1.322,1.31591,1.31792,0
2014-08-29,1.31793,1.31954,1.31312,1.31312,0
2014-08-31,1.3127,1.31341,1.31184,1.31189,0
2014-09-01,1.3119,1.31447,1.31162,1.31173,0
2014-09-02,1.31174,1.31359,1.31095,1.31237,0
2014-09-03,1.31239,1.31592,1.31223,1.31474,0
2014-09-04,1.31473,1.31533,1.29194,1.2932,0
2014-09-05,1.29321,1.29879,1.29295,1.29511,0
2014-09-07,1.29563,1.29583,1.2938,1.29392,0
2014-09-08,1.29391,1.29564,1.2866,1.28731,0
2014-09-09,1.2873,1.29567,1.28587,1.29269,0
2014-09-10,1.29268,1.29619,1.28829,1.29134,0
2014-09-11,1.29133,1.29511,1.28963,1.29191,0
2014-09-12,1.29192,1.29786,1.29082,1.29631,0
2014-09-14,1.29722,1.29727,1.29494,1.29627,0
2014-09-15,1.29626,1.29636,1.29079,1.29416,0
2014-09-16,1.29417,1.29945,1.29216,1.29505,0
2014-09-17,1.29507,1.29807,1.28336,1.2864,0
2014-09-18,1.28641,1.29295,1.28525,1.29189,0
2014-09-19,1.29188,1.29281,1.28274,1.28284,0
2014-09-21,1.28332,1.28671,1.28253,1.28592,0
2014-09-22,1.28591,1.28663,1.28155,1.28508,0
2014-09-23,1.28507,1.29005,1.28387,1.2856,0
2014-09-24,1.28559,1.28632,1.27633,1.27659,0
2014-09-25,1.2766,1.27683,1.26961,1.27466,0
2014-09-26,1.27465,1.2756,1.26761,1.26833,0
2014-09-28,1.26821,1.26869,1.26658,1.26784,0
2014-09-29,1.26783,1.27141,1.2663,1.26926,0
2014-09-30,1.26927,1.27015,1.25703,1.2616,0
2014-10-01,1.26159,1.26738,1.25829,1.26588,0
2014-10-02,1.26587,1.26981,1.26131,1.26546,0
2014-10-03,1.26547,1.26573,1.24999,1.25152,0
2014-10-05,1.25119,1.25202,1.25083,1.25178,0
2014-10-06,1.25177,1.2674,1.25132,1.26173,0
2014-10-07,1.26171,1.26824,1.2583,1.2635,0
2014-10-08,1.26349,1.27541,1.26219,1.27426,0
2014-10-09,1.27428,1.27905,1.26634,1.26977,0
2014-10-10,1.26978,1.27082,1.26048,1.26277,0
2014-10-12,1.26306,1.2697,1.262,1.26918,0
2014-10-13,1.26917,1.27674,1.26502,1.27198,0
2014-10-14,1.272,1.27275,1.26239,1.26425,0
2014-10-15,1.26426,1.2886,1.26364,1.28185,0
2014-10-16,1.28186,1.28392,1.2705,1.27957,0
2014-10-17,1.27956,1.2836,1.27434,1.27598,0
2014-10-19,1.27499,1.27694,1.27365,1.27583,0
2014-10-20,1.27583,1.28169,1.27313,1.28104,0
2014-10-21,1.28104,1.28399,1.27065,1.27254,0
2014-10-22,1.27253,1.27397,1.2633,1.26378,0
2014-10-23,1.26379,1.26766,1.26138,1.26558,0
2014-10-24,1.26558,1.26958,1.26348,1.26691,0
2014-10-26,1.26755,1.27143,1.2672,1.27054,0
2014-10-27,1.27055,1.27233,1.26657,1.27093,0
2014-10-28,1.27093,1.27649,1.26846,1.2735,0
2014-10-29,1.27349,1.27705,1.26162,1.26182,0
2014-10-30,1.26182,1.2632,1.25475,1.26026,0
2014-10-31,1.26028,1.26035,1.24856,1.25222,0
2014-11-02,1.25058,1.25139,1.24403,1.24842,0
2014-11-03,1.24841,1.25311,1.24707,1.25179,0
2014-11-04,1.25183,1.25772,1.25007,1.25577,0
2014-11-05,1.25582,1.2559,1.24574,1.25141,0
2014-11-06,1.25141,1.25334,1.23643,1.2371,0
2014-11-07,1.23712,1.24697,1.23579,1.24528,0
2014-11-09,1.24701,1.24892,1.24533,1.24809,0
2014-11-10,1.24808,1.25091,1.24159,1.24184,0
2014-11-11,1.24184,1.24991,1.23946,1.24666,0
2014-11-12,1.24666,1.24978,1.24194,1.24463,0
2014-11-13,1.24462,1.24917,1.2434,1.24412,0
2014-11-14,1.24412,1.25462,1.23985,1.25225,0
2014-11-16,1.25306,1.25773,1.25138,1.25479,0
2014-11-17,1.2548,1.25508,1.24434,1.24721,0
2014-11-18,1.2472,1.2545,1.2468,1.25192,0
2014-11-19,1.25193,1.25975,1.2514,1.25472,0
2014-11-20,1.25472,1.25752,1.25042,1.25522,0
2014-11-21,1.25524,1.25564,1.23751,1.23865,0
2014-11-23,1.23609,1.23975,1.23609,1.23967,0
2014-11-24,1.23968,1.24446,1.23734,1.24195,0
2014-11-25,1.24195,1.24871,1.24022,1.24734,0
2014-11-26,1.2474,1.25318,1.24436,1.25097,0
2014-11-27,1.25097,1.25235,1.24448,1.24465,0
2014-11-28,1.24467,1.24902,1.24264,1.24496,0
2014-11-30,1.24634,1.24648,1.24271,1.24543,0
2014-12-01,1.24543,1.25066,1.24194,1.24652,0
2014-12-02,1.24654,1.24672,1.23768,1.23841,0
2014-12-03,1.23842,1.23857,1.23011,1.23053,0
2014-12-04,1.23054,1.24563,1.22815,1.23762,0
2014-12-05,1.23764,1.23838,1.22709,1.2281,0
2014-12-07,1.22867,1.2303,1.22811,1.22864,0
2014-12-08,1.22863,1.23438,1.2247,1.23115,0
2014-12-09,1.23114,1.24478,1.23086,1.23938,0
2014-12-10,1.23943,1.24952,1.2364,1.24469,0
2014-12-11,1.24468,1.24861,1.237,1.23962,0
2014-12-12,1.23965,1.24852,1.23842,1.24603,0
2014-12-14,1.24747,1.24778,1.24334,1.24398,0
2014-12-15,1.24386,1.24785,1.24145,1.2454,0
2014-12-16,1.24539,1.25698,1.244,1.2491,0
2014-12-17,1.24911,1.24965,1.23204,1.23443,0
2014-12-18,1.23442,1.23478,1.22659,1.22792,0
2014-12-19,1.22793,1.2302,1.22201,1.22263,0
2014-12-21,1.22225,1.22486,1.22199,1.22412,0
2014-12-22,1.22411,1.22724,1.22167,1.2233,0
2014-12-23,1.22327,1.22459,1.21648,1.21727,0
2014-12-24,1.21727,1.22198,1.21714,1.21999,0
2014-12-25,1.22218,1.22224,1.22042,1.22163,0
2014-12-26,1.22163,1.22166,1.21684,1.21754,0
2014-12-28,1.21784,1.21972,1.21672,1.21972,0
2014-12-29,1.2197,1.22208,1.21321,1.21401,0
2014-12-30,1.21402,1.21874,1.21238,1.21578,0
2014-12-31,1.21582,1.21596,1.20959,1.20969,0
2015-01-01,1.20965,1.21072,1.20482,1.20528,0
2015-01-02,1.20527,1.20696,1.20002,1.20009,0
2015-01-04,1.19427,1.19759,1.18664,1.1941,0
2015-01-05,1.1941,1.19763,1.18871,1.19488,0
2015-01-06,1.19488,1.19687,1.18408,1.18755,0
2015-01-07,1.18758,1.18965,1.18021,1.18225,0
2015-01-08,1.18226,1.18266,1.17541,1.18057,0
2015-01-09,1.18057,1.18459,1.17626,1.18407,0
2015-01-11,1.18499,1.187,1.18451,1.1853,0
2015-01-12,1.1853,1.18709,1.17862,1.18363,0
2015-01-13,1.18367,1.18522,1.17534,1.17857,0
2015-01-14,1.17858,1.18462,1.17272,1.17744,0
2015-01-15,1.17743,1.17862,1.15678,1.16311,0
2015-01-16,1.16311,1.16487,1.146,1.1562,0
2015-01-18,1.15516,1.15741,1.15516,1.15569,0
2015-01-19,1.15568,1.16389,1.15513,1.15772,0
2015-01-20,1.15771,1.16148,1.15405,1.15656,0
2015-01-21,1.15658,1.16802,1.1547,1.15987,0
2015-01-22,1.15986,1.16509,1.13159,1.13423,0
2015-01-23,1.13427,1.13561,1.11144,1.12024,0
2015-01-25,1.11511,1.12019,1.10978,1.11726,0
2015-01-26,1.11727,1.12953,1.11723,1.12451,0
2015-01-27,1.12452,1.14225,1.12236,1.1337,0
2015-01-28,1.13368,1.13824,1.1265,1.12688,0
2015-01-29,1.12687,1.13678,1.12617,1.13263,0
2015-01-30,1.13265,1.13636,1.12786,1.12839,0
2015-02-01,1.13105,1.13254,1.13004,1.13083,0
2015-02-02,1.13084,1.1362,1.12922,1.1332,0
2015-02-03,1.1332,1.1534,1.13123,1.1472,0
2015-02-04,1.1472,1.14847,1.13038,1.13532,0
2015-02-05,1.1353,1.14987,1.13314,1.14704,0
2015-02-06,1.14704,1.14734,1.13117,1.13154,0
2015-02-08,1.12964,1.13397,1.12955,1.13344,0
2015-02-09,1.13345,1.13592,1.12702,1.1331,0
2015-02-10,1.13309,1.13415,1.1273,1.13184,0
2015-02-11,1.13184,1.13521,1.12799,1.13116,0
2015-02-12,1.13116,1.14351,1.13086,1.14293,0
2015-02-13,1.14292,1.14431,1.13797,1.13909,0
2015-02-15,1.13986,1.14222,1.13889,1.14164,0
2015-02-16,1.14161,1.14289,1.13192,1.13607,0
2015-02-17,1.13607,1.14489,1.13371,1.1404,0
2015-02-18,1.1404,1.14243,1.13337,1.14152,0
2015-02-19,1.14151,1.14501,1.13551,1.13632,0
2015-02-20,1.13632,1.14296,1.12791,1.13813,0
2015-02-22,1.13916,1.13961,1.13581,1.1382,0
2015-02-23,1.1382,1.13822,1.1295,1.13385,0
2015-02-24,1.13386,1.13581,1.1288,1.13477,0
2015-02-25,1.13478,1.13885,1.13356,1.13714,0
2015-02-26,1.13714,1.13795,1.11834,1.12109,0
2015-02-27,1.12108,1.12449,1.11759,1.11914,0
2015-03-01,1.11817,1.11867,1.11599,1.11777,0
2015-03-02,1.11776,1.12395,1.11651,1.11983,0
2015-03-03,1.11984,1.12174,1.11546,1.11673,0
2015-03-04,1.11673,1.11776,1.10563,1.10604,0
2015-03-05,1.10605,1.11143,1.09874,1.10251,0
2015-03-06,1.1025,1.10256,1.08381,1.08387,0
2015-03-08,1.08263,1.08558,1.08227,1.08377,0
2015-03-09,1.08376,1.09064,1.07849,1.07985,0
2015-03-10,1.07985,1.08235,1.06672,1.06824,0
2015-03-11,1.06822,1.06969,1.04944,1.04965,0
2015-03-12,1.04966,1.06837,1.04966,1.06141,0
2015-03-13,1.0614,1.06346,1.04623,1.04939,0
2015-03-15,1.04699,1.05349,1.04697,1.05199,0
2015-03-16,1.05199,1.06195,1.04981,1.05625,0
2015-03-17,1.05626,1.06507,1.05517,1.06059,0
2015-03-18,1.06058,1.10385,1.05798,1.07687,0
2015-03-19,1.07685,1.07954,1.06128,1.06834,0
2015-03-20,1.06835,1.0882,1.06563,1.08225,0
2015-03-22,1.08398,1.08828,1.07841,1.08085,0
2015-03-23,1.08087,1.09711,1.07673,1.09061,0
2015-03-24,1.09062,1.10292,1.08902,1.09334,0
2015-03-25,1.09331,1.10143,1.0907,1.09746,0
2015-03-26,1.09747,1.10521,1.08561,1.08801,0
2015-03-27,1.08802,1.09483,1.08011,1.08813,0
2015-03-29,1.08856,1.08949,1.08539,1.08661,0
2015-03-30,1.0866,1.08814,1.08026,1.08029,0
2015-03-31,1.08029,1.0803,1.07128,1.07817,0
2015-04-01,1.07818,1.07998,1.07185,1.07673,0
2015-04-02,1.07673,1.09049,1.07661,1.08714,0
2015-04-03,1.08717,1.10267,1.08669,1.09683,0
2015-04-05,1.10019,1.10177,1.09736,1.09849,0
2015-04-06,1.09848,1.10354,1.091,1.09394,0
2015-04-07,1.09394,1.09469,1.0803,1.08386,0
2015-04-08,1.08388,1.08876,1.07602,1.07802,0
2015-04-09,1.07801,1.0786,1.06375,1.06772,0
2015-04-10,1.06772,1.06834,1.05677,1.06005,0
2015-04-12,1.05854,1.0619,1.05847,1.05951,0
2015-04-13,1.05951,1.06169,1.05204,1.05626,0
2015-04-14,1.05624,1.07073,1.05315,1.06246,0
2015-04-15,1.06247,1.07467,1.05711,1.06981,0
2015-04-16,1.06979,1.08175,1.06247,1.07669,0
2015-04-17,1.07669,1.08486,1.07336,1.08046,0
2015-04-19,1.08185,1.08204,1.07862,1.07862,0
2015-04-20,1.07862,1.08057,1.07121,1.0724,0
2015-04-21,1.07239,1.07813,1.06598,1.07252,0
2015-04-22,1.07251,1.08008,1.06914,1.07084,0
2015-04-23,1.07083,1.08451,1.06659,1.07918,0
2015-04-24,1.07916,1.08999,1.07897,1.0872,0
2015-04-26,1.08632,1.08781,1.08475,1.08534,0
2015-04-27,1.08533,1.09265,1.08194,1.08789,0
2015-04-28,1.08788,1.09909,1.08601,1.0968,0
2015-04-29,1.09681,1.11878,1.09595,1.11071,0
2015-04-30,1.11072,1.12661,1.10716,1.12084,0
2015-05-01,1.12083,1.12899,1.11748,1.11987,0
2015-05-03,1.11929,1.12008,1.11766,1.11893,0
2015-05-04,1.11893,1.12245,1.11226,1.11346,0
2015-05-05,1.11346,1.12417,1.10663,1.12296,0
2015-05-06,1.12296,1.137,1.12022,1.13436,0
2015-05-07,1.13438,1.13916,1.11979,1.12043,0
2015-05-08,1.12042,1.1289,1.11793,1.11979,0
2015-05-10,1.11971,1.12065,1.11332,1.11433,0
2015-05-11,1.11433,1.11961,1.1131,1.11553,0
2015-05-12,1.11554,1.12788,1.11552,1.12396,0
2015-05-13,1.12393,1.13826,1.12027,1.13706,0
2015-05-14,1.13706,1.14445,1.13437,1.1407,0
2015-05-15,1.1407,1.14667,1.13241,1.14482,0
2015-05-17,1.14469,1.14494,1.1419,1.1431,0
2015-05-18,1.14309,1.14467,1.12852,1.13061,0
2015-05-19,1.13061,1.13208,1.11186,1.11397,0
2015-05-20,1.11396,1.11462,1.10626,1.1121,0
2015-05-21,1.11211,1.11814,1.10799,1.11464,0
2015-05-22,1.11464,1.12082,1.10021,1.10103,0
2015-05-24,1.10029,1.10095,1.09651,1.09876,0
2015-05-25,1.09873,1.1008,1.0931,1.09426,0
2015-05-26,1.09425,1.09486,1.08632,1.08811,0
2015-05-27,1.08814,1.09291,1.08192,1.09068,0
2015-05-28,1.09067,1.09744,1.0867,1.09569,0
2015-05-29,1.0957,1.10059,1.09257,1.09912,0
2015-05-31,1.09802,1.09881,1.09305,1.09499,0
2015-06-01,1.09499,1.09789,1.08872,1.09277,0
2015-06-02,1.09278,1.11942,1.09181,1.11565,0
2015-06-03,1.11564,1.12853,1.10793,1.12683,0
2015-06-04,1.12684,1.13797,1.11798,1.12103,0
2015-06-05,1.12102,1.128,1.10492,1.1111,0
2015-06-07,1.10972,1.11122,1.10841,1.11045,0
2015-06-08,1.11045,1.13346,1.10871,1.13164,0
2015-06-09,1.13165,1.13451,1.1214,1.12816,0
2015-06-10,1.12815,1.13863,1.12601,1.13011,0
2015-06-11,1.13013,1.13313,1.11817,1.12574,0
2015-06-12,1.12574,1.12965,1.11511,1.12618,0
2015-06-14,1.12104,1.12318,1.11949,1.12171,0
2015-06-15,1.1217,1.12945,1.11891,1.1279,0
2015-06-16,1.12789,1.13298,1.1205,1.12615,0
2015-06-17,1.12614,1.13723,1.12064,1.13616,0
2015-06-18,1.13615,1.14362,1.13382,1.13723,0
2015-06-19,1.13724,1.13729,1.12919,1.13487,0
2015-06-21,1.13771,1.13852,1.13574,1.13828,0
2015-06-22,1.13828,1.14101,1.12549,1.12647,0
2015-06-23,1.12646,1.12832,1.11351,1.11857,0
2015-06-24,1.11857,1.12352,1.11687,1.12145,0
2015-06-25,1.12145,1.12275,1.11536,1.11875,0
2015-06-26,1.11875,1.12197,1.11302,1.11661,0
2015-06-28,1.10036,1.10326,1.0953,1.10149,0
2015-06-29,1.10145,1.12785,1.0985,1.11901,0
2015-06-30,1.11902,1.1244,1.11121,1.11399,0
2015-07-01,1.11399,1.11722,1.10323,1.10708,0
2015-07-02,1.10699,1.11212,1.10479,1.10933,0
2015-07-03,1.10933,1.11178,1.10658,1.11128,0
2015-07-05,1.09905,1.10565,1.0969,1.10364,0
2015-07-06,1.10364,1.10953,1.10016,1.10324,0
2015-07-07,1.10324,1.10514,1.09163,1.09908,0
2015-07-08,1.09907,1.10925,1.09907,1.10767,0
2015-07-09,1.10767,1.11246,1.09914,1.1098,0
2015-07-10,1.10978,1.12158,1.10787,1.115,0
2015-07-12,1.1094,1.11517,1.10934,1.1133,0
2015-07-13,1.1133,1.11971,1.09737,1.10103,0
2015-07-14,1.10102,1.10836,1.09657,1.10057,0
2015-07-15,1.10055,1.10355,1.09121,1.0934,0
2015-07-16,1.09339,1.09485,1.08553,1.08996,0
2015-07-17,1.08997,1.0907,1.08267,1.08269,0
2015-07-19,1.08295,1.08437,1.08204,1.08217,0
2015-07-20,1.08215,1.087,1.08082,1.08265,0
2015-07-21,1.08265,1.09684,1.08115,1.09342,0
2015-07-22,1.09342,1.09669,1.08696,1.0945,0
2015-07-23,1.0945,1.10177,1.09233,1.09734,0
2015-07-24,1.09733,1.09956,1.09252,1.09816,0
2015-07-26,1.09814,1.10146,1.09689,1.10044,0
2015-07-27,1.10044,1.11294,1.09985,1.10742,0
2015-07-28,1.10743,1.10849,1.10221,1.10797,0
2015-07-29,1.10798,1.10798,1.09592,1.09718,0
2015-07-30,1.09718,1.09847,1.08932,1.09465,0
2015-07-31,1.09465,1.11139,1.09211,1.09826,0
2015-08-02,1.09706,1.09889,1.09653,1.09831,0
2015-08-03,1.09833,1.09958,1.09323,1.0941,0
2015-08-04,1.09409,1.09875,1.08483,1.08628,0
2015-08-05,1.08628,1.0938,1.0848,1.09101,0
2015-08-06,1.09102,1.09435,1.08733,1.09137,0
2015-08-07,1.09136,1.09783,1.08553,1.09649,0
2015-08-09,1.09626,1.09739,1.09501,1.0966,0
2015-08-10,1.0966,1.10413,1.09251,1.098,0
2015-08-11,1.09801,1.10883,1.09605,1.10594,0
2015-08-12,1.10595,1.12138,1.10567,1.11427,0
2015-08-13,1.11426,1.11655,1.10801,1.11529,0
2015-08-14,1.11528,1.11888,1.10978,1.11082,0
2015-08-16,1.11154,1.11214,1.10868,1.10894,0
2015-08-17,1.10893,1.11248,1.10587,1.1077,0
2015-08-18,1.10768,1.10938,1.1017,1.10442,0
2015-08-19,1.10443,1.11485,1.10176,1.11342,0
2015-08-20,1.11342,1.12894,1.1107,1.1274,0
2015-08-21,1.1274,1.13888,1.12407,1.13819,0
2015-08-23,1.13761,1.14984,1.13692,1.14553,0
2015-08-24,1.14554,1.1714,1.142,1.15411,0
2015-08-25,1.15412,1.1578,1.13964,1.15223,0
2015-08-26,1.15223,1.15232,1.12912,1.1346,0
2015-08-27,1.1346,1.1364,1.12029,1.12641,0
2015-08-28,1.12641,1.13097,1.1156,1.11819,0
2015-08-30,1.11723,1.12488,1.11699,1.12472,0
2015-08-31,1.12472,1.12773,1.11802,1.12694,0
2015-09-01,1.12692,1.13319,1.12333,1.12755,0
2015-09-02,1.12752,1.12941,1.12053,1.12226,0
2015-09-03,1.12228,1.12433,1.10872,1.11239,0
2015-09-04,1.11239,1.11887,1.10882,1.11487,0
2015-09-06,1.11618,1.11742,1.11422,1.11453,0
2015-09-07,1.11454,1.1208,1.11213,1.12044,0
2015-09-08,1.12044,1.12295,1.11524,1.11745,0
2015-09-09,1.11744,1.12448,1.11317,1.12083,0
2015-09-10,1.12081,1.1302,1.11716,1.1282,0
2015-09-11,1.12823,1.13496,1.1254,1.13375,0
2015-09-13,1.1331,1.13594,1.13244,1.1352,0
2015-09-14,1.13521,1.13729,1.12834,1.13208,0
2015-09-15,1.13204,1.13285,1.12587,1.12914,0
2015-09-16,1.12914,1.13203,1.1214,1.12996,0
2015-09-17,1.12994,1.14411,1.12844,1.13956,0
2015-09-18,1.13957,1.14599,1.12692,1.12969,0
2015-09-20,1.1281,1.13196,1.12808,1.13195,0
2015-09-21,1.13195,1.13299,1.11811,1.12019,0
2015-09-22,1.12019,1.12075,1.1105,1.11343,0
2015-09-23,1.11344,1.12133,1.11073,1.11891,0
2015-09-24,1.11891,1.12959,1.11602,1.11695,0
2015-09-25,1.11694,1.12131,1.11163,1.11967,0
2015-09-27,1.11853,1.12143,1.11838,1.11901,0
2015-09-28,1.11901,1.12637,1.11469,1.12554,0
2015-09-29,1.12552,1.12813,1.11941,1.12584,0
2015-09-30,1.12585,1.12604,1.11458,1.11472,0
2015-10-01,1.11473,1.12089,1.11349,1.11797,0
2015-10-02,1.11798,1.13183,1.11503,1.121,0
2015-10-04,1.12185,1.12469,1.1207,1.12255,0
2015-10-05,1.12255,1.12891,1.11719,1.11837,0
2015-10-06,1.11834,1.12842,1.11737,1.1281,0
2015-10-07,1.12811,1.12811,1.12113,1.12575,0
2015-10-08,1.12574,1.13268,1.12381,1.12808,0
2015-10-09,1.12806,1.13872,1.12721,1.13555,0
2015-10-11,1.13602,1.13778,1.13543,1.13749,0
2015-10-12,1.13748,1.13968,1.13443,1.1358,0
2015-10-13,1.1358,1.14108,1.13553,1.13882,0
2015-10-14,1.13882,1.14905,1.13832,1.14809,0
2015-10-15,1.14808,1.14953,1.13588,1.13812,0
2015-10-16,1.13811,1.13948,1.13342,1.13459,0
2015-10-18,1.13576,1.1378,1.13514,1.13602,0
2015-10-19,1.136,1.1379,1.13058,1.13365,0
2015-10-20,1.13366,1.13869,1.1324,1.13607,0
2015-10-21,1.13606,1.13775,1.13297,1.13478,0
2015-10-22,1.13478,1.13479,1.10718,1.11162,0
2015-10-23,1.11157,1.11396,1.09966,1.10169,0
2015-10-25,1.09994,1.10389,1.09994,1.10379,0
2015-10-26,1.10378,1.10692,1.1004,1.10678,0
2015-10-27,1.10679,1.10785,1.10252,1.10311,0
2015-10-28,1.10312,1.10957,1.08967,1.09245,0
2015-10-29,1.09245,1.09978,1.09165,1.09687,0
2015-10-30,1.09685,1.10726,1.09654,1.10041,0
2015-11-01,1.10338,1.10376,1.10177,1.10292,0
2015-11-02,1.10292,1.10525,1.10004,1.1018,0
2015-11-03,1.10179,1.10299,1.09363,1.09496,0
2015-11-04,1.09496,1.09577,1.08439,1.08706,0
2015-11-05,1.08704,1.08974,1.08336,1.08827,0
2015-11-06,1.08825,1.08853,1.07063,1.07367,0
2015-11-08,1.07285,1.07712,1.07193,1.07685,0
2015-11-09,1.07685,1.07898,1.07265,1.07432,0
2015-11-10,1.07433,1.07736,1.06742,1.07572,0
2015-11-11,1.07571,1.07802,1.07056,1.07608,0
2015-11-12,1.0761,1.08301,1.06911,1.07922,0
2015-11-13,1.07922,1.08077,1.0714,1.07707,0
2015-11-15,1.07402,1.07446,1.06871,1.07195,0
2015-11-16,1.07196,1.07579,1.0656,1.06618,0
2015-11-17,1.06618,1.06792,1.06307,1.06397,0
2015-11-18,1.06396,1.07176,1.06168,1.07122,0
2015-11-19,1.07122,1.0763,1.0667,1.0719,0
2015-11-20,1.07189,1.07283,1.06397,1.06436,0
2015-11-22,1.06377,1.0646,1.06005,1.06147,0
2015-11-23,1.06146,1.06568,1.05927,1.06291,0
2015-11-24,1.0629,1.06769,1.06195,1.06564,0
2015-11-25,1.06566,1.06892,1.0566,1.06206,0
2015-11-26,1.06207,1.06237,1.05998,1.0607,0
2015-11-27,1.06073,1.0638,1.05685,1.059,0
2015-11-29,1.05881,1.05939,1.05704,1.05857,0
2015-11-30,1.05856,1.05968,1.05578,1.05741,0
2015-12-01,1.05744,1.0637,1.05744,1.06139,0
2015-12-02,1.06138,1.06321,1.05508,1.05923,0
2015-12-03,1.05923,1.09811,1.05223,1.09397,0
2015-12-04,1.09398,1.09505,1.08359,1.08832,0
2015-12-06,1.08725,1.08876,1.0854,1.08627,0
2015-12-07,1.08627,1.08725,1.0796,1.08454,0
2015-12-08,1.08451,1.09141,1.08404,1.09114,0
2015-12-09,1.09119,1.10425,1.09063,1.10057,0
2015-12-10,1.10057,1.10076,1.09251,1.09363,0
2015-12-11,1.09362,1.10308,1.09344,1.09886,0
2015-12-13,1.09823,1.09931,1.09541,1.09606,0
2015-12-14,1.09607,1.10486,1.09455,1.10225,0
2015-12-15,1.10224,1.10594,1.09045,1.09359,0
2015-12-16,1.09359,1.1011,1.08319,1.08502,0
2015-12-17,1.08503,1.0878,1.08027,1.08467,0
2015-12-18,1.08464,1.08744,1.0805,1.08652,0
2015-12-20,1.08531,1.08828,1.0847,1.08699,0
2015-12-21,1.08698,1.09389,1.08478,1.09206,0
2015-12-22,1.09205,1.09841,1.09021,1.09378,0
2015-12-23,1.09377,1.09421,1.08701,1.09332,0
2015-12-24,1.09332,1.09676,1.09291,1.0963,0
2015-12-27,1.09676,1.09786,1.09547,1.0975,0
2015-12-28,1.0975,1.09924,1.09557,1.09731,0
2015-12-29,1.09729,1.09915,1.08992,1.09309,0
2015-12-30,1.09311,1.09436,1.09018,1.09332,0
2015-12-31,1.09333,1.09351,1.08527,1.08545,0
2016-01-03,1.08701,1.08834,1.08272,1.08793,0
2016-01-04,1.08794,1.09464,1.07811,1.08226,0
2016-01-05,1.08227,1.08365,1.07106,1.07492,0
2016-01-06,1.07492,1.08255,1.07185,1.08234,0
2016-01-07,1.08239,1.09401,1.0771,1.08742,0
2016-01-08,1.08743,1.093,1.0803,1.09218,0
2016-01-10,1.0917,1.09698,1.0908,1.09138,0
2016-01-11,1.09135,1.09337,1.08411,1.08821,0
2016-01-12,1.08821,1.09001,1.0811,1.08278,0
2016-01-13,1.08276,1.08966,1.08048,1.08915,0
2016-01-14,1.08915,1.0943,1.08345,1.08829,0
2016-01-15,1.0883,1.09845,1.08608,1.09139,0
2016-01-17,1.09228,1.09272,1.0887,1.0896,0
2016-01-18,1.08958,1.09093,1.08687,1.08878,0
2016-01-19,1.08878,1.09549,1.08592,1.09538,0
2016-01-20,1.09537,1.09758,1.08671,1.08907,0
2016-01-21,1.08906,1.0921,1.07777,1.08342,0
2016-01-22,1.08342,1.08628,1.07891,1.07954,0
2016-01-24,1.07913,1.0817,1.07882,1.0811,0
2016-01-25,1.08111,1.08593,1.08059,1.08512,0
2016-01-26,1.08511,1.08744,1.08186,1.08601,0
2016-01-27,1.08599,1.09163,1.08527,1.08843,0
2016-01-28,1.08842,1.09675,1.08696,1.09286,0
2016-01-29,1.09286,1.09286,1.08099,1.0828,0
2016-01-31,1.08302,1.08523,1.08149,1.08479,0
2016-02-01,1.08481,1.09189,1.08409,1.09154,0
2016-02-02,1.09152,1.09398,1.08923,1.0914,0
2016-02-03,1.09141,1.11454,1.09036,1.10873,0
2016-02-04,1.10873,1.12392,1.10695,1.11956,0
2016-02-05,1.11955,1.12449,1.11088,1.11541,0
2016-02-07,1.11408,1.11497,1.11282,1.11321,0
2016-02-08,1.11321,1.12375,1.10864,1.12083,0
2016-02-09,1.12083,1.13381,1.11623,1.1294,0
2016-02-10,1.12938,1.13201,1.11602,1.12926,0
2016-02-11,1.12925,1.13765,1.12749,1.12974,0
2016-02-12,1.12975,1.13248,1.1214,1.1253,0
2016-02-14,1.12346,1.12497,1.12126,1.12219,0
2016-02-15,1.1222,1.12295,1.11278,1.11519,0
2016-02-16,1.1152,1.1193,1.11186,1.11679,0
2016-02-17,1.1168,1.11789,1.11058,1.11376,0
2016-02-18,1.11376,1.11495,1.10709,1.11259,0
2016-02-19,1.1126,1.11394,1.10667,1.11273,0
2016-02-21,1.11089,1.11244,1.11039,1.11091,0
2016-02-22,1.11092,1.11189,1.1003,1.10432,0
2016-02-23,1.10432,1.10525,1.099,1.10161,0
2016-02-24,1.10161,1.10462,1.09572,1.10316,0
2016-02-25,1.10316,1.10682,1.09866,1.10605,0
2016-02-26,1.10603,1.10665,1.09116,1.09292,0
2016-02-28,1.0912,1.09377,1.09115,1.09338,0
2016-02-29,1.09338,1.09624,1.08593,1.08816,0
2016-03-01,1.08816,1.08936,1.08341,1.08579,0
2016-03-02,1.08581,1.08758,1.08254,1.08586,0
2016-03-03,1.08588,1.09728,1.08535,1.09462,0
2016-03-04,1.0946,1.10435,1.09031,1.10028,0
2016-03-06,1.09884,1.09973,1.09837,1.09898,0
2016-03-07,1.09898,1.10285,1.094,1.10155,0
2016-03-08,1.10155,1.10579,1.09673,1.09731,0
2016-03-09,1.09732,1.10348,1.0946,1.09766,0
2016-03-10,1.09765,1.12179,1.08221,1.11676,0
2016-03-11,1.11676,1.11933,1.10803,1.11537,0
2016-03-13,1.11372,1.11757,1.11354,1.11578,0
2016-03-14,1.11579,1.11665,1.10778,1.11098,0
2016-03-15,1.11097,1.11249,1.10721,1.11009,0
2016-03-16,1.11009,1.12427,1.10578,1.1222,0
2016-03-17,1.12221,1.13425,1.12163,1.1319,0
2016-03-18,1.1319,1.13203,1.12559,1.12693,0
2016-03-20,1.12637,1.12847,1.12576,1.12723,0
2016-03-21,1.12722,1.12845,1.12295,1.1259,0
2016-03-22,1.12589,1.12601,1.11881,1.12107,0
2016-03-23,1.12108,1.12108,1.11593,1.11762,0
2016-03-24,1.11762,1.11875,1.11442,1.11596,0
2016-03-25,1.11597,1.11755,1.1156,1.11622,0
2016-03-27,1.11604,1.11661,1.11528,1.11631,0
2016-03-28,1.11631,1.122,1.11575,1.1195,0
2016-03-29,1.1195,1.13033,1.11688,1.12918,0
2016-03-30,1.12918,1.13651,1.12912,1.13146,0
2016-03-31,1.13144,1.14119,1.13101,1.13776,0
2016-04-01,1.13776,1.14378,1.13347,1.1394,0
2016-04-03,1.14,1.14126,1.13866,1.13872,0
2016-04-04,1.13873,1.14095,1.13573,1.13958,0
2016-04-05,1.13958,1.14011,1.13359,1.13668,0
2016-04-06,1.13668,1.14315,1.13267,1.13969,0
2016-04-07,1.13968,1.14538,1.13376,1.13668,0
2016-04-08,1.13668,1.14193,1.13489,1.13919,0
2016-04-10,1.1413,1.14258,1.13951,1.14116,0
2016-04-11,1.1412,1.14472,1.13721,1.14053,0
2016-04-12,1.14052,1.14648,1.13458,1.13696,0
2016-04-13,1.13694,1.13713,1.12539,1.1266,0
2016-04-14,1.12658,1.12946,1.12337,1.12619,0
2016-04-15,1.12618,1.1317,1.12458,1.12834,0
2016-04-17,1.13008,1.1307,1.12763,1.12834,0
2016-04-18,1.12839,1.1332,1.12736,1.13229,0
2016-04-19,1.13227,1.13845,1.1315,1.13628,0
2016-04-20,1.13627,1.13877,1.12869,1.12956,0
2016-04-21,1.12954,1.13987,1.12696,1.13009,0
2016-04-22,1.1301,1.13052,1.12177,1.12177,0
2016-04-24,1.12177,1.12469,1.12177,1.12441,0
2016-04-25,1.12442,1.12781,1.1231,1.12698,0
2016-04-26,1.12696,1.13397,1.12562,1.13045,0
2016-04-27,1.13044,1.13611,1.12714,1.1328,0
2016-04-28,1.13281,1.13889,1.13104,1.13838,0
2016-04-29,1.13841,1.14593,1.13698,1.14509,0
2016-05-01,1.14596,1.14814,1.14528,1.14669,0
2016-05-02,1.14668,1.15417,1.14481,1.15316,0
2016-05-03,1.15316,1.1616,1.14766,1.14803,0
2016-05-04,1.14804,1.15292,1.14664,1.14879,0
2016-05-05,1.1488,1.14936,1.1386,1.14021,0
2016-05-06,1.14022,1.14787,1.13866,1.14034,0
2016-05-08,1.13959,1.14049,1.138,1.14016,0
2016-05-09,1.14016,1.14197,1.13707,1.13793,0
2016-05-10,1.13792,1.14097,1.13586,1.13837,0
2016-05-11,1.13837,1.14465,1.13797,1.14224,0
2016-05-12,1.14222,1.14274,1.13666,1.13742,0
2016-05-13,1.13743,1.13765,1.12829,1.13081,0
2016-05-15,1.13114,1.13196,1.13019,1.13068,0
2016-05-16,1.13069,1.13422,1.13063,1.1318,0
2016-05-17,1.1318,1.13482,1.12843,1.1287,0
2016-05-18,1.12871,1.12927,1.12142,1.12217,0
2016-05-19,1.12217,1.12298,1.11799,1.12062,0
2016-05-20,1.12069,1.1237,1.12004,1.12226,0
2016-05-22,1.1206,1.12428,1.1206,1.12361,0
2016-05-23,1.12362,1.12392,1.11875,1.12068,0
2016-05-24,1.12069,1.12268,1.11325,1.11563,0
2016-05-25,1.11563,1.11866,1.11288,1.11811,0
2016-05-26,1.11812,1.12166,1.1159,1.11884,0
2016-05-27,1.11883,1.12006,1.11103,1.11108,0
2016-05-29,1.11127,1.11155,1.10977,1.11036,0
2016-05-30,1.11036,1.11545,1.11005,1.11506,0
2016-05-31,1.11504,1.11733,1.11141,1.11237,0
2016-06-01,1.11234,1.12136,1.11162,1.12087,0
2016-06-02,1.12089,1.12202,1.11421,1.11562,0
2016-06-03,1.11562,1.13737,1.11367,1.13664,0
2016-06-05,1.13538,1.13722,1.13366,1.13396,0
2016-06-06,1.13396,1.13925,1.13257,1.13553,0
2016-06-07,1.13553,1.13803,1.13388,1.13648,0
2016-06-08,1.13648,1.14155,1.13612,1.14033,0
2016-06-09,1.14034,1.14068,1.1292,1.12986,0
2016-06-10,1.12986,1.13213,1.12453,1.12486,0
2016-06-12,1.12488,1.12553,1.12321,1.12524,0
2016-06-13,1.12526,1.13028,1.12375,1.12935,0
2016-06-14,1.12934,1.12947,1.11889,1.12085,0
2016-06-15,1.12085,1.12985,1.1198,1.12639,0
2016-06-16,1.12639,1.12948,1.11308,1.12582,0
2016-06-17,1.12582,1.12962,1.12227,1.12744,0
2016-06-19,1.13291,1.13779,1.13084,1.13741,0
2016-06-20,1.1374,1.13826,1.13021,1.13295,0
2016-06-21,1.13296,1.13494,1.12366,1.12679,0
2016-06-22,1.12675,1.135,1.12536,1.1345,0
2016-06-23,1.13451,1.14283,1.09116,1.09716,0
2016-06-24,1.0974,1.1189,1.09351,1.11162,0
2016-06-26,1.1007,1.10752,1.09841,1.10287,0
2016-06-27,1.10289,1.10835,1.09706,1.10564,0
2016-06-28,1.10565,1.11116,1.10347,1.10671,0
2016-06-29,1.1067,1.11305,1.10516,1.11031,0
2016-06-30,1.11032,1.11542,1.10243,1.10903,0
2016-07-01,1.10902,1.11694,1.10719,1.11338,0
2016-07-03,1.11312,1.11443,1.11249,1.11376,0
2016-07-04,1.11376,1.11594,1.10977,1.11326,0
2016-07-05,1.11326,1.11851,1.1036,1.10518,0
2016-07-06,1.10519,1.11116,1.1029,1.10961,0
2016-07-07,1.10962,1.1107,1.10523,1.10813,0
2016-07-08,1.10815,1.11202,1.10019,1.10518,0
2016-07-10,1.10475,1.10555,1.10338,1.1054,0
2016-07-11,1.10541,1.10909,1.10157,1.10774,0
2016-07-12,1.10774,1.11258,1.10533,1.10616,0
2016-07-13,1.10618,1.11198,1.10417,1.11046,0
2016-07-14,1.11048,1.11647,1.10885,1.11305,0
2016-07-15,1.11305,1.11488,1.10241,1.10279,0
2016-07-17,1.10469,1.10712,1.10445,1.1064,0
2016-07-18,1.10641,1.10841,1.10374,1.10781,0
2016-07-19,1.10782,1.10783,1.09973,1.10113,0
2016-07-20,1.10114,1.10439,1.09814,1.10362,0
2016-07-21,1.10362,1.10595,1.09795,1.10241,0
2016-07-22,1.10242,1.10408,1.09555,1.09729,0
2016-07-24,1.09725,1.09752,1.09519,1.09721,0
2016-07-25,1.09719,1.09987,1.09607,1.09875,0
2016-07-26,1.09874,1.10296,1.09781,1.09979,0
2016-07-27,1.09982,1.10767,1.09611,1.10728,0
2016-07-28,1.10728,1.11193,1.10638,1.10906,0
2016-07-29,1.10905,1.11972,1.10739,1.11737,0
2016-07-31,1.11725,1.11832,1.11655,1.11782,0
2016-08-01,1.11781,1.11812,1.1155,1.1172,0
2016-08-02,1.11718,1.12337,1.11705,1.12124,0
2016-08-03,1.12126,1.1217,1.11353,1.11445,0
2016-08-04,1.11444,1.11486,1.11139,1.11343,0
2016-08-05,1.11342,1.11612,1.10458,1.1085,0
2016-08-07,1.10785,1.11037,1.10785,1.1103,0
2016-08-08,1.11031,1.11049,1.10704,1.10851,0
2016-08-09,1.10851,1.1156,1.10709,1.11501,0
2016-08-10,1.11503,1.11918,1.11386,1.11684,0
2016-08-11,1.11686,1.1182,1.11312,1.11405,0
2016-08-12,1.11402,1.12212,1.11346,1.1161,0
2016-08-14,1.11673,1.11682,1.11533,1.11582,0
2016-08-15,1.11582,1.12036,1.11564,1.11952,0
2016-08-16,1.11953,1.13224,1.11922,1.12734,0
2016-08-17,1.12734,1.13285,1.12405,1.13124,0
2016-08-18,1.13122,1.13662,1.13014,1.13331,0
2016-08-19,1.1333,1.13486,1.1304,1.13228,0
2016-08-21,1.13071,1.13225,1.12709,1.12766,0
2016-08-22,1.12767,1.13369,1.1272,1.13296,0
2016-08-23,1.13297,1.1355,1.12933,1.13001,0
2016-08-24,1.13,1.13054,1.12451,1.12704,0
2016-08-25,1.12703,1.12973,1.12651,1.129,0
2016-08-26,1.12903,1.13409,1.11806,1.1195,0
2016-08-28,1.11777,1.12045,1.11773,1.12005,0
2016-08-29,1.12004,1.12076,1.11579,1.11724,0
2016-08-30,1.11724,1.11771,1.1132,1.11544,0
2016-08-31,1.11544,1.11658,1.1123,1.11555,0
2016-09-01,1.11556,1.1205,1.11276,1.12014,0
2016-09-02,1.12014,1.12521,1.11502,1.1153,0
2016-09-04,1.11559,1.1169,1.11526,1.11665,0
2016-09-05,1.11664,1.11821,1.11391,1.11544,0
2016-09-06,1.11543,1.1263,1.11449,1.12511,0
2016-09-07,1.12513,1.12712,1.12287,1.12499,0
2016-09-08,1.125,1.13269,1.12406,1.12751,0
2016-09-09,1.12751,1.1285,1.11984,1.123,0
2016-09-11,1.12344,1.12505,1.1229,1.12421,0
2016-09-12,1.12421,1.12679,1.12102,1.12334,0
2016-09-13,1.12331,1.12602,1.12037,1.12249,0
2016-09-14,1.12247,1.12739,1.12141,1.12433,0
2016-09-15,1.12437,1.12837,1.12189,1.12412,0
2016-09-16,1.12411,1.12429,1.11494,1.11543,0
2016-09-18,1.11502,1.11725,1.11502,1.11671,0
2016-09-19,1.11672,1.11978,1.11506,1.11698,0
2016-09-20,1.117,1.12132,1.1146,1.11495,0
2016-09-21,1.11497,1.12016,1.11229,1.11938,0
2016-09-22,1.11938,1.12572,1.11919,1.11977,0
2016-09-23,1.11977,1.12403,1.11953,1.12235,0
2016-09-25,1.12274,1.12415,1.1224,1.12293,0
2016-09-26,1.12293,1.1279,1.12211,1.12433,0
2016-09-27,1.12433,1.12586,1.1191,1.12116,0
2016-09-28,1.12115,1.12369,1.11817,1.1233,0
2016-09-29,1.1233,1.12496,1.11967,1.12169,0
2016-09-30,1.1217,1.12506,1.11532,1.1238,0
2016-10-02,1.12283,1.12432,1.12265,1.12338,0
2016-10-03,1.12337,1.12415,1.11974,1.11992,0
2016-10-04,1.1199,1.12388,1.1138,1.12215,0
2016-10-05,1.12217,1.12332,1.11896,1.12007,0
2016-10-06,1.1201,1.12092,1.111,1.11124,0
2016-10-07,1.11124,1.1205,1.11042,1.1199,0
2016-10-09,1.11772,1.12027,1.11772,1.11933,0
2016-10-10,1.11933,1.11951,1.11196,1.11316,0
2016-10-11,1.11315,1.11373,1.10412,1.10503,0
2016-10-12,1.10505,1.1061,1.10014,1.10229,0
2016-10-13,1.10228,1.10582,1.09852,1.1031,0
2016-10-14,1.1031,1.10321,1.09687,1.09688,0
2016-10-16,1.09665,1.09837,1.09637,1.09833,0
2016-10-17,1.09831,1.10261,1.09718,1.10204,0
2016-10-18,1.10204,1.10241,1.097,1.099,0
2016-10-19,1.09902,1.10047,1.09549,1.09705,0
2016-10-20,1.09709,1.10393,1.0896,1.09042,0
2016-10-21,1.09044,1.0912,1.08593,1.08822,0
2016-10-23,1.08794,1.08843,1.08595,1.08679,0
2016-10-24,1.08678,1.08995,1.08643,1.08794,0
2016-10-25,1.08792,1.09049,1.08509,1.08894,0
2016-10-26,1.08893,1.09468,1.08841,1.08999,0
2016-10-27,1.09001,1.09421,1.08826,1.0908,0
2016-10-28,1.0908,1.09916,1.08994,1.09853,0
2016-10-30,1.09892,1.09909,1.0961,1.09685,0
2016-10-31,1.09685,1.09825,1.09359,1.0961,0
2016-11-01,1.0961,1.1069,1.0961,1.10671,0
2016-11-02,1.10671,1.11257,1.1062,1.11162,0
2016-11-03,1.11162,1.11258,1.10596,1.10947,0
2016-11-04,1.10949,1.11412,1.10798,1.11378,0
2016-11-06,1.10582,1.11103,1.10582,1.10731,0
2016-11-07,1.10733,1.10749,1.10275,1.10418,0
2016-11-08,1.10418,1.12826,1.09894,1.12745,0
2016-11-09,1.12748,1.12991,1.09068,1.09254,0
2016-11-10,1.09258,1.09476,1.08648,1.09054,0
2016-11-11,1.09059,1.09194,1.08302,1.08562,0
2016-11-13,1.08378,1.08396,1.07726,1.07975,0
2016-11-14,1.07974,1.08062,1.0709,1.07486,0
2016-11-15,1.07486,1.08164,1.0714,1.0741,0
2016-11-16,1.07409,1.07565,1.06661,1.06976,0
2016-11-17,1.06978,1.07454,1.05816,1.06067,0
2016-11-18,1.06067,1.0643,1.05689,1.05868,0
2016-11-20,1.05911,1.06134,1.05784,1.0595,0
2016-11-21,1.05952,1.06494,1.05896,1.06281,0
2016-11-22,1.06281,1.06578,1.05834,1.06259,0
2016-11-23,1.0626,1.06435,1.0525,1.05434,0
2016-11-24,1.05433,1.05851,1.0518,1.05704,0
2016-11-25,1.05704,1.06273,1.05678,1.05904,0
2016-11-27,1.06083,1.06854,1.05943,1.06583,0
2016-11-28,1.06581,1.06694,1.05635,1.06005,0
2016-11-29,1.06005,1.06602,1.0565,1.06333,0
2016-11-30,1.06333,1.06665,1.05527,1.06022,0
2016-12-01,1.06025,1.06898,1.05844,1.06788,0
2016-12-02,1.06786,1.06885,1.06251,1.06602,0
2016-12-04,1.06633,1.06633,1.05045,1.05512,0
2016-12-05,1.05518,1.07961,1.0551,1.07554,0
2016-12-06,1.07553,1.07853,1.06982,1.07223,0
2016-12-07,1.07223,1.07845,1.07098,1.07735,0
2016-12-08,1.07735,1.08732,1.05889,1.06072,0
2016-12-09,1.06073,1.06298,1.05309,1.05589,0
2016-12-11,1.05294,1.05681,1.05251,1.05551,0
2016-12-12,1.0555,1.06516,1.05534,1.06338,0
2016-12-13,1.06339,1.0667,1.06037,1.0636,0
2016-12-14,1.06358,1.06699,1.04683,1.05124,0
2016-12-15,1.05127,1.05139,1.03664,1.04291,0
2016-12-16,1.04291,1.04739,1.04007,1.04485,0
2016-12-18,1.04389,1.0469,1.04368,1.0461,0
2016-12-19,1.04609,1.04793,1.03925,1.04021,0
2016-12-20,1.04022,1.04191,1.03522,1.04124,0
2016-12-21,1.04123,1.0451,1.03883,1.04372,0
2016-12-22,1.04377,1.04993,1.04292,1.04486,0
2016-12-23,1.04484,1.04685,1.04263,1.0452,0
2016-12-25,1.04551,1.04625,1.04426,1.04589,0
2016-12-26,1.0459,1.04675,1.04322,1.04407,0
2016-12-27,1.04409,1.04748,1.04382,1.047,0
2016-12-28,1.04703,1.04797,1.03719,1.0455,0
2016-12-29,1.04549,1.06534,1.04426,1.05291,0
2016-12-30,1.0529,1.05914,1.05056,1.05224,0
2017-01-02,1.05155,1.0523,1.04496,1.04882,0
2017-01-03,1.04882,1.049,1.03406,1.04025,0
2017-01-04,1.04024,1.05404,1.03991,1.05261,0
2017-01-05,1.05261,1.06151,1.04824,1.05803,0
2017-01-06,1.05802,1.06214,1.05249,1.05306,0
2017-01-08,1.05284,1.05444,1.05221,1.05263,0
2017-01-09,1.05263,1.0627,1.05108,1.06078,0
2017-01-10,1.06082,1.06202,1.0536,1.05503,0
2017-01-11,1.05502,1.06228,1.04537,1.05996,0
2017-01-12,1.05996,1.06847,1.05948,1.06172,0
2017-01-13,1.06171,1.06765,1.05962,1.06425,0
2017-01-15,1.06047,1.06358,1.06047,1.0615,0
2017-01-16,1.06145,1.06432,1.05793,1.06399,0
2017-01-17,1.06402,1.07197,1.064,1.06976,0
2017-01-18,1.06977,1.07045,1.06219,1.06406,0
2017-01-19,1.06405,1.06934,1.05892,1.06801,0
2017-01-20,1.068,1.07094,1.0625,1.06988,0
2017-01-22,1.07004,1.07497,1.06935,1.0737,0
2017-01-23,1.07369,1.0773,1.0706,1.07511,0
2017-01-24,1.07511,1.07747,1.07203,1.07306,0
2017-01-25,1.07306,1.07697,1.07112,1.07566,0
2017-01-26,1.07568,1.07605,1.06576,1.06743,0
2017-01-27,1.06742,1.07249,1.06581,1.06963,0
2017-01-29,1.07204,1.07402,1.0708,1.07293,0
2017-01-30,1.07293,1.07318,1.06201,1.06961,0
2017-01-31,1.06962,1.08121,1.06848,1.07905,0
2017-02-01,1.07907,1.08073,1.07316,1.07841,0
2017-02-02,1.07841,1.08287,1.07451,1.07575,0
2017-02-03,1.07576,1.07976,1.07069,1.07825,0
2017-02-05,1.07869,1.07912,1.07737,1.07756,0
2017-02-06,1.07755,1.07783,1.07043,1.07095,0
2017-02-07,1.07096,1.07137,1.0656,1.06773,0
2017-02-08,1.06773,1.07137,1.06406,1.06876,0
2017-02-09,1.06876,1.07095,1.06499,1.06619,0
2017-02-10,1.06619,1.06635,1.06076,1.06386,0
2017-02-12,1.06263,1.06368,1.06119,1.06225,0
2017-02-13,1.06224,1.06582,1.05911,1.06107,0
2017-02-14,1.06108,1.06333,1.05607,1.05761,0
2017-02-15,1.05763,1.06234,1.05213,1.06152,0
2017-02-16,1.06151,1.06792,1.05998,1.06745,0
2017-02-17,1.06745,1.06754,1.06051,1.06127,0
2017-02-19,1.06056,1.06328,1.06031,1.06183,0
2017-02-20,1.06183,1.06298,1.0577,1.0581,0
2017-02-21,1.05814,1.05891,1.05256,1.05451,0
2017-02-22,1.0545,1.05739,1.04937,1.05622,0
2017-02-23,1.0562,1.05951,1.05375,1.05807,0
2017-02-24,1.05809,1.06177,1.05563,1.05611,0
2017-02-26,1.05609,1.0575,1.05513,1.05662,0
2017-02-27,1.0566,1.06305,1.05631,1.05883,0
2017-02-28,1.05884,1.063,1.05507,1.05524,0
2017-03-01,1.05522,1.05716,1.05141,1.05325,0
2017-03-02,1.05324,1.05455,1.04949,1.05198,0
2017-03-03,1.05199,1.06238,1.05106,1.06205,0
2017-03-05,1.06067,1.06212,1.05998,1.06004,0
2017-03-06,1.06005,1.06398,1.05727,1.05813,0
2017-03-07,1.05811,1.06025,1.05581,1.05611,0
2017-03-08,1.05611,1.05728,1.05287,1.05309,0
2017-03-09,1.05308,1.06149,1.0525,1.05968,0
2017-03-10,1.05966,1.06992,1.05879,1.06731,0
2017-03-12,1.06759,1.07005,1.06755,1.06971,0
2017-03-13,1.06972,1.07142,1.06448,1.06538,0
2017-03-14,1.06539,1.06625,1.06,1.06151,0
2017-03-15,1.06149,1.07461,1.06072,1.07211,0
2017-03-16,1.07213,1.07744,1.07056,1.07726,0
2017-03-17,1.07726,1.07824,1.07274,1.07374,0
2017-03-19,1.07314,1.07627,1.07314,1.07598,0
2017-03-20,1.07596,1.07773,1.0719,1.07554,0
2017-03-21,1.07556,1.08191,1.07544,1.07936,0
2017-03-22,1.07935,1.08247,1.07758,1.07891,0
2017-03-23,1.07889,1.08048,1.07601,1.07682,0
2017-03-24,1.07682,1.08178,1.07609,1.0798,0
2017-03-26,1.0836,1.08496,1.08269,1.0846,0
2017-03-27,1.08462,1.09061,1.08423,1.08622,0
2017-03-28,1.08623,1.08725,1.0799,1.08158,0
2017-03-29,1.0816,1.08164,1.07397,1.07514,0
2017-03-30,1.07516,1.07678,1.06717,1.06756,0
2017-03-31,1.06758,1.07016,1.065,1.06522,0
2017-04-02,1.06611,1.0681,1.06584,1.06787,0
2017-04-03,1.06788,1.06808,1.06421,1.06681,0
2017-04-04,1.06681,1.06851,1.06356,1.06773,0
2017-04-05,1.06774,1.06889,1.06349,1.06753,0
2017-04-06,1.06753,1.06804,1.06289,1.06428,0
2017-04-07,1.06429,1.06662,1.05805,1.05821,0
2017-04-09,1.05855,1.05884,1.05701,1.05819,0
2017-04-10,1.05818,1.06066,1.05697,1.05839,0
2017-04-11,1.05841,1.063,1.05785,1.06018,0
2017-04-12,1.06017,1.0677,1.05887,1.06718,0
2017-04-13,1.06716,1.06776,1.0609,1.06129,0
2017-04-14,1.06128,1.06294,1.06055,1.06104,0
2017-04-16,1.06149,1.0626,1.06024,1.06177,0
2017-04-17,1.06176,1.06705,1.0615,1.06471,0
2017-04-18,1.06471,1.07358,1.06411,1.07197,0
2017-04-19,1.07196,1.07367,1.07,1.07202,0
2017-04-20,1.07202,1.07773,1.07068,1.07167,0
2017-04-21,1.07167,1.07379,1.06821,1.07238,0
2017-04-23,1.09169,1.09181,1.08206,1.08441,0
2017-04-24,1.08439,1.08775,1.08319,1.08599,0
2017-04-25,1.086,1.095,1.08569,1.09366,0
2017-04-26,1.09366,1.09507,1.08558,1.09086,0
2017-04-27,1.09086,1.09328,1.08517,1.08667,0
2017-04-28,1.08666,1.09472,1.08569,1.08926,0
2017-04-30,1.09097,1.09111,1.0889,1.08931,0
2017-05-01,1.0893,1.09238,1.08839,1.09152,0
2017-05-02,1.09152,1.09369,1.08877,1.09291,0
2017-05-03,1.09293,1.09351,1.08813,1.08963,0
2017-05-04,1.08963,1.0987,1.08748,1.09838,0
2017-05-05,1.0984,1.09997,1.09445,1.09985,0
2017-05-07,1.10173,1.10211,1.09568,1.09713,0
2017-05-08,1.09713,1.09965,1.09162,1.09291,0
2017-05-09,1.09294,1.09319,1.08634,1.08934,0
2017-05-10,1.08935,1.08978,1.08532,1.08722,0
2017-05-11,1.08721,1.08929,1.08391,1.08692,0
2017-05-12,1.08694,1.09341,1.08556,1.09292,0
2017-05-14,1.09286,1.09348,1.09225,1.09292,0
2017-05-15,1.09292,1.09898,1.09259,1.09888,0
2017-05-16,1.09888,1.11169,1.09871,1.11127,0
2017-05-17,1.11127,1.11717,1.10815,1.11609,0
2017-05-18,1.11609,1.11618,1.10757,1.11088,0
2017-05-19,1.11088,1.12119,1.11069,1.12063,0
2017-05-21,1.11932,1.12105,1.11826,1.11914,0
2017-05-22,1.11913,1.12633,1.11614,1.12455,0
2017-05-23,1.12454,1.12682,1.11751,1.11804,0
2017-05-24,1.11806,1.12444,1.11684,1.12386,0
2017-05-25,1.1239,1.12502,1.11847,1.12011,0
2017-05-26,1.12011,1.12344,1.11605,1.11809,0
2017-05-28,1.11716,1.11846,1.11617,1.11644,0
2017-05-29,1.11642,1.11898,1.11219,1.11254,0
2017-05-30,1.11256,1.1205,1.11096,1.11764,0
2017-05-31,1.11763,1.12565,1.11645,1.12468,0
2017-06-01,1.12467,1.12487,1.1202,1.12184,0
2017-06-02,1.12183,1.1285,1.12049,1.12809,0
2017-06-04,1.12704,1.12837,1.12647,1.12704,0
2017-06-05,1.12705,1.12786,1.12341,1.12685,0
2017-06-06,1.12685,1.12837,1.12404,1.12643,0
2017-06-07,1.12645,1.12821,1.12039,1.12538,0
2017-06-08,1.12538,1.12689,1.11792,1.12002,0
2017-06-09,1.12002,1.12156,1.11663,1.11941,0
2017-06-11,1.12058,1.12119,1.11971,1.12064,0
2017-06-12,1.12066,1.1232,1.11889,1.11901,0
2017-06-13,1.11901,1.12249,1.11852,1.12149,0
2017-06-14,1.12148,1.12957,1.11931,1.12229,0
2017-06-15,1.1223,1.12242,1.11319,1.1146,0
2017-06-16,1.1146,1.12015,1.11384,1.11948,0
2017-06-18,1.12072,1.12081,1.11894,1.11978,0
2017-06-19,1.11975,1.12127,1.11409,1.1156,0
2017-06-20,1.11556,1.11649,1.11187,1.11358,0
2017-06-21,1.11357,1.11713,1.11274,1.11682,0
2017-06-22,1.11682,1.11779,1.11393,1.11626,0
2017-06-23,1.11625,1.12088,1.11612,1.11926,0
2017-06-25,1.11979,1.12001,1.11885,1.11962,0
2017-06-26,1.11961,1.12198,1.11717,1.11908,0
2017-06-27,1.11908,1.13554,1.11821,1.13487,0
2017-06-28,1.13486,1.14192,1.12914,1.14056,0
2017-06-29,1.14054,1.14453,1.1388,1.14403,0
2017-06-30,1.14402,1.14426,1.13921,1.14257,0
2017-07-02,1.14168,1.14265,1.1404,1.14044,0
2017-07-03,1.14044,1.14155,1.13551,1.13724,0
2017-07-04,1.13724,1.13743,1.13363,1.13586,0
2017-07-05,1.13585,1.13681,1.13122,1.1338,0
2017-07-06,1.1338,1.14255,1.13308,1.14134,0
2017-07-07,1.14132,1.14399,1.13796,1.13982,0
2017-07-09,1.13976,1.14085,1.13918,1.14044,0
2017-07-10,1.14042,1.14179,1.13816,1.13944,0
2017-07-11,1.13943,1.14838,1.13827,1.14805,0
2017-07-12,1.14805,1.14893,1.13916,1.14338,0
2017-07-13,1.14339,1.14559,1.13705,1.14103,0
2017-07-14,1.14103,1.14716,1.14006,1.14681,0
2017-07-16,1.14705,1.14749,1.14566,1.14632,0
2017-07-17,1.14632,1.15377,1.14346,1.15278,0
2017-07-18,1.15279,1.15831,1.15111,1.15387,0
2017-07-19,1.15388,1.15475,1.15051,1.15066,0
2017-07-20,1.15067,1.16579,1.14791,1.16281,0
2017-07-21,1.1628,1.16829,1.16251,1.16597,0
2017-07-23,1.1663,1.16841,1.16627,1.16716,0
2017-07-24,1.16716,1.16752,1.16259,1.16563,0
2017-07-25,1.16563,1.1712,1.16378,1.16436,0
2017-07-26,1.16437,1.17765,1.16129,1.17561,0
2017-07-27,1.17562,1.17619,1.165,1.16833,0
2017-07-28,1.16832,1.17638,1.16816,1.1747,0
2017-07-30,1.17457,1.17622,1.17313,1.17322,0
2017-07-31,1.17323,1.18455,1.1723,1.18261,0
2017-08-01,1.18263,1.18388,1.1785,1.18109,0
2017-08-02,1.18108,1.19101,1.18103,1.18414,0
2017-08-03,1.18414,1.18931,1.18305,1.18794,0
2017-08-04,1.18793,1.1889,1.17281,1.17716,0
2017-08-06,1.17712,1.18017,1.17697,1.17985,0
2017-08-07,1.17984,1.18237,1.17779,1.18071,0
2017-08-08,1.18072,1.18181,1.17151,1.1733,0
2017-08-09,1.17331,1.17697,1.16888,1.17386,0
2017-08-10,1.17385,1.17848,1.1704,1.17751,0
2017-08-11,1.1775,1.18468,1.17486,1.18197,0
2017-08-13,1.18207,1.18344,1.18166,1.18269,0
2017-08-14,1.18268,1.18382,1.17681,1.1782,0
2017-08-15,1.1782,1.17859,1.16871,1.17393,0
2017-08-16,1.17391,1.17897,1.16816,1.17775,0
2017-08-17,1.17773,1.17895,1.1662,1.17305,0
2017-08-18,1.17307,1.17744,1.17211,1.17574,0
2017-08-20,1.17549,1.17626,1.175,1.17545,0
2017-08-21,1.17545,1.18279,1.17312,1.18082,0
2017-08-22,1.18082,1.18099,1.1745,1.17601,0
2017-08-23,1.17602,1.18231,1.17399,1.18021,0
2017-08-24,1.18022,1.18145,1.1784,1.17966,0
2017-08-25,1.17969,1.19413,1.17733,1.19213,0
2017-08-27,1.19422,1.19594,1.19201,1.19212,0
2017-08-28,1.19214,1.19856,1.19169,1.19689,0
2017-08-29,1.1969,1.207,1.19459,1.19824,0
2017-08-30,1.19823,1.19842,1.18712,1.18742,0
2017-08-31,1.18743,1.19226,1.1823,1.19012,0
2017-09-01,1.19013,1.19795,1.18496,1.18602,0
2017-09-03,1.18798,1.18896,1.18729,1.18798,0
2017-09-04,1.18799,1.19219,1.18784,1.19064,0
2017-09-05,1.19064,1.19405,1.18681,1.19101,0
2017-09-06,1.19103,1.19501,1.19064,1.19257,0
2017-09-07,1.19257,1.20892,1.19139,1.20712,0
2017-09-08,1.20714,1.2092,1.20145,1.20333,0
2017-09-10,1.20164,1.2025,1.19988,1.20139,0
2017-09-11,1.20139,1.20294,1.19457,1.19545,0
2017-09-12,1.19545,1.19927,1.19262,1.19826,0
2017-09-13,1.19824,1.19946,1.18704,1.18749,0
2017-09-14,1.18749,1.19237,1.18379,1.19083,0
2017-09-15,1.19088,1.1987,1.19042,1.19427,0
2017-09-17,1.19194,1.19547,1.19174,1.19441,0
2017-09-18,1.1944,1.19747,1.19149,1.19706,0
2017-09-19,1.19705,1.20194,1.19541,1.20076,0
2017-09-20,1.20077,1.20329,1.18612,1.18851,0
2017-09-21,1.18852,1.19594,1.18764,1.19574,0
2017-09-22,1.19573,1.20044,1.1937,1.19466,0
2017-09-24,1.1897,1.19347,1.18963,1.19325,0
2017-09-25,1.19324,1.19364,1.18321,1.1861,0
2017-09-26,1.1861,1.18612,1.17572,1.17909,0
2017-09-27,1.17908,1.17922,1.1717,1.17303,0
2017-09-28,1.17304,1.1804,1.17211,1.17842,0
2017-09-29,1.17842,1.18323,1.17724,1.18121,0
2017-10-01,1.17903,1.18147,1.17703,1.1778,0
2017-10-02,1.17779,1.178,1.17018,1.17046,0
2017-10-03,1.17046,1.17797,1.16959,1.17675,0
2017-10-04,1.17674,1.17875,1.17464,1.17551,0
2017-10-05,1.1755,1.17787,1.16944,1.16965,0
2017-10-06,1.16966,1.17386,1.16691,1.17281,0
2017-10-08,1.17271,1.17476,1.17271,1.17363,0
2017-10-09,1.17362,1.1782,1.17195,1.17666,0
2017-10-10,1.17667,1.18274,1.17623,1.18078,0
2017-10-11,1.18079,1.18777,1.18012,1.18751,0
2017-10-12,1.18751,1.18796,1.18249,1.18477,0
2017-10-13,1.18477,1.18746,1.18052,1.18189,0
2017-10-15,1.18101,1.18193,1.17978,1.18061,0
2017-10-16,1.1806,1.18196,1.17748,1.1779,0
2017-10-17,1.1779,1.17814,1.17359,1.17698,0
2017-10-18,1.17699,1.18164,1.17301,1.17996,0
2017-10-19,1.17997,1.18579,1.17679,1.18186,0
2017-10-20,1.18185,1.18261,1.17624,1.17837,0
2017-10-22,1.17622,1.1774,1.17512,1.17699,0
2017-10-23,1.17696,1.17773,1.17249,1.17659,0
2017-10-24,1.1766,1.17926,1.17427,1.17555,0
2017-10-25,1.17554,1.18326,1.1754,1.18246,0
2017-10-26,1.18245,1.18366,1.16244,1.16388,0
2017-10-27,1.16388,1.16437,1.15743,1.16059,0
2017-10-29,1.16071,1.16154,1.15937,1.16141,0
2017-10-30,1.16142,1.16577,1.16014,1.16366,0
2017-10-31,1.16366,1.16612,1.1625,1.16314,0
2017-11-01,1.16314,1.16717,1.16062,1.16554,0
2017-11-02,1.16556,1.16872,1.16258,1.16573,0
2017-11-03,1.16576,1.16902,1.1599,1.16055,0
2017-11-05,1.16134,1.16237,1.15969,1.16095,0
2017-11-06,1.16094,1.16167,1.15802,1.16073,0
2017-11-07,1.16075,1.16104,1.15541,1.15985,0
2017-11-08,1.15984,1.1611,1.1579,1.15959,0
2017-11-09,1.15963,1.16546,1.15897,1.16439,0
2017-11-10,1.16441,1.16777,1.16228,1.16624,0
2017-11-12,1.16559,1.16647,1.16448,1.16513,0
2017-11-13,1.16513,1.16756,1.16373,1.16723,0
2017-11-14,1.16724,1.18048,1.1665,1.17924,0
2017-11-15,1.17923,1.18606,1.17679,1.17765,0
2017-11-16,1.17772,1.18216,1.1757,1.1804,0
2017-11-17,1.18041,1.18157,1.17738,1.17895,0
2017-11-19,1.17852,1.17969,1.17222,1.17286,0
2017-11-20,1.17287,1.18086,1.17279,1.17386,0
2017-11-21,1.17387,1.17575,1.1713,1.17415,0
2017-11-22,1.17414,1.18379,1.17355,1.18345,0
2017-11-23,1.18346,1.18588,1.18237,1.18524,0
2017-11-24,1.18523,1.19441,1.18369,1.19304,0
2017-11-26,1.19244,1.19359,1.19118,1.19237,0
2017-11-27,1.19236,1.19611,1.18902,1.19045,0
2017-11-28,1.19044,1.19199,1.18269,1.18502,0
2017-11-29,1.18504,1.18827,1.18168,1.1862,0
2017-11-30,1.1862,1.19313,1.18088,1.19109,0
2017-12-01,1.1911,1.19402,1.18508,1.1894,0
2017-12-03,1.18604,1.18758,1.1856,1.18708,0
2017-12-04,1.18706,1.18785,1.18291,1.18693,0
2017-12-05,1.18694,1.18764,1.18007,1.18386,0
2017-12-06,1.18387,1.18449,1.17805,1.17979,0
2017-12-07,1.17977,1.18145,1.17609,1.17619,0
2017-12-08,1.17618,1.17733,1.173,1.17705,0
2017-12-10,1.17635,1.17838,1.17622,1.17788,0
2017-12-11,1.17786,1.18115,1.17642,1.17719,0
2017-12-12,1.17719,1.17926,1.17175,1.17537,0
2017-12-13,1.17538,1.18437,1.17294,1.18321,0
2017-12-14,1.18321,1.18624,1.17642,1.17839,0
2017-12-15,1.17838,1.18121,1.1747,1.1747,0
2017-12-17,1.17418,1.17651,1.17371,1.17604,0
2017-12-18,1.17603,1.1834,1.17596,1.17921,0
2017-12-19,1.17919,1.18486,1.17901,1.18415,0
2017-12-20,1.18414,1.19017,1.18288,1.1867,0
2017-12-21,1.18669,1.18893,1.18169,1.1848,0
2017-12-22,1.1848,1.18637,1.18286,1.18597,0
2017-12-25,1.18678,1.18737,1.18513,1.18697,0
2017-12-26,1.18698,1.18786,1.18464,1.18745,0
2017-12-27,1.18744,1.19186,1.18644,1.19173,0
2017-12-28,1.19174,1.19589,1.19163,1.19443,0
2017-12-29,1.19444,1.20255,1.19437,1.20005,0
2018-01-01,1.20037,1.2023,1.20017,1.20172,0
2018-01-02,1.20171,1.20812,1.20157,1.20509,0
2018-01-03,1.20511,1.20605,1.20013,1.20178,0
2018-01-04,1.20177,1.20889,1.20144,1.20739,0
2018-01-05,1.20738,1.20827,1.20205,1.20297,0
2018-01-07,1.2026,1.20522,1.20228,1.20254,0
2018-01-08,1.20253,1.20286,1.19557,1.19681,0
2018-01-09,1.1968,1.19717,1.19156,1.19361,0
2018-01-10,1.1936,1.20177,1.19231,1.19467,0
2018-01-11,1.19468,1.20665,1.19293,1.20535,0
2018-01-12,1.20538,1.22186,1.20399,1.22,0
2018-01-14,1.21923,1.22116,1.21875,1.221,0
2018-01-15,1.221,1.22964,1.22013,1.22669,0
2018-01-16,1.2267,1.2323,1.21952,1.22495,0
2018-01-17,1.22498,1.22879,1.21645,1.2195,0
2018-01-18,1.21951,1.227,1.21862,1.22622,0
2018-01-19,1.22626,1.22952,1.22147,1.22173,0
2018-01-21,1.22683,1.22704,1.22162,1.22238,0
2018-01-22,1.22238,1.22756,1.22138,1.22593,0
2018-01-23,1.22596,1.23351,1.2223,1.23214,0
2018-01-24,1.23215,1.24396,1.23026,1.24358,0
2018-01-25,1.24359,1.25375,1.23638,1.24213,0
2018-01-26,1.24212,1.24935,1.24061,1.24245,0
2018-01-28,1.24256,1.24322,1.23851,1.24129,0
2018-01-29,1.2413,1.24287,1.23365,1.23714,0
2018-01-30,1.23711,1.24538,1.23352,1.24194,0
2018-01-31,1.24195,1.24747,1.2387,1.24216,0
2018-02-01,1.24215,1.25225,1.23853,1.2493,0
2018-02-02,1.2493,1.2518,1.24088,1.24543,0
2018-02-04,1.24349,1.24664,1.24242,1.24589,0
2018-02-05,1.24592,1.24747,1.23506,1.23563,0
2018-02-06,1.23564,1.24344,1.23137,1.23881,0
2018-02-07,1.23881,1.24059,1.22458,1.22587,0
2018-02-08,1.22587,1.22949,1.22121,1.22537,0
2018-02-09,1.22537,1.22868,1.22055,1.22492,0
2018-02-11,1.22479,1.22967,1.22411,1.22867,0
2018-02-12,1.22867,1.23072,1.22349,1.23043,0
2018-02-13,1.23042,1.23922,1.22991,1.23771,0
2018-02-14,1.23774,1.24731,1.2276,1.24564,0
2018-02-15,1.24565,1.2555,1.24545,1.25482,0
2018-02-16,1.25483,1.25544,1.23932,1.24029,0
2018-02-18,1.24013,1.2435,1.24013,1.24156,0
2018-02-19,1.24155,1.2427,1.2369,1.23874,0
2018-02-20,1.23875,1.23964,1.23176,1.23217,0
2018-02-21,1.23217,1.23597,1.22649,1.22728,0
2018-02-22,1.22728,1.23518,1.22597,1.23013,0
2018-02-23,1.23014,1.23209,1.22798,1.22928,0
2018-02-25,1.22907,1.23187,1.22802,1.23121,0
2018-02-26,1.2312,1.23547,1.22777,1.2324,0
2018-02-27,1.23239,1.23462,1.22152,1.22241,0
2018-02-28,1.22241,1.22415,1.21834,1.21934,0
2018-03-01,1.21935,1.22879,1.21544,1.22781,0
2018-03-02,1.22781,1.23358,1.22513,1.23149,0
2018-03-04,1.23323,1.23636,1.22993,1.23214,0
2018-03-05,1.23213,1.23627,1.2269,1.23469,0
2018-03-06,1.23471,1.24284,1.2328,1.24151,0
2018-03-07,1.24151,1.24447,1.23847,1.24061,0
2018-03-08,1.2406,1.24458,1.2295,1.23137,0
2018-03-09,1.23136,1.23342,1.2273,1.23041,0
2018-03-11,1.2311,1.23234,1.23053,1.23228,0
2018-03-12,1.23227,1.23453,1.22903,1.23319,0
2018-03-13,1.23321,1.24116,1.23144,1.24043,0
2018-03-14,1.24044,1.24124,1.23471,1.23796,0
2018-03-15,1.23795,1.23829,1.2295,1.23077,0
2018-03-16,1.23076,1.2336,1.22601,1.2287,0
2018-03-18,1.22829,1.22917,1.2265,1.22714,0
2018-03-19,1.22714,1.23586,1.2258,1.23453,0
2018-03-20,1.23452,1.23544,1.22392,1.2263,0
2018-03-21,1.22629,1.2369,1.22514,1.23635,0
2018-03-22,1.23633,1.23881,1.22852,1.23345,0
2018-03-23,1.23344,1.2373,1.23166,1.23509,0
2018-03-25,1.23486,1.23811,1.23486,1.23731,0
2018-03-26,1.23732,1.24614,1.23588,1.24516,0
2018-03-27,1.24515,1.24762,1.23721,1.24212,0
2018-03-28,1.24211,1.24211,1.23001,1.23277,0
2018-03-29,1.23276,1.23352,1.22837,1.23129,0
2018-03-30,1.2313,1.23302,1.23049,1.23215,0
2018-04-01,1.23186,1.23281,1.23106,1.23182,0
2018-04-02,1.23181,1.23447,1.2282,1.23054,0
2018-04-03,1.23054,1.23361,1.22534,1.22824,0
2018-04-04,1.22822,1.23144,1.22568,1.22844,0
2018-04-05,1.22844,1.2285,1.22183,1.22419,0
2018-04-06,1.22421,1.22905,1.2215,1.22793,0
2018-04-08,1.22835,1.22835,1.22654,1.22725,0
2018-04-09,1.22725,1.233,1.22601,1.23147,0
2018-04-10,1.23146,1.23771,1.23027,1.23627,0
2018-04-11,1.23627,1.23958,1.23467,1.23686,0
2018-04-12,1.23685,1.23738,1.22995,1.23298,0
2018-04-13,1.23299,1.23458,1.23069,1.23283,0
2018-04-15,1.23316,1.23425,1.23217,1.23381,0
2018-04-16,1.2338,1.23943,1.23238,1.23812,0
2018-04-17,1.23812,1.24135,1.2336,1.23816,0
2018-04-18,1.23816,1.23969,1.23417,1.23783,0
2018-04-19,1.23784,1.24001,1.2329,1.23412,0
2018-04-20,1.23411,1.23528,1.22497,1.22853,0
2018-04-22,1.22716,1.22877,1.22648,1.22716,0
2018-04-23,1.22715,1.22892,1.21845,1.2213,0
2018-04-24,1.22129,1.22447,1.21818,1.22233,0
2018-04-25,1.22233,1.22234,1.21596,1.21774,0
2018-04-26,1.21774,1.22097,1.20962,1.21151,0
2018-04-27,1.2115,1.21326,1.20552,1.21281,0
2018-04-29,1.21225,1.2134,1.21186,1.21246,0
2018-04-30,1.21248,1.21387,1.20642,1.20758,0
2018-05-01,1.20757,1.20768,1.19813,1.20051,0
2018-05-02,1.20051,1.20313,1.19378,1.19802,0
2018-05-03,1.19803,1.20086,1.19492,1.19927,0
2018-05-04,1.19926,1.19937,1.19102,1.1957,0
2018-05-06,1.19553,1.19776,1.19533,1.19668,0
2018-05-07,1.19669,1.19671,1.18976,1.19151,0
2018-05-08,1.19151,1.19327,1.18379,1.18519,0
2018-05-09,1.18518,1.18967,1.18225,1.18635,0
2018-05-10,1.18629,1.19463,1.18511,1.19178,0
2018-05-11,1.19177,1.19677,1.18911,1.19412,0
2018-05-13,1.19405,1.19684,1.19385,1.19645,0
2018-05-14,1.19645,1.1996,1.1922,1.19329,0
2018-05-15,1.19329,1.19368,1.18158,1.18331,0
2018-05-16,1.1833,1.18537,1.17635,1.18278,0
2018-05-17,1.18278,1.18349,1.17765,1.18031,0
2018-05-18,1.18031,1.18221,1.17497,1.17684,0
2018-05-20,1.17703,1.17748,1.17441,1.17515,0
2018-05-21,1.17515,1.17972,1.17164,1.17815,0
2018-05-22,1.17815,1.18295,1.175,1.17621,0
2018-05-23,1.17622,1.17682,1.16757,1.17035,0
2018-05-24,1.17035,1.17503,1.16929,1.17091,0
2018-05-25,1.1709,1.17334,1.16454,1.16495,0
2018-05-27,1.16843,1.17186,1.16756,1.1716,0
2018-05-28,1.17157,1.17283,1.16072,1.16284,0
2018-05-29,1.16283,1.16394,1.151,1.15335,0
2018-05-30,1.15334,1.16759,1.15294,1.16663,0
2018-05-31,1.16662,1.1724,1.1641,1.16819,0
2018-06-01,1.1682,1.17176,1.16167,1.16578,0
2018-06-03,1.16579,1.16965,1.16558,1.16948,0
2018-06-04,1.16948,1.17443,1.16751,1.16905,0
2018-06-05,1.16904,1.17343,1.16524,1.17265,0
2018-06-06,1.17266,1.17995,1.17138,1.17864,0
2018-06-07,1.17863,1.18397,1.17853,1.17986,0
2018-06-08,1.17985,1.18103,1.1727,1.17667,0
2018-06-10,1.17722,1.18074,1.17708,1.17928,0
2018-06-11,1.17929,1.18203,1.1741,1.17645,0
2018-06-12,1.17644,1.18088,1.17331,1.17445,0
2018-06-13,1.17445,1.18047,1.17253,1.18014,0
2018-06-14,1.18014,1.18516,1.1555,1.15639,0
2018-06-15,1.15637,1.16268,1.15432,1.1608,0
2018-06-17,1.15865,1.16011,1.1576,1.15904,0
2018-06-18,1.15904,1.16441,1.15652,1.16402,0
2018-06-19,1.16398,1.16401,1.15307,1.15746,0
2018-06-20,1.15747,1.15998,1.15367,1.15639,0
2018-06-21,1.15638,1.16333,1.15082,1.1613,0
2018-06-22,1.16131,1.16748,1.16086,1.16521,0
2018-06-24,1.16619,1.16726,1.16461,1.16559,0
2018-06-25,1.16558,1.172,1.16284,1.17094,0
2018-06-26,1.17097,1.17187,1.16348,1.16594,0
2018-06-27,1.16593,1.16718,1.15405,1.15679,0
2018-06-28,1.15679,1.16498,1.1527,1.16356,0
2018-06-29,1.16355,1.169,1.16128,1.16815,0
2018-07-01,1.1676,1.16892,1.16516,1.16526,0
2018-07-02,1.16525,1.16573,1.1591,1.1632,0
2018-07-03,1.16319,1.16784,1.16265,1.16646,0
2018-07-04,1.16647,1.16816,1.16304,1.1658,0
2018-07-05,1.16581,1.172,1.16498,1.16873,0
2018-07-06,1.16872,1.17671,1.16837,1.17449,0
2018-07-08,1.17413,1.17669,1.17398,1.17633,0
2018-07-09,1.17632,1.17906,1.17326,1.17473,0
2018-07-10,1.17476,1.17547,1.16901,1.17292,0
2018-07-11,1.17291,1.17579,1.16653,1.16762,0
2018-07-12,1.16762,1.16954,1.16497,1.16615,0
2018-07-13,1.16617,1.16866,1.16126,1.16828,0
2018-07-15,1.16879,1.16909,1.16755,1.16833,0
2018-07-16,1.16836,1.17251,1.16824,1.17194,0
2018-07-17,1.17194,1.17444,1.16484,1.16514,0
2018-07-18,1.16515,1.1662,1.16019,1.16517,0
2018-07-19,1.16516,1.16784,1.15747,1.16502,0
2018-07-20,1.16502,1.17386,1.16329,1.17195,0
2018-07-22,1.17243,1.17498,1.17224,1.17406,0
2018-07-23,1.17406,1.17426,1.16835,1.16866,0
2018-07-24,1.16868,1.17166,1.16543,1.16817,0
2018-07-25,1.16816,1.17435,1.1664,1.17321,0
2018-07-26,1.17323,1.17427,1.16375,1.1649,0
2018-07-27,1.16489,1.16643,1.16202,1.16526,0
2018-07-29,1.1657,1.16645,1.16499,1.1654,0
2018-07-30,1.1654,1.17185,1.16478,1.17089,0
2018-07-31,1.17088,1.17457,1.16796,1.16796,0
2018-08-01,1.16795,1.16994,1.16505,1.16508,0
2018-08-02,1.16508,1.16538,1.15809,1.15908,0
2018-08-03,1.15908,1.16104,1.15601,1.15656,0
2018-08-05,1.15676,1.157,1.15567,1.15635,0
2018-08-06,1.15635,1.15702,1.153,1.15553,0
2018-08-07,1.15552,1.16201,1.15514,1.16186,0
2018-08-08,1.16185,1.16281,1.15731,1.16154,0
2018-08-09,1.16153,1.16158,1.15162,1.15325,0
2018-08-10,1.15324,1.1533,1.13879,1.14105,0
2018-08-12,1.13702,1.14114,1.13677,1.13823,0
2018-08-13,1.13825,1.14325,1.1365,1.14065,0
2018-08-14,1.14066,1.14292,1.13198,1.13227,0
2018-08-15,1.13227,1.13907,1.13009,1.13871,0
2018-08-16,1.1387,1.14088,1.13473,1.13774,0
2018-08-17,1.13775,1.14446,1.13731,1.14358,0
2018-08-19,1.14373,1.14399,1.14267,1.14311,0
2018-08-20,1.1431,1.1542,1.13941,1.15247,0
2018-08-21,1.15245,1.1601,1.14918,1.15754,0
2018-08-22,1.15756,1.16228,1.15494,1.15531,0
2018-08-23,1.15532,1.15904,1.15296,1.15552,0
2018-08-24,1.15551,1.16395,1.15519,1.16197,0
2018-08-26,1.16139,1.16532,1.16138,1.16263,0
2018-08-27,1.16262,1.16968,1.15944,1.1674,0
2018-08-28,1.1674,1.17331,1.16624,1.16948,0
2018-08-29,1.16947,1.17133,1.16519,1.17003,0
2018-08-30,1.17002,1.1718,1.16416,1.16635,0
2018-08-31,1.16635,1.169,1.15844,1.15973,0
2018-09-02,1.1595,1.16034,1.15887,1.15986,0
2018-09-03,1.15988,1.16278,1.15907,1.16008,0
2018-09-04,1.16007,1.16108,1.15299,1.15964,0
2018-09-05,1.15962,1.1659,1.15424,1.16343,0
2018-09-06,1.16343,1.16549,1.16052,1.16238,0
2018-09-07,1.16237,1.16492,1.15504,1.15511,0
2018-09-09,1.15463,1.15641,1.15418,1.15439,0
2018-09-10,1.1544,1.16156,1.1526,1.15979,0
2018-09-11,1.1598,1.16437,1.15654,1.15857,0
2018-09-12,1.15858,1.16493,1.15698,1.16373,0
2018-09-13,1.16372,1.17008,1.1609,1.16929,0
2018-09-14,1.16928,1.17215,1.16199,1.16231,0
2018-09-16,1.16228,1.16364,1.16213,1.16357,0
2018-09-17,1.16361,1.17027,1.16177,1.16953,0
2018-09-18,1.16954,1.17243,1.1652,1.16743,0
2018-09-19,1.1674,1.17147,1.165,1.16782,0
2018-09-20,1.16781,1.17855,1.16772,1.1784,0
2018-09-21,1.17841,1.18025,1.17325,1.17465,0
2018-09-23,1.17442,1.17526,1.17372,1.17419,0
2018-09-24,1.1742,1.18148,1.1724,1.17403,0
2018-09-25,1.17402,1.17923,1.17335,1.17662,0
2018-09-26,1.17661,1.17976,1.17259,1.17508,0
2018-09-27,1.17508,1.17522,1.16331,1.16476,0
2018-09-28,1.16475,1.1651,1.15699,1.16017,0
2018-09-30,1.16165,1.16167,1.15931,1.15961,0
2018-10-01,1.15962,1.16243,1.15631,1.15703,0
2018-10-02,1.15702,1.15934,1.15053,1.15798,0
2018-10-03,1.15798,1.15926,1.14642,1.14723,0
2018-10-04,1.14723,1.15424,1.14632,1.15063,0
2018-10-05,1.15063,1.15492,1.14838,1.15216,0
2018-10-07,1.15203,1.15293,1.15107,1.15124,0
2018-10-08,1.15124,1.15158,1.14599,1.14903,0
2018-10-09,1.14904,1.15153,1.14322,1.15102,0
2018-10-10,1.15103,1.15721,1.14798,1.15681,0
2018-10-11,1.15682,1.16089,1.1535,1.16026,0
2018-10-12,1.16026,1.16104,1.15345,1.1557,0
2018-10-14,1.15386,1.15557,1.15386,1.15471,0
2018-10-15,1.15471,1.1606,1.15429,1.15762,0
2018-10-16,1.15761,1.1621,1.15567,1.15608,0
2018-10-17,1.15609,1.15777,1.14941,1.14998,0
2018-10-18,1.14997,1.15273,1.14494,1.14576,0
2018-10-19,1.14576,1.15343,1.1433,1.15117,0
2018-10-21,1.15139,1.15178,1.1498,1.15145,0
2018-10-22,1.15144,1.15499,1.1453,1.14543,0
2018-10-23,1.14543,1.14932,1.14391,1.14708,0
2018-10-24,1.14707,1.14762,1.13789,1.14112,0
2018-10-25,1.14111,1.14322,1.1356,1.13648,0
2018-10-26,1.1365,1.14206,1.13355,1.13996,0
2018-10-28,1.13908,1.14035,1.13861,1.13943,0
2018-10-29,1.13943,1.14163,1.13605,1.13819,0
2018-10-30,1.13819,1.13877,1.13389,1.13406,0
2018-10-31,1.13405,1.13599,1.13018,1.13462,0
2018-11-01,1.13462,1.14241,1.13375,1.14001,0
2018-11-02,1.14001,1.14557,1.13719,1.13857,0
2018-11-04,1.13848,1.13991,1.13825,1.13845,0
2018-11-05,1.13846,1.1424,1.13535,1.13998,0
2018-11-06,1.13999,1.14727,1.13914,1.14572,0
2018-11-07,1.14571,1.14996,1.14224,1.14246,0
2018-11-08,1.14247,1.14463,1.13409,1.13476,0
2018-11-09,1.13475,1.13595,1.13161,1.13329,0
2018-11-11,1.13223,1.13303,1.13128,1.13229,0
2018-11-12,1.1323,1.1323,1.12154,1.12462,0
2018-11-13,1.12463,1.13204,1.12218,1.12873,0
2018-11-14,1.12872,1.13472,1.12632,1.13378,0
2018-11-15,1.13377,1.13622,1.12704,1.13337,0
2018-11-16,1.13336,1.142,1.13216,1.14145,0
2018-11-18,1.14116,1.14209,1.13973,1.13977,0
2018-11-19,1.13976,1.14643,1.13937,1.14459,0
2018-11-20,1.14457,1.14723,1.13585,1.13775,0
2018-11-21,1.13775,1.14244,1.1367,1.13922,0
2018-11-22,1.13923,1.14337,1.13909,1.14135,0
2018-11-23,1.14135,1.14208,1.13269,1.1335,0
2018-11-25,1.1339,1.13458,1.13262,1.13456,0
2018-11-26,1.13456,1.13835,1.13248,1.1337,0
2018-11-27,1.13371,1.13438,1.12772,1.12952,0
2018-11-28,1.12952,1.13885,1.1267,1.13859,0
2018-11-29,1.13859,1.14014,1.13485,1.13927,0
2018-11-30,1.13927,1.1397,1.13053,1.13148,0
2018-12-02,1.135,1.13567,1.13279,1.13497,0
2018-12-03,1.13501,1.13817,1.13192,1.13777,0
2018-12-04,1.13776,1.14183,1.13182,1.13282,0
2018-12-05,1.1328,1.13609,1.13105,1.13471,0
2018-12-06,1.13472,1.14121,1.13207,1.13737,0
2018-12-07,1.13737,1.14234,1.13602,1.13762,0
2018-12-09,1.13901,1.14425,1.13896,1.14281,0
2018-12-10,1.14282,1.14398,1.135,1.1369,0
2018-12-11,1.1369,1.13999,1.13062,1.13261,0
2018-12-12,1.1326,1.13871,1.13149,1.13649,0
2018-12-13,1.13648,1.13932,1.1331,1.13617,0
2018-12-14,1.13616,1.13616,1.12696,1.13036,0
2018-12-16,1.13008,1.13132,1.12967,1.13093,0
2018-12-17,1.13093,1.136,1.13061,1.13472,0
2018-12-18,1.13474,1.14022,1.13366,1.13813,0
2018-12-19,1.13811,1.14392,1.13643,1.13856,0
2018-12-20,1.13856,1.14859,1.13823,1.1444,0
2018-12-21,1.1444,1.14739,1.13559,1.13684,0
2018-12-23,1.13692,1.13919,1.13604,1.13918,0
2018-12-24,1.13917,1.14384,1.13742,1.14135,0
2018-12-25,1.14135,1.14198,1.13892,1.14054,0
2018-12-26,1.14054,1.14141,1.13428,1.13845,0
2018-12-27,1.13845,1.14669,1.13646,1.14512,0
2018-12-28,1.14514,1.14727,1.14302,1.14414,0
2018-12-30,1.14331,1.14502,1.14222,1.14223,0
2018-12-31,1.14222,1.14674,1.14213,1.14644,0
2019-01-01,1.14598,1.14676,1.14426,1.14449,0
2019-01-02,1.1445,1.14967,1.13092,1.13672,0
2019-01-03,1.13672,1.14118,1.13374,1.13941,0
2019-01-04,1.13941,1.14189,1.13456,1.13943,0
2019-01-06,1.13955,1.14299,1.13954,1.14203,0
2019-01-07,1.14203,1.14844,1.141,1.14387,0
2019-01-08,1.14389,1.14692,1.14222,1.14597,0
2019-01-09,1.14598,1.15697,1.14389,1.15584,0
2019-01-10,1.15584,1.15627,1.14844,1.15289,0
2019-01-11,1.1529,1.15403,1.1458,1.14656,0
2019-01-13,1.14589,1.14776,1.14583,1.14757,0
2019-01-14,1.14761,1.14896,1.14506,1.14798,0
2019-01-15,1.14798,1.14832,1.13819,1.14101,0
2019-01-16,1.14101,1.14248,1.13777,1.13825,0
2019-01-17,1.13825,1.14059,1.137,1.13936,0
2019-01-18,1.13936,1.14103,1.13532,1.13614,0
2019-01-20,1.13603,1.13801,1.13602,1.13786,0
2019-01-21,1.13786,1.1391,1.13557,1.13584,0
2019-01-22,1.13585,1.13739,1.13361,1.13663,0
2019-01-23,1.13663,1.13942,1.13505,1.13861,0
2019-01-24,1.13861,1.13879,1.12892,1.13203,0
2019-01-25,1.13204,1.14176,1.13146,1.14032,0
2019-01-27,1.14005,1.14256,1.14004,1.14189,0
2019-01-28,1.14189,1.14436,1.139,1.14315,0
2019-01-29,1.14315,1.14501,1.14111,1.144,0
2019-01-30,1.14401,1.1508,1.14062,1.15027,0
2019-01-31,1.15026,1.15141,1.14356,1.1442,0
2019-02-01,1.1442,1.14884,1.14343,1.14547,0
2019-02-03,1.14503,1.14603,1.14412,1.14424,0
2019-02-04,1.14424,1.14542,1.14244,1.1432,0
2019-02-05,1.14321,1.14356,1.13958,1.14011,0
2019-02-06,1.14011,1.14023,1.13567,1.13619,0
2019-02-07,1.13619,1.13665,1.13244,1.13409,0
2019-02-08,1.13409,1.13508,1.13207,1.13207,0
2019-02-10,1.13186,1.13277,1.13148,1.13194,0
2019-02-11,1.13194,1.13298,1.12672,1.1276,0
2019-02-12,1.1276,1.13414,1.12577,1.13367,0
2019-02-13,1.13366,1.13395,1.1249,1.128,0
2019-02-14,1.128,1.13098,1.12498,1.12871,0
2019-02-15,1.12871,1.13061,1.1234,1.12925,0
2019-02-17,1.12906,1.13248,1.12889,1.1312,0
2019-02-18,1.13119,1.13338,1.1293,1.12966,0
2019-02-19,1.12966,1.13574,1.12755,1.13436,0
2019-02-20,1.13437,1.13711,1.13249,1.13497,0
2019-02-21,1.13497,1.13663,1.13202,1.13362,0
2019-02-22,1.13361,1.13556,1.13161,1.13319,0
2019-02-24,1.1334,1.13492,1.13281,1.13398,0
2019-02-25,1.13398,1.13675,1.13367,1.13583,0
2019-02-26,1.13584,1.14027,1.1345,1.13766,0
2019-02-27,1.13767,1.14036,1.13622,1.13767,0
2019-02-28,1.13766,1.14197,1.13595,1.13739,0
2019-03-01,1.13739,1.14085,1.13533,1.13633,0
2019-03-03,1.13811,1.13826,1.13617,1.13644,0
2019-03-04,1.13645,1.13691,1.1309,1.13307,0
2019-03-05,1.13306,1.13384,1.12895,1.12988,0
2019-03-06,1.12987,1.13245,1.12855,1.13041,0
2019-03-07,1.13039,1.13202,1.11764,1.11989,0
2019-03-08,1.11989,1.12461,1.11968,1.12311,0
2019-03-10,1.12316,1.12374,1.12229,1.12334,0
2019-03-11,1.12333,1.12738,1.12217,1.12513,0
2019-03-12,1.12512,1.13049,1.12492,1.12834,0
2019-03-13,1.12833,1.13385,1.12773,1.13189,0
2019-03-14,1.13188,1.13361,1.1294,1.13189,0
2019-03-15,1.13189,1.13443,1.13,1.1324,0
2019-03-17,1.13201,1.13383,1.13189,1.13363,0
2019-03-18,1.13363,1.13589,1.13245,1.1346,0
2019-03-19,1.13459,1.13615,1.13384,1.1346,0
2019-03-20,1.13461,1.1448,1.13354,1.1426,0
2019-03-21,1.14259,1.14296,1.13425,1.13776,0
2019-03-22,1.13776,1.13905,1.12732,1.13004,0
2019-03-24,1.12892,1.13011,1.12883,1.1298,0
2019-03-25,1.12981,1.13314,1.12945,1.1311,0
2019-03-26,1.1311,1.13259,1.12509,1.12577,0
2019-03-27,1.12576,1.12855,1.12421,1.12546,0
2019-03-28,1.12546,1.12612,1.12135,1.12301,0
2019-03-29,1.12301,1.12466,1.12098,1.12179,0
2019-03-31,1.12254,1.12339,1.12199,1.12319,0
2019-04-01,1.12321,1.12498,1.11971,1.12025,0
2019-04-02,1.12026,1.12264,1.11836,1.12216,0
2019-04-03,1.12216,1.12547,1.12151,1.1242,0
2019-04-04,1.12421,1.12475,1.12059,1.12239,0
2019-04-05,1.12239,1.12472,1.12099,1.12142,0
2019-04-07,1.12138,1.12322,1.12118,1.12292,0
2019-04-08,1.12291,1.12744,1.12215,1.12672,0
2019-04-09,1.12673,1.12842,1.12553,1.12605,0
2019-04-10,1.12604,1.12876,1.12294,1.12766,0
2019-04-11,1.12766,1.12947,1.12498,1.12899,0
2019-04-12,1.12899,1.13239,1.12815,1.12976,0
2019-04-14,1.13035,1.13143,1.12991,1.1311,0
2019-04-15,1.13111,1.13209,1.12926,1.13026,0
2019-04-16,1.13026,1.13139,1.12788,1.1303,0
2019-04-17,1.1303,1.13237,1.12895,1.1294,0
2019-04-18,1.1294,1.13039,1.12261,1.12366,0
2019-04-19,1.12365,1.12476,1.1235,1.12408,0
2019-04-21,1.12408,1.12453,1.12366,1.12367,0
2019-04-22,1.12366,1.1262,1.12357,1.1253,0
2019-04-23,1.1253,1.12612,1.11921,1.1211,0
2019-04-24,1.1211,1.12232,1.11406,1.11565,0
2019-04-25,1.11565,1.11623,1.11178,1.11358,0
2019-04-26,1.11357,1.11739,1.11111,1.11429,0
2019-04-28,1.11441,1.11588,1.11441,1.11577,0
2019-04-29,1.11576,1.11929,1.11452,1.11872,0
2019-04-30,1.11873,1.1229,1.11757,1.12184,0
2019-05-01,1.12183,1.12647,1.1187,1.12059,0
2019-05-02,1.12061,1.1219,1.11703,1.11734,0
2019-05-03,1.11733,1.12047,1.1135,1.12007,0
2019-05-05,1.11799,1.12003,1.11672,1.11936,0
2019-05-06,1.11935,1.12092,1.1179,1.12073,0
2019-05-07,1.12072,1.12178,1.11666,1.12037,0
2019-05-08,1.12037,1.12136,1.11827,1.11909,0
2019-05-09,1.11908,1.12509,1.11734,1.12296,0
2019-05-10,1.12295,1.12536,1.12177,1.12329,0
2019-05-12,1.1232,1.12408,1.12289,1.12296,0
2019-05-13,1.12297,1.12635,1.12191,1.12392,0
2019-05-14,1.12393,1.12439,1.12007,1.12084,0
2019-05-15,1.12085,1.12245,1.11779,1.12085,0
2019-05-16,1.12086,1.12238,1.11662,1.11773,0
2019-05-17,1.11773,1.11841,1.11551,1.11563,0
2019-05-19,1.11598,1.11676,1.11531,1.11538,0
2019-05-20,1.11539,1.11748,1.11506,1.11632,0
2019-05-21,1.11631,1.1188,1.11419,1.11618,0
2019-05-22,1.11618,1.11802,1.1148,1.11502,0
2019-05-23,1.11503,1.11875,1.1107,1.11811,0
2019-05-24,1.11812,1.12121,1.11781,1.12043,0
2019-05-26,1.12108,1.12151,1.12104,1.12139,0
2019-05-27,1.11938,1.11995,1.11794,1.11822,0
2019-05-28,1.11822,1.11983,1.11592,1.11651,0
2019-05-29,1.11652,1.11691,1.11243,1.11381,0
2019-05-30,1.11382,1.11433,1.1116,1.11306,0
2019-05-31,1.11306,1.11797,1.11251,1.11678,0
2019-06-02,1.11607,1.11898,1.11607,1.11846,0
2019-06-03,1.11846,1.12619,1.11601,1.12534,0
2019-06-04,1.12534,1.12774,1.12267,1.12615,0
2019-06-05,1.12615,1.13065,1.122,1.12303,0
2019-06-06,1.12303,1.1309,1.12008,1.12669,0
2019-06-07,1.12669,1.13477,1.12512,1.13334,0
2019-06-09,1.1322,1.13308,1.13104,1.13109,0
2019-06-10,1.13108,1.13243,1.12902,1.13138,0
2019-06-11,1.13137,1.13374,1.13013,1.13334,0
2019-06-12,1.13334,1.13434,1.12824,1.12932,0
2019-06-13,1.12932,1.13037,1.12683,1.12719,0
2019-06-14,1.12719,1.12891,1.12024,1.1205,0
2019-06-16,1.12089,1.12241,1.12088,1.12201,0
2019-06-17,1.12201,1.1247,1.12037,1.12302,0
2019-06-18,1.12302,1.12428,1.11813,1.11933,0
2019-06-19,1.11933,1.12729,1.11871,1.12712,0
2019-06-20,1.12712,1.13173,1.126,1.13018,0
2019-06-21,1.13019,1.13777,1.1283,1.13679,0
2019-06-23,1.13695,1.13862,1.13662,1.1381,0
2019-06-24,1.13809,1.14102,1.13725,1.14065,0
2019-06-25,1.14065,1.14119,1.13442,1.13555,0
2019-06-26,1.13556,1.13913,1.13474,1.13591,0
2019-06-27,1.13592,1.13814,1.13477,1.13653,0
2019-06-28,1.13653,1.13933,1.13506,1.13681,0
2019-06-30,1.13595,1.1371,1.1348,1.13526,0
2019-07-01,1.13526,1.13601,1.12751,1.12799,0
2019-07-02,1.12798,1.13215,1.12778,1.12871,0
2019-07-03,1.12871,1.13123,1.12686,1.12822,0
2019-07-04,1.12822,1.12899,1.12731,1.12823,0
2019-07-05,1.12823,1.12826,1.12073,1.12235,0
2019-07-07,1.12215,1.12297,1.12196,1.12282,0
2019-07-08,1.12281,1.12344,1.12069,1.12115,0
2019-07-09,1.12114,1.12181,1.11933,1.12071,0
2019-07-10,1.12071,1.12807,1.12034,1.12783,0
2019-07-11,1.12783,1.12857,1.12451,1.12718,0
2019-07-12,1.12717,1.12748,1.12381,1.12698,0
2019-07-14,1.12666,1.12745,1.12626,1.12723,0
2019-07-15,1.12723,1.12838,1.12532,1.12597,0
2019-07-16,1.12597,1.12618,1.12018,1.12133,0
2019-07-17,1.12135,1.12416,1.11997,1.12392,0
2019-07-18,1.12393,1.1282,1.12051,1.12624,0
2019-07-19,1.12625,1.12654,1.12033,1.12192,0
2019-07-21,1.1215,1.122,1.12075,1.1218,0
2019-07-22,1.12179,1.12253,1.11911,1.11949,0
2019-07-23,1.11949,1.11959,1.11432,1.11437,0
2019-07-24,1.11437,1.11558,1.11269,1.11354,0
2019-07-25,1.11355,1.11877,1.11013,1.11488,0
2019-07-26,1.11489,1.11492,1.1112,1.11247,0
2019-07-28,1.11246,1.11388,1.11223,1.11288,0
2019-07-29,1.11288,1.11509,1.11128,1.11429,0
2019-07-30,1.11429,1.1161,1.11321,1.11539,0
2019-07-31,1.11539,1.1162,1.10335,1.10457,0
2019-08-01,1.10456,1.10966,1.10268,1.10738,0
2019-08-02,1.10738,1.11164,1.10733,1.11057,0
2019-08-04,1.11042,1.11326,1.11033,1.11255,0
2019-08-05,1.11255,1.12497,1.1114,1.12122,0
2019-08-06,1.12123,1.12195,1.11675,1.12142,0
2019-08-07,1.12142,1.12417,1.11791,1.12103,0
2019-08-08,1.12102,1.12323,1.11769,1.11959,0
2019-08-09,1.11959,1.12229,1.11833,1.11969,0
2019-08-11,1.11978,1.12096,1.11967,1.12059,0
2019-08-12,1.12059,1.12306,1.11619,1.11885,0
2019-08-13,1.11885,1.12285,1.11696,1.11707,0
2019-08-14,1.11706,1.11908,1.11305,1.11476,0
2019-08-15,1.11477,1.11583,1.10913,1.11023,0
2019-08-16,1.11023,1.11068,1.10662,1.10899,0
2019-08-18,1.10925,1.1101,1.10877,1.10909,0
2019-08-19,1.10909,1.11137,1.1076,1.1087,0
2019-08-20,1.10869,1.11066,1.10655,1.1095,0
2019-08-21,1.10952,1.1107,1.10804,1.1087,0
2019-08-22,1.10869,1.1113,1.10635,1.10678,0
2019-08-23,1.10678,1.11532,1.10516,1.1136,0
2019-08-25,1.11507,1.11639,1.11319,1.11412,0
2019-08-26,1.11412,1.11529,1.10942,1.11012,0
2019-08-27,1.11013,1.11159,1.10853,1.10874,0
2019-08-28,1.10874,1.10978,1.10733,1.10842,0
2019-08-29,1.10842,1.1093,1.10419,1.10443,0
2019-08-30,1.10443,1.10516,1.09632,1.0988,0
2019-09-01,1.09893,1.09962,1.09831,1.09901,0
2019-09-02,1.099,1.09925,1.09307,1.09357,0
2019-09-03,1.09357,1.09797,1.0926,1.09757,0
2019-09-04,1.09757,1.10392,1.09729,1.10269,0
2019-09-05,1.10271,1.10847,1.10166,1.10343,0
2019-09-06,1.10344,1.10572,1.10201,1.1025,0
2019-09-08,1.1026,1.10287,1.10153,1.10271,0
2019-09-09,1.1027,1.1068,1.10211,1.10441,0
2019-09-10,1.10439,1.10595,1.10305,1.10494,0
2019-09-11,1.10496,1.10555,1.09851,1.10128,0
2019-09-12,1.10128,1.10871,1.09268,1.10691,0
2019-09-13,1.1069,1.11094,1.10609,1.10707,0
2019-09-15,1.10732,1.10863,1.10695,1.10706,0
2019-09-16,1.10706,1.10822,1.09932,1.10103,0
2019-09-17,1.10103,1.10755,1.09901,1.10655,0
2019-09-18,1.10655,1.10685,1.10136,1.10356,0
2019-09-19,1.10357,1.10735,1.10344,1.10564,0
2019-09-20,1.10563,1.10676,1.09961,1.10169,0
2019-09-22,1.10136,1.10252,1.10106,1.10224,0
2019-09-23,1.10224,1.10253,1.09661,1.09895,0
2019-09-24,1.09895,1.1024,1.09837,1.10021,0
2019-09-25,1.10022,1.1005,1.09374,1.09621,0
2019-09-26,1.09621,1.09672,1.09046,1.09245,0
2019-09-27,1.09245,1.09586,1.09067,1.09367,0
2019-09-29,1.09419,1.09461,1.093,1.09325,0
2019-09-30,1.09325,1.09478,1.08847,1.08879,0
2019-10-01,1.08876,1.09428,1.0879,1.09363,0
2019-10-02,1.09362,1.09649,1.0904,1.09565,0
2019-10-03,1.09566,1.09992,1.09408,1.09775,0
2019-10-04,1.09775,1.0999,1.0957,1.0976,0
2019-10-06,1.09803,1.09899,1.09728,1.09799,0
2019-10-07,1.09799,1.10004,1.09619,1.09751,0
2019-10-08,1.09751,1.09958,1.09409,1.09633,0
2019-10-09,1.09633,1.09932,1.09557,1.09887,0
2019-10-10,1.09886,1.10337,1.09831,1.10152,0
2019-10-11,1.10152,1.10626,1.10007,1.10329,0
2019-10-13,1.10316,1.10385,1.10241,1.10312,0
2019-10-14,1.1031,1.10426,1.10128,1.1032,0
2019-10-15,1.1032,1.10459,1.09912,1.10307,0
2019-10-16,1.10308,1.10855,1.10223,1.10774,0
2019-10-17,1.10773,1.11398,1.1065,1.11273,0
2019-10-18,1.11273,1.11719,1.11145,1.11703,0
2019-10-20,1.11607,1.11634,1.11494,1.11598,0
2019-10-21,1.11599,1.11793,1.11386,1.11492,0
2019-10-22,1.11493,1.11567,1.11158,1.11174,0
2019-10-23,1.11174,1.11417,1.11061,1.1136,0
2019-10-24,1.1136,1.11627,1.1093,1.11024,0
2019-10-25,1.11025,1.11229,1.10729,1.1079,0
2019-10-27,1.108,1.10844,1.1076,1.10827,0
2019-10-28,1.10827,1.11065,1.10816,1.10928,0
2019-10-29,1.10929,1.11183,1.10735,1.1109,0
2019-10-30,1.11091,1.11704,1.10801,1.1165,0
2019-10-31,1.11651,1.11755,1.11314,1.11641,0
2019-11-01,1.11641,1.11718,1.11281,1.11641,0
2019-11-03,1.11684,1.11737,1.11596,1.11695,0
2019-11-04,1.11695,1.11753,1.11126,1.11238,0
2019-11-05,1.11239,1.11401,1.10635,1.10706,0
2019-11-06,1.10706,1.10928,1.10548,1.10588,0
2019-11-07,1.10588,1.10914,1.1036,1.10475,0
2019-11-08,1.10477,1.10554,1.10167,1.10176,0
2019-11-10,1.1023,1.10244,1.10163,1.10237,0
2019-11-11,1.10238,1.1043,1.10208,1.10341,0
2019-11-12,1.10342,1.10385,1.10025,1.10146,0
2019-11-13,1.10145,1.10203,1.09953,1.10006,0
2019-11-14,1.10005,1.10297,1.0989,1.1026,0
2019-11-15,1.10259,1.10569,1.10145,1.10494,0
2019-11-17,1.10489,1.10645,1.10487,1.1061,0
2019-11-18,1.1061,1.10899,1.10539,1.1075,0
2019-11-19,1.1075,1.10839,1.10643,1.10731,0
2019-11-20,1.10731,1.10813,1.1053,1.1075,0
2019-11-21,1.1075,1.10969,1.10522,1.10634,0
2019-11-22,1.10635,1.10872,1.10143,1.10179,0
2019-11-24,1.1017,1.10261,1.10162,1.10222,0
2019-11-25,1.10219,1.10321,1.10035,1.10142,0
2019-11-26,1.10142,1.10256,1.10071,1.10125,0
2019-11-27,1.10122,1.1014,1.09922,1.10064,0
2019-11-28,1.10064,1.10179,1.10003,1.10104,0
2019-11-29,1.10106,1.10282,1.09811,1.1015,0
2019-12-01,1.10229,1.10269,1.10151,1.10186,0
2019-12-02,1.10185,1.10907,1.10029,1.1074,0
2019-12-03,1.1074,1.10934,1.1066,1.1075,0
2019-12-04,1.10749,1.11161,1.10666,1.10831,0
2019-12-05,1.1083,1.11089,1.10793,1.11071,0
2019-12-06,1.11072,1.11097,1.10398,1.10543,0
2019-12-08,1.1058,1.10604,1.10533,1.10566,0
2019-12-09,1.10566,1.10779,1.10551,1.10666,0
2019-12-10,1.10665,1.10977,1.1065,1.10896,0
2019-12-11,1.10896,1.11448,1.10701,1.11417,0
2019-12-12,1.11417,1.11995,1.11029,1.11709,0
2019-12-13,1.1171,1.1186,1.1112,1.11174,0
2019-12-15,1.1128,1.11329,1.11225,1.11327,0
2019-12-16,1.11328,1.11581,1.11261,1.11473,0
2019-12-17,1.11473,1.11746,1.11293,1.11311,0
2019-12-18,1.11312,1.11426,1.11105,1.11257,0
2019-12-19,1.11256,1.11442,1.11072,1.11157,0
2019-12-20,1.11156,1.11236,1.10662,1.10769,0
2019-12-22,1.1081,1.1083,1.1073,1.10783,0
2019-12-23,1.10783,1.10958,1.10699,1.10881,0
2019-12-24,1.1088,1.10934,1.1069,1.10849,0
2019-12-25,1.10848,1.10953,1.1073,1.10892,0
2019-12-26,1.10891,1.11212,1.10821,1.11204,0
2019-12-27,1.11204,1.11883,1.11175,1.11713,0
2019-12-29,1.11736,1.12108,1.11718,1.11966,0
2019-12-30,1.11966,1.12207,1.11815,1.12031,0
2019-12-31,1.12032,1.12391,1.1202,1.12076,0
2020-01-01,1.1212,1.12245,1.12008,1.12012,0
2020-01-02,1.12011,1.12141,1.11635,1.117,0
2020-01-03,1.117,1.11798,1.11249,1.11548,0
2020-01-05,1.11656,1.11709,1.11589,1.11642,0
2020-01-06,1.11644,1.12055,1.11571,1.11909,0
2020-01-07,1.11908,1.11924,1.11335,1.11476,0
2020-01-08,1.11478,1.11549,1.11016,1.11154,0
2020-01-09,1.11154,1.11204,1.10924,1.11074,0
2020-01-10,1.11074,1.11291,1.1085,1.11165,0
2020-01-12,1.11141,1.11306,1.11128,1.11272,0
2020-01-13,1.11272,1.11469,1.11125,1.11364,0
2020-01-14,1.11365,1.11444,1.11045,1.11331,0
2020-01-15,1.1133,1.11634,1.11185,1.1151,0
2020-01-16,1.11511,1.11727,1.11279,1.11319,0
2020-01-17,1.11318,1.11411,1.10862,1.1089,0
2020-01-19,1.1091,1.10989,1.10889,1.10965,0
2020-01-20,1.10965,1.11023,1.10766,1.10992,0
2020-01-21,1.10992,1.11179,1.10773,1.10824,0
2020-01-22,1.10825,1.10996,1.107,1.10852,0
2020-01-23,1.10851,1.11087,1.10362,1.10486,0
2020-01-24,1.10487,1.10617,1.10195,1.10224,0
2020-01-26,1.10318,1.10358,1.10244,1.10277,0
2020-01-27,1.10276,1.10375,1.10096,1.10223,0
2020-01-28,1.10222,1.10276,1.09978,1.10131,0
2020-01-29,1.10131,1.10207,1.09923,1.10171,0
2020-01-30,1.10171,1.10393,1.10069,1.10243,0
2020-01-31,1.10243,1.10954,1.10168,1.10944,0
2020-02-02,1.10939,1.10939,1.10799,1.10817,0
2020-02-03,1.10818,1.10862,1.10356,1.10599,0
2020-02-04,1.10597,1.10637,1.10328,1.10345,0
2020-02-05,1.10345,1.10479,1.09937,1.09956,0
2020-02-06,1.09958,1.10138,1.09644,1.09812,0
2020-02-07,1.09811,1.09833,1.09419,1.09438,0
2020-02-09,1.09439,1.09572,1.09419,1.09567,0
2020-02-10,1.09568,1.09574,1.09076,1.09093,0
2020-02-11,1.09093,1.09248,1.08913,1.09121,0
2020-02-12,1.0912,1.09255,1.08652,1.0869,0
2020-02-13,1.08689,1.08887,1.08271,1.0833,0
2020-02-14,1.08331,1.08611,1.08294,1.08299,0
2020-02-16,1.08406,1.08416,1.08334,1.08376,0
2020-02-17,1.08379,1.08509,1.08229,1.08299,0
2020-02-18,1.083,1.08372,1.07854,1.07972,0
2020-02-19,1.07972,1.08152,1.07822,1.07985,0
2020-02-20,1.07987,1.08211,1.07778,1.07946,0
2020-02-21,1.07946,1.08635,1.07894,1.08456,0
2020-02-23,1.08145,1.08423,1.08132,1.08211,0
2020-02-24,1.0821,1.0872,1.0805,1.08608,0
2020-02-25,1.08608,1.08902,1.083,1.08674,0
2020-02-26,1.08673,1.09144,1.08549,1.09125,0
2020-02-27,1.09124,1.10064,1.09058,1.09941,0
2020-02-28,1.09942,1.1053,1.09509,1.10251,0
2020-03-01,1.10423,1.10739,1.10362,1.10527,0
2020-03-02,1.10527,1.11845,1.10382,1.11444,0
2020-03-03,1.11444,1.12134,1.10953,1.11611,0
2020-03-04,1.11611,1.11875,1.10955,1.11383,0
2020-03-05,1.11382,1.12487,1.11195,1.12307,0
2020-03-06,1.12307,1.13546,1.1219,1.12804,0
2020-03-08,1.13473,1.14954,1.1335,1.14011,0
2020-03-09,1.1401,1.14844,1.13653,1.13751,0
2020-03-10,1.13754,1.1401,1.12749,1.13374,0
2020-03-11,1.13373,1.13667,1.12501,1.12957,0
2020-03-12,1.12957,1.13195,1.1055,1.12189,0
2020-03-13,1.1219,1.12206,1.1055,1.10992,0
2020-03-15,1.10705,1.11996,1.10705,1.11333,0
2020-03-16,1.11331,1.12366,1.10942,1.11792,0
2020-03-17,1.11792,1.11811,1.0955,1.10306,0
2020-03-18,1.10306,1.10451,1.08016,1.08961,0
2020-03-19,1.08961,1.09475,1.06527,1.07646,0
2020-03-20,1.0765,1.08309,1.06375,1.06929,0
2020-03-22,1.07011,1.07372,1.06357,1.07354,0
2020-03-23,1.07358,1.08279,1.06664,1.07884,0
2020-03-24,1.07886,1.08879,1.07457,1.08113,0
2020-03-25,1.08111,1.09336,1.07848,1.09062,0
2020-03-26,1.09062,1.10868,1.08967,1.10582,0
2020-03-27,1.10584,1.11473,1.09533,1.11379,0
2020-03-29,1.11172,1.11383,1.10792,1.10803,0
2020-03-30,1.10803,1.1106,1.09832,1.10265,0
2020-03-31,1.10262,1.1039,1.09265,1.10195,0
2020-04-01,1.10195,1.10329,1.09026,1.09389,0
2020-04-02,1.09389,1.09644,1.08206,1.08453,0
2020-04-03,1.08452,1.08512,1.07727,1.07955,0
2020-04-05,1.08082,1.08232,1.07985,1.08147,0
2020-04-06,1.08148,1.08354,1.07683,1.08144,0
2020-04-07,1.08145,1.09263,1.08113,1.08596,0
2020-04-08,1.08597,1.08883,1.08299,1.08664,0
2020-04-09,1.08665,1.09516,1.08409,1.09427,0
2020-04-10,1.09427,1.09524,1.09277,1.09326,0
2020-04-12,1.09482,1.09482,1.09249,1.09333,0
2020-04-13,1.09333,1.09678,1.08926,1.09468,0
2020-04-14,1.09469,1.09907,1.09149,1.09772,0
2020-04-15,1.09772,1.09788,1.08564,1.08736,0
2020-04-16,1.08736,1.09048,1.08166,1.08665,0
2020-04-17,1.08664,1.08926,1.08119,1.08711,0
2020-04-19,1.08748,1.08777,1.08563,1.08609,0
2020-04-20,1.0861,1.08967,1.08257,1.08376,0
2020-04-21,1.08375,1.08802,1.08165,1.08506,0
2020-04-22,1.08506,1.08852,1.08032,1.08092,0
2020-04-23,1.0809,1.08466,1.0756,1.07711,0
2020-04-24,1.0771,1.08294,1.07271,1.08196,0
2020-04-26,1.08211,1.08332,1.08112,1.08317,0
2020-04-27,1.08317,1.08602,1.08165,1.08242,0
2020-04-28,1.08242,1.08884,1.08097,1.08467,0
2020-04-29,1.08467,1.08856,1.08392,1.0863,0
2020-04-30,1.08629,1.09726,1.0833,1.0945,0
2020-05-01,1.0945,1.10187,1.09439,1.09777,0
2020-05-03,1.09676,1.09736,1.09406,1.09425,0
2020-05-04,1.09424,1.09489,1.08956,1.09036,0
2020-05-05,1.09036,1.09258,1.08258,1.08346,0
2020-05-06,1.08346,1.0841,1.07819,1.08006,0
2020-05-07,1.08006,1.08547,1.07665,1.08473,0
2020-05-08,1.08473,1.08756,1.08151,1.08371,0
2020-05-10,1.08265,1.08504,1.08239,1.08471,0
2020-05-11,1.08472,1.08496,1.07843,1.08068,0
2020-05-12,1.08067,1.08851,1.08001,1.08509,0
2020-05-13,1.08508,1.08965,1.08072,1.08087,0
2020-05-14,1.08088,1.08202,1.07748,1.08052,0
2020-05-15,1.0805,1.08509,1.07888,1.08183,0
2020-05-17,1.08088,1.08268,1.08067,1.08237,0
2020-05-18,1.08236,1.0927,1.07999,1.09082,0
2020-05-19,1.09085,1.09759,1.09075,1.09403,0
2020-05-20,1.09402,1.09989,1.09374,1.09608,0
2020-05-21,1.09607,1.10083,1.09299,1.09347,0
2020-05-22,1.09346,1.09346,1.08852,1.0898,0
2020-05-24,1.08956,1.09086,1.08872,1.08895,0
2020-05-25,1.08896,1.09197,1.08706,1.09181,0
2020-05-26,1.0918,1.09957,1.09145,1.09619,0
2020-05-27,1.09619,1.10351,1.0934,1.10115,0
2020-05-28,1.10115,1.10934,1.09916,1.10896,0
2020-05-29,1.10897,1.11451,1.10809,1.11036,0
2020-05-31,1.11129,1.11402,1.11023,1.11329,0
2020-06-01,1.11329,1.1154,1.11004,1.11268,0
2020-06-02,1.11267,1.12109,1.11151,1.12076,0
2020-06-03,1.12076,1.12577,1.11838,1.12163,0
2020-06-04,1.12164,1.13623,1.11947,1.1339,0
2020-06-05,1.13389,1.13836,1.12784,1.12911,0
2020-06-07,1.12934,1.13198,1.12849,1.12896,0
2020-06-08,1.12897,1.13185,1.12682,1.12872,0
2020-06-09,1.12873,1.13638,1.12409,1.13424,0
2020-06-10,1.13424,1.14224,1.13219,1.13572,0
2020-06-11,1.13573,1.14036,1.12765,1.12935,0
2020-06-12,1.12936,1.13405,1.12125,1.1255,0
2020-06-14,1.12329,1.12643,1.12262,1.12633,0
2020-06-15,1.12635,1.13483,1.12267,1.13394,0
2020-06-16,1.13394,1.13532,1.12278,1.12642,0
2020-06-17,1.12643,1.12939,1.12068,1.12492,0
2020-06-18,1.12491,1.12613,1.11854,1.12144,0
2020-06-19,1.12144,1.12542,1.1168,1.11759,0
2020-06-21,1.11835,1.11967,1.11684,1.11922,0
2020-06-22,1.11921,1.12809,1.1188,1.12691,0
2020-06-23,1.1269,1.13486,1.12565,1.13153,0
2020-06-24,1.13154,1.1325,1.12398,1.1242,0
2020-06-25,1.12421,1.12535,1.11903,1.12227,0
2020-06-26,1.12225,1.12393,1.11951,1.1217,0
2020-06-28,1.12149,1.12468,1.12149,1.12394,0
2020-06-29,1.12395,1.12879,1.12193,1.12377,0
2020-06-30,1.12379,1.12619,1.1191,1.12265,0
2020-07-01,1.12265,1.12751,1.11848,1.12628,0
2020-07-02,1.12628,1.13026,1.12233,1.12446,0
2020-07-03,1.12446,1.12518,1.12192,1.12464,0
2020-07-05,1.12433,1.12853,1.12411,1.12826,0
2020-07-06,1.12827,1.13454,1.1281,1.13102,0
2020-07-07,1.13101,1.13159,1.12588,1.12779,0
2020-07-08,1.12779,1.13639,1.12623,1.13622,0
2020-07-09,1.13621,1.13706,1.12693,1.12742,0
2020-07-10,1.12741,1.13247,1.12547,1.1299,0
2020-07-12,1.13039,1.13303,1.13026,1.13266,0
2020-07-13,1.13266,1.13748,1.13008,1.1342,0
2020-07-14,1.1342,1.1423,1.13251,1.13976,0
2020-07-15,1.13976,1.1452,1.1391,1.14052,0
2020-07-16,1.14051,1.14417,1.13704,1.13917,0
2020-07-17,1.13916,1.14436,1.13779,1.14269,0
2020-07-19,1.14084,1.14456,1.14084,1.14184,0
2020-07-20,1.14187,1.14696,1.14023,1.14453,0
2020-07-21,1.14452,1.1547,1.14228,1.15403,0
2020-07-22,1.15404,1.16013,1.15068,1.15768,0
2020-07-23,1.15769,1.16268,1.15403,1.1613,0
2020-07-24,1.1613,1.1658,1.15812,1.16546,0
2020-07-26,1.1643,1.1725,1.16413,1.17106,0
2020-07-27,1.17106,1.17813,1.16818,1.17243,0
2020-07-28,1.17243,1.1743,1.16987,1.17285,0
2020-07-29,1.17286,1.18061,1.17184,1.17762,0
2020-07-30,1.17762,1.19047,1.17308,1.18918,0
2020-07-31,1.18918,1.19087,1.17617,1.17753,0
2020-08-02,1.17725,1.17966,1.17405,1.17728,0
2020-08-03,1.17727,1.17849,1.16959,1.17676,0
2020-08-04,1.17676,1.18214,1.17211,1.18151,0
2020-08-05,1.18152,1.19048,1.17992,1.18725,0
2020-08-06,1.18725,1.1916,1.18179,1.18261,0
2020-08-07,1.18264,1.18506,1.17551,1.17862,0
2020-08-09,1.17886,1.17982,1.17732,1.1795,0
2020-08-10,1.1795,1.18006,1.17219,1.17486,0
2020-08-11,1.17486,1.1808,1.17159,1.17211,0
2020-08-12,1.17211,1.18171,1.1711,1.18074,0
2020-08-13,1.18075,1.18641,1.17934,1.18103,0
2020-08-14,1.18104,1.18503,1.17817,1.18414,0
2020-08-16,1.18389,1.18675,1.18324,1.18599,0
2020-08-17,1.18599,1.18965,1.18286,1.18857,0
2020-08-18,1.18858,1.19656,1.18824,1.19296,0
2020-08-19,1.19296,1.19507,1.18302,1.18472,0
2020-08-20,1.18471,1.18767,1.18019,1.18731,0
2020-08-21,1.18731,1.18828,1.17541,1.17949,0
2020-08-23,1.17911,1.18065,1.17845,1.17877,0
2020-08-24,1.17876,1.18495,1.17841,1.18058,0
2020-08-25,1.1806,1.18435,1.17979,1.18185,0
2020-08-26,1.18185,1.18497,1.17721,1.18336,0
2020-08-27,1.18337,1.19018,1.17623,1.1859,0
2020-08-28,1.18589,1.19197,1.18526,1.19018,0
2020-08-30,1.18998,1.19295,1.18966,1.19112,0
2020-08-31,1.1911,1.19972,1.1884,1.19895,0
2020-09-01,1.19894,1.20113,1.18918,1.19029,0
2020-09-02,1.19031,1.19134,1.18201,1.18208,0
2020-09-03,1.18208,1.18646,1.17889,1.18477,0
2020-09-04,1.18477,1.18654,1.17809,1.18371,0
2020-09-06,1.18432,1.18469,1.18298,1.18364,0
2020-09-07,1.18366,1.18486,1.1795,1.18082,0
2020-09-08,1.18082,1.18273,1.1757,1.17802,0
2020-09-09,1.17801,1.18339,1.17527,1.18219,0
2020-09-10,1.18218,1.19175,1.181,1.18338,0
2020-09-11,1.18337,1.18741,1.18262,1.18453,0
2020-09-13,1.18348,1.18511,1.18319,1.18473,0
2020-09-14,1.18473,1.18906,1.18426,1.18887,0
2020-09-15,1.18888,1.19005,1.18286,1.18467,0
2020-09-16,1.18467,1.18825,1.17373,1.17533,0
2020-09-17,1.17533,1.18618,1.17495,1.18503,0
2020-09-18,1.18504,1.18705,1.1826,1.18385,0
2020-09-20,1.18369,1.18673,1.18369,1.18672,0
2020-09-21,1.18671,1.18717,1.17317,1.17678,0
2020-09-22,1.17679,1.1769,1.16752,1.16816,0
2020-09-23,1.16817,1.17188,1.16513,1.1656,0
2020-09-24,1.16559,1.16869,1.16265,1.16649,0
2020-09-25,1.16648,1.1685,1.16121,1.16277,0
2020-09-27,1.16271,1.16377,1.1615,1.16355,0
2020-09-28,1.16356,1.16837,1.16225,1.16746,0
2020-09-29,1.16747,1.17548,1.16652,1.17291,0
2020-09-30,1.1729,1.17516,1.16847,1.17435,0
2020-10-01,1.17436,1.17696,1.1714,1.17161,0
2020-10-02,1.1716,1.17416,1.16956,1.17157,0
2020-10-04,1.1711,1.17357,1.17053,1.17281,0
2020-10-05,1.17281,1.17987,1.17198,1.17922,0
2020-10-06,1.17923,1.18077,1.17249,1.17284,0
2020-10-07,1.17281,1.17818,1.17278,1.177,0
2020-10-08,1.17701,1.17816,1.17326,1.1777,0
2020-10-09,1.1777,1.1831,1.17666,1.18248,0
2020-10-11,1.18103,1.18226,1.18084,1.18168,0
2020-10-12,1.18169,1.18266,1.17867,1.17951,0
2020-10-13,1.1795,1.18031,1.17304,1.17439,0
2020-10-14,1.17438,1.1771,1.17199,1.17494,0
2020-10-15,1.17494,1.17578,1.16884,1.17024,0
2020-10-16,1.17024,1.17462,1.16939,1.17132,0
2020-10-18,1.17181,1.17249,1.17057,1.17064,0
2020-10-19,1.17065,1.17936,1.17031,1.17761,0
2020-10-20,1.17761,1.18482,1.17598,1.18468,0
2020-10-21,1.18467,1.18807,1.18382,1.18419,0
2020-10-22,1.18421,1.18668,1.17866,1.18004,0
2020-10-23,1.18003,1.18648,1.17915,1.18572,0
2020-10-25,1.18546,1.18605,1.18322,1.18329,0
2020-10-26,1.18327,1.18474,1.18032,1.18245,0
2020-10-27,1.18245,1.18387,1.17695,1.17794,0
2020-10-28,1.17793,1.17851,1.17178,1.17527,0
2020-10-29,1.17528,1.17573,1.16501,1.16814,0
2020-10-30,1.16815,1.17042,1.164,1.16431,0
2020-11-01,1.16498,1.16503,1.163,1.1631,0
2020-11-02,1.16309,1.16557,1.16221,1.16495,0
2020-11-03,1.16494,1.17704,1.16026,1.16542,0
2020-11-04,1.16541,1.17455,1.16282,1.17379,0
2020-11-05,1.1738,1.18596,1.17274,1.18189,0
2020-11-06,1.18189,1.18908,1.18129,1.187,0
2020-11-08,1.18898,1.18952,1.18786,1.18867,0
2020-11-09,1.18867,1.19199,1.17952,1.18353,0
2020-11-10,1.18354,1.18432,1.17799,1.18227,0
2020-11-11,1.18226,1.18281,1.17454,1.177,0
2020-11-12,1.177,1.18231,1.17585,1.18037,0
2020-11-13,1.18038,1.18374,1.18007,1.1831,0
2020-11-15,1.18411,1.18546,1.18288,1.18516,0
2020-11-16,1.18516,1.18689,1.18141,1.1859,0
2020-11-17,1.18591,1.18937,1.18425,1.18681,0
2020-11-18,1.18684,1.18908,1.18318,1.18469,0
2020-11-19,1.1847,1.18861,1.18161,1.18846,0
2020-11-20,1.18846,1.18908,1.18498,1.18544,0
2020-11-22,1.18538,1.18779,1.18528,1.18731,0
2020-11-23,1.1873,1.1906,1.17997,1.1854,0
2020-11-24,1.18539,1.19101,1.18414,1.19043,0
2020-11-25,1.19043,1.19297,1.18818,1.19242,0
2020-11-26,1.19242,1.19409,1.18852,1.19242,0
2020-11-27,1.19243,1.19641,1.1914,1.1962,0
2020-11-29,1.19614,1.1974,1.1961,1.1968,0
2020-11-30,1.19372,1.19598,1.19353,1.19574,0
2020-12-01,1.19575,1.20836,1.19539,1.2075,0
2020-12-02,1.2075,1.2125,1.20399,1.21174,0
2020-12-03,1.21174,1.21746,1.2101,1.21419,0
2020-12-04,1.21419,1.21773,1.21101,1.21202,0
2020-12-06,1.21308,1.21402,1.21186,1.21326,0
2020-12-07,1.21326,1.21662,1.20784,1.21144,0
2020-12-08,1.21143,1.21339,1.20953,1.21288,0
2020-12-09,1.21287,1.21475,1.20587,1.20991,0
2020-12-10,1.20991,1.216,1.20811,1.21553,0
2020-12-11,1.21553,1.21629,1.21053,1.21086,0
2020-12-13,1.21367,1.21435,1.21155,1.2133,0
2020-12-14,1.21331,1.21767,1.21229,1.21465,0
2020-12-15,1.21466,1.21689,1.2121,1.21647,0
2020-12-16,1.21647,1.22354,1.2125,1.2225,0
2020-12-17,1.22251,1.22726,1.22239,1.22405,0
2020-12-18,1.22406,1.22687,1.22255,1.22559,0
2020-12-20,1.2221,1.22348,1.21789,1.21908,0
2020-12-21,1.21908,1.22529,1.21296,1.22229,0
2020-12-22,1.2223,1.2257,1.2152,1.21878,0
2020-12-23,1.21878,1.2221,1.21602,1.22043,0
2020-12-24,1.22043,1.22097,1.21709,1.21983,0
2020-12-25,1.21983,1.22031,1.21863,1.21922,0
2020-12-27,1.2186,1.22159,1.21811,1.22102,0
2020-12-28,1.22102,1.22502,1.21913,1.22396,0
2020-12-29,1.22398,1.22948,1.2235,1.22848,0
2020-12-30,1.22849,1.23101,1.22527,1.22865,0
2020-12-31,1.22864,1.23041,1.22091,1.22153,0
2021-01-03,1.22396,1.22584,1.22296,1.22488,0
2021-01-04,1.22489,1.23096,1.22413,1.22689,0
2021-01-05,1.22689,1.23261,1.22538,1.22917,0
2021-01-06,1.22915,1.23494,1.22655,1.23246,0
2021-01-07,1.23246,1.23255,1.22349,1.22632,0
2021-01-08,1.2263,1.22845,1.21929,1.22174,0
2021-01-10,1.22175,1.22284,1.21666,1.21738,0
2021-01-11,1.21739,1.21998,1.21321,1.21427,0
2021-01-12,1.21427,1.22201,1.21371,1.22085,0
2021-01-13,1.22085,1.22227,1.21355,1.21496,0
2021-01-14,1.21495,1.21784,1.2111,1.21468,0
2021-01-15,1.21468,1.21469,1.20747,1.20748,0
2021-01-17,1.20838,1.20865,1.20649,1.207,0
2021-01-18,1.20701,1.20986,1.20535,1.20953,0
2021-01-19,1.20953,1.21492,1.20852,1.21403,0
2021-01-20,1.21403,1.21581,1.20767,1.21294,0
2021-01-21,1.21295,1.21777,1.21148,1.21735,0
2021-01-22,1.21736,1.21894,1.21515,1.21667,0
2021-01-24,1.21688,1.21802,1.21601,1.2176,0
2021-01-25,1.2176,1.21832,1.21158,1.21301,0
2021-01-26,1.21301,1.21758,1.21076,1.21572,0
2021-01-27,1.21572,1.21659,1.20585,1.20936,0
2021-01-28,1.20934,1.21424,1.20807,1.20995,0
2021-01-29,1.20995,1.2156,1.20944,1.21298,0
2021-01-31,1.21297,1.21363,1.21201,1.21275,0
2021-02-01,1.21276,1.21326,1.2056,1.20756,0
2021-02-02,1.20755,1.20871,1.20115,1.20432,0
2021-02-03,1.20434,1.20456,1.2004,1.20197,0
2021-02-04,1.20196,1.20196,1.19522,1.1956,0
2021-02-05,1.19561,1.20498,1.19552,1.20481,0
2021-02-07,1.20375,1.2055,1.20296,1.20345,0
2021-02-08,1.20346,1.2082,1.20196,1.20756,0
2021-02-09,1.20757,1.21297,1.20672,1.21288,0
2021-02-10,1.21287,1.2144,1.21131,1.21215,0
2021-02-11,1.21215,1.21494,1.21179,1.21224,0
2021-02-12,1.21225,1.21316,1.20815,1.21177,0
2021-02-14,1.21244,1.21376,1.21167,1.21321,0
2021-02-15,1.2132,1.21501,1.21207,1.21395,0
2021-02-16,1.21396,1.21693,1.20832,1.20917,0
2021-02-17,1.20919,1.20951,1.20232,1.20371,0
2021-02-18,1.20372,1.20985,1.20363,1.20929,0
2021-02-19,1.20929,1.21444,1.20904,1.21167,0
2021-02-21,1.21151,1.21355,1.21124,1.21205,0
2021-02-22,1.21206,1.21771,1.20911,1.21718,0
2021-02-23,1.21718,1.21801,1.21353,1.21486,0
2021-02-24,1.21485,1.21773,1.21092,1.21764,0
2021-02-25,1.21767,1.22433,1.21372,1.21548,0
2021-02-26,1.21549,1.21595,1.20621,1.20704,0
2021-02-28,1.20702,1.21011,1.20699,1.20774,0
2021-03-01,1.20776,1.20928,1.20151,1.20207,0
2021-03-02,1.20209,1.20943,1.19916,1.20885,0
2021-03-03,1.20884,1.21132,1.20427,1.20552,0
2021-03-04,1.20553,1.20624,1.19515,1.19561,0
2021-03-05,1.19562,1.19618,1.18932,1.19128,0
2021-03-07,1.19177,1.19321,1.18987,1.19057,0
2021-03-08,1.19056,1.19145,1.18355,1.18574,0
2021-03-09,1.18574,1.19156,1.18511,1.18795,0
2021-03-10,1.18796,1.19345,1.18688,1.19273,0
2021-03-11,1.19274,1.19899,1.19189,1.1966,0
2021-03-12,1.19659,1.1967,1.19099,1.19476,0
2021-03-14,1.19451,1.19674,1.19425,1.19431,0
2021-03-15,1.19429,1.19435,1.1911,1.19377,0
2021-03-16,1.19375,1.19518,1.18819,1.19035,0
2021-03-17,1.19033,1.19877,1.18861,1.19613,0
2021-03-18,1.19613,1.19888,1.1902,1.19186,0
2021-03-19,1.19186,1.19371,1.18738,1.19031,0
2021-03-21,1.18712,1.18989,1.18708,1.18934,0
2021-03-22,1.18933,1.19468,1.18744,1.19231,0
2021-03-23,1.19231,1.19318,1.1836,1.18464,0
2021-03-24,1.18463,1.18473,1.18041,1.18206,0
2021-03-25,1.18205,1.18261,1.17617,1.17763,0
2021-03-26,1.17764,1.18049,1.17717,1.17918,0
2021-03-28,1.17917,1.17935,1.1775,1.17862,0
2021-03-29,1.17861,1.17939,1.17606,1.17666,0
2021-03-30,1.17667,1.17677,1.17044,1.17071,0
2021-03-31,1.17071,1.17598,1.1704,1.17243,0
2021-04-01,1.17243,1.1784,1.17125,1.17794,0
2021-04-02,1.17792,1.17866,1.1749,1.17603,0
2021-04-04,1.17544,1.17718,1.17532,1.17699,0
2021-04-05,1.17701,1.18215,1.17379,1.18025,0
2021-04-06,1.18026,1.18777,1.17951,1.18667,0
2021-04-07,1.18667,1.19147,1.18608,1.18708,0
2021-04-08,1.18709,1.19274,1.18616,1.19067,0
2021-04-09,1.19067,1.19103,1.18669,1.18977,0
2021-04-11,1.18903,1.19038,1.18853,1.18924,0
2021-04-12,1.18926,1.1919,1.1871,1.18903,0
2021-04-13,1.18902,1.1963,1.18776,1.19581,0
2021-04-14,1.1958,1.19897,1.19509,1.19746,0
2021-04-15,1.19746,1.19932,1.19503,1.19571,0
2021-04-16,1.19571,1.19946,1.19566,1.19805,0
2021-04-18,1.19722,1.19771,1.19424,1.1956,0
2021-04-19,1.19561,1.20717,1.19552,1.20666,0
2021-04-20,1.20666,1.20797,1.20224,1.20304,0
2021-04-21,1.20304,1.20467,1.19985,1.20362,0
2021-04-22,1.20362,1.20694,1.19936,1.20214,0
2021-04-23,1.20215,1.20999,1.20208,1.20938,0
2021-04-25,1.20913,1.21167,1.20885,1.21101,0
2021-04-26,1.21101,1.21154,1.20608,1.2069,0
2021-04-27,1.20691,1.20927,1.20567,1.20762,0
2021-04-28,1.20763,1.21498,1.2056,1.21258,0
2021-04-29,1.21259,1.21367,1.21021,1.21174,0
2021-04-30,1.21175,1.21198,1.20165,1.20169,0
2021-05-02,1.20309,1.20354,1.20183,1.20223,0
2021-05-03,1.20224,1.2076,1.2013,1.20394,0
2021-05-04,1.20394,1.20428,1.19989,1.20241,0
2021-05-05,1.2024,1.20254,1.19859,1.19988,0
2021-05-06,1.19986,1.20716,1.19981,1.20678,0
2021-05-07,1.20677,1.21713,1.20527,1.21615,0
2021-05-09,1.21601,1.21769,1.21509,1.21548,0
2021-05-10,1.21549,1.21782,1.21259,1.21397,0
2021-05-11,1.21397,1.21815,1.21153,1.21168,0
2021-05-12,1.21167,1.2152,1.20655,1.20764,0
2021-05-13,1.20764,1.2106,1.20514,1.20854,0
2021-05-14,1.20855,1.21477,1.20842,1.2142,0
2021-05-16,1.2145,1.21511,1.21289,1.21315,0
2021-05-17,1.21316,1.21691,1.21259,1.21675,0
2021-05-18,1.21674,1.22339,1.21629,1.22294,0
2021-05-19,1.22294,1.22451,1.21598,1.21822,0
2021-05-20,1.21823,1.22391,1.2177,1.22321,0
2021-05-21,1.2232,1.22396,1.21607,1.21778,0
2021-05-23,1.21778,1.21871,1.21722,1.21813,0
2021-05-24,1.21813,1.22301,1.21749,1.22266,0
2021-05-25,1.22262,1.22664,1.22202,1.22579,0
2021-05-26,1.22578,1.22629,1.21751,1.21934,0
2021-05-27,1.21936,1.22149,1.21797,1.21871,0
2021-05-28,1.21869,1.22048,1.21325,1.21905,0
2021-05-30,1.2199,1.22042,1.21845,1.21988,0
2021-05-31,1.22325,1.22364,1.22237,1.22301,0
2021-06-01,1.223,1.22542,1.2211,1.22229,0
2021-06-02,1.22229,1.2223,1.2164,1.22063,0
2021-06-03,1.22064,1.22082,1.21143,1.21148,0
2021-06-04,1.2115,1.21856,1.21039,1.21644,0
2021-06-06,1.21601,1.21726,1.21596,1.21674,0
2021-06-07,1.21672,1.22017,1.21448,1.21798,0
2021-06-08,1.21795,1.2193,1.21642,1.21804,0
2021-06-09,1.21804,1.22179,1.21663,1.21694,0
2021-06-10,1.21696,1.21945,1.21433,1.21872,0
2021-06-11,1.21871,1.21929,1.20925,1.21072,0
2021-06-13,1.21045,1.21121,1.20945,1.20996,0
2021-06-14,1.20994,1.21305,1.20942,1.21231,0
2021-06-15,1.21232,1.21473,1.21013,1.21227,0
2021-06-16,1.21225,1.21347,1.19841,1.19935,0
2021-06-17,1.19937,1.20062,1.18916,1.19217,0
2021-06-18,1.19216,1.19243,1.18472,1.18592,0
2021-06-20,1.18542,1.18764,1.18476,1.1856,0
2021-06-21,1.18561,1.19213,1.18511,1.19117,0
2021-06-22,1.19116,1.19526,1.18808,1.19223,0
2021-06-23,1.19226,1.197,1.19113,1.19213,0
2021-06-24,1.19216,1.19562,1.19176,1.194,0
2021-06-25,1.19399,1.19751,1.19261,1.19347,0
2021-06-27,1.19296,1.19419,1.192,1.19248,0
2021-06-28,1.19246,1.19444,1.19022,1.19112,0
2021-06-29,1.19115,1.1923,1.18775,1.19022,0
2021-06-30,1.19023,1.19079,1.1845,1.18504,0
2021-07-01,1.18505,1.18842,1.18373,1.18427,0
2021-07-02,1.1843,1.18741,1.1807,1.18622,0
2021-07-04,1.18598,1.18685,1.18518,1.1853,0
2021-07-05,1.1853,1.18804,1.18513,1.18735,0
2021-07-06,1.18735,1.18951,1.18068,1.18248,0
2021-07-07,1.18249,1.18364,1.17815,1.17921,0
2021-07-08,1.1792,1.18678,1.17914,1.18393,0
2021-07-09,1.18394,1.1881,1.18249,1.1871,0
2021-07-11,1.18751,1.18802,1.1865,1.18692,0
2021-07-12,1.1869,1.18797,1.1836,1.18696,0
2021-07-13,1.18698,1.18705,1.17717,1.17833,0
2021-07-14,1.17832,1.18387,1.17759,1.1832,0
2021-07-15,1.18318,1.18506,1.17962,1.18116,0
2021-07-16,1.18116,1.18221,1.17921,1.18047,0
2021-07-18,1.18054,1.18138,1.17978,1.18045,0
2021-07-19,1.18047,1.18244,1.17636,1.17932,0
2021-07-20,1.17932,1.18024,1.17555,1.17748,0
2021-07-21,1.17748,1.18046,1.17518,1.17958,0
2021-07-22,1.17958,1.18304,1.17572,1.17696,0
2021-07-23,1.17695,1.17865,1.17544,1.17683,0
2021-07-25,1.17681,1.17786,1.17632,1.17785,0
2021-07-26,1.17787,1.18172,1.17669,1.18052,0
2021-07-27,1.18055,1.18409,1.17698,1.18215,0
2021-07-28,1.18212,1.18578,1.17721,1.18542,0
2021-07-29,1.18542,1.18942,1.18502,1.18781,0
2021-07-30,1.18782,1.19085,1.18515,1.18667,0
2021-08-01,1.18641,1.18727,1.18587,1.18712,0
2021-08-02,1.18713,1.18968,1.18641,1.18744,0
2021-08-03,1.18744,1.18932,1.18535,1.18732,0
2021-08-04,1.18734,1.18996,1.18315,1.18339,0
2021-08-05,1.1834,1.18572,1.18185,1.18231,0
2021-08-06,1.18229,1.18298,1.17543,1.17596,0
2021-08-08,1.1758,1.1761,1.17422,1.17591,0
2021-08-09,1.1759,1.17689,1.1732,1.17388,0
2021-08-10,1.1739,1.17427,1.17095,1.17184,0
2021-08-11,1.17185,1.17541,1.17059,1.17444,0
2021-08-12,1.17444,1.17481,1.17236,1.17395,0
2021-08-13,1.17396,1.18045,1.17302,1.17933,0
2021-08-15,1.17934,1.18007,1.17898,1.179,0
2021-08-16,1.17899,1.17941,1.17666,1.17683,0
2021-08-17,1.17683,1.17846,1.17017,1.17164,0
2021-08-18,1.17167,1.17427,1.16656,1.16752,0
2021-08-19,1.16753,1.17041,1.16686,1.16853,0
2021-08-20,1.16855,1.17044,1.16638,1.16951,0
2021-08-22,1.16935,1.17236,1.16925,1.172,0
2021-08-23,1.172,1.17501,1.17063,1.17376,0
2021-08-24,1.17377,1.1765,1.17272,1.17381,0
2021-08-25,1.1738,1.17745,1.1726,1.17628,0
2021-08-26,1.17627,1.17789,1.1742,1.17595,0
2021-08-27,1.17596,1.18022,1.17348,1.1791,0
2021-08-29,1.17937,1.18097,1.17898,1.18038,0
2021-08-30,1.18038,1.18198,1.17827,1.18193,0
2021-08-31,1.18194,1.1845,1.17964,1.18043,0
2021-09-01,1.18043,1.18571,1.17935,1.18377,0
2021-09-02,1.18377,1.18842,1.18342,1.18786,0
2021-09-03,1.18787,1.1909,1.18655,1.18773,0
2021-09-05,1.1876,1.18862,1.18648,1.18678,0
2021-09-06,1.18679,1.18851,1.18557,1.18784,0
2021-09-07,1.18784,1.18822,1.18358,1.18421,0
2021-09-08,1.1842,1.18448,1.18019,1.18181,0
2021-09-09,1.1818,1.18412,1.18051,1.18302,0
2021-09-10,1.18303,1.1851,1.18092,1.18101,0
2021-09-12,1.18111,1.18157,1.18021,1.18048,0
2021-09-13,1.18049,1.18188,1.177,1.18155,0
2021-09-14,1.18156,1.18458,1.18,1.18061,0
2021-09-15,1.18061,1.18318,1.17991,1.18121,0
2021-09-16,1.18121,1.18127,1.17504,1.17688,0
2021-09-17,1.17689,1.17888,1.17235,1.17239,0
2021-09-19,1.17288,1.17305,1.17097,1.17106,0
2021-09-20,1.17106,1.17399,1.17001,1.17319,0
2021-09-21,1.1732,1.17486,1.17147,1.172,0
2021-09-22,1.17199,1.17555,1.16834,1.17067,0
2021-09-23,1.17067,1.175,1.1705,1.1741,0
2021-09-24,1.17409,1.17418,1.17005,1.17181,0
2021-09-26,1.17253,1.17261,1.1716,1.17221,0
2021-09-27,1.17221,1.17247,1.16846,1.16916,0
2021-09-28,1.16916,1.17031,1.16682,1.16848,0
2021-09-29,1.16846,1.16878,1.15894,1.16039,0
2021-09-30,1.16039,1.16096,1.15624,1.15757,0
2021-10-01,1.15756,1.16072,1.15724,1.15923,0
2021-10-03,1.15954,1.16136,1.15876,1.15891,0
2021-10-04,1.15894,1.164,1.15894,1.15987,0
2021-10-05,1.15988,1.16131,1.15804,1.15935,0
2021-10-06,1.15935,1.15936,1.15291,1.15555,0
2021-10-07,1.15555,1.1572,1.15474,1.15522,0
2021-10-08,1.15522,1.15861,1.15413,1.15721,0
2021-10-10,1.15674,1.15792,1.15636,1.15722,0
2021-10-11,1.1572,1.15867,1.15471,1.15595,0
2021-10-12,1.15595,1.15703,1.15242,1.15513,0
2021-10-13,1.15514,1.16009,1.15361,1.15938,0
2021-10-14,1.15938,1.16242,1.15839,1.16079,0
2021-10-15,1.16079,1.16185,1.15887,1.15983,0
2021-10-17,1.15903,1.16052,1.15812,1.15818,0
2021-10-18,1.15818,1.16466,1.15717,1.16466,0
2021-10-19,1.16466,1.16693,1.16276,1.16438,0
2021-10-20,1.16437,1.16674,1.16168,1.16647,0
2021-10-21,1.16649,1.16651,1.16194,1.1627,0
2021-10-22,1.16271,1.16556,1.16218,1.16395,0
2021-10-24,1.16382,1.16648,1.16356,1.16638,0
2021-10-25,1.16637,1.16649,1.15907,1.16008,0
2021-10-26,1.16006,1.16257,1.15848,1.16014,0
2021-10-27,1.16014,1.16259,1.15849,1.16057,0
2021-10-28,1.16056,1.16921,1.15821,1.16764,0
2021-10-29,1.16762,1.16772,1.1535,1.15529,0
2021-10-31,1.15576,1.15642,1.1546,1.15513,0
2021-11-01,1.15516,1.1609,1.15472,1.16037,0
2021-11-02,1.16039,1.16133,1.15748,1.15835,0
2021-11-03,1.15835,1.16164,1.15622,1.15907,0
2021-11-04,1.15908,1.15921,1.15282,1.15574,0
2021-11-05,1.15572,1.15731,1.15132,1.15631,0
2021-11-07,1.15566,1.15698,1.15531,1.1561,0
2021-11-08,1.15609,1.15992,1.15503,1.15968,0
2021-11-09,1.15968,1.16087,1.15698,1.1584,0
2021-11-10,1.15841,1.15849,1.14647,1.14804,0
2021-11-11,1.14802,1.14849,1.14359,1.14416,0
2021-11-12,1.14416,1.1462,1.14328,1.14413,0
2021-11-14,1.14473,1.14638,1.1441,1.14555,0
2021-11-15,1.14556,1.1463,1.13562,1.13836,0
2021-11-16,1.13837,1.13844,1.12635,1.12981,0
2021-11-17,1.1298,1.13379,1.12916,1.13251,0
2021-11-18,1.13249,1.1374,1.13137,1.13522,0
2021-11-19,1.1352,1.13604,1.12499,1.12794,0
2021-11-21,1.12873,1.12907,1.12648,1.1278,0
2021-11-22,1.12781,1.12904,1.12259,1.1236,0
2021-11-23,1.12359,1.1275,1.12316,1.12427,0
2021-11-24,1.12427,1.12552,1.11859,1.12142,0
2021-11-25,1.12142,1.12296,1.12055,1.12209,0
2021-11-26,1.12209,1.13301,1.12206,1.13071,0
2021-11-28,1.13004,1.13134,1.12727,1.12727,0
2021-11-29,1.12726,1.13046,1.12583,1.12962,0
2021-11-30,1.12962,1.13828,1.12349,1.13315,0
2021-12-01,1.13318,1.13596,1.13025,1.13225,0
2021-12-02,1.13226,1.13476,1.12907,1.12975,0
2021-12-03,1.12975,1.13333,1.12665,1.13117,0
2021-12-05,1.13046,1.13129,1.12877,1.12878,0
2021-12-06,1.12881,1.13101,1.12663,1.12881,0
2021-12-07,1.1288,1.12984,1.12275,1.12907,0
2021-12-08,1.12906,1.13547,1.12667,1.1336,0
2021-12-09,1.13358,1.13358,1.12783,1.12989,0
2021-12-10,1.1299,1.13239,1.12651,1.13146,0
2021-12-12,1.131,1.13192,1.12921,1.12946,0
2021-12-13,1.12943,1.13071,1.126,1.12774,0
2021-12-14,1.12773,1.13238,1.12535,1.12639,0
2021-12-15,1.12637,1.12991,1.12215,1.12863,0
2021-12-16,1.12863,1.13603,1.12834,1.13354,0
2021-12-17,1.13354,1.13488,1.1235,1.1237,0
2021-12-19,1.12371,1.1251,1.12344,1.12492,0
2021-12-20,1.12492,1.13037,1.12471,1.12803,0
2021-12-21,1.12804,1.13026,1.12607,1.12737,0
2021-12-22,1.12737,1.13423,1.12644,1.13392,0
2021-12-23,1.13392,1.13418,1.129,1.1334,0
2021-12-24,1.13341,1.13433,1.13031,1.13102,0
2021-12-26,1.13101,1.1326,1.13076,1.13186,0
2021-12-27,1.13186,1.13344,1.13028,1.13268,0
2021-12-28,1.13269,1.13331,1.12895,1.1304,0
2021-12-29,1.13041,1.13688,1.12737,1.13326,0
2021-12-30,1.13325,1.13444,1.12984,1.13174,0
2021-12-31,1.13174,1.13863,1.13032,1.13686,0
2022-01-02,1.1369,1.13782,1.13385,1.13403,0
2022-01-03,1.13404,1.13661,1.12797,1.13005,0
2022-01-04,1.13005,1.13224,1.12721,1.12887,0
2022-01-05,1.12889,1.13463,1.12873,1.13122,0
2022-01-06,1.13122,1.13318,1.12845,1.13006,0
2022-01-07,1.13006,1.13647,1.12922,1.13593,0
2022-01-09,1.13515,1.13602,1.13332,1.13341,0
2022-01-10,1.13341,1.13444,1.12847,1.13407,0
2022-01-11,1.1341,1.13755,1.1313,1.13725,0
2022-01-12,1.13727,1.14526,1.13547,1.14421,0
2022-01-13,1.14421,1.14817,1.14383,1.14736,0
2022-01-14,1.14736,1.14827,1.13984,1.1409,0
2022-01-16,1.14118,1.14212,1.14,1.14188,0
2022-01-17,1.14191,1.14344,1.13849,1.14015,0
2022-01-18,1.14014,1.14057,1.13146,1.13301,0
2022-01-19,1.133,1.13651,1.13269,1.13505,0
2022-01-20,1.13506,1.13688,1.13009,1.13243,0
2022-01-21,1.13243,1.13596,1.13223,1.13418,0
2022-01-23,1.13396,1.1345,1.13274,1.13296,0
2022-01-24,1.13297,1.13363,1.12904,1.13117,0
2022-01-25,1.13118,1.13156,1.12631,1.13016,0
2022-01-26,1.13016,1.13052,1.12185,1.12222,0
2022-01-27,1.12221,1.12221,1.11312,1.1152,0
2022-01-28,1.11519,1.11735,1.11213,1.1145,0
2022-01-30,1.11422,1.11636,1.1138,1.11616,0
2022-01-31,1.11615,1.12478,1.11462,1.1243,0
2022-02-01,1.1243,1.12786,1.12342,1.12745,0
2022-02-02,1.12743,1.133,1.12665,1.12967,0
2022-02-03,1.12967,1.14719,1.12672,1.1466,0
2022-02-04,1.14659,1.14837,1.14115,1.14477,0
2022-02-06,1.14638,1.14646,1.14247,1.14385,0
2022-02-07,1.14385,1.14587,1.14151,1.14236,0
2022-02-08,1.14236,1.14335,1.13961,1.14268,0
2022-02-09,1.14267,1.14477,1.14024,1.1425,0
2022-02-10,1.14249,1.14948,1.13748,1.13808,0
2022-02-11,1.13809,1.1418,1.13296,1.13463,0
2022-02-13,1.13369,1.1369,1.13365,1.1345,0
2022-02-14,1.1345,1.13522,1.12799,1.1319,0
2022-02-15,1.13189,1.13681,1.13093,1.13477,0
2022-02-16,1.13478,1.13957,1.1323,1.13422,0
2022-02-17,1.13421,1.1386,1.13421,1.13636,0
2022-02-18,1.13639,1.13769,1.1314,1.13203,0
2022-02-20,1.13186,1.13679,1.1313,1.13621,0
2022-02-21,1.13621,1.13905,1.1288,1.12984,0
2022-02-22,1.12984,1.13667,1.12925,1.13254,0
2022-02-23,1.13254,1.13588,1.12083,1.12453,0
2022-02-24,1.12452,1.12624,1.11062,1.12214,0
2022-02-25,1.12213,1.12739,1.11659,1.12719,0
2022-02-27,1.11237,1.11944,1.11225,1.11458,0
2022-02-28,1.11462,1.12464,1.11445,1.11964,0
2022-03-01,1.11962,1.12329,1.10896,1.1123,0
2022-03-02,1.11228,1.11437,1.10573,1.10977,0
2022-03-03,1.10978,1.11062,1.101,1.10354,0
2022-03-04,1.10354,1.10391,1.08856,1.09311,0
2022-03-06,1.09199,1.09287,1.08213,1.08795,0
2022-03-07,1.08791,1.09325,1.08059,1.08699,0
2022-03-08,1.08698,1.09582,1.08511,1.09168,0
2022-03-09,1.09168,1.10951,1.09091,1.10538,0
2022-03-10,1.10539,1.11212,1.0976,1.1001,0
2022-03-11,1.10015,1.10435,1.09018,1.09099,0
2022-03-13,1.09205,1.09387,1.09005,1.09171,0
2022-03-14,1.0917,1.09938,1.09084,1.09823,0
2022-03-15,1.09824,1.10196,1.0926,1.09677,0
2022-03-16,1.09677,1.10523,1.095,1.10343,0
2022-03-17,1.10344,1.11375,1.10219,1.10767,0
2022-03-18,1.10766,1.10942,1.1003,1.10492,0
2022-03-20,1.10561,1.10584,1.10374,1.10409,0
2022-03-21,1.10409,1.10701,1.0981,1.09853,0
2022-03-22,1.09852,1.10457,1.09608,1.10274,0
2022-03-23,1.10273,1.10397,1.09639,1.09855,0
2022-03-24,1.09855,1.10376,1.09659,1.10318,0
2022-03-25,1.10317,1.10339,1.09797,1.09805,0
2022-03-27,1.09845,1.09869,1.09504,1.09554,0
2022-03-28,1.09554,1.09995,1.09446,1.09926,0
2022-03-29,1.09926,1.1137,1.09749,1.11149,0
2022-03-30,1.1115,1.11848,1.11054,1.1164,0
2022-03-31,1.1164,1.11756,1.10595,1.10652,0
2022-04-01,1.10652,1.10757,1.10279,1.10427,0
2022-04-03,1.10301,1.10544,1.10301,1.10478,0
2022-04-04,1.10477,1.10539,1.09603,1.09723,0
2022-04-05,1.09722,1.09886,1.08906,1.09003,0
2022-04-06,1.09002,1.09379,1.08745,1.0907,0
2022-04-07,1.09071,1.09383,1.08565,1.08638,0
2022-04-08,1.08637,1.08917,1.08364,1.08744,0
2022-04-10,1.09202,1.09202,1.0875,1.08831,0
2022-04-11,1.08833,1.09332,1.08665,1.08745,0
2022-04-12,1.08746,1.09036,1.08113,1.08371,0
2022-04-13,1.08371,1.09093,1.08088,1.0907,0
2022-04-14,1.0907,1.09233,1.07575,1.08043,0
2022-04-15,1.0804,1.08236,1.08018,1.08057,0
2022-04-17,1.08029,1.08216,1.07907,1.07928,0
2022-04-18,1.0793,1.08145,1.0761,1.07724,0
2022-04-19,1.07724,1.08226,1.07665,1.08186,0
2022-04-20,1.08187,1.0867,1.08057,1.08304,0
2022-04-21,1.08305,1.09362,1.08289,1.08413,0
2022-04-22,1.08413,1.08515,1.07707,1.07947,0
2022-04-24,1.08041,1.08153,1.07772,1.07814,0
2022-04-25,1.07812,1.07853,1.06966,1.07321,0
2022-04-26,1.07322,1.07343,1.06336,1.06406,0
2022-04-27,1.06405,1.06546,1.05089,1.05089,0
2022-04-28,1.0509,1.05647,1.0471,1.05131,0
2022-04-29,1.05131,1.05928,1.05087,1.05409,0
2022-05-01,1.05444,1.05597,1.05173,1.05239,0
2022-05-02,1.05239,1.05682,1.04901,1.05184,0
2022-05-03,1.05184,1.05776,1.04921,1.05161,0
2022-05-04,1.0516,1.06417,1.05059,1.06176,0
2022-05-05,1.06177,1.06192,1.04925,1.0533,0
2022-05-06,1.0533,1.05988,1.04826,1.05452,0
2022-05-08,1.05398,1.05426,1.05027,1.051,0
2022-05-09,1.051,1.05924,1.04951,1.05787,0
2022-05-10,1.05785,1.05852,1.05253,1.05365,0
2022-05-11,1.05364,1.05771,1.05017,1.0522,0
2022-05-12,1.0522,1.05255,1.03539,1.03911,0
2022-05-13,1.03909,1.04195,1.03496,1.04116,0
2022-05-15,1.03952,1.0417,1.03889,1.03965,0
2022-05-16,1.03964,1.0454,1.03893,1.04401,0
2022-05-17,1.044,1.05636,1.04358,1.05323,0
2022-05-18,1.05322,1.0542,1.04597,1.04999,0
2022-05-19,1.04999,1.0607,1.0465,1.0566,0
2022-05-20,1.05659,1.0599,1.05328,1.0561,0
2022-05-22,1.05601,1.05946,1.05552,1.05924,0
2022-05-23,1.05925,1.06973,1.05884,1.06725,0
2022-05-24,1.06727,1.07485,1.06622,1.07136,0
2022-05-25,1.07135,1.0714,1.06421,1.07013,0
2022-05-26,1.07014,1.0765,1.06624,1.07556,0
2022-05-27,1.07555,1.07582,1.06968,1.07317,0
2022-05-29,1.07347,1.07558,1.07261,1.07445,0
2022-05-30,1.07444,1.07867,1.07342,1.07511,0
2022-05-31,1.07511,1.07551,1.06789,1.07181,0
2022-06-01,1.07182,1.07393,1.06271,1.06541,0
2022-06-02,1.06542,1.07643,1.06495,1.0753,0
2022-06-03,1.07531,1.07624,1.0704,1.07169,0
2022-06-05,1.07167,1.07316,1.07099,1.07251,0
2022-06-06,1.07251,1.07518,1.06705,1.06815,0
2022-06-07,1.06815,1.07142,1.06519,1.06836,0
2022-06-08,1.06835,1.07484,1.06713,1.07294,0
2022-06-09,1.07294,1.07738,1.0611,1.06341,0
2022-06-10,1.0634,1.06422,1.05057,1.05137,0
2022-06-12,1.0513,1.05201,1.04756,1.04916,0
2022-06-13,1.04916,1.04954,1.0397,1.04271,0
2022-06-14,1.0427,1.04846,1.03997,1.04426,0
2022-06-15,1.04425,1.05077,1.0359,1.04429,0
2022-06-16,1.04429,1.06014,1.03808,1.05203,0
2022-06-17,1.05206,1.05357,1.04444,1.04934,0
2022-06-19,1.04731,1.05287,1.04729,1.05283,0
2022-06-20,1.05281,1.05458,1.04979,1.0532,0
2022-06-21,1.0532,1.05824,1.05021,1.05107,0
2022-06-22,1.05107,1.06057,1.04687,1.05692,0
2022-06-23,1.05692,1.05792,1.04826,1.05328,0
2022-06-24,1.05327,1.05712,1.05141,1.05519,0
2022-06-26,1.05479,1.05746,1.05457,1.05563,0
2022-06-27,1.05562,1.0615,1.05535,1.05811,0
2022-06-28,1.0581,1.06061,1.05032,1.05296,0
2022-06-29,1.05298,1.0535,1.04329,1.04516,0
2022-06-30,1.04517,1.04887,1.03824,1.04543,0
2022-07-01,1.0454,1.0474,1.03658,1.04262,0
2022-07-03,1.04174,1.04442,1.04142,1.04259,0
2022-07-04,1.04258,1.04627,1.0417,1.04346,0
2022-07-05,1.04346,1.04485,1.0235,1.02637,0
2022-07-06,1.02636,1.02765,1.01614,1.02035,0
2022-07-07,1.02035,1.02209,1.01439,1.01581,0
2022-07-08,1.01582,1.01907,1.0072,1.01822,0
2022-07-10,1.01697,1.01834,1.01348,1.01494,0
2022-07-11,1.01493,1.01544,1.00059,1.00258,0
2022-07-12,1.00257,1.00738,0.99999,1.00363,0
2022-07-13,1.00363,1.01222,0.99979,1.00328,0
2022-07-14,1.00329,1.00503,0.99521,1.00256,0
2022-07-15,1.00256,1.00979,1.00068,1.00821,0
2022-07-17,1.00811,1.01143,1.00785,1.01042,0
2022-07-18,1.01041,1.02011,1.00812,1.01267,0
2022-07-19,1.01267,1.0269,1.01241,1.0243,0
2022-07-20,1.02429,1.02729,1.01553,1.02088,0
2022-07-21,1.02088,1.02781,1.01531,1.01907,0
2022-07-22,1.01904,1.02553,1.01297,1.02119,0
2022-07-24,1.02083,1.02185,1.01809,1.0207,0
2022-07-25,1.0207,1.02578,1.01784,1.023,0
2022-07-26,1.02299,1.02361,1.01074,1.01426,0
2022-07-27,1.01424,1.02206,1.00966,1.02095,0
2022-07-28,1.02094,1.02343,1.01138,1.02131,0
2022-07-29,1.0213,1.02542,1.0146,1.02248,0
2022-07-31,1.02098,1.02411,1.02053,1.02254,0
2022-08-01,1.02253,1.02939,1.02132,1.02736,0
2022-08-02,1.02735,1.02795,1.01498,1.01912,0
2022-08-03,1.01912,1.02102,1.01226,1.01626,0
2022-08-04,1.01626,1.02537,1.01565,1.02363,0
2022-08-05,1.02363,1.02391,1.01415,1.01825,0
2022-08-07,1.01726,1.01856,1.0159,1.01855,0
2022-08-08,1.01854,1.02217,1.01712,1.01961,0
2022-08-09,1.01957,1.02472,1.01916,1.02137,0
2022-08-10,1.02139,1.03685,1.0202,1.02883,0
2022-08-11,1.02886,1.03642,1.02752,1.03171,0
2022-08-12,1.0317,1.03241,1.0238,1.0259,0
2022-08-14,1.02551,1.02682,1.02397,1.02518,0
2022-08-15,1.02519,1.02557,1.01473,1.01619,0
2022-08-16,1.0162,1.01948,1.01225,1.01733,0
2022-08-17,1.01733,1.02029,1.01453,1.01705,0
2022-08-18,1.01704,1.0188,1.00697,1.008,0
2022-08-19,1.00801,1.00954,1.00318,1.00326,0
2022-08-21,1.00366,1.00466,1.00233,1.00428,0
2022-08-22,1.00427,1.00428,0.9926,0.99418,0
2022-08-23,0.99417,1.00181,0.99002,0.99474,0
2022-08-24,0.99473,0.99993,0.99099,0.99863,0
2022-08-25,0.99862,1.00334,0.9949,0.99703,0
2022-08-26,0.99703,1.00898,0.99463,0.99623,0
2022-08-28,0.99657,0.9967,0.9918,0.99238,0
2022-08-29,0.99239,1.00291,0.99141,0.99982,0
2022-08-30,0.99983,1.00547,0.99821,1.0032,0
2022-08-31,1.00322,1.0079,0.99712,1.00162,0
2022-09-01,1.00163,1.00485,0.99107,0.99618,0
2022-09-02,0.99617,1.00335,0.99449,0.99515,0
2022-09-04,0.99285,0.99347,0.99008,0.99128,0
2022-09-05,0.99127,0.99706,0.98772,0.9944,0
2022-09-06,0.9944,0.99862,0.98638,0.98863,0
2022-09-07,0.98859,1.00128,0.98756,0.99861,0
2022-09-08,0.9986,1.0084,0.99303,1.00693,0
2022-09-09,1.00692,1.01131,1.0032,1.00425,0
2022-09-11,1.01039,1.01039,1.00596,1.0081,0
2022-09-12,1.00809,1.01977,1.00732,1.013,0
2022-09-13,1.013,1.0187,0.99554,0.99886,0
2022-09-14,0.99887,1.00234,0.99595,0.99739,0
2022-09-15,0.9974,1.00177,0.99556,0.99972,0
2022-09-16,0.99973,1.00363,0.99448,1.00146,0
2022-09-18,1.00072,1.00291,0.99943,0.99979,0
2022-09-19,0.9998,1.00504,0.99657,1.00294,0
2022-09-20,1.00294,1.0042,0.9955,0.99659,0
2022-09-21,0.9966,0.99683,0.9808,0.98193,0
2022-09-22,0.98191,0.99074,0.98119,0.98233,0
2022-09-23,0.98234,0.9838,0.9668,0.96885,0
2022-09-25,0.96666,0.97098,0.95503,0.96338,0
2022-09-26,0.96338,0.97013,0.95839,0.96408,0
2022-09-27,0.96408,0.96707,0.95426,0.95578,0
2022-09-28,0.95579,0.97508,0.95357,0.96859,0
2022-09-29,0.96856,0.98437,0.96353,0.97994,0
2022-09-30,0.97996,0.98537,0.97346,0.98013,0
2022-10-02,0.97933,0.98287,0.97852,0.98054,0
2022-10-03,0.98054,0.98453,0.97525,0.98422,0
2022-10-04,0.98423,0.99995,0.98258,0.99692,0
2022-10-05,0.99691,0.99947,0.98346,0.99165,0
2022-10-06,0.99166,0.99258,0.97862,0.98047,0
2022-10-07,0.98047,0.98167,0.97259,0.97388,0
2022-10-09,0.97336,0.97531,0.97246,0.97375,0
2022-10-10,0.97375,0.97457,0.96807,0.9682,0
2022-10-11,0.96819,0.97745,0.96698,0.96982,0
2022-10-12,0.96979,0.97346,0.96678,0.97004,0
2022-10-13,0.97003,0.98086,0.96315,0.9787,0
2022-10-14,0.97869,0.97996,0.9707,0.97182,0
2022-10-16,0.97201,0.97521,0.97182,0.97395,0
2022-10-17,0.97397,0.98525,0.97197,0.98409,0
2022-10-18,0.9841,0.98755,0.98124,0.9844,0
2022-10-19,0.98441,0.98461,0.97544,0.97612,0
2022-10-20,0.9761,0.98454,0.9759,0.97684,0
2022-10-21,0.97686,0.98689,0.97048,0.98613,0
2022-10-23,0.98712,0.9899,0.98254,0.98343,0
2022-10-24,0.98342,0.98984,0.98067,0.98846,0
2022-10-25,0.98845,0.99768,0.98484,0.99571,0
2022-10-26,0.9957,1.00934,0.99508,1.00694,0
2022-10-27,1.00692,1.00836,0.99575,0.99922,0
2022-10-28,0.99921,0.99925,0.99265,0.99631,0
2022-10-30,0.99464,0.99656,0.99431,0.99605,0
2022-10-31,0.99605,0.99616,0.98717,0.99049,0
2022-11-01,0.9905,0.99539,0.98527,0.98841,0
2022-11-02,0.98841,0.99757,0.98098,0.98345,0
2022-11-03,0.98346,0.98359,0.97299,0.97861,0
2022-11-04,0.97863,0.99664,0.9751,0.9956,0
2022-11-06,0.99036,0.99469,0.99001,0.99388,0
2022-11-07,0.99389,1.0034,0.99239,1.00057,0
2022-11-08,1.00058,1.00963,0.99715,1.00691,0
2022-11-09,1.00693,1.00861,0.99927,1.00286,0
2022-11-10,1.00286,1.02218,0.99354,1.01922,0
2022-11-11,1.0192,1.0364,1.01893,1.03538,0
2022-11-13,1.03354,1.03501,1.03051,1.03122,0
2022-11-14,1.03123,1.03584,1.02713,1.03211,0
2022-11-15,1.03209,1.04808,1.02799,1.0345,0
2022-11-16,1.03453,1.04384,1.03407,1.03708,0
2022-11-17,1.03707,1.04065,1.03051,1.03648,0
2022-11-18,1.03648,1.03959,1.03134,1.03235,0
2022-11-20,1.03227,1.0333,1.02765,1.02809,0
2022-11-21,1.02809,1.02869,1.02227,1.02601,0
2022-11-22,1.02601,1.03247,1.02456,1.0317,0
2022-11-23,1.03168,1.04484,1.02963,1.04462,0
2022-11-24,1.04463,1.04466,1.03816,1.04212,0
2022-11-25,1.04213,1.04282,1.03546,1.03926,0
2022-11-27,1.03716,1.03836,1.0341,1.0362,0
2022-11-28,1.03621,1.04967,1.033,1.03928,0
2022-11-29,1.03928,1.03933,1.03188,1.03557,0
2022-11-30,1.03558,1.04477,1.029,1.0439,0
2022-12-01,1.04389,1.05393,1.03929,1.05231,0
2022-12-02,1.05232,1.05448,1.0428,1.05325,0
2022-12-04,1.05303,1.05832,1.05303,1.0581,0
2022-12-05,1.05809,1.05948,1.048,1.04906,0
2022-12-06,1.04905,1.05326,1.04549,1.04635,0
2022-12-07,1.04634,1.05496,1.04431,1.05008,0
2022-12-08,1.0501,1.05853,1.04895,1.05759,0
2022-12-09,1.05759,1.05881,1.05027,1.05316,0
2022-12-11,1.05264,1.05372,1.05057,1.0516,0
2022-12-12,1.05158,1.058,1.05079,1.05411,0
2022-12-13,1.05412,1.06731,1.05278,1.06239,0
2022-12-14,1.06238,1.0695,1.06187,1.06475,0
2022-12-15,1.06474,1.07361,1.05921,1.06461,0
2022-12-16,1.06459,1.0663,1.05839,1.05839,0
2022-12-18,1.05895,1.0613,1.0582,1.06063,0
2022-12-19,1.06063,1.06578,1.05757,1.06071,0
2022-12-20,1.06071,1.06584,1.05788,1.06083,0
2022-12-21,1.0608,1.06459,1.05901,1.06445,0
2022-12-22,1.06444,1.06593,1.0573,1.06055,0
2022-12-23,1.06053,1.06328,1.05922,1.06172,0
2022-12-25,1.06114,1.06344,1.05979,1.06265,0
2022-12-26,1.06264,1.06604,1.06151,1.06454,0
2022-12-27,1.06454,1.06694,1.06113,1.06415,0
2022-12-28,1.06415,1.06742,1.06065,1.0625,0
2022-12-29,1.06249,1.06902,1.06109,1.06551,0
2022-12-30,1.06551,1.07131,1.06385,1.07054,0
2023-01-01,1.0697,1.07087,1.06788,1.06993,0
2023-01-02,1.06994,1.06997,1.06499,1.06672,0
2023-01-03,1.06673,1.06706,1.05194,1.05727,0
2023-01-04,1.05726,1.06354,1.05594,1.0604,0
2023-01-05,1.06041,1.06288,1.05148,1.05243,0
2023-01-06,1.05245,1.0648,1.04823,1.06413,0
2023-01-08,1.06406,1.06782,1.06381,1.06764,0
2023-01-09,1.06764,1.07605,1.066,1.07306,0
2023-01-10,1.07304,1.07592,1.07119,1.07384,0
2023-01-11,1.07383,1.07762,1.07254,1.07715,0
2023-01-12,1.07715,1.08679,1.07297,1.08398,0
2023-01-13,1.08396,1.0864,1.07803,1.08302,0
2023-01-15,1.08288,1.08741,1.08201,1.08526,0
2023-01-16,1.08527,1.08609,1.08013,1.0826,0
2023-01-17,1.08258,1.08693,1.07661,1.07742,0
2023-01-18,1.07743,1.08873,1.07679,1.07956,0
2023-01-19,1.07958,1.0844,1.07825,1.08294,0
2023-01-20,1.08293,1.08587,1.08022,1.08549,0
2023-01-22,1.08678,1.09029,1.08611,1.08946,0
2023-01-23,1.08945,1.09267,1.08461,1.08761,0
2023-01-24,1.08763,1.09028,1.08349,1.08986,0
2023-01-25,1.08986,1.09246,1.08571,1.09143,0
2023-01-26,1.09142,1.09293,1.08505,1.08661,0
2023-01-27,1.08662,1.08953,1.08377,1.08649,0
2023-01-29,1.08643,1.08792,1.08595,1.08761,0
2023-01-30,1.0876,1.09137,1.08389,1.0846,0
2023-01-31,1.0846,1.08747,1.08019,1.08656,0
2023-02-01,1.08655,1.10327,1.08653,1.10195,0
2023-02-02,1.10197,1.10246,1.08851,1.08931,0
2023-02-03,1.08931,1.09399,1.07924,1.07929,0
2023-02-05,1.0782,1.07987,1.07813,1.07962,0
2023-02-06,1.07961,1.07979,1.07092,1.07326,0
2023-02-07,1.07327,1.07664,1.0669,1.07334,0
2023-02-08,1.07333,1.07607,1.07092,1.07319,0
2023-02-09,1.07319,1.07907,1.07171,1.07183,0
2023-02-10,1.07182,1.07525,1.06661,1.06754,0
2023-02-12,1.06808,1.06821,1.06553,1.06671,0
2023-02-13,1.06671,1.07398,1.06628,1.07379,0
2023-02-14,1.07378,1.08044,1.07066,1.07182,0
2023-02-15,1.0718,1.07327,1.06604,1.0707,0
2023-02-16,1.0707,1.07222,1.06326,1.06381,0
2023-02-17,1.06381,1.06982,1.06126,1.06929,0
2023-02-19,1.06849,1.06933,1.06728,1.06864,0
2023-02-20,1.06865,1.07044,1.0662,1.06683,0
2023-02-21,1.06682,1.0698,1.06397,1.06585,0
2023-02-22,1.06584,1.06632,1.05989,1.06243,0
2023-02-23,1.06242,1.06275,1.0579,1.05998,0
2023-02-24,1.05997,1.06021,1.05359,1.05469,0
2023-02-26,1.05451,1.05598,1.054,1.05488,0
2023-02-27,1.05487,1.06148,1.05328,1.059,0
2023-02-28,1.05899,1.06406,1.05651,1.0589,0
2023-03-01,1.05889,1.06913,1.05888,1.06479,0
2023-03-02,1.06478,1.06485,1.05764,1.06085,0
2023-03-03,1.06085,1.06384,1.05924,1.0635,0
2023-03-05,1.06266,1.06498,1.06232,1.06426,0
2023-03-06,1.06428,1.06942,1.06219,1.06903,0
2023-03-07,1.06902,1.06943,1.05274,1.05349,0
2023-03-08,1.05348,1.05614,1.05241,1.05517,0
2023-03-09,1.05516,1.05993,1.0548,1.05945,0
2023-03-10,1.05944,1.06873,1.05738,1.06368,0
2023-03-12,1.06808,1.07369,1.06637,1.07176,0
2023-03-13,1.07176,1.07423,1.065,1.07025,0
2023-03-14,1.07024,1.07597,1.06787,1.07447,0
2023-03-15,1.07447,1.07462,1.05158,1.06027,0
2023-03-16,1.06025,1.06491,1.05728,1.0649,0
2023-03-17,1.06491,1.06852,1.06122,1.06647,0
2023-03-19,1.06821,1.06898,1.06646,1.06697,0
2023-03-20,1.06695,1.07295,1.06311,1.07121,0
2023-03-21,1.07121,1.07825,1.07038,1.07686,0
2023-03-22,1.07688,1.09056,1.0759,1.09035,0
2023-03-23,1.09036,1.09296,1.08171,1.08341,0
2023-03-24,1.08341,1.0837,1.07131,1.07589,0
2023-03-26,1.07752,1.07798,1.07575,1.07715,0
2023-03-27,1.07715,1.08194,1.07449,1.0815,0
2023-03-28,1.08151,1.08494,1.0806,1.08364,0
2023-03-29,1.08364,1.08713,1.08177,1.08329,0
2023-03-30,1.0833,1.09262,1.08235,1.09068,0
2023-03-31,1.09067,1.09107,1.08368,1.08386,0
2023-04-02,1.08398,1.0844,1.07882,1.07899,0
2023-04-03,1.079,1.09097,1.07891,1.08885,0
2023-04-04,1.08886,1.09701,1.08828,1.09596,0
2023-04-05,1.09596,1.09673,1.08845,1.08918,0
2023-04-06,1.08918,1.09375,1.08858,1.09194,0
2023-04-09,1.0898,1.09145,1.08968,1.08991,0
2023-04-10,1.08992,1.09171,1.08373,1.08815,0
2023-04-11,1.08814,1.09287,1.08808,1.09241,0
2023-04-12,1.0924,1.10049,1.09159,1.09883,0
2023-04-13,1.09882,1.10751,1.09767,1.10703,0
2023-04-14,1.10702,1.10758,1.09752,1.09922,0
2023-04-16,1.09888,1.09942,1.09615,1.09762,0
2023-04-17,1.09761,1.09997,1.09116,1.09357,0
2023-04-18,1.09356,1.0984,1.09337,1.09742,0
2023-04-19,1.09742,1.09793,1.0926,1.09594,0
2023-04-20,1.09593,1.09849,1.09334,1.09639,0
2023-04-21,1.09639,1.09936,1.0938,1.09874,0
2023-04-23,1.09866,1.0995,1.09798,1.09815,0
2023-04-24,1.09813,1.1067,1.09658,1.10527,0
2023-04-25,1.10528,1.10588,1.09641,1.09751,0
2023-04-26,1.0975,1.10858,1.0972,1.10456,0
2023-04-27,1.10456,1.10634,1.0992,1.10194,0
2023-04-28,1.10193,1.10449,1.09723,1.10193,0
2023-04-30,1.10191,1.1022,1.10007,1.1014,0
2023-05-01,1.10143,1.10355,1.09653,1.09839,0
2023-05-02,1.0984,1.10297,1.09422,1.10294,0
2023-05-03,1.10294,1.10916,1.10142,1.10812,0
2023-05-04,1.10812,1.10917,1.09952,1.10439,0
2023-05-05,1.10441,1.10477,1.09667,1.10162,0
2023-05-07,1.10213,1.10399,1.10143,1.1039,0
2023-05-08,1.1039,1.10535,1.09849,1.09936,0
2023-05-09,1.09939,1.10007,1.09492,1.09761,0
2023-05-10,1.0976,1.10068,1.09414,1.09744,0
2023-05-11,1.09744,1.09822,1.09,1.09222,0
2023-05-12,1.09221,1.09354,1.08476,1.08477,0
2023-05-14,1.0861,1.08643,1.08478,1.08599,0
2023-05-15,1.08598,1.08908,1.08554,1.08824,0
2023-05-16,1.08823,1.09046,1.0855,1.08654,0
2023-05-17,1.08654,1.08676,1.08147,1.08398,0
2023-05-18,1.08398,1.08404,1.076,1.07683,0
2023-05-19,1.07683,1.08249,1.07605,1.08019,0
2023-05-21,1.08062,1.08298,1.08062,1.08208,0
2023-05-22,1.08208,1.08241,1.07955,1.0808,0
2023-05-23,1.08079,1.08129,1.07601,1.07788,0
2023-05-24,1.07787,1.08012,1.0736,1.07374,0
2023-05-25,1.07374,1.07438,1.07073,1.07374,0
2023-05-26,1.07373,1.07572,1.07018,1.07292,0
2023-05-28,1.07219,1.07354,1.07172,1.07303,0
2023-05-29,1.07304,1.07434,1.07013,1.07065,0
2023-05-30,1.07065,1.07465,1.06725,1.06977,0
2023-05-31,1.06977,1.07051,1.06355,1.0687,0
2023-06-01,1.0687,1.0769,1.06617,1.0768,0
2023-06-02,1.0768,1.07789,1.0705,1.07063,0
2023-06-04,1.07098,1.07107,1.06902,1.07025,0
2023-06-05,1.07026,1.07246,1.06777,1.07159,0
2023-06-06,1.07161,1.07328,1.06669,1.06927,0
2023-06-07,1.06926,1.07396,1.06682,1.07082,0
2023-06-08,1.07082,1.07856,1.07009,1.07777,0
2023-06-09,1.07777,1.07841,1.07428,1.0744,0
2023-06-11,1.07491,1.07503,1.0733,1.07409,0
2023-06-12,1.07409,1.079,1.0739,1.0779,0
2023-06-13,1.0779,1.08234,1.0776,1.07899,0
2023-06-14,1.07899,1.0864,1.07739,1.08132,0
2023-06-15,1.08132,1.09507,1.08036,1.09381,0
2023-06-16,1.09382,1.09658,1.09217,1.09351,0
2023-06-18,1.09426,1.09462,1.09335,1.09369,0
2023-06-19,1.09369,1.09412,1.09099,1.09197,0
2023-06-20,1.09197,1.09461,1.08996,1.09149,0
2023-06-21,1.09149,1.09949,1.09058,1.09929,0
2023-06-22,1.09928,1.10081,1.09321,1.09356,0
2023-06-23,1.09356,1.09368,1.08443,1.0892,0
2023-06-25,1.09042,1.09097,1.08978,1.0906,0
2023-06-26,1.09061,1.0935,1.08873,1.09266,0
2023-06-27,1.09265,1.09766,1.09161,1.09508,0
2023-06-28,1.09508,1.09621,1.08905,1.08929,0
2023-06-29,1.08929,1.09414,1.08602,1.08713,0
2023-06-30,1.08713,1.09224,1.08352,1.09095,0
2023-07-02,1.09089,1.09176,1.09004,1.09127,0
2023-07-03,1.09127,1.09339,1.08702,1.09044,0
2023-07-04,1.09046,1.09146,1.0875,1.08773,0
2023-07-05,1.08774,1.09078,1.08399,1.084,0
2023-07-06,1.08401,1.08977,1.08337,1.08878,0
2023-07-07,1.08876,1.09731,1.08669,1.09675,0
2023-07-09,1.09593,1.09695,1.09528,1.09559,0
2023-07-10,1.0956,1.102,1.09434,1.10173,0
2023-07-11,1.10173,1.10334,1.09783,1.10295,0
2023-07-12,1.10295,1.11486,1.10148,1.11456,0
2023-07-13,1.11456,1.12429,1.11298,1.12413,0
2023-07-14,1.12413,1.12448,1.12041,1.12259,0
2023-07-16,1.12273,1.12315,1.12147,1.12264,0
2023-07-17,1.12263,1.12559,1.12033,1.12537,0
2023-07-18,1.12539,1.12756,1.12089,1.12261,0
2023-07-19,1.12262,1.124,1.11895,1.12258,0
2023-07-20,1.12259,1.12267,1.11184,1.1136,0
2023-07-21,1.11361,1.11449,1.11079,1.11254,0
2023-07-23,1.11197,1.11327,1.11194,1.11255,0
2023-07-24,1.11254,1.11469,1.10602,1.10782,0
2023-07-25,1.10782,1.10868,1.10255,1.10493,0
2023-07-26,1.10492,1.11178,1.10462,1.11002,0
2023-07-27,1.11002,1.11439,1.09662,1.09765,0
2023-07-28,1.09766,1.10475,1.09435,1.10125,0
2023-07-30,1.10206,1.10282,1.10091,1.10123,0
2023-07-31,1.10124,1.10458,1.09803,1.09855,0
2023-08-01,1.09854,1.10192,1.09523,1.09868,0
2023-08-02,1.09869,1.10006,1.09178,1.09347,0
2023-08-03,1.09347,1.09628,1.09122,1.09542,0
2023-08-04,1.09543,1.10419,1.09349,1.10029,0
2023-08-06,1.10141,1.10151,1.09951,1.09955,0
2023-08-07,1.09955,1.10116,1.09654,1.09818,0
2023-08-08,1.09817,1.10111,1.0929,1.09665,0
2023-08-09,1.09665,1.09953,1.0962,1.09791,0
2023-08-10,1.09791,1.1065,1.09761,1.09872,0
2023-08-11,1.09872,1.10049,1.09429,1.09433,0
2023-08-13,1.09493,1.09517,1.09292,1.09321,0
2023-08-14,1.09321,1.096,1.08747,1.09143,0
2023-08-15,1.09145,1.09524,1.08969,1.09064,0
2023-08-16,1.09064,1.09345,1.08618,1.08642,0
2023-08-17,1.08642,1.0918,1.08563,1.08859,0
2023-08-18,1.08861,1.08879,1.0845,1.08678,0
2023-08-20,1.08672,1.08841,1.08664,1.08803,0
2023-08-21,1.08804,1.09158,1.08723,1.0915,0
2023-08-22,1.09149,1.09303,1.08329,1.08574,0
2023-08-23,1.08574,1.0875,1.08025,1.08657,0
2023-08-24,1.08658,1.08764,1.07799,1.07804,0
2023-08-25,1.07804,1.08417,1.07658,1.07906,0
2023-08-27,1.07957,1.08101,1.07933,1.08094,0
2023-08-28,1.08093,1.08382,1.07989,1.08362,0
2023-08-29,1.08362,1.08919,1.07822,1.08691,0
2023-08-30,1.0869,1.09454,1.08551,1.09204,0
2023-08-31,1.09205,1.09244,1.08347,1.08417,0
2023-09-01,1.08416,1.08819,1.07716,1.07717,0
2023-09-03,1.07748,1.07872,1.07716,1.07857,0
2023-09-04,1.07857,1.08087,1.07807,1.07884,0
2023-09-05,1.07884,1.07938,1.07062,1.07332,0
2023-09-06,1.07331,1.07488,1.07025,1.07297,0
2023-09-07,1.07295,1.07302,1.06861,1.07164,0
2023-09-08,1.07165,1.07438,1.06941,1.06974,0
2023-09-10,1.07147,1.0728,1.07075,1.07225,0
2023-09-11,1.07226,1.07692,1.07154,1.07463,0
2023-09-12,1.07462,1.07648,1.07055,1.07471,0
2023-09-13,1.07472,1.07614,1.0711,1.07445,0
2023-09-14,1.07446,1.07521,1.06318,1.06474,0
2023-09-15,1.06476,1.06877,1.06443,1.06576,0
2023-09-17,1.06588,1.06736,1.06578,1.06641,0
2023-09-18,1.06641,1.06986,1.06546,1.06826,0
2023-09-19,1.06826,1.0718,1.06746,1.06795,0
2023-09-20,1.06794,1.07368,1.06167,1.06365,0
2023-09-21,1.06366,1.06734,1.06246,1.06514,0
2023-09-22,1.06514,1.06716,1.0615,1.06419,0
2023-09-24,1.06513,1.06555,1.06424,1.0648,0
2023-09-25,1.06479,1.06531,1.05753,1.05858,0
2023-09-26,1.05857,1.0609,1.05559,1.05619,0
2023-09-27,1.05619,1.0574,1.0488,1.0504,0
2023-09-28,1.0504,1.05827,1.0491,1.05754,0
2023-09-29,1.05753,1.06169,1.05638,1.05694,0
2023-10-01,1.05672,1.05721,1.05578,1.05698,0
2023-10-02,1.05697,1.05919,1.04638,1.04683,0
2023-10-03,1.04683,1.04933,1.04483,1.04592,0
2023-10-04,1.04593,1.05321,1.04514,1.0525,0
2023-10-05,1.05249,1.05518,1.05,1.05423,0
2023-10-06,1.05424,1.05999,1.04824,1.05828,0
2023-10-08,1.05529,1.05742,1.05494,1.05521,0
2023-10-09,1.05522,1.05836,1.05194,1.05694,0
2023-10-10,1.05693,1.06198,1.05542,1.06047,0
2023-10-11,1.06047,1.06346,1.05806,1.06287,0
2023-10-12,1.06285,1.06397,1.05257,1.05455,0
2023-10-13,1.05453,1.05584,1.04954,1.05073,0
2023-10-15,1.05083,1.05257,1.05025,1.05235,0
2023-10-16,1.05234,1.05627,1.05223,1.05498,0
2023-10-17,1.05499,1.05948,1.05328,1.05754,0
2023-10-18,1.05754,1.05941,1.05231,1.05338,0
2023-10-19,1.05336,1.06163,1.05282,1.05759,0
2023-10-20,1.0576,1.06035,1.05649,1.05927,0
2023-10-22,1.0595,1.05968,1.05733,1.05751,0
2023-10-23,1.0575,1.06871,1.05714,1.06824,0
2023-10-24,1.06825,1.06942,1.0583,1.0602,0
2023-10-25,1.06019,1.06067,1.05414,1.05467,0
2023-10-26,1.05467,1.05666,1.05221,1.05644,0
2023-10-27,1.05644,1.0597,1.05354,1.05605,0
2023-10-29,1.05644,1.05749,1.05551,1.05609,0
2023-10-30,1.05609,1.0625,1.05471,1.05938,0
2023-10-31,1.05938,1.06748,1.05574,1.05672,0
2023-11-01,1.05671,1.06021,1.05167,1.05959,0
2023-11-02,1.05958,1.06675,1.0591,1.06264,0
2023-11-03,1.06264,1.07467,1.06197,1.07295,0
2023-11-05,1.07232,1.07375,1.07207,1.07356,0
2023-11-06,1.07355,1.07562,1.07051,1.07064,0
2023-11-07,1.07065,1.07116,1.0664,1.0692,0
2023-11-08,1.0692,1.0716,1.06593,1.07088,0
2023-11-09,1.07088,1.07254,1.06601,1.06712,0
2023-11-10,1.06712,1.06927,1.0656,1.06848,0
2023-11-12,1.06818,1.06906,1.06799,1.06842,0
2023-11-13,1.06842,1.07061,1.0665,1.06963,0
2023-11-14,1.06962,1.08875,1.06928,1.08777,0
2023-11-15,1.08778,1.08858,1.083,1.08369,0
2023-11-16,1.08369,1.08955,1.08334,1.08502,0
2023-11-17,1.08504,1.09148,1.08247,1.09138,0
2023-11-19,1.09095,1.09358,1.08974,1.0922,0
2023-11-20,1.09219,1.09651,1.09129,1.09586,0
2023-11-21,1.09589,1.09639,1.09001,1.09137,0
2023-11-22,1.09136,1.09197,1.08522,1.09025,0
2023-11-23,1.09025,1.09303,1.0887,1.09035,0
2023-11-24,1.09035,1.09486,1.09014,1.09341,0
2023-11-26,1.09438,1.09497,1.09267,1.09473,0
2023-11-27,1.09472,1.09628,1.09251,1.09524,0
2023-11-28,1.09523,1.10171,1.09344,1.10025,0
2023-11-29,1.10024,1.10045,1.09601,1.09689,0
2023-11-30,1.0969,1.09817,1.08794,1.09066,0
2023-12-01,1.09066,1.09122,1.08287,1.08788,0
2023-12-03,1.08771,1.08948,1.08665,1.08714,0
2023-12-04,1.08715,1.08807,1.0804,1.0844,0
2023-12-05,1.0844,1.08474,1.07781,1.07943,0
2023-12-06,1.07942,1.08047,1.0758,1.07603,0
2023-12-07,1.07604,1.08175,1.07552,1.07829,0
2023-12-08,1.07828,1.07911,1.07236,1.07592,0
2023-12-10,1.07592,1.07739,1.07556,1.0763,0
2023-12-11,1.07629,1.07789,1.07415,1.07651,0
2023-12-12,1.07654,1.08279,1.07653,1.07862,0
2023-12-13,1.07864,1.09153,1.07731,1.08993,0
2023-12-14,1.08993,1.10092,1.088,1.0998,0
2023-12-15,1.0998,1.09992,1.08885,1.08922,0
2023-12-17,1.08973,1.09136,1.0892,1.09128,0
2023-12-18,1.0913,1.09311,1.09071,1.0923,0
2023-12-19,1.09229,1.09873,1.09207,1.09686,0
2023-12-20,1.09686,1.09756,1.09298,1.09491,0
2023-12-21,1.09492,1.10125,1.09352,1.10004,0
2023-12-22,1.10003,1.10401,1.09938,1.10135,0
2023-12-24,1.10108,1.10159,1.09933,1.10025,0
2023-12-25,1.10025,1.10286,1.09974,1.10224,0
2023-12-26,1.10223,1.1045,1.10085,1.10416,0
2023-12-27,1.10416,1.11226,1.10364,1.11102,0
2023-12-28,1.11101,1.11394,1.10552,1.10666,0
2023-12-29,1.10666,1.10806,1.10339,1.10361,0
2024-01-01,1.10427,1.10447,1.10165,1.10208,0
2024-01-02,1.10208,1.10387,1.09375,1.09622,0
2024-01-03,1.09623,1.09654,1.08929,1.09258,0
2024-01-04,1.09259,1.09721,1.09208,1.09371,0
2024-01-05,1.09371,1.09984,1.08767,1.09392,0
2024-01-07,1.09386,1.0953,1.09306,1.0934,0
2024-01-08,1.09342,1.09788,1.09226,1.09561,0
2024-01-09,1.0956,1.09629,1.09103,1.09321,0
2024-01-10,1.09321,1.09847,1.09228,1.09777,0
2024-01-11,1.09775,1.1,1.09302,1.09755,0
2024-01-12,1.09756,1.09868,1.09359,1.09483,0
2024-01-14,1.0948,1.09675,1.09407,1.09628,0
2024-01-15,1.09629,1.09666,1.09134,1.09175,0
2024-01-16,1.09175,1.09265,1.0862,1.08709,0
2024-01-17,1.08709,1.09028,1.08445,1.08941,0
2024-01-18,1.0894,1.09067,1.08466,1.08864,0
2024-01-19,1.08865,1.08983,1.08656,1.0896,0
2024-01-21,1.08906,1.09091,1.08878,1.09028,0
2024-01-22,1.09029,1.09094,1.08756,1.08983,0
2024-01-23,1.08984,1.09162,1.08215,1.08645,0
2024-01-24,1.08644,1.09323,1.08592,1.08754,0
2024-01-25,1.08754,1.09018,1.08216,1.08395,0
2024-01-26,1.08395,1.08854,1.08128,1.08504,0
2024-01-28,1.08468,1.0849,1.08393,1.08448,0
2024-01-29,1.08446,1.085,1.07958,1.08253,0
2024-01-30,1.08251,1.08573,1.08119,1.08205,0
2024-01-31,1.08203,1.08874,1.07949,1.08076,0
2024-02-01,1.08076,1.08796,1.07799,1.0873,0
2024-02-02,1.0873,1.08974,1.07804,1.07849,0
2024-02-04,1.07854,1.07858,1.07673,1.07788,0
2024-02-05,1.07788,1.07861,1.07231,1.07489,0
2024-02-06,1.0749,1.07665,1.07225,1.0759,0
2024-02-07,1.07589,1.07883,1.07556,1.07799,0
2024-02-08,1.07797,1.07889,1.07416,1.07711,0
2024-02-09,1.0771,1.07951,1.07621,1.07821,0
2024-02-11,1.07767,1.07997,1.07766,1.07904,0
2024-02-12,1.07903,1.08055,1.07559,1.07637,0
2024-02-13,1.07635,1.07985,1.07005,1.07143,0
2024-02-14,1.07144,1.07354,1.06949,1.07259,0
2024-02-15,1.0726,1.07847,1.0726,1.07593,0
2024-02-16,1.07591,1.07874,1.07319,1.07749,0
2024-02-18,1.07718,1.07889,1.07718,1.07778,0
2024-02-19,1.07779,1.07894,1.07615,1.07689,0
2024-02-20,1.0769,1.08387,1.07651,1.08141,0
2024-02-21,1.08141,1.08321,1.07899,1.08303,0
2024-02-22,1.08302,1.08882,1.08026,1.08254,0
2024-02-23,1.08253,1.08395,1.08117,1.08174,0
2024-02-25,1.08318,1.08322,1.08126,1.08211,0
2024-02-26,1.0821,1.08597,1.08188,1.08534,0
2024-02-27,1.08533,1.08659,1.08318,1.08323,0
2024-02-28,1.08322,1.08458,1.07966,1.08363,0
2024-02-29,1.08363,1.08558,1.07958,1.08135,0
2024-03-01,1.08135,1.08432,1.07981,1.08368,0
2024-03-03,1.08359,1.0848,1.0835,1.08436,0
2024-03-04,1.08435,1.08667,1.08377,1.08505,0
2024-03-05,1.08504,1.0876,1.08403,1.08516,0
2024-03-06,1.08516,1.09153,1.08516,1.09035,0
2024-03-07,1.09034,1.09556,1.08678,1.09456,0
2024-03-08,1.09456,1.09812,1.09183,1.09348,0
2024-03-10,1.09411,1.09465,1.09359,1.09386,0
2024-03-11,1.09386,1.0948,1.09145,1.09368,0
2024-03-12,1.09369,1.09438,1.09023,1.09234,0
2024-03-13,1.09233,1.09638,1.09201,1.09424,0
2024-03-14,1.09424,1.09454,1.0873,1.08763,0
2024-03-15,1.08763,1.08996,1.08732,1.08869,0
2024-03-17,1.08905,1.08917,1.08805,1.08875,0
2024-03-18,1.08875,1.09061,1.08661,1.08706,0
2024-03-19,1.08706,1.08721,1.08347,1.08665,0
2024-03-20,1.08666,1.09389,1.08364,1.09331,0
2024-03-21,1.09331,1.09426,1.08311,1.08332,0
2024-03-22,1.08332,1.08419,1.08017,1.08065,0
2024-03-24,1.08068,1.0822,1.08021,1.08131,0
2024-03-25,1.08131,1.08454,1.08071,1.08401,0
2024-03-26,1.084,1.08643,1.08205,1.08298,0
2024-03-27,1.08298,1.0839,1.0808,1.08234,0
2024-03-28,1.08235,1.08265,1.07736,1.07766,0
2024-03-29,1.07765,1.08051,1.07678,1.07898,0
2024-03-31,1.07882,1.07987,1.07847,1.07903,0
2024-04-01,1.07902,1.07921,1.07295,1.073,0
2024-04-02,1.07302,1.07793,1.07246,1.07772,0
2024-04-03,1.07773,1.08444,1.0764,1.08425,0
2024-04-04,1.08425,1.08765,1.08233,1.08267,0
2024-04-05,1.08266,1.08479,1.07913,1.08352,0
2024-04-07,1.08347,1.08432,1.0823,1.08333,0
2024-04-08,1.08334,1.08635,1.08208,1.08553,0
2024-04-09,1.08554,1.0885,1.08477,1.08529,0
2024-04-10,1.0853,1.08665,1.07288,1.07446,0
2024-04-11,1.07446,1.07564,1.06992,1.0717,0
2024-04-12,1.07171,1.07174,1.06226,1.06385,0
2024-04-14,1.06352,1.06549,1.06309,1.06519,0
2024-04-15,1.06519,1.06651,1.06061,1.06113,0
2024-04-16,1.06114,1.06535,1.0601,1.06271,0
2024-04-17,1.06272,1.06802,1.0606,1.06799,0
2024-04-18,1.06799,1.069,1.06104,1.06371,0
2024-04-19,1.06372,1.06775,1.0627,1.06526,0
2024-04-21,1.06495,1.06706,1.06456,1.06617,0
2024-04-22,1.06617,1.06691,1.06239,1.06561,0
2024-04-23,1.06561,1.07142,1.06385,1.07062,0
2024-04-24,1.07062,1.07088,1.06779,1.07058,0
2024-04-25,1.07058,1.07402,1.06783,1.07231,0
2024-04-26,1.07231,1.07527,1.06738,1.06911,0
2024-04-28,1.06898,1.07199,1.06898,1.07162,0
2024-04-29,1.07161,1.07337,1.06902,1.07054,0
2024-04-30,1.07055,1.07353,1.06558,1.06564,0
2024-05-01,1.06565,1.07326,1.06494,1.07146,0
2024-05-02,1.07147,1.07393,1.06742,1.07348,0
2024-05-03,1.07349,1.08124,1.07244,1.07594,0
2024-05-05,1.076,1.07715,1.07553,1.07648,0
2024-05-06,1.07647,1.07907,1.07576,1.07687,0
2024-05-07,1.07687,1.07873,1.0738,1.07411,0
2024-05-08,1.07411,1.07574,1.0735,1.07476,0
2024-05-09,1.07477,1.07858,1.07239,1.0776,0
2024-05-10,1.07761,1.079,1.07603,1.07694,0
2024-05-12,1.07721,1.07752,1.07658,1.07716,0
2024-05-13,1.07715,1.08068,1.07687,1.07876,0
2024-05-14,1.07876,1.08277,1.07669,1.08261,0
2024-05-15,1.08261,1.08949,1.08205,1.08872,0
2024-05-16,1.08872,1.08872,1.08543,1.0859,0
2024-05-17,1.08588,1.08784,1.08356,1.08674,0
2024-05-19,1.08664,1.08786,1.0864,1.08779,0
2024-05-20,1.0878,1.08844,1.08509,1.08559,0
2024-05-21,1.08557,1.08747,1.08425,1.08556,0
2024-05-22,1.08557,1.08633,1.08174,1.08303,0
2024-05-23,1.08302,1.0861,1.08048,1.08063,0
2024-05-24,1.08063,1.08578,1.08054,1.0846,0
2024-05-26,1.0845,1.08519,1.0843,1.0849,0
2024-05-27,1.08492,1.08785,1.08405,1.08784,0
2024-05-28,1.08784,1.0889,1.08457,1.08471,0
2024-05-29,1.0847,1.08588,1.07938,1.07979,0
2024-05-30,1.07979,1.08451,1.07883,1.08191,0
2024-05-31,1.08193,1.08822,1.08145,1.0845,0
2024-06-02,1.08462,1.08587,1.08453,1.08497,0
2024-06-03,1.08497,1.0916,1.08278,1.09074,0
2024-06-04,1.09074,1.09108,1.0859,1.08784,0
2024-06-05,1.08783,1.08957,1.08544,1.08906,0
2024-06-06,1.08906,1.0902,1.08619,1.08945,0
2024-06-07,1.08944,1.09018,1.07993,1.08017,0
2024-06-09,1.07783,1.07814,1.07554,1.07555,0
2024-06-10,1.07554,1.0769,1.07327,1.07685,0
2024-06-11,1.07683,1.07734,1.07194,1.07402,0
2024-06-12,1.07401,1.08521,1.07355,1.08068,0
2024-06-13,1.08068,1.08163,1.07328,1.07401,0
2024-06-14,1.07401,1.07409,1.06676,1.07025,0
2024-06-16,1.07028,1.07089,1.06989,1.07036,0
2024-06-17,1.07037,1.0741,1.06863,1.07246,0
2024-06-18,1.07246,1.07615,1.07099,1.07377,0
2024-06-19,1.07377,1.07533,1.07248,1.07419,0
2024-06-20,1.07419,1.07449,1.07012,1.07162,0
2024-06-21,1.07162,1.07205,1.0671,1.06918,0
2024-06-23,1.06849,1.06955,1.06837,1.06916,0
2024-06-24,1.06916,1.07463,1.06914,1.07385,0
2024-06-25,1.07385,1.07441,1.06906,1.0711,0
2024-06-26,1.07109,1.07115,1.0666,1.06908,0
2024-06-27,1.06907,1.07264,1.06805,1.06921,0
2024-06-28,1.06921,1.07246,1.06856,1.07119,0
2024-06-30,1.07438,1.07615,1.0732,1.07528,0
2024-07-01,1.07527,1.07763,1.07197,1.07322,0
2024-07-02,1.07323,1.07542,1.071,1.07435,0
2024-07-03,1.07434,1.08168,1.07363,1.07852,0
2024-07-04,1.07852,1.08245,1.07847,1.08218,0
2024-07-05,1.08216,1.08426,1.07993,1.0837,0
2024-07-07,1.08014,1.08363,1.07998,1.08314,0
2024-07-08,1.08314,1.0845,1.08146,1.08281,0
2024-07-09,1.08283,1.08311,1.08054,1.08199,0
2024-07-10,1.082,1.084,1.08118,1.08379,0
2024-07-11,1.08379,1.08999,1.08322,1.08687,0
2024-07-12,1.08686,1.09113,1.08617,1.09054,0
2024-07-14,1.08852,1.08956,1.08818,1.0894,0
2024-07-15,1.0894,1.09222,1.08837,1.0893,0
2024-07-16,1.08929,1.09068,1.08715,1.09061,0
2024-07-17,1.09062,1.0948,1.0895,1.09328,0
2024-07-18,1.09329,1.09388,1.08863,1.08883,0
2024-07-19,1.08883,1.08941,1.08756,1.08779,0
2024-07-21,1.08861,1.09027,1.08807,1.08915,0
2024-07-22,1.08916,1.08967,1.0873,1.08941,0
2024-07-23,1.08941,1.08947,1.08416,1.0845,0
2024-07-24,1.08451,1.08664,1.08256,1.08427,0
2024-07-25,1.08427,1.08699,1.08282,1.08583,0
2024-07-26,1.08582,1.08681,1.0842,1.08547,0
2024-07-28,1.08553,1.087,1.08508,1.08622,0
2024-07-29,1.08623,1.08637,1.08028,1.08221,0
2024-07-30,1.0822,1.08356,1.07982,1.0822,0
2024-07-31,1.0822,1.08493,1.08019,1.08328,0
2024-08-01,1.08328,1.08354,1.07774,1.0793,0
2024-08-02,1.07931,1.09265,1.07861,1.09098,0
2024-08-04,1.09225,1.09311,1.09028,1.09305,0
2024-08-05,1.09305,1.10088,1.08923,1.0954,0
2024-08-06,1.09541,1.09558,1.09037,1.09157,0
2024-08-07,1.09157,1.09366,1.09053,1.09348,0
2024-08-08,1.09348,1.09451,1.08814,1.09228,0
2024-08-09,1.09228,1.09313,1.0909,1.09167,0
2024-08-11,1.09142,1.0923,1.091,1.0914,0
2024-08-12,1.09138,1.09393,1.09136,1.09369,0
2024-08-13,1.09369,1.09996,1.09137,1.099,0
2024-08-14,1.099,1.10473,1.09863,1.1008,0
2024-08-15,1.10082,1.10154,1.09495,1.0977,0
2024-08-16,1.09771,1.10296,1.0976,1.10211,0
2024-08-18,1.10265,1.10403,1.10227,1.10389,0
2024-08-19,1.1039,1.10875,1.10301,1.10755,0
2024-08-20,1.10756,1.11325,1.10719,1.1121,0
2024-08-21,1.1121,1.1174,1.10992,1.11446,0
2024-08-22,1.11446,1.11646,1.1098,1.11247,0
2024-08-23,1.11248,1.12008,1.11055,1.1191,0
2024-08-25,1.11854,1.12015,1.11815,1.11834,0
2024-08-26,1.11834,1.11892,1.115,1.11667,0
2024-08-27,1.11667,1.11905,1.11501,1.11657,0
2024-08-28,1.11657,1.11679,1.1105,1.11356,0
2024-08-29,1.11357,1.11399,1.10556,1.10737,0
2024-08-30,1.10736,1.1095,1.10438,1.10456,0
2024-09-01,1.10462,1.10556,1.10419,1.10484,0
2024-09-02,1.10485,1.10773,1.10439,1.10579,0
2024-09-03,1.10579,1.1069,1.10263,1.1054,0
2024-09-04,1.10538,1.10951,1.104,1.10769,0
2024-09-05,1.10769,1.11197,1.10746,1.11151,0
2024-09-06,1.11151,1.11556,1.10656,1.10825,0
2024-09-08,1.10781,1.1091,1.10781,1.10799,0
2024-09-09,1.10798,1.10802,1.10283,1.10384,0
2024-09-10,1.10384,1.10496,1.10151,1.10385,0
2024-09-11,1.10386,1.10549,1.10019,1.10136,0
2024-09-12,1.10136,1.10902,1.10055,1.10869,0
2024-09-13,1.1087,1.11017,1.10721,1.10732,0
2024-09-15,1.10757,1.11049,1.10743,1.1104,0
2024-09-16,1.1104,1.11374,1.10956,1.11239,0
2024-09-17,1.1124,1.11461,1.11109,1.11262,0
2024-09-18,1.11262,1.11891,1.10683,1.11185,0
2024-09-19,1.11185,1.11787,1.11149,1.11656,0
2024-09-20,1.11657,1.11818,1.1136,1.11626,0
2024-09-22,1.1158,1.11648,1.11558,1.11615,0
2024-09-23,1.11615,1.11672,1.10831,1.11126,0
2024-09-24,1.11125,1.11987,1.11042,1.1198,0
2024-09-25,1.1198,1.1214,1.11215,1.11405,0
2024-09-26,1.11404,1.11893,1.11257,1.1169,0
2024-09-27,1.11689,1.1203,1.11248,1.11619,0
2024-09-29,1.11582,1.11739,1.11526,1.11581,0
2024-09-30,1.11582,1.12089,1.11136,1.11377,0
2024-10-01,1.11377,1.11439,1.10458,1.10706,0
2024-10-02,1.10706,1.10828,1.1032,1.10357,0
2024-10-03,1.10356,1.10468,1.10082,1.1027,0
2024-10-04,1.1027,1.10367,1.09512,1.09739,0
2024-10-06,1.0962,1.09775,1.0962,1.09719,0
2024-10-07,1.0972,1.09868,1.09542,1.09832,0
2024-10-08,1.09832,1.09971,1.09608,1.09678,0
2024-10-09,1.09678,1.0976,1.09362,1.09435,0
2024-10-10,1.09435,1.09548,1.09,1.09395,0
2024-10-11,1.09395,1.09537,1.0926,1.09353,0
2024-10-13,1.0931,1.09335,1.09153,1.09256,0
2024-10-14,1.09255,1.09366,1.08881,1.08964,0
2024-10-15,1.08964,1.09167,1.08819,1.08909,0
2024-10-16,1.08908,1.09014,1.08512,1.0853,0
2024-10-17,1.0853,1.08737,1.0811,1.08385,0
2024-10-18,1.08386,1.08694,1.08341,1.08655,0
2024-10-20,1.08605,1.08717,1.08605,1.08662,0
2024-10-21,1.08662,1.08662,1.08111,1.0819,0
2024-10-22,1.0819,1.0838,1.07922,1.08021,0
2024-10-23,1.08022,1.08066,1.07612,1.07868,0
2024-10-24,1.07868,1.08298,1.07706,1.08217,0
2024-10-25,1.08216,1.08392,1.0793,1.07945,0
2024-10-27,1.07938,1.08015,1.0782,1.07876,0
2024-10-28,1.07876,1.08276,1.07819,1.08086,0
2024-10-29,1.08087,1.08263,1.07688,1.08165,0
2024-10-30,1.08166,1.08713,1.08079,1.08478,0
2024-10-31,1.08477,1.08885,1.08461,1.0877,0
2024-11-01,1.08771,1.09057,1.08317,1.08327,0
2024-11-03,1.08778,1.09049,1.08699,1.08974,0
2024-11-04,1.08973,1.09147,1.08724,1.08752,0
2024-11-05,1.08752,1.09369,1.0719,1.07775,0
2024-11-06,1.07774,1.07944,1.06824,1.07377,0
2024-11-07,1.07378,1.08247,1.07374,1.07828,0
2024-11-08,1.07828,1.07974,1.06868,1.07182,0
2024-11-10,1.07093,1.07277,1.07075,1.07138,0
2024-11-11,1.07141,1.07221,1.06286,1.0644,0
2024-11-12,1.0644,1.06457,1.05951,1.06177,0
2024-11-13,1.06178,1.0654,1.05451,1.05484,0
2024-11-14,1.05485,1.05825,1.0496,1.05425,0
2024-11-15,1.05425,1.0593,1.05163,1.05394,0
2024-11-17,1.0528,1.05505,1.0528,1.05407,0
2024-11-18,1.05406,1.06071,1.05325,1.0587,0
2024-11-19,1.0587,1.06097,1.05233,1.05929,0
2024-11-20,1.05929,1.05954,1.05068,1.05512,0
2024-11-21,1.05513,1.05544,1.04622,1.04747,0
2024-11-22,1.04745,1.04981,1.03325,1.04193,0
2024-11-24,1.04806,1.05013,1.04618,1.04791,0
2024-11-25,1.04792,1.05303,1.0425,1.04797,0
2024-11-26,1.04795,1.05447,1.04571,1.04786,0
2024-11-27,1.04785,1.05876,1.04744,1.05546,0
2024-11-28,1.05547,1.05767,1.05275,1.05699,0
2024-11-29,1.05698,1.05971,1.05414,1.05748,0
2024-12-01,1.05711,1.05733,1.05189,1.05233,0
2024-12-02,1.05233,1.05382,1.04607,1.04853,0
2024-12-03,1.04854,1.0535,1.04807,1.05107,0
2024-12-04,1.05107,1.05439,1.04723,1.05182,0
2024-12-05,1.05181,1.05896,1.05171,1.05752,0
2024-12-06,1.05753,1.06298,1.05423,1.05673,0
2024-12-08,1.05544,1.05692,1.0532,1.05346,0
2024-12-09,1.05347,1.05944,1.05337,1.05575,0
2024-12-10,1.05574,1.0568,1.04984,1.05245,0
2024-12-11,1.05245,1.05373,1.04802,1.05089,0
2024-12-12,1.0509,1.05308,1.04562,1.04634,0
2024-12-13,1.04636,1.05241,1.04531,1.05017,0
2024-12-15,1.04854,1.05228,1.04847,1.05159,0
2024-12-16,1.05159,1.05343,1.04745,1.05081,0
2024-12-17,1.05081,1.05159,1.0479,1.0503,0
2024-12-18,1.05029,1.05127,1.03439,1.03789,0
2024-12-19,1.03789,1.04222,1.03545,1.03587,0
2024-12-20,1.03587,1.04474,1.03429,1.04254,0
2024-12-22,1.04308,1.04452,1.04268,1.04429,0
2024-12-23,1.04429,1.04443,1.03842,1.03963,0
2024-12-24,1.03967,1.04106,1.03835,1.04058,0
2024-12-25,1.04037,1.04083,1.0393,1.03977,0
2024-12-26,1.03976,1.04301,1.03905,1.0409,0
2024-12-27,1.0409,1.0444,1.04049,1.04225,0
2024-12-29,1.04247,1.04346,1.04208,1.04253,0
2024-12-30,1.04252,1.04583,1.03717,1.04041,0
2024-12-31,1.04042,1.04243,1.0344,1.03531,0
2025-01-01,1.03503,1.03756,1.03442,1.03692,0
2025-01-02,1.03693,1.03723,1.02237,1.02695,0
2025-01-03,1.02696,1.03099,1.02646,1.03066,0
2025-01-05,1.03015,1.03182,1.02932,1.03151,0
2025-01-06,1.03151,1.04367,1.03076,1.03917,0
2025-01-07,1.03918,1.04343,1.03388,1.03512,0
2025-01-08,1.03512,1.03575,1.02731,1.0309,0
2025-01-09,1.03089,1.0319,1.02836,1.0295,0
2025-01-10,1.0295,1.03118,1.02127,1.024,0
2025-01-12,1.02357,1.02499,1.02076,1.02117,0
2025-01-13,1.02116,1.02774,1.01772,1.02502,0
2025-01-14,1.02501,1.03086,1.02394,1.03023,0
2025-01-15,1.03022,1.03544,1.0259,1.02869,0
2025-01-16,1.0287,1.03149,1.02604,1.02936,0
2025-01-17,1.02937,1.03306,1.02652,1.0271,0
2025-01-19,1.02792,1.03071,1.02663,1.03042,0
2025-01-20,1.03043,1.04343,1.02994,1.03897,0
2025-01-21,1.03897,1.04353,1.0342,1.04171,0
2025-01-22,1.0417,1.04573,1.03967,1.04107,0
2025-01-23,1.04107,1.04537,1.03719,1.04472,0
2025-01-24,1.04471,1.05213,1.04436,1.04919,0
2025-01-26,1.04763,1.04851,1.04588,1.04632,0
2025-01-27,1.04632,1.0533,1.04244,1.04335,0
2025-01-28,1.04335,1.04442,1.04137,1.04384,0
2025-01-29,1.04383,1.04434,1.03822,1.04189,0
2025-01-30,1.04188,1.04677,1.03768,1.03873,0
2025-01-31,1.03872,1.0434,1.03496,1.03602,0
2025-02-02,1.02327,1.02698,1.02103,1.02264,0
2025-02-03,1.02266,1.03503,1.02126,1.03057,0
2025-02-04,1.03056,1.03874,1.02721,1.03784,0
2025-02-05,1.03784,1.04424,1.03732,1.03869,0
2025-02-06,1.03868,1.03964,1.03523,1.0381,0
2025-02-07,1.03809,1.04124,1.03049,1.0326,0
2025-02-09,1.02918,1.03183,1.02839,1.03132,0
2025-02-10,1.03134,1.03363,1.02919,1.0304,0
2025-02-11,1.03041,1.03813,1.02998,1.03561,0
2025-02-12,1.03561,1.04353,1.03168,1.04344,0
2025-02-13,1.04345,1.04685,1.03727,1.04547,0
2025-02-14,1.04548,1.0514,1.0447,1.04913,0
2025-02-16,1.04858,1.05062,1.04847,1.04954,0
2025-02-17,1.04956,1.04981,1.04552,1.0457,0
2025-02-18,1.0457,1.04692,1.0435,1.04523,0
2025-02-19,1.04522,1.04613,1.04009,1.04302,0
2025-02-20,1.043,1.05054,1.04233,1.04988,0
2025-02-21,1.04988,1.05005,1.04492,1.0457,0
2025-02-23,1.04706,1.05282,1.04618,1.05154,0
2025-02-24,1.05152,1.05196,1.04527,1.0473,0
2025-02-25,1.04731,1.0525,1.0456,1.04971,0
2025-02-26,1.0497,1.05287,1.04589,1.04626,0
2025-02-27,1.04628,1.04893,1.03802,1.03864,0
2025-02-28,1.03866,1.04198,1.03597,1.03747,0
2025-03-02,1.04032,1.04231,1.03992,1.04177,0
2025-03-03,1.04175,1.05036,1.03883,1.04778,0
2025-03-04,1.04778,1.06369,1.04708,1.06189,0
2025-03-05,1.06188,1.082,1.06186,1.08033,0
2025-03-06,1.08035,1.08534,1.07655,1.08128,0
2025-03-07,1.08128,1.08884,1.08075,1.08292,0
2025-03-09,1.08312,1.08711,1.08269,1.08306,0
2025-03-10,1.08303,1.08744,1.08051,1.08543,0
2025-03-11,1.08543,1.09471,1.08354,1.08988,0
2025-03-12,1.08987,1.09314,1.08755,1.08933,0
2025-03-13,1.08933,1.08933,1.08222,1.08407,0
2025-03-14,1.08408,1.09125,1.08304,1.08765,0
2025-03-16,1.08766,1.08936,1.08741,1.08818,0
2025-03-17,1.0882,1.09297,1.08685,1.09108,0
2025-03-18,1.09106,1.09545,1.08924,1.09298,0
2025-03-19,1.09296,1.0936,1.08603,1.09031,0
2025-03-20,1.09032,1.09032,1.08145,1.08301,0
2025-03-21,1.083,1.08611,1.0797,1.08121,0
2025-03-23,1.0813,1.08398,1.08115,1.08227,0
2025-03-24,1.08225,1.08579,1.07813,1.08032,0
2025-03-25,1.08031,1.083,1.07767,1.07841,0
2025-03-26,1.07839,1.08025,1.07328,1.07803,0
2025-03-27,1.07802,1.0821,1.0754,1.07884,0
2025-03-28,1.07884,1.08447,1.07644,1.08237,0
2025-03-30,1.08228,1.08458,1.08049,1.08327,0
2025-03-31,1.08328,1.08492,1.07838,1.08265,0
2025-04-01,1.08266,1.08299,1.07782,1.07955,0
2025-04-02,1.07955,1.09244,1.078,1.09147,0
2025-04-03,1.09148,1.11462,1.09053,1.10933,0
2025-04-04,1.10932,1.11076,1.09242,1.09573,0
2025-04-06,1.08894,1.10006,1.08792,1.09502,0
2025-04-07,1.09501,1.10498,1.09007,1.09633,0
2025-04-08,1.09632,1.10397,1.08886,1.10193,0
2025-04-09,1.10192,1.10948,1.09132,1.09814,0
2025-04-10,1.09813,1.13852,1.09624,1.13407,0
2025-04-11,1.13406,1.14736,1.12466,1.13554,0
2025-04-13,1.13108,1.14087,1.13108,1.13714,0
2025-04-14,1.13721,1.14244,1.12956,1.13474,0
2025-04-15,1.1347,1.13789,1.12639,1.1343,0
2025-04-16,1.13431,1.14127,1.13326,1.1364,0
2025-04-17,1.13639,1.13884,1.13349,1.13733,0
2025-04-18,1.13731,1.13972,1.13578,1.13901,0
2025-04-20,1.13946,1.15319,1.13925,1.15148,0
2025-04-21,1.15149,1.15729,1.14815,1.15346,0
2025-04-22,1.15348,1.1547,1.13077,1.13789,0
2025-04-23,1.13788,1.14399,1.13102,1.13379,0
2025-04-24,1.1338,1.13975,1.13249,1.13258,0
2025-04-25,1.1326,1.13885,1.13155,1.13628,0
2025-04-27,1.13636,1.13664,1.13398,1.13561,0
2025-04-28,1.13556,1.14248,1.13292,1.13903,0
2025-04-29,1.13904,1.14186,1.13547,1.13685,0
2025-04-30,1.13685,1.13994,1.12997,1.13118,0
2025-05-01,1.13119,1.13409,1.12657,1.13126,0
2025-05-02,1.13127,1.13808,1.12922,1.12946,0
2025-05-04,1.12987,1.13466,1.12905,1.13321,0
2025-05-05,1.13321,1.13646,1.12797,1.13149,0
2025-05-06,1.13148,1.13808,1.13051,1.13455,0
2025-05-07,1.13456,1.1378,1.12917,1.1327,0
2025-05-08,1.13271,1.13308,1.11964,1.12223,0
2025-05-09,1.12226,1.12928,1.1218,1.1246,0
2025-05-11,1.119,1.12426,1.119,1.12328,0
2025-05-12,1.12327,1.12355,1.10651,1.11161,0
2025-05-13,1.11163,1.11976,1.10968,1.11952,0
2025-05-14,1.11952,1.12655,1.11645,1.11965,0
2025-05-15,1.11965,1.12279,1.117,1.12002,0
2025-05-16,1.12004,1.12195,1.11308,1.11612,0
2025-05-18,1.11749,1.11988,1.11711,1.1181,0
2025-05-19,1.11809,1.12879,1.11761,1.12449,0
2025-05-20,1.12448,1.13398,1.12235,1.1334,0
2025-05-21,1.13339,1.13628,1.13107,1.1333,0
2025-05-22,1.1333,1.13417,1.12558,1.13112,0
2025-05-23,1.13112,1.13754,1.12973,1.13592,0
2025-05-25,1.13617,1.14185,1.13585,1.14114,0
2025-05-26,1.14114,1.14183,1.13688,1.13934,0
2025-05-27,1.13935,1.13977,1.13004,1.13072,0
2025-05-28,1.13072,1.13406,1.12103,1.12484,0
2025-05-29,1.12484,1.13897,1.12309,1.13494,0
2025-05-30,1.13496,1.13669,1.13123,1.13453,0
2025-06-01,1.13439,1.13819,1.13435,1.13616,0
2025-06-02,1.13617,1.14544,1.13596,1.14196,0
2025-06-03,1.14196,1.14322,1.13639,1.13676,0
2025-06-04,1.13677,1.14347,1.13568,1.14104,0
2025-06-05,1.14103,1.14948,1.14045,1.14401,0
2025-06-06,1.144,1.14424,1.13715,1.13935,0
2025-06-08,1.13952,1.14253,1.13903,1.14119,0
2025-06-09,1.14118,1.14391,1.13859,1.14029,0
2025-06-10,1.14029,1.14475,1.13729,1.14161,0
2025-06-11,1.14162,1.15291,1.14052,1.15196,0
2025-06-12,1.15196,1.16311,1.15056,1.1537,0
2025-06-13,1.15371,1.15694,1.1489,1.15457,0
2025-06-15,1.15309,1.15469,1.15238,1.15272,0
2025-06-16,1.15273,1.16147,1.15273,1.15619,0
2025-06-17,1.1562,1.15796,1.14743,1.14997,0
2025-06-18,1.15,1.153,1.14502,1.14657,0
2025-06-19,1.1466,1.15302,1.14461,1.15293,0
2025-06-20,1.15292,1.15439,1.1495,1.15189,0
2025-06-22,1.14602,1.15073,1.14544,1.14939,0
2025-06-23,1.14937,1.16096,1.14533,1.16056,0
2025-06-24,1.16056,1.16417,1.15798,1.16116,0
2025-06-25,1.16117,1.17174,1.15898,1.16945,0
2025-06-26,1.16945,1.17449,1.16716,1.16959,0
2025-06-27,1.16958,1.17539,1.16837,1.17162,0
2025-06-29,1.17287,1.17385,1.17115,1.17121,0
2025-06-30,1.17123,1.18076,1.17075,1.17892,0
2025-07-01,1.17894,1.18298,1.17611,1.18002,0
2025-07-02,1.18001,1.181,1.17467,1.17916,0
2025-07-03,1.17914,1.18099,1.17169,1.17701,0
2025-07-04,1.177,1.17873,1.17636,1.17719,0
2025-07-06,1.17793,1.17901,1.17644,1.17689,0
2025-07-07,1.17689,1.17737,1.16868,1.17467,0
2025-07-08,1.17467,1.1765,1.16825,1.17038,0
2025-07-09,1.17035,1.17494,1.16895,1.17338,0
2025-07-10,1.17339,1.17433,1.16623,1.16817,0
2025-07-11,1.16815,1.17138,1.16691,1.16852,0
2025-07-13,1.16658,1.16978,1.16611,1.16809,0
2025-07-14,1.16808,1.1697,1.16541,1.16756,0
2025-07-15,1.16758,1.16925,1.15927,1.16108,0
2025-07-16,1.16109,1.17212,1.15623,1.16188,0
2025-07-17,1.16189,1.1634,1.15566,1.16237,0
2025-07-18,1.16237,1.16716,1.16119,1.16207,0
2025-07-20,1.16236,1.16362,1.16145,1.16253,0
2025-07-21,1.16251,1.17166,1.1623,1.16871,0
2025-07-22,1.16873,1.17607,1.16788,1.17387,0
2025-07-23,1.17389,1.178,1.17109,1.1775,0
2025-07-24,1.17748,1.17887,1.17303,1.17425,0
2025-07-25,1.17423,1.17609,1.17028,1.17396,0
2025-07-27,1.17552,1.177,1.17463,1.17562,0
2025-07-28,1.17563,1.17579,1.15814,1.15829,0
2025-07-29,1.15827,1.15902,1.15188,1.15616,0
2025-07-30,1.15615,1.15685,1.14008,1.14233,0
2025-07-31,1.14232,1.14606,1.14047,1.14181,0
2025-08-01,1.14182,1.15969,1.13915,1.1583,0
2025-08-03,1.1591,1.15963,1.15501,1.15792,0
2025-08-04,1.1579,1.15885,1.15497,1.15552,0
2025-08-05,1.1555,1.1586,1.15277,1.15799,0
2025-08-06,1.15799,1.16683,1.15705,1.16643,0
2025-08-07,1.16643,1.16986,1.16108,1.16597,0
2025-08-08,1.16596,1.16677,1.16287,1.16368,0
2025-08-10,1.16444,1.16754,1.16417,1.16713,0
2025-08-11,1.16712,1.16753,1.159,1.16207,0
2025-08-12,1.16205,1.16971,1.15986,1.16838,0
2025-08-13,1.16836,1.17301,1.16766,1.17033,0
2025-08-14,1.17033,1.17064,1.16309,1.16599,0
2025-08-15,1.166,1.17151,1.16589,1.17026,0
2025-08-17,1.17101,1.17157,1.16935,1.17033,0
2025-08-18,1.17034,1.17102,1.1639,1.16549,0
2025-08-19,1.16549,1.16928,1.16221,1.16329,0
2025-08-20,1.16329,1.16736,1.16231,1.1646,0
2025-08-21,1.16461,1.16626,1.15888,1.15895,0
2025-08-22,1.15897,1.17425,1.15828,1.17148,0
2025-08-24,1.17203,1.17259,1.16935,1.17066,0
2025-08-25,1.17068,1.17204,1.16028,1.16256,0
2025-08-26,1.16254,1.16652,1.16021,1.16251,0
2025-08-27,1.16251,1.16546,1.1574,1.16428,0
2025-08-28,1.16429,1.16972,1.16289,1.16624,0
2025-08-29,1.16623,1.17089,1.16507,1.16826,0
2025-08-31,1.16935,1.17142,1.16845,1.1708,0
2025-09-01,1.17081,1.17362,1.1692,1.16951,0
2025-09-02,1.16951,1.17064,1.16127,1.16234,0
2025-09-03,1.16234,1.1682,1.16081,1.16531,0
2025-09-04,1.16531,1.16745,1.16298,1.16713,0
2025-09-05,1.16713,1.17593,1.16648,1.17141,0
2025-09-07,1.17111,1.17197,1.17036,1.17092,0
2025-09-08,1.17092,1.17779,1.17059,1.17638,0
2025-09-09,1.17639,1.17799,1.16891,1.1708,0
2025-09-10,1.1708,1.17306,1.16824,1.16956,0
2025-09-11,1.16955,1.1746,1.16589,1.17249,0
2025-09-12,1.1725,1.17475,1.17013,1.17301,0
2025-09-14,1.17303,1.17344,1.17218,1.17312,0
2025-09-15,1.17312,1.17866,1.1716,1.17802,0
2025-09-16,1.17802,1.18783,1.17735,1.18518,0
2025-09-17,1.18517,1.19186,1.18074,1.18121,0
2025-09-18,1.1812,1.18482,1.175,1.17816,0
2025-09-19,1.17818,1.17896,1.17286,1.17405,0
2025-09-21,1.17449,1.17477,1.17262,1.17324,0
2025-09-22,1.17324,1.18199,1.17263,1.18054,0
2025-09-23,1.18056,1.1819,1.17787,1.17974,0
2025-09-24,1.17971,1.18049,1.1728,1.17524,0
2025-09-25,1.17525,1.17538,1.16454,1.16782,0
2025-09-26,1.1678,1.17072,1.16615,1.17005,0
2025-09-28,1.16986,1.17292,1.16986,1.17251,0
2025-09-29,1.17249,1.17544,1.17075,1.17236,0
2025-09-30,1.17234,1.17615,1.17164,1.17378,0
2025-10-01,1.17381,1.17785,1.17154,1.17346,0
2025-10-02,1.17345,1.17583,1.16829,1.17262,0
2025-10-03,1.17262,1.17591,1.17146,1.17382,0
2025-10-05,1.17209,1.17307,1.1706,1.17242,0
2025-10-06,1.17243,1.17273,1.16516,1.1703,0
2025-10-07,1.1703,1.17072,1.16168,1.16237,0
2025-10-08,1.16236,1.16476,1.15983,1.16447,0
2025-10-09,1.16445,1.1648,1.1542,1.15729,0
2025-10-10,1.15727,1.16305,1.1559,1.16149,0
2025-10-12,1.16138,1.16275,1.15918,1.16205,0
2025-10-13,1.16204,1.16297,1.15549,1.15787,0
2025-10-14,1.15787,1.16258,1.15423,1.16221,0
2025-10-15,1.16223,1.16754,1.16103,1.16621,0
2025-10-16,1.16619,1.17122,1.16429,1.17091,0
2025-10-17,1.17091,1.17283,1.16496,1.16509,0
2025-10-19,1.16646,1.16706,1.16515,1.16681,0
2025-10-20,1.16679,1.16753,1.16326,1.16346,0
2025-10-21,1.16344,1.16374,1.15975,1.16069,0
2025-10-22,1.16068,1.16224,1.15767,1.15929,0
2025-10-23,1.15927,1.16215,1.15853,1.16091,0
2025-10-24,1.16089,1.1649,1.16008,1.16266,0
2025-10-26,1.16346,1.16475,1.16207,1.16242,0
2025-10-27,1.16244,1.16673,1.16176,1.16659,0
2025-10-28,1.16659,1.16686,1.16255,1.16341,0
2025-10-29,1.1634,1.1666,1.15773,1.16319,0
2025-10-30,1.16318,1.16338,1.1547,1.15719,0
2025-10-31,1.15718,1.15767,1.15214,1.1537,0
2025-11-02,1.15294,1.15383,1.15215,1.15338,0
2025-11-03,1.15338,1.15413,1.1498,1.15094,0
2025-11-04,1.15094,1.15334,1.14729,1.14906,0
2025-11-05,1.14908,1.15089,1.14687,1.15069,0
2025-11-06,1.1507,1.15522,1.15035,1.15364,0
2025-11-07,1.15364,1.1591,1.15294,1.15656,0
2025-11-09,1.15562,1.15624,1.15413,1.15609,0
2025-11-10,1.1561,1.15829,1.15409,1.15579,0
2025-11-11,1.1558,1.16057,1.15495,1.15719,0
2025-11-12,1.15718,1.15977,1.15627,1.15901,0
2025-11-13,1.15903,1.16559,1.158,1.16417,0
2025-11-14,1.16417,1.16536,1.1606,1.16172,0
2025-11-16,1.16143,1.16244,1.15961,1.16028,0
2025-11-17,1.16029,1.16149,1.15818,1.15994,0
2025-11-18,1.15992,1.16076,1.15713,1.1584,0
2025-11-19,1.15841,1.15971,1.15101,1.15194,0
2025-11-20,1.15193,1.15499,1.15013,1.15386,0
2025-11-21,1.15387,1.15524,1.14909,1.15155,0
2025-11-23,1.15128,1.15215,1.15018,1.15206,0
2025-11-24,1.15208,1.15503,1.15097,1.15149,0
2025-11-25,1.15148,1.15915,1.15114,1.15834,0
2025-11-26,1.15836,1.16132,1.1547,1.16008,0
2025-11-27,1.16006,1.16062,1.15763,1.15889,0
2025-11-28,1.15889,1.16075,1.1555,1.15973,0
2025-11-30,1.1594,1.16158,1.15893,1.15986,0
2025-12-01,1.15985,1.16522,1.15903,1.16089,0
2025-12-02,1.16088,1.16419,1.1591,1.1641,0
2025-12-03,1.16411,1.16775,1.16356,1.1657,0
2025-12-04,1.16572,1.16819,1.16409,1.16535,0
2025-12-05,1.16534,1.16717,1.16279,1.16388,0
2025-12-07,1.16373,1.16554,1.16341,1.16543,0
2025-12-08,1.16543,1.16718,1.16163,1.16466,0
2025-12-09,1.16466,1.16571,1.16149,1.16273,0
2025-12-10,1.16272,1.17072,1.16264,1.16902,0
2025-12-11,1.169,1.17627,1.16821,1.17317,0
2025-12-12,1.17317,1.17497,1.17195,1.17396,0
2025-12-14,1.17358,1.17447,1.17277,1.17321,0
2025-12-15,1.17321,1.17688,1.17264,1.1751,0
2025-12-16,1.17509,1.1804,1.17275,1.17296,0
2025-12-17,1.17295,1.1758,1.1703,1.17427,0
2025-12-18,1.17426,1.17627,1.17123,1.17177,0
2025-12-19,1.17178,1.17377,1.17021,1.17103,0
2025-12-21,1.17149,1.17216,1.17058,1.17199,0
2025-12-22,1.17199,1.17803,1.17127,1.17751,0
2025-12-23,1.1775,1.18079,1.17637,1.17911,0
2025-12-24,1.1791,1.18038,1.17695,1.17751,0
2025-12-25,1.1775,1.17934,1.17663,1.17831,0
2025-12-26,1.17831,1.17966,1.17615,1.1768,0
2025-12-28,1.17631,1.17862,1.17631,1.1764,0
2025-12-29,1.1764,1.1789,1.17493,1.17768,0
2025-12-30,1.17771,1.17797,1.1733,1.17343,0
2025-12-31,1.17344,1.17592,1.17199,1.17455,0
