DateTime,Open,High,Low,Close,Volume
1993-01-29,24.19257132800172,24.19257132800172,24.072210276618623,24.175376892089844,1003200
1993-02-01,24.192566847397103,24.34731674194336,24.192566847397103,24.34731674194336,480500
1993-02-02,24.330128958058918,24.416101145189863,24.278545645780344,24.398906707763672,201300
1993-02-03,24.43329452770025,24.674016641273656,24.41610009101644,24.656822204589844,529400
1993-02-04,24.742798160182105,24.811575917402905,24.467687131298916,24.759992599487305,531500
1993-02-05,24.7427864074707,24.79436970088447,24.60523095836732,24.742786407470703,492100
1993-02-08,24.7427864074707,24.828758563160317,24.708397545194856,24.742786407470703,596100
1993-02-09,24.65682064293981,24.65682064293981,24.51926515818143,24.57084846496582,122100
1993-02-10,24.57086432621581,24.62244766629884,24.50208653943844,24.60525321960449,379600
1993-02-11,24.63963471069124,24.82877356750743,24.63963471069124,24.72560691833496,19500
1993-02-12,24.691218482420503,24.691218482420503,24.53646850585937,24.53646850585937,42500
1993-02-16,24.467691173320365,24.467691173320365,23.883080140366825,23.917469024658203,374800
1993-02-17,23.917474444821583,23.95186333690616,23.814307768567858,23.900279998779297,210900
1993-02-18,24.17537731502964,24.17537731502964,23.55637761137312,23.883071899414062,378100
1993-02-19,23.88308105441385,23.969053268432617,23.848692168806345,23.969053268432617,34900
1993-02-22,24.037828752191857,24.089412075694412,23.96905098752178,24.05502319335937,513600
1993-02-23,24.123794907664024,24.14098934451909,23.917461665403177,24.037822723388672,373700
1993-02-24,24.05501138557822,24.34731674194336,24.05501138557822,24.34731674194336,26300
1993-02-25,24.330128958058918,24.416101145189863,24.278545645780344,24.398906707763672,44500
1993-02-26,24.450498276240047,24.450498276240047,24.31294273038216,24.43330383300781,66200
1993-03-01,24.51928058104693,24.51928058104693,24.33014167053395,24.36453056335449,66500
1993-03-02,24.381718087760067,24.72560691833496,24.34732920470257,24.72560691833496,182400
1993-03-03,24.76000143880659,24.84597366602467,24.72561254791936,24.82877922058105,280100
1993-03-04,24.863163754136448,24.863163754136448,24.69121932983398,24.691219329833984,89500
1993-03-05,24.725605072255902,24.82877171372568,24.60524399054117,24.622438430786133,40000
1993-03-08,24.674020184845222,25.17265892028809,24.674020184845222,25.17265892028809,50800
1993-03-09,25.12106832696445,25.1382627611376,25.03509615609873,25.086679458618164,169300
1993-03-10,25.0866937219852,25.138277053833008,24.983527058289575,25.138277053833008,194400
1993-03-11,25.1554741054896,25.224251888416436,25.03511298536764,25.06950187683105,70900
1993-03-12,24.863148695218094,24.880343127234152,24.65681551102541,24.81156539916992,643600
1993-03-15,24.79437695996515,24.93193244934082,24.79437695996515,24.93193244934082,310800
1993-03-16,24.93193244934082,25.000710194028656,24.93193244934082,24.93193244934082,30800
1993-03-17,24.897548424047702,24.897548424047702,24.742798468373373,24.77718734741211,21800
1993-03-18,24.880349140824944,25.035099066372577,24.880349140824944,24.93193244934082,59300
1993-03-19,25.032421764609385,25.032421764609385,24.894216537475582,24.894216537475582,66900
1993-03-22,24.652350442357932,24.80783127906517,24.63507479383491,24.756004333496094,183400
1993-03-23,24.82509500668241,24.84237064690975,24.773268086000403,24.80781936645508,55200
1993-03-24,24.773268086000403,24.911473207819096,24.65233860440905,24.80781936645508,37200
1993-03-25,24.8251050638905,25.015137183377483,24.79055376943832,24.96331024169922,110100
1993-03-26,24.94604286719464,24.96331852014976,24.80783764355367,24.82511329650879,101500
1993-03-29,24.84238038621507,25.049688150216863,24.84238038621507,24.92875862121582,87100
1993-03-30,24.9633067578551,24.99785804748535,24.928755468224853,24.99785804748535,56000
1993-03-31,25.06696907349477,25.136071676040583,24.9805908203125,24.9805908203125,111600
1993-04-01,25.01514611121766,25.01514611121766,24.842389577300413,24.894216537475582,129500
1993-04-02,24.686903931248025,24.686903931248025,24.37594223022461,24.37594223022461,59400
1993-04-05,24.565976461671475,24.565976461671475,24.42777124951017,24.49687385559082,172200
1993-04-06,24.54869250495835,24.54869250495835,24.358660402527285,24.42776298522949,129700
1993-04-07,24.46230843606509,24.51413536071777,24.41048151141241,24.514135360717773,28000
1993-04-08,24.61779270697077,24.61779270697077,24.37593369090229,24.47958755493164,180800
1993-04-12,24.721459378778064,24.84238894946391,24.686908072867823,24.82511329650879,348500
1993-04-13,24.80782765282525,24.96330846680535,24.790552006827458,24.876930236816406,146100
1993-04-14,24.89421128762448,24.91148693737301,24.82510868863038,24.842384338378903,119600
1993-04-15,24.82510868863038,24.89421128762448,24.738730439887757,24.842384338378903,148600
1993-04-16,24.85965998812743,24.89421128762448,24.807833038881853,24.842384338378903,47900
1993-04-19,24.84237187934321,24.91147444368075,24.72144239175253,24.738718032836918,157000
1993-04-20,24.70417417559707,24.73872546815036,24.462315127724093,24.617795944213867,279500
1993-04-21,24.66962558767769,24.66962558767769,24.53142040231255,24.60052299499512,67900
1993-04-22,24.496860392911,24.70416809722336,24.289552688598636,24.289552688598636,97700
1993-04-23,24.237738131114416,24.306840734481813,24.15135987690517,24.185911178588867,106000
1993-04-26,24.203176403663583,24.289554620664525,23.926766109260573,23.995868682861328,62600
1993-04-27,23.96132834752401,24.255014419555664,23.96132834752401,24.255014419555664,156800
1993-04-28,24.220469320271377,24.272296287433157,24.1686423531096,24.20319366455078,85900
1993-04-29,24.255004427326263,24.306831359863285,24.1167992738942,24.30683135986328,85000
1993-04-30,24.39320609077145,24.479584299308176,24.34137916564941,24.34137916564941,88500
1993-05-03,24.375944294949683,24.496873855590824,24.272290385828708,24.49687385559082,80500
1993-05-04,24.548683508298637,24.669612983708973,24.514132229609967,24.583234786987305,149100
1993-05-05,24.583244978671484,24.73872579722949,24.583244978671484,24.652347564697266,109000
1993-05-06,24.6177906728495,24.63506631542694,24.54868810253975,24.565963745117188,54700
1993-05-07,24.583237926921345,24.583237926921345,24.479584077615986,24.514135360717773,68000
1993-05-10,24.54868810253975,24.70416888573669,24.54868810253975,24.565963745117188,113900
1993-05-11,24.56596854554505,24.66962242126465,24.496865961731984,24.66962242126465,42600
1993-05-12,24.565964413893003,24.652342629131727,24.565964413893003,24.635066986083984,31000
1993-05-13,24.53141122443021,24.53141122443021,24.324103523942068,24.34137916564941,129100
1993-05-14,24.34139331226999,24.41049591926011,24.30684200877493,24.32411766052246,63500
1993-05-17,24.39321820042442,24.410493850708008,24.289564298722897,24.410493850708008,34000
1993-05-18,24.42774737522892,24.44502300986487,24.306817932777296,24.39319610595703,105200
1993-05-19,24.393222589115567,24.894216537475582,24.23774170859004,24.894216537475582,50200
1993-05-20,24.894207652794854,24.96331024169921,24.84238071111659,24.96331024169922,98200
1993-05-21,24.980577008018283,25.01512829018705,24.72144239175253,24.738718032836918,221400
1993-05-24,24.79055738913333,24.92876258712153,24.79055738913333,24.842384338378903,30500
1993-05-25,24.946043497650763,24.946043497650763,24.894216537475582,24.894216537475582,191800
1993-05-26,24.963312502018468,25.22244723387333,24.946036853228144,25.205171585083008,102400
1993-05-27,25.23971728019242,25.23971728019242,25.084236475591645,25.11878776550293,53800
1993-05-28,25.101511916376097,25.101511916376097,24.87692853377948,24.99785804748535,79100
1993-06-01,25.0842366776672,25.32609570899457,25.04968538747757,25.239717483520508,28300
1993-06-02,25.17062028750236,25.29154982903463,25.066966394760414,25.205171585083008,20300
1993-06-03,25.15333905541421,25.15333905541421,25.066960830636003,25.11878776550293,21600
1993-06-04,25.04968340434725,25.04968340434725,24.9287538982573,25.03240776062012,32000
1993-06-07,25.084238649405272,25.084238649405272,24.946033477783203,24.946033477783203,121400
1993-06-08,24.87693546703027,24.87693546703027,24.721454620361328,24.721454620361328,104500
1993-06-09,24.80781936645508,24.911473207819096,24.773268086000403,24.80781936645508,43300
1993-06-10,24.790561990598547,24.84238894946391,24.738735031733185,24.82511329650879,17900
1993-06-11,24.91148297421567,24.96330991521612,24.82510473921492,24.92875862121582,647400
1993-06-14,24.963319151042487,24.98059480443421,24.894216537475582,24.894216537475582,64200
1993-06-15,24.92876258712153,24.946038236870056,24.842384338378903,24.842384338378903,142400
1993-06-16,24.842389577300413,24.894216537475582,24.77328696373351,24.894216537475582,330900
1993-06-17,24.94603951903959,24.9805908203125,24.89421256713023,24.9805908203125,37400
1993-06-18,24.96624114138357,24.96624114138357,24.774862289428714,24.77486228942871,58500
1993-06-21,24.84445496247044,24.84445496247044,24.79226072935601,24.827056884765625,29300
1993-06-22,24.86185761459735,24.86185761459735,24.809663371879516,24.844459533691406,137500
1993-06-23,24.844463124629044,24.844463124629044,24.618288040161133,24.618288040161133,227600
1993-06-24,24.68787939079636,24.948850631713867,24.68787939079636,24.948850631713867,243700
1993-06-25,24.931455612182617,25.0010479516444,24.914057527317173,24.931455612182617,44800
1993-06-28,25.053244644070265,25.209827423095703,25.0184484709535,25.209827423095703,439900
1993-06-29,25.17502408417849,25.17502408417849,25.05323751293505,25.08803367614746,207500
1993-06-30,25.122829839359877,25.17502408417849,25.05323751293505,25.08803367614746,437600
1993-07-01,25.12283639284433,25.12283639284433,24.983651703687304,25.01844787597656,605700
1993-07-02,24.93146291612745,24.948861006089857,24.792278196428203,24.879268646240234,285400
1993-07-06,24.844463124629044,24.91405545831148,24.583491873319915,24.618288040161133,246400
1993-07-07,24.60088914813417,24.72267572807543,24.60088914813417,24.68787956237793,343700
1993-07-08,24.705281991991846,25.018447538369205,24.67048582017214,24.96625328063965,248200
1993-07-09,24.966248657406823,25.03584098815918,24.91405440934256,25.03584098815918,378200
1993-07-12,25.00104978983193,25.03584596212119,24.966253617542677,25.01844787597656,373700
1993-07-13,25.03584712299939,25.105439470804807,24.861866253485843,25.00105094909668,389600
1993-07-14,25.018441349722643,25.15762600257228,25.00104326811644,25.08803367614746,617300
1993-07-15,25.07064063303318,25.07064063303318,24.931455952211344,24.98365020751953,443800
1993-07-16,25.001045285656467,25.018443368666667,24.87925870458507,24.91405487060547,216400
1993-07-19,24.914050301499167,24.914050301499167,24.827059902401757,24.896652221679688,188200
1993-07-20,24.879262851090377,24.966253280639645,24.757476249721407,24.96625328063965,68500
1993-07-21,24.931452548986037,24.948850631713867,24.861860218074696,24.948850631713867,142700
1993-07-22,24.914046909032244,24.94884306393313,24.774862289428714,24.77486228942871,632400
1993-07-23,24.827059902401757,24.896652221679684,24.80966182258227,24.896652221679688,286200
1993-07-26,24.966248657406823,25.088035236223444,24.966248657406823,25.03584098815918,121300
1993-07-27,25.05324404826582,25.07064213441045,24.931457445253415,25.01844787597656,92800
1993-07-28,24.966253280639645,25.018447538369205,24.931457108819934,24.96625328063965,30800
1993-07-29,25.01844019899745,25.17502292625126,24.98364403738549,25.105430603027344,331000
1993-07-30,25.105437967918476,25.105437967918476,24.931457108819934,24.96625328063965,75300
1993-08-02,25.001044822783,25.122831401599623,25.001044822783,25.03584098815918,41300
1993-08-03,25.08803598880768,25.15762832164765,24.96624940633774,25.05323982238769,81600
1993-08-04,25.0532398223877,25.105434072017676,24.98364748954773,25.05323982238769,434000
1993-08-05,25.05324520995074,25.05324520995074,24.96625477519397,25.00105094909668,36800
1993-08-06,25.070637153535355,25.088035236223444,25.001044822783,25.03584098815918,402300
1993-08-09,25.105435510462694,25.244620184117377,25.053241257842192,25.17502784729004,828200
1993-08-10,25.157630920410156,25.175029005417358,25.122834750395757,25.15763092041016,604900
1993-08-11,25.140232835402955,25.22722326043895,25.140232835402955,25.15763092041016,542200
1993-08-12,25.227218328997104,25.227218328997104,25.00104326811644,25.08803367614746,303700
1993-08-13,25.10543516798363,25.14023133592262,25.10543516798363,25.122833251953125,103500
1993-08-16,25.14022022567833,25.331599064766543,25.14022022567833,25.262006759643555,241800
1993-08-17,25.24461815597754,25.34900665283203,25.24461815597754,25.34900665283203,369300
1993-08-18,25.436001162480167,25.54038967614288,25.418603076869715,25.488195419311523,414300
1993-08-19,25.505593504921976,25.505593504921976,25.45339924809062,25.488195419311523,28500
1993-08-20,25.43600190905562,25.50559425354004,25.418603822934514,25.50559425354004,80700
1993-08-23,25.4011958833435,25.470788200832114,25.4011958833435,25.45339012145996,15600
1993-08-24,25.453390748215494,25.73176002502441,25.453390748215494,25.73176002502441,273400
1993-08-25,25.731770309242044,25.853556916520404,25.69697413573394,25.749168395996094,242300
1993-08-26,25.76655578613281,25.905740422384717,25.66216730894389,25.76655578613281,120000
1993-08-27,25.69697413573394,25.749168395996094,25.69697413573394,25.749168395996094,25700
1993-08-30,25.76655194319755,25.888338481754182,25.76655194319755,25.85354232788086,183500
1993-08-31,25.83614346805035,25.923133850097656,25.80134731523143,25.923133850097656,66500
1993-09-01,25.83614005196479,25.940528496619194,25.83614005196479,25.888334274291992,136500
1993-09-02,25.905753428278462,25.940549604810737,25.783966810415503,25.80136489868164,472400
1993-09-03,25.783969460150622,25.85356182036696,25.74917328004246,25.81876564025879,630500
1993-09-07,25.8187504668734,25.853546626532253,25.60997350892024,25.6447696685791,196400
1993-09-08,25.64475631454188,25.64475631454188,25.383785252996333,25.55776596069336,269900
1993-09-09,25.4533892908822,25.627370078926504,25.4533892908822,25.60997200012207,239200
1993-09-10,25.679585451068306,25.853566382308603,25.644789264820243,25.83616828918457,106500
1993-09-13,25.923134635627516,25.923134635627516,25.85354232788086,25.85354232788086,66900
1993-09-14,25.7839645695042,25.7839645695042,25.66217796222584,25.749168395996094,184500
1993-09-15,25.644784739717963,25.836163730312872,25.55779428944755,25.81876564025879,101000
1993-09-16,25.78394777042456,25.8013458458432,25.696957393331363,25.71435546875,54300
1993-09-17,25.69951033234433,25.717016810772364,25.629484418632227,25.66449737548828,200900
1993-09-20,25.699516569239893,25.75203601726968,25.45442581176758,25.454425811767575,57800
1993-09-21,25.48944298195954,25.524455953088605,25.104300299539823,25.36689758300781,318200
1993-09-22,25.45442947241478,25.61198783916288,25.41941650202632,25.57697486877441,439700
1993-09-23,25.64699791660919,25.734530332706832,25.61198495017013,25.717023849487305,88500
1993-09-24,25.68199895787157,25.699505432962148,25.61197305750928,25.64698600769043,53500
1993-09-27,25.839568720887755,25.927101135253903,25.839568720887755,25.927101135253903,274600
1993-09-28,25.944608223777017,25.944608223777017,25.857075807367515,25.87458229064941,158300
1993-09-29,25.87458840633685,25.944614356015705,25.752042994398856,25.78705596923828,221000
1993-09-30,25.787045120706367,25.839564560870738,25.68200624037762,25.734525680541992,99300
1993-10-01,25.699508811625257,25.892080062938525,25.664495856841025,25.857067108154297,22700
1993-10-04,25.8921012878418,25.8921012878418,25.82207532086995,25.8921012878418,1038500
1993-10-05,25.944599495114872,25.944599495114872,25.76953472119372,25.857067108154297,436500
1993-10-06,25.87458778784527,25.979626709852763,25.839574813842773,25.839574813842773,209200
1993-10-07,25.874587336312167,25.874587336312167,25.752041929441948,25.76954841613769,59400
1993-10-08,25.83956694894115,25.857073430613877,25.61198268719573,25.804553985595703,54400
1993-10-11,25.857067108154297,25.90958654033064,25.857067108154297,25.857067108154297,467100
1993-10-12,25.8921012878418,25.90960777958476,25.87459479609884,25.8921012878418,26200
1993-10-13,25.90960777958476,25.90960777958476,25.857088304355877,25.8921012878418,139100
1993-10-14,25.997133757943946,26.22471809387207,25.927107808427596,26.22471809387207,108100
1993-10-15,26.347251058733008,26.41727697516818,26.27722514229784,26.3647575378418,1502500
1993-10-18,26.34726013229309,26.34726013229309,26.25972770660441,26.294740676879883,722400
1993-10-19,26.259736995581893,26.31225646957305,26.1021785736084,26.1021785736084,880100
1993-10-20,26.189695957436783,26.189695957436783,26.08465706990696,26.137176513671875,230400
1993-10-21,26.154698047599563,26.154698047599563,26.067165590947624,26.1021785736084,56200
1993-10-22,26.13718407880264,26.242222996734867,25.979625701904297,25.979625701904297,390700
1993-10-25,25.99712502571844,26.08465743321244,25.92709909972324,26.049644470214844,114500
1993-10-26,26.03215217590332,26.04965866694293,25.94461972070526,26.03215217590332,186200
1993-10-27,25.99712502571844,26.067150951713643,25.99712502571844,26.049644470214844,118400
1993-10-28,26.08467862954372,26.312263073962555,26.08467862954372,26.242237091064453,129600
1993-10-29,26.224730595339924,26.25974358678898,26.2072240996154,26.242237091064453,80700
1993-11-01,26.207203615687327,26.329748989975776,26.207203615687327,26.31224250793457,36400
1993-11-02,26.277234191742146,26.329753647155357,26.137182310640256,26.294740676879883,262100
1993-11-03,26.27723295915312,26.27723295915312,25.839570851239174,25.96211624145508,479100
1993-11-04,25.962120164066413,25.962120164066413,25.664509885719056,25.682016372680664,130400
1993-11-05,25.61198268719573,25.8045539855957,25.506943797159387,25.804553985595703,363200
1993-11-08,25.822068326841524,25.90960076184777,25.75204237883653,25.839574813842773,367600
1993-11-09,26.014625404683333,26.032131882075447,25.83956063076218,25.857067108154297,246900
1993-11-10,25.85707317372804,26.049644470214844,25.78704724773284,26.049644470214844,46500
1993-11-11,26.049651647192448,26.1196775924806,25.96211921558226,25.979625701904297,88900
1993-11-12,26.03215260828685,26.18971103026034,26.01464611695646,26.1021785736084,108200
1993-11-15,26.154675945819623,26.154675945819623,26.01462413352608,26.08465003967285,243300
1993-11-16,26.13717698509405,26.22470939294768,26.03213809566969,26.207202911376957,492600
1993-11-17,26.224712282159008,26.224712282159008,25.997127996666308,26.067153930664062,39600
1993-11-18,26.0321500489206,26.084669517748285,25.92711111126524,25.99713706970215,240800
1993-11-19,25.909588102065275,25.97961401585464,25.892081623617933,25.94460105895996,106000
1993-11-22,25.87458840633685,25.892094893756568,25.699523532139715,25.78705596923828,165300
1993-11-23,25.927101135253903,25.944607618127137,25.787049272268064,25.927101135253903,89700
1993-11-24,25.997139193824093,26.04965866694293,25.96212621174487,26.03215217590332,77200
1993-11-26,26.102163914711245,26.102163914711245,26.03213798871604,26.049644470214844,1019800
1993-11-29,26.11966584343337,26.1721852787754,25.94460105895996,25.94460105895996,517500
1993-11-30,25.927103272821963,26.084661631670983,25.909596788505404,25.96211624145508,230000
1993-12-01,26.102176007357517,26.11968249696674,25.99713706970215,25.99713706970215,379200
1993-12-02,26.049647447164624,26.0846604141635,25.997127996666308,26.067153930664062,352000
1993-12-03,26.04965763155832,26.172203063964847,26.04965763155832,26.172203063964844,306000
1993-12-06,26.20720421600342,26.29473662821452,26.20720421600342,26.25972366333008,99500
1993-12-07,26.25974358678898,26.277250082513504,26.2072240996154,26.242237091064453,88800
1993-12-08,26.24223709106445,26.24223709106445,26.2072240996154,26.242237091064453,146700
1993-12-09,26.24222795902645,26.27724093829133,26.119682531599377,26.154695510864254,416500
1993-12-10,26.172204538929957,26.172204538929957,26.04965909961724,26.1021785736084,412900
1993-12-13,26.1021653213501,26.25972366333008,26.06715235646566,26.25972366333008,273200
1993-12-14,26.277231732657324,26.277231732657324,26.067153930664062,26.067153930664062,41900
1993-12-15,26.102178140061767,26.11968463110138,26.03215217590332,26.03215217590332,82600
1993-12-16,26.13718880149698,26.13718880149698,26.084669333041195,26.11968231201172,78200
1993-12-17,26.17510533172813,26.28086333306844,26.15747899817141,26.26323699951172,104700
1993-12-20,26.245607714870346,26.316113041169523,26.227981383295543,26.298486709594727,68800
1993-12-21,26.263213731654155,26.263213731654155,26.175082141950615,26.21033477783203,205700
1993-12-22,26.280853974795296,26.40423826575677,26.22797499295466,26.38661193847656,410300
1993-12-23,26.368976593017575,26.421855556773632,26.333723950513544,26.368976593017575,533800
1993-12-27,26.368980103350697,26.509990692138672,26.368980103350697,26.509990692138672,447100
1993-12-28,26.49237994856604,26.58051161838828,26.474753614601585,26.562885284423828,880600
1993-12-29,26.580506937527577,26.598133268388008,26.51000161408586,26.52762794494629,266700
1993-12-30,26.51000284369267,26.51000284369267,26.368992190268774,26.42187118530273,219900
1993-12-31,26.47474670921853,26.509999367952503,26.26323075681465,26.28085708618164,312900
1994-01-03,26.28084004959486,26.31609268547628,26.175082141950615,26.21033477783203,960900
1994-01-04,26.24560719341219,26.316112518310547,26.210354530963016,26.316112518310547,164300
1994-01-05,26.35135027176556,26.386602914269595,26.24559234425346,26.368976593017575,710900
1994-01-06,26.40422923552161,26.421855556773632,26.333723950513544,26.368976593017575,201000
1994-01-07,26.421869959783717,26.54525427580672,26.351364636341994,26.52762794494629,775500
1994-01-10,26.562867532180316,26.844888687133786,26.492362243441946,26.84488868713379,593700
1994-01-11,26.82727154681557,26.82727154681557,26.70388724929408,26.79201889038086,295200
1994-01-12,26.80964016678309,26.80964016678309,26.61575059292733,26.703882217407227,158400
1994-01-13,26.63337898254394,26.686257961331258,26.598126330019067,26.633378982543945,244300
1994-01-14,26.72150751062341,26.792012807485214,26.72150751062341,26.739133834838867,137200
1994-01-17,26.739133834838867,26.77438648326977,26.686254862192516,26.739133834838867,17700
1994-01-18,26.774394989013672,26.809647648643708,26.721515999568613,26.774394989013672,166400
1994-01-19,26.739134867199184,26.77438751699114,26.65100324271929,26.703882217407227,200800
1994-01-20,26.739142329383636,26.79202131882869,26.721515999568613,26.774394989013672,281100
1994-01-21,26.809658785294104,26.809658785294104,26.70390076247243,26.72152709960937,85600
1994-01-24,26.7038867205184,26.827271015596704,26.61575508117676,26.61575508117676,373800
1994-01-25,26.63338140904509,26.651007736913417,26.56287609757177,26.61575508117676,310400
1994-01-26,26.61574540081553,26.703877008103003,26.580492757900547,26.686250686645508,145100
1994-01-27,26.739145247724046,26.96828756032814,26.703892584246493,26.933034896850582,344500
1994-01-28,27.038767874396505,27.091646820695843,27.00351524353028,27.003515243530277,356500
1994-01-31,27.109278987308485,27.25028954120866,27.07402634883344,27.197410583496094,313800
1994-02-01,27.162156300746656,27.162156300746656,27.021145755382623,27.056398391723636,303600
1994-02-02,27.144547718628328,27.232679367065437,27.126921388940907,27.23267936706543,307600
1994-02-03,27.179790648124307,27.179790648124307,27.021153737726696,27.109285354614254,466100
1994-02-04,27.10929793194779,27.144550595058256,26.49237632751465,26.49237632751465,1403200
1994-02-07,26.42186547462514,26.686260392650077,26.42186547462514,26.61575508117676,516400
1994-02-08,26.66863163506882,26.66863163506882,26.527621024969317,26.633378982543945,188200
1994-02-09,26.65100221376161,26.75676015905432,26.61574956533071,26.739133834838867,144600
1994-02-10,26.72150657532063,26.739132898919124,26.509990692138672,26.509990692138672,883900
1994-02-11,26.527627764196883,26.668638410119524,26.40424344901457,26.598133087158203,519400
1994-02-14,26.54524735123175,26.72151061385613,26.50999469870688,26.633378982543945,2742100
1994-02-15,26.686263339938577,26.79202131882869,26.651010680308534,26.774394989013672,374700
1994-02-16,26.80964625965465,26.80964625965465,26.70388828624379,26.75676727294922,287600
1994-02-17,26.88015437900349,26.897780709743813,26.527627764196883,26.598133087158203,342400
1994-02-18,26.61574686686198,26.633373189290367,26.368978352864584,26.439483642578125,313300
1994-02-22,26.509992643551463,26.703882217407227,26.509992643551463,26.703882217407227,154500
1994-02-23,26.739136940118573,26.75676326638101,26.54524735123175,26.633378982543945,391700
1994-02-24,26.545252026686487,26.545252026686487,26.26323075681465,26.28085708618164,770800
1994-02-25,26.31609850859292,26.404230117797848,26.26321954306996,26.40423011779785,531300
1994-02-28,26.474735405161795,26.54524069252574,26.404230117797848,26.40423011779785,333000
1994-03-01,26.4042446990435,26.457123693767887,26.15747605699637,26.298486709594727,423600
1994-03-02,25.96358913973153,26.333742141723636,25.89308380601875,26.333742141723636,581500
1994-03-03,26.29848966662516,26.29848966662516,26.192731665284843,26.26323699951172,223200
1994-03-04,26.26323680801085,26.404247475436414,26.175105140869874,26.333742141723636,595800
1994-03-07,26.421860101854755,26.509991723275217,26.421860101854755,26.47473907470703,539800
1994-03-08,26.4923608417817,26.4923608417817,26.333723950513544,26.368976593017575,880300
1994-03-09,26.404244669738485,26.51000265906988,26.280860348851856,26.49237632751465,2500100
1994-03-10,26.47474670921853,26.47474670921853,26.19272543934669,26.28085708618164,207400
1994-03-11,26.316113195234813,26.457123848658707,26.175102541810915,26.42187118530273,576600
1994-03-14,26.527624301796035,26.527624301796035,26.421866331157645,26.45711898803711,345900
1994-03-15,26.509988932291662,26.562867899576823,26.42185732014974,26.439483642578125,748600
1994-03-16,26.47473395312274,26.650997161865234,26.38660234875149,26.650997161865234,455500
1994-03-17,26.562865557493986,26.68624980361373,26.562865557493986,26.650997161865234,133000
1994-03-18,26.5210970575938,26.680649112084662,26.50336905153925,26.645193099975582,365500
1994-03-21,26.556565122496213,26.627477178898072,26.50338108019482,26.57429313659668,324800
1994-03-22,26.57428107575742,26.69837711813921,26.5210970575938,26.645193099975582,435700
1994-03-23,26.627464294433597,26.69837631652263,26.609736288911336,26.627464294433597,698500
1994-03-24,26.52109135835961,26.57427536509429,26.18425931570665,26.3083553314209,1200500
1994-03-25,26.326087387240666,26.39699940713896,26.06016731262207,26.06016731262207,100900
1994-03-28,26.09562492370605,26.131080935830653,25.86516084489615,26.09562492370605,1117200
1994-03-29,26.095624621015247,26.113352626871915,25.581512451171875,25.581512451171875,338400
1994-03-30,25.59924164676197,25.670153673484304,25.22695350646973,25.226953506469727,1123900
1994-03-31,25.226947182947388,25.35104319860489,24.695107115843783,25.29785919189453,788800
1994-04-04,24.58874236816189,24.97875846917095,24.58874236816189,24.907846450805664,2627300
1994-04-05,25.15603318872811,25.421953201293945,25.15603318872811,25.421953201293945,1179000
1994-04-06,25.45740920296939,25.47513720380711,25.24467319291672,25.421953201293945,516500
1994-04-07,25.404217524796536,25.599225475091558,25.26239356094561,25.54604148864746,666100
1994-04-08,25.492865803858617,25.492865803858617,25.22694578504229,25.35104179382324,242400
1994-04-11,25.421945285000177,25.56376924753853,25.359897301389648,25.45740127563477,203300
1994-04-12,25.48400120422597,25.52832120632028,25.36876919878078,25.421953201293945,1409200
1994-04-13,25.41308984445598,25.47513784895936,25.102849821939078,25.28899383544922,364100
1994-04-14,25.24467518518417,25.43081920867043,25.19149117847381,25.29785919189453,419900
1994-04-15,25.28899519077614,25.40422720531525,25.253539186302568,25.29785919189453,387300
1994-04-18,25.32445792075397,25.395369948533475,25.049673813108413,25.12944984436035,369100
1994-04-19,25.102855621907608,25.262407670351937,24.952167576154636,25.16490364074707,472200
1994-04-20,25.19148966758308,25.25353767169043,25.00534565526104,25.1383056640625,508000
1994-04-21,25.24467747528352,25.51059753295856,25.15603745605851,25.475141525268555,200300
1994-04-22,25.53718354701165,25.554911546697188,25.37763154984185,25.448543548583984,301800
1994-04-25,25.43968584651743,25.732197913742198,25.43968584651743,25.71446990966797,394600
1994-04-26,25.679017466458884,25.723337482797263,25.634697450120505,25.68788146972656,399000
1994-04-28,25.634711065680197,25.67016709758293,25.42197487426376,25.50175094604492,287000
1994-04-29,25.457416410175203,25.61696846288521,25.421960398461867,25.581512451171875,481900
1994-05-02,25.5815158126768,25.936075976400662,25.49287577174584,25.74106788635254,275000
1994-05-03,25.749925917816423,25.758789919853537,25.563781875037023,25.71446990966797,183400
1994-05-04,25.76765286790732,25.76765286790732,25.57264483106729,25.670148849487305,401900
1994-05-05,25.69674880606835,25.74106882815539,25.634700775146484,25.634700775146484,659800
1994-05-06,25.510603088240384,25.510603088240384,25.297866995774168,25.38650703430176,216300
1994-05-09,25.31559168650005,25.386503708030855,25.120583627290312,25.16490364074707,499300
1994-05-10,25.2889818273529,25.439669766737754,25.27125383448409,25.359893798828125,583400
1994-05-11,25.33332192422641,25.368777938116164,25.05853781658085,25.12944984436035,210600
1994-05-12,25.289003684839564,25.31559569712646,25.191499639787605,25.25354766845703,305200
1994-05-13,25.324459701222093,25.324459701222093,25.129451611118174,25.25354766845703,321300
1994-05-16,25.30673113705819,25.38650717216625,25.25354711365281,25.26241111755371,450400
1994-05-17,25.28014059845013,25.634700775146484,25.244684580780497,25.634700775146484,470200
1994-05-18,25.65242098812545,25.918341039833727,25.537188965718524,25.820837020874023,824800
1994-05-19,25.767658586831157,26.015850688802697,25.767658586831157,25.94493865966797,531000
1994-05-20,25.900607552548003,25.91833555224174,25.811967554079324,25.8474235534668,370400
1994-05-23,25.820843852864478,25.829707856933428,25.723339808105976,25.80311584472656,262700
1994-05-24,25.874026940939896,26.00698699716261,25.874026940939896,25.909482955932617,549600
1994-05-25,25.811989666129573,25.9981338223757,25.723349591726656,25.98040580749512,738200
1994-05-26,25.971517819737237,26.060157812296065,25.944925821969587,25.998109817504883,369600
1994-05-27,25.953795783851064,26.024707794189453,25.90947577738957,26.024707794189453,162000
1994-05-31,25.94493398757456,26.04243801007655,25.90061397734638,25.98925399780273,160000
1994-06-01,25.92720642154609,26.1044864654541,25.84743040178749,26.1044864654541,200500
1994-06-02,26.122200847239338,26.122200847239338,26.033560871510662,26.077880859375,55100
1994-06-03,26.095612861450235,26.31721283479815,26.015836871044986,26.228572845458984,550400
1994-06-06,26.28176694951241,26.36154297060705,26.201990928417768,26.21971893310547,99300
1994-06-07,26.17539732021985,26.21971732922801,26.113349307608424,26.184261322021484,120600
1994-06-08,26.246307319667157,26.246307319667157,25.97152328491211,25.97152328491211,131900
1994-06-09,26.08676743555943,26.113359451293945,26.0335834040904,26.113359451293945,80500
1994-06-10,26.13994678211632,26.210858811365878,26.13994678211632,26.15767478942871,83100
1994-06-13,26.122210856016515,26.201986864738657,26.11334685504739,26.19312286376953,109700
1994-06-14,26.27290901968029,26.40586908556936,26.27290901968029,26.39700508117676,161000
1994-06-15,26.405862368366964,26.41472637050472,26.272902336300668,26.29063034057617,142800
1994-06-16,26.29063654651873,26.36154858035964,26.264044533828383,26.34382057189941,44000
1994-06-17,26.357386208360136,26.384154034570383,26.16108881615163,26.196779251098636,403800
1994-06-20,26.009410994440284,26.054024049319256,25.94695271760973,25.97372055053711,137400
1994-06-21,25.95585503911939,25.95585503911939,25.643563899081855,25.750635147094727,139200
1994-06-22,25.82201187060049,25.938005704158822,25.795244062856263,25.848779678344727,279900
1994-06-23,25.89339889685313,25.929089315732323,25.66141117413839,25.697101593017575,922500
1994-06-24,25.57218294617132,25.57218294617132,25.12605274822695,25.1617431640625,353800
1994-06-27,25.259899909922616,25.598958969116207,25.13498341443024,25.59895896911621,371200
1994-06-28,25.60787241012119,25.60787241012119,25.268813472286837,25.47403335571289,5382300
1994-06-29,25.50973685826669,25.70603423877801,25.48296903365151,25.554349899291992,311800
1994-06-30,25.59896735381008,25.60788996355348,25.30452123227793,25.393747329711918,271900
1994-07-01,25.518654105037992,25.518654105037992,25.34020197842933,25.44727325439453,406900
1994-07-05,25.50080084692613,25.61679469262593,25.4204974152878,25.581104278564453,112000
1994-07-06,25.482965259505367,25.590036542108333,25.393739190669564,25.54542350769043,174800
1994-07-07,25.54541365250297,25.652484893798828,25.51864584217901,25.652484893798828,66700
1994-07-08,25.491893226766887,25.688190619482626,25.48297061800708,25.643577575683597,148400
1994-07-11,25.661421197752716,25.70603423877801,25.42943338442115,25.554349899291992,124000
1994-07-12,25.563264761010974,25.598955183015875,25.42050307299137,25.59003257751465,257300
1994-07-13,25.598968373081888,25.714962304364587,25.598968373081888,25.63465881347656,532700
1994-07-14,25.75956105857513,25.964780976949644,25.741715848281693,25.911245346069336,494200
1994-07-15,25.89339248604701,25.97369590864329,25.884469883536305,25.9201602935791,49100
1994-07-18,25.920163973909883,26.027235219241007,25.920163973909883,25.96477699279785,72300
1994-07-19,26.009394002683237,26.018316607829952,25.911245346069336,25.911245346069336,609500
1994-07-20,25.929100511643927,25.929100511643927,25.73280312304924,25.79526138305664,185300
1994-07-21,25.795244062856263,25.866624883507544,25.74170844736781,25.848779678344727,86300
1994-07-22,25.91124349392997,25.929088702947823,25.839862657858536,25.89339828491211,151600
1994-07-25,25.902326495255263,25.955862133895128,25.87555867593533,25.929094314575195,120900
1994-07-26,25.920171796803302,25.938017009744307,25.875558764450805,25.902326583862305,489600
1994-07-27,25.902326583862305,25.902326583862305,25.7952553062163,25.902326583862305,83200
1994-07-28,25.902326406830976,26.027242896564232,25.902326406830976,25.95586204528809,828200
1994-07-29,26.13429810840147,26.294904925045795,26.125375507476782,26.214601516723636,459100
1994-08-01,26.232450182844957,26.35736661228707,26.205682376535925,26.33952140808105,486300
1994-08-02,26.428760706652483,26.482296346166297,26.28599900128232,26.375225067138672,505500
1994-08-03,26.36630433695035,26.401994765832857,26.32169130084722,26.3841495513916,144100
1994-08-04,26.36629526955741,26.39306308201381,26.22353360312325,26.23245620727539,231700
1994-08-05,26.098611704725457,26.17891512535538,26.07184389784881,26.143224716186523,138400
1994-08-08,26.17000948834833,26.232467744883767,26.143241664118857,26.205699920654297,328600
1994-08-09,26.107543488897324,26.250305175781246,26.107543488897324,26.25030517578125,105900
1994-08-10,26.26813295999301,26.37520415412342,26.232442561949544,26.34843635559082,840300
1994-08-11,26.28599559750223,26.40198946809541,26.11646609432757,26.25030517578125,876200
1994-08-12,26.29493271697432,26.46446231372441,26.29493271697432,26.45553970336914,184100
1994-08-15,26.48228273893657,26.5447409529435,26.446592330932617,26.446592330932617,325900
1994-08-16,26.464465439379516,26.660762890379637,26.35739410247036,26.633995056152344,1089500
1994-08-17,26.66964543605067,26.68749063206007,26.59826465201306,26.61610984802246,133700
1994-08-18,26.52691078186035,26.58936903126265,26.500142960687946,26.52691078186035,620000
1994-08-19,26.53580862871528,26.562576424911025,26.446582641396127,26.50904083251953,103200
1994-08-22,26.51799405552949,26.51799405552949,26.428767965167683,26.48230361938477,79700
1994-08-23,26.59830461051596,26.75891161587969,26.562614164879573,26.633995056152344,268600
1994-08-24,26.66075612979493,26.919511795043945,26.651833520648413,26.919511795043945,254700
1994-08-25,26.89273849441665,26.955196745730824,26.7767445991189,26.848125457763672,147400
1994-08-26,26.91057299192736,27.285322350568254,26.91057299192736,27.231786727905277,339500
1994-08-29,27.30317143924901,27.401320094749572,27.20502278374844,27.213945388793945,350300
1994-08-30,27.20503206795692,27.32994858122402,27.169341635594886,27.285335540771484,36000
1994-08-31,27.240713203930465,27.34778446447654,27.17825496861192,27.213945388793945,356200
1994-09-01,27.124717712402344,27.14256292142366,27.026569062785097,27.124717712402344,294600
1994-09-02,27.249636461997056,27.249636461997056,26.964113093698465,27.00872611999512,99600
1994-09-06,26.990896124820885,27.044431786556068,26.910592632218112,27.01766395568848,229800
1994-09-07,27.080112759929055,27.080112759929055,26.96411886672343,26.990886688232425,27900
1994-09-08,27.044414271806414,27.160408130444974,27.035491667295755,27.124717712402344,284800
1994-09-09,26.857042369690348,26.91057800232096,26.73212589355225,26.83919715881348,488400
1994-09-12,26.839205068681743,26.87489550095393,26.714288555729105,26.758901596069336,129400
1994-09-13,26.81242934249817,26.91057800232096,26.75889370986756,26.83919715881348,389200
1994-09-14,26.749965321855345,26.901649581518967,26.749965321855345,26.86595916748047,423500
1994-09-15,26.93734088308423,27.205018997192383,26.93734088308423,27.205018997192383,779800
1994-09-16,27.002440513745224,27.08323239028236,26.91267176203729,27.011417388916016,571300
1994-09-19,27.07423946487001,27.190938772908243,27.011401375926347,27.038331985473636,167300
1994-09-20,26.89471659652271,26.921647220618027,26.52666473388672,26.52666473388672,355600
1994-09-21,26.60745660617267,26.60745660617267,26.275312242330436,26.52666473388672,397500
1994-09-22,26.58949379940369,26.58949379940369,26.4368869815138,26.463817596435547,266400
1994-09-23,26.472786160696923,26.526647373638323,26.329156259519863,26.37404060363769,176600
1994-09-26,26.472784314929047,26.526645524115068,26.418923105743023,26.508691787719727,223000
1994-09-27,26.50869737726597,26.580512337990022,26.427905546451417,26.49074363708496,479500
1994-09-28,26.634376030122183,26.73312161028105,26.61642228827512,26.697214126586918,324000
1994-09-29,26.697227517992065,26.697227517992065,26.481782507759448,26.56257438659668,195900
1994-09-30,26.553595357982037,26.679271603760174,26.52666473388672,26.52666473388672,5200
1994-10-03,26.544609441200784,26.57154005612253,26.41893323823264,26.463817596435547,72600
1994-10-04,26.598475550817067,26.598475550817067,26.0508862802805,26.06884002685547,84200
1994-10-05,26.023949061408512,26.07781028747559,25.85338851219611,26.077810287475582,461900
1994-10-06,26.095764396598987,26.113718138873907,25.95213445839961,25.997018814086918,345200
1994-10-07,25.9970263038234,26.18554065202101,25.970095682652307,26.113725662231445,188700
1994-10-10,26.2304165236804,26.43688455244311,26.221439652864625,26.392000198364254,213600
1994-10-11,26.508706147165785,26.858804196518804,26.508706147165785,26.786989212036133,461400
1994-10-12,26.822908401489254,26.85881590938951,26.760070262663813,26.822908401489254,162400
1994-10-13,27.12811512657608,27.19095324897384,26.88573951161329,26.912670135498047,1564500
1994-10-14,27.002423486928137,27.038330964969266,26.8228860967225,27.029354095458984,72800
1994-10-17,27.002442178075604,27.038349680971983,26.94858092373104,26.97551155090332,282300
1994-10-18,26.94857763401105,26.94857763401105,26.82290138921553,26.912670135498047,132100
1994-10-19,26.813910239246265,27.137077553813675,26.804933369397165,27.038331985473636,136700
1994-10-20,27.03835368793916,27.03835368793916,26.778024253360726,26.858816146850582,290300
1994-10-21,26.78699468830288,26.822902187885056,26.63438781507864,26.751087188720703,87800
1994-10-24,26.760063476046128,26.86778597242739,26.51768785918828,26.52666473388672,149600
1994-10-25,26.43690091843054,26.607461569517184,26.427924042057555,26.553600311279297,91800
1994-10-26,26.6523380279541,26.679268649066888,26.526661796094437,26.6523380279541,201000
1994-10-27,26.751082860629293,26.81392097473144,26.688244746527143,26.813920974731445,210300
1994-10-28,26.867779552897467,27.40639190611292,26.867779552897467,27.37946128845215,192100
1994-10-31,27.31662534278801,27.34355596258045,27.2717409764673,27.280717849731445,36300
1994-11-01,27.1640259411093,27.1640259411093,26.966534675179226,26.97551155090332,435200
1994-11-02,26.894723417289764,27.137099095616477,26.822908401489254,26.822908401489254,115600
1994-11-03,26.912660987335897,27.011406574681025,26.876753501028578,26.966522216796875,87000
1994-11-04,27.09221623309748,27.09221623309748,26.61644172668457,26.61644172668457,124400
1994-11-07,26.679260384739848,26.769029093975178,26.607445417351585,26.697214126586918,115000
1994-11-08,26.78700047602127,26.993468643229207,26.742116091845627,26.90369987487793,308300
1994-11-09,27.19095157353899,27.19095157353899,26.71517724755762,26.948575973510746,318500
1994-11-10,26.96652552090568,27.020386756966072,26.742103703987357,26.76005744934082,172100
1994-11-11,26.72414638891766,26.751077003350563,26.589493316753146,26.66130828857422,302200
1994-11-14,26.778017016074276,26.921647010126296,26.778017016074276,26.912670135498047,181400
1994-11-15,26.8857465403147,27.056307202840905,26.6164402310628,26.822908401489254,316900
1994-11-16,26.86778576235679,26.912670135498047,26.778017016074276,26.912670135498047,106900
1994-11-17,26.930616877077405,26.930616877077405,26.625403219137198,26.733125686645508,104700
1994-11-18,26.74209848120458,26.786982835822243,26.580514804580982,26.697214126586918,269300
1994-11-21,26.679260329059936,26.76005216720312,26.42790794372559,26.427907943725582,283100
1994-11-22,26.329165868626703,26.42791146172417,25.853391647338867,25.853391647338867,483600
1994-11-23,25.871342618162465,26.005995685224377,25.628967097451017,25.997018814086918,601600
1994-11-25,26.01497346543774,26.15860340865617,26.01497346543774,26.12269592285156,77300
1994-11-28,26.11372843287883,26.248381553020863,26.05089031014588,26.239404678344727,79900
1994-11-29,26.230424880981445,26.284286123036846,26.14065614422244,26.230424880981445,105500
1994-11-30,26.36507005475824,26.40097753865985,26.194509506225582,26.194509506225582,218800
1994-12-01,26.22145459461311,26.22145459461311,25.880333309233,25.934194564819336,439000
1994-12-02,25.880326435889724,26.17656326293945,25.880326435889724,26.176563262939453,318500
1994-12-05,26.230421828831577,26.320190555145167,26.140653102517984,26.2034912109375,139200
1994-12-06,26.104749536563254,26.230425772296368,26.05986516665857,26.22144889831543,249900
1994-12-07,26.059849535843423,26.140641353212555,26.005988324264,26.03291893005371,531900
1994-12-08,26.140647165622557,26.176554647992912,25.709757377178224,25.781572341918945,261500
1994-12-09,25.781575912491466,25.8982752463572,25.673853450461557,25.880321502685547,235900
1994-12-12,25.82646054123945,26.050882339477543,25.82646054123945,26.05088233947754,151100
1994-12-13,26.03292645272053,26.15860264938884,26.03292645272053,26.14962577819824,70900
1994-12-14,26.113725896741524,26.400985858479487,26.113725896741524,26.28428649902344,203300
1994-12-15,26.32020122046206,26.445877488226884,26.32020122046206,26.36508560180664,130100
1994-12-16,26.44860086024133,26.54813374065962,26.42145552921816,26.49384307861328,266100
1994-12-19,26.49386029419112,26.54815099151528,26.41242424820487,26.530054092407227,1120200
1994-12-20,26.557187838298265,26.57528472949983,26.448606491088867,26.448606491088867,675600
1994-12-21,26.46670577166124,26.79244984269707,26.46670577166124,26.72911071777344,544500
1994-12-22,26.729122056944867,26.7562674077136,26.620540653869934,26.647686004638672,222000
1994-12-23,26.629572002017515,26.738153335359076,26.629572002017515,26.674814224243164,125800
1994-12-27,26.765295140656384,26.873876459685416,26.747198254151545,26.8195858001709,95200
1994-12-28,26.84675195719194,26.84675195719194,26.620540700390524,26.68387985229492,358200
1994-12-29,26.78341856813964,26.78341856813964,26.67483714151205,26.701982498168945,220100
1994-12-30,26.75625352571694,26.783398862401807,26.38526725769043,26.38526725769043,2209500
1995-01-03,26.46670159219475,26.54813759709381,26.457653147205964,26.511943817138672,324300
1995-01-04,26.629573838866275,26.638622283935547,26.4938471628272,26.638622283935547,351800
1995-01-05,26.65671917407409,26.701961399420448,26.61147694872773,26.638622283935547,89800
1995-01-06,26.692920642098127,26.783405118851,26.584339269994675,26.665775299072266,448400
1995-01-09,26.6567135607186,26.692907333374023,26.63861667439089,26.692907333374023,36800
1995-01-10,26.7562732308992,26.864854657605587,26.72007942199707,26.72007942199707,229800
1995-01-11,26.810556313632507,26.810556313632507,26.53005437447537,26.738168716430664,222400
1995-01-12,26.71101385588898,26.765304534457854,26.656723177320096,26.74720764160156,40300
1995-01-13,26.89198711348074,27.063907623291016,26.85579332194174,27.063907623291016,170600
1995-01-16,27.05485942633931,27.235828385712814,27.05485942633931,27.22677993774414,105100
1995-01-17,27.17249116675798,27.25392720422079,27.136297372330063,27.23583030700684,89500
1995-01-18,27.217731461875413,27.26297370167241,27.14534387820021,27.208683013916016,84500
1995-01-19,27.118207855607352,27.145353208816168,27.036771795980904,27.05486869812012,139100
1995-01-20,27.018667126950422,27.027715575418924,26.90103729685988,26.9553279876709,78700
1995-01-23,26.77434402744135,27.0367488861084,26.756247140636727,27.0367488861084,53700
1995-01-24,27.027708133274224,27.07295036315918,27.00961124132024,27.07295036315918,32400
1995-01-25,26.937238941828408,27.24488627942403,26.937238941828408,27.145353317260746,15700
1995-01-26,27.12724311820992,27.20867913824457,27.072952438186817,27.1724853515625,9800
1995-01-27,27.35346020560952,27.35346020560952,27.17249123302858,27.28107261657715,91200
1995-01-30,27.226793222471844,27.244890127239188,27.12726024625144,27.163454055786133,26600
1995-01-31,27.217723945156976,27.31725684522237,27.17248171785452,27.27201461791992,127500
1995-02-01,27.30821220430867,27.407745118240875,27.217727737097576,27.262969970703125,380200
1995-02-02,27.253916109563967,27.425836563110355,27.253916109563967,27.42583656311035,131700
1995-02-03,27.59776720383296,27.86017220347596,27.5525249625152,27.814929962158203,405100
1995-02-06,27.80586650095829,28.013980698655025,27.77872117082394,27.932544708251957,405400
1995-02-07,27.977806078967287,27.977806078967287,27.87827313366695,27.96875762939453,702900
1995-02-08,27.932563831103497,28.068290574694867,27.914466931957985,27.96875762939453,521500
1995-02-09,27.92351538153074,27.96875762939453,27.869224684094192,27.96875762939453,390700
1995-02-10,27.93256007550414,28.00494766235352,27.851124040298583,28.00494766235352,148300
1995-02-13,27.98684696818507,28.0682829923408,27.98684696818507,28.013992309570312,79700
1995-02-14,28.10447684011152,28.10447684011152,27.94160479145665,28.05018615722656,170200
1995-02-15,28.05019399467324,28.240211437862964,28.02304864564614,28.20401763916016,431500
1995-02-16,28.167814254760746,28.194959594550102,28.086378235392655,28.167814254760746,99300
1995-02-17,28.14068020793247,28.15877710838773,28.05019570565616,28.05924415588379,49100
1995-02-21,28.05923460437405,28.10447684011152,28.04113771007907,28.05018615722656,168000
1995-02-22,28.077333731258904,28.258302688598636,28.05923683552493,28.258302688598636,386400
1995-02-23,28.366893691480005,28.466426651800987,28.29450608397384,28.30355453491211,402800
1995-02-24,28.33972747228584,28.384969693665603,28.26733991807821,28.37592124938965,307600
1995-02-27,28.2944828905273,28.37591888221733,28.10446557658388,28.149707794189453,280900
1995-02-28,28.12256104770572,28.384965896606445,28.12256104770572,28.384965896606445,493500
1995-03-01,28.35784128364708,28.39403508234988,28.17687229013305,28.20401763916016,242600
1995-03-02,28.19496733406651,28.240209579467773,28.11353129234424,28.240209579467773,488600
1995-03-03,28.14972700208215,28.249259948730465,28.077339404519744,28.24925994873047,290000
1995-03-06,28.059248209304904,28.26736259460449,28.023054403165848,28.26736259460449,85700
1995-03-07,28.167815970143963,28.23115510017641,27.92350789716167,28.05018615722656,180900
1995-03-08,28.095420888952308,28.1587600020675,27.995887996914156,28.12256622314453,155900
1995-03-09,28.1135311126709,28.14067645973817,28.04114352049151,28.1135311126709,63500
1995-03-10,28.140665756646616,28.6021364812733,28.104471974322955,28.529748916625977,192100
1995-03-13,28.51165579235743,28.60214026012118,28.47546200525193,28.50260734558105,261300
1995-03-14,28.584053207863928,28.746925305914434,28.584053207863928,28.710731506347656,223300
1995-03-15,28.66546819727241,28.71071041349285,28.54783843509926,28.65641975402832,278500
1995-03-16,28.629297506711957,28.846460319657936,28.629297506711957,28.8283634185791,20400
1995-03-17,28.784255276712464,28.89342438648508,28.766060425083698,28.85703468322754,89900
1995-03-20,28.89342438648508,28.89342438648508,28.802450128341235,28.85703468322754,91700
1995-03-21,28.857033477571008,29.03898198625683,28.738766946925224,28.78425407409668,104400
1995-03-22,28.8388156920982,28.8388156920982,28.720549255506,28.8115234375,74900
1995-03-23,28.775146454281145,28.91160778745036,28.738756765436023,28.829730987548828,220500
1995-03-24,28.92069932668196,29.23910903930664,28.92069932668196,29.23910903930664,134000
1995-03-27,29.28461005261412,29.35738945007324,29.211830655155,29.35738945007324,132100
1995-03-28,29.28461005261412,29.35738945007324,29.24822035388456,29.35738945007324,121900
1995-03-29,29.330096548119467,29.63031155621126,29.184537756317383,29.348291397094727,246100
1995-03-30,29.411979157584057,29.411979157584057,29.17544607434954,29.2937126159668,298400
1995-03-31,29.066270742603724,29.21182953192506,28.847932558621725,29.175439834594727,541300
1995-04-03,29.166347425351063,29.24822425842285,29.148152573557333,29.24822425842285,193300
1995-04-04,29.257325293843916,29.43927383422852,29.257325293843916,29.43927383422852,66900
1995-04-05,29.375591845093904,29.46656611528621,29.35739699105544,29.43927383422852,107200
1995-04-06,29.51203217764793,29.575714121311165,29.457447654508016,29.54842185974121,352500
1995-04-07,29.6121152927769,29.6121152927769,29.38467969144989,29.521141052246094,361400
1995-04-10,29.47564818829032,29.575719833374023,29.457453343729647,29.575719833374023,285400
1995-04-11,29.648499907387627,29.657597329881455,29.45745403501723,29.475648880004883,250300
1995-04-12,29.521135299692,29.575719833374023,29.466550766009984,29.575719833374023,150900
1995-04-13,29.630300475173343,29.74856694928365,29.61210563300253,29.73946952819824,243400
1995-04-17,29.848653418320875,29.87594569514348,29.47565896841196,29.566633224487305,178900
1995-04-18,29.59392240158604,29.59392240158604,29.393779059183675,29.4665584564209,329500
1995-04-19,29.46656611528621,29.530248104420814,29.284617574901603,29.43927383422852,223000
1995-04-20,29.52113089462887,29.566617999243093,29.366474738940525,29.4847412109375,207900
1995-04-21,29.493846799612115,29.63940557468732,29.493846799612115,29.63030815124512,145000
1995-04-24,29.61211621019656,29.97601318359375,29.61211621019656,29.97601318359375,169000
1995-04-25,29.93052803592137,29.976015160596017,29.875943486311783,29.89413833618164,293200
1995-04-26,29.839548057029585,29.93961971209889,29.766768671524638,29.921424865722656,204400
1995-04-27,29.875948467723237,30.012409864500288,29.857753614819625,29.99421501159668,502200
1995-04-28,29.985090249960965,30.085161849702946,29.794044468635363,30.039674758911133,130800
1995-05-01,30.012395888883727,30.07607784439212,29.95781135559082,29.95781135559082,518700
1995-05-02,29.98509660200639,30.066973382776432,29.921414661407468,30.021486282348636,228400
1995-05-03,30.121565950465502,30.43997573852539,30.121565950465502,30.43997573852539,724700
1995-05-04,30.476383273111004,30.67652668565084,30.34901928331293,30.421798706054688,311400
1995-05-05,30.54915251132257,30.54915251132257,30.321716891077465,30.385398864746094,314900
1995-05-08,30.358095056803705,30.70379706823869,30.330802792743043,30.60372543334961,183100
1995-05-09,30.7311008468124,30.76749054586132,30.530957502043343,30.57644462585449,180600
1995-05-10,30.658327785679,30.66742521232163,30.467281826183665,30.61284065246582,330300
1995-05-11,30.65832008040722,30.69470977783203,30.55824841248897,30.69470977783203,351700
1995-05-12,30.576452108356055,30.78569292909161,30.56735468136756,30.712913513183597,94600
1995-05-15,30.794785123951023,30.858467102050778,30.731103145851275,30.85846710205078,147200
1995-05-16,30.849357590931056,30.9494292315976,30.7947730596584,30.876649856567383,221600
1995-05-17,30.876653108819635,30.885750531656647,30.73109434342744,30.75838661193848,189200
1995-05-18,30.703790119143665,30.72198495773279,30.31260108947754,30.31260108947754,577800
1995-05-19,30.26713048446372,30.385396999732137,30.221643363206635,30.330812454223636,363900
1995-05-22,30.430882600180585,30.712902737880317,30.41268775258705,30.667415618896484,216000
1995-05-23,30.72200816298568,30.949443817138672,30.63103390132449,30.949443817138672,136800
1995-05-24,31.00402329388787,31.10409496531767,30.74019797830021,30.93124389648437,370800
1995-05-25,30.840256326940526,30.98581505886709,30.694697595013963,30.95852279663086,379900
1995-05-26,30.84025838854197,30.84935580989552,30.485458955753437,30.60372543334961,518600
1995-05-30,30.67651947048708,30.758396301814003,30.49457095642725,30.59464263916016,61500
1995-05-31,30.540048798700827,31.23145294189453,30.540048798700827,31.23145294189453,564500
1995-06-01,31.094989745416378,31.386107262049883,31.004015521468407,31.14957427978516,810100
1995-06-02,31.022219840173022,31.395214272268948,30.91305073809617,31.176876068115234,112900
1995-06-05,31.17687969307336,31.467997332460094,31.14958741438085,31.3679256439209,257200
1995-06-06,31.34062578344262,31.449794871802943,31.31333351135254,31.31333351135254,165800
1995-06-07,31.24964592612793,31.26784077091752,31.11318459020597,31.14957427978516,41900
1995-06-08,31.140490914954515,31.23146517997045,31.07680892944336,31.07680892944336,141100
1995-06-09,31.013104793180144,31.04949447319561,30.71288993305256,30.894838333129883,304900
1995-06-12,30.994937174561084,31.19508059042265,30.97674231857367,31.067716598510746,378500
1995-06-13,31.213279472717957,31.42252034356392,31.185987185216305,31.40432548522949,120000
1995-06-14,31.35883265655951,31.41341722167101,31.258760953855084,31.37702751159668,389400
1995-06-15,31.42250118189541,31.577157383427608,31.36791664017816,31.51347541809082,274500
1995-06-16,31.451474035138254,31.6070384979248,31.451474035138254,31.607038497924805,325100
1995-06-19,31.698549713475497,31.982226111026808,31.680248010407677,31.963924407958984,134600
1995-06-20,31.872404708928,31.98221488880372,31.85410301228205,31.881555557250977,287800
1995-06-21,31.9822251502294,32.00967770400642,31.863264083862305,31.863264083862305,158200
1995-06-22,32.00052619250724,32.302504277824006,32.00052619250724,32.284202575683594,297000
1995-06-23,32.210987701025985,32.22928939858338,32.11947921323898,32.22013854980469,315400
1995-06-26,32.12863308138188,32.18353817921392,31.835805892944336,31.835805892944336,132900
1995-06-27,31.82665268287132,32.03712220895126,31.753445891191337,31.771747589111328,127700
1995-06-28,31.771749020989105,32.06457620090605,31.67108967789265,31.936464309692383,212600
1995-06-29,31.93646064718884,32.01881828209563,31.66193519749953,31.881555557250977,89200
1995-06-30,31.945621745193368,32.055431960301455,31.799208125049255,31.863264083862305,714100
1995-07-03,31.89984112195191,31.98219871520996,31.89984112195191,31.98219871520996,9500
1995-07-05,32.073736103801664,32.24760229095494,32.00052928815818,32.10118865966797,409300
1995-07-06,32.1103288042287,32.51296615600586,32.04627286190051,32.51296615600586,202500
1995-07-07,32.44891990817672,32.668540347487564,32.43061820490082,32.65938949584961,481700
1995-07-10,32.68681655494949,32.76917415545188,32.62276064344763,32.67766571044922,400400
1995-07-11,32.6502486504258,32.677701213752954,32.476382416020506,32.52213668823242,420500
1995-07-12,32.58616612844165,32.97965254897605,32.52211019951744,32.924747467041016,203400
1995-07-13,32.87900360553709,32.95221040454747,32.814947656403014,32.8515510559082,215600
1995-07-14,32.677690685177566,32.85155686356411,32.65023813069548,32.82410430908203,543700
1995-07-17,32.86985166680294,33.04371780869304,32.84239911808345,33.00711441040039,171500
1995-07-18,32.952205662225985,32.952205662225985,32.695981902564135,32.72343444824219,221200
1995-07-19,32.595321653116414,32.631925046325975,31.744292760994057,32.36655044555664,486600
1995-07-20,32.40314653423471,32.54956007406746,32.22928045568332,32.485504150390625,318900
1995-07-21,32.45806442407048,32.57702547214291,32.32080167629459,32.44891357421875,94000
1995-07-24,32.49466839242489,32.72343964272358,32.49466839242489,32.68683624267578,108400
1995-07-25,32.7234294411208,32.979653161577005,32.62277012237015,32.93389892578125,107400
1995-07-26,32.91559539620948,33.07115978924133,32.89729370291162,32.90644454956055,167800
1995-07-27,33.0620158364348,33.20842941334678,33.0620158364348,33.18097686767578,187700
1995-07-28,33.20844601565787,33.20844601565787,32.943071274832825,32.97052383422852,415600
1995-07-31,32.99796709751645,33.025419649178275,32.8149500864376,32.88815689086914,342500
1995-08-01,32.933907483333726,32.933907483333726,32.65023114768956,32.833248138427734,141000
1995-08-02,33.025418756794004,33.26334086476758,32.705138996060334,32.76004409790039,240400
1995-08-03,32.53127981411342,32.76920197309146,32.476374700503094,32.75090026855469,1193600
1995-08-04,32.814951026569425,32.84240357901776,32.75089507085666,32.787498474121094,240500
1995-08-07,32.86069869995117,32.96135803877029,32.84239700198406,32.86069869995117,193100
1995-08-08,32.87900039791828,32.9796597367374,32.76003936113205,32.86069869995117,951900
1995-08-09,32.97051210430007,32.97051210430007,32.824098506279306,32.8515510559082,107100
1995-08-10,32.88816487809122,32.961371700301775,32.641091853130604,32.77835464477539,280800
1995-08-11,32.75088607642438,32.78748946963636,32.45805893072849,32.59532165527344,257200
1995-08-14,32.677687328128464,32.88815689086914,32.60448052369692,32.88815689086914,254800
1995-08-15,32.8790094180462,32.8790094180462,32.59533302173131,32.82410430908203,44400
1995-08-16,32.79664260147345,32.91560363769531,32.76003920571288,32.91560363769531,374900
1995-08-17,32.93390549181962,32.93390549181962,32.74173766316494,32.86069869995117,353800
1995-08-18,33.025424089285856,33.03457494107009,32.86985960895395,32.89731216430664,85400
1995-08-21,33.03457267048302,33.1718354378119,32.7966505404463,32.80580139160156,266700
1995-08-22,32.8515598981046,32.92476671681904,32.686844555997105,32.8698616027832,220200
1995-08-23,32.897313904848865,32.91561560938564,32.75090026855469,32.75090026855469,176500
1995-08-24,32.76004592167277,32.85155442983386,32.65023571187945,32.787498474121094,167400
1995-08-25,32.842411890381946,33.025428953019905,32.842411890381946,32.97052383422852,195000
1995-08-28,33.06202060306305,33.06202060306305,32.796645956650416,32.8515510559082,293000
1995-08-29,32.8881446899855,32.943049772940405,32.65937351100675,32.93389892578125,1133100
1995-08-30,32.96136016253457,33.04371780869304,32.92475676424192,33.00711441040039,437400
1995-08-31,32.99797681771487,33.08948535020992,32.97052425796635,33.03458023071289,491900
1995-09-01,33.025412442206814,33.235881959017775,32.99795989653582,33.18097686767578,629900
1995-09-05,33.28164923621006,33.51042053973089,33.22674412336506,33.49211883544922,272200
1995-09-06,33.51955658075495,33.59276336553411,33.51040573265756,33.55615997314453,214500
1995-09-07,33.59278748814564,33.611089197482684,33.52873150546598,33.574485778808594,258800
1995-09-08,33.70258712768555,33.70258712768555,33.48296668482254,33.70258712768555,107300
1995-09-11,33.75748305910815,33.85814240138252,33.75748305910815,33.79408645629883,260700
1995-09-12,33.803228630209865,33.949642181396484,33.7208710076674,33.949642181396484,139500
1995-09-13,33.9130491354461,34.150971228679126,33.90389828570637,34.10521697998047,239800
1995-09-14,34.22417965001231,34.44380005418351,34.132671148274305,34.41634750366211,457600
1995-09-15,34.388438085056244,34.489634665830884,34.26884212595893,34.406837463378906,431200
1995-09-18,34.28723771304644,34.30563708933463,34.11244363830861,34.278038024902344,307500
1995-09-19,34.34245267281166,34.462048677297744,34.222856668325576,34.44364929199219,549600
1995-09-20,34.498856588603964,34.6092529296875,34.471257503333085,34.6092529296875,290800
1995-09-21,34.56324673695847,34.59084581606703,34.18605932247476,34.32405471801758,508500
1995-09-22,34.04807283845106,34.37006217899302,34.020473752118896,34.3332633972168,449900
1995-09-25,34.37003490634331,34.37003490634331,34.15844207902909,34.278038024902344,130000
1995-09-26,34.37923705542647,34.46203425465014,34.18604359057125,34.26884078979492,466600
1995-09-27,34.12166830982206,34.25966373302167,33.910075327582675,34.24126434326172,654400
1995-09-28,34.26887079874675,34.498863220214844,34.24127170817057,34.498863220214844,456200
1995-09-29,34.47125846766993,34.68285146066603,34.38846120954101,34.4344596862793,606600
1995-10-02,34.43444532277633,34.51724254636836,34.17685396048999,34.25965118408203,293100
1995-10-03,34.259652800826046,34.35164972026972,34.12165742166052,34.29645156860352,839700
1995-10-04,34.314849333143385,34.314849333143385,34.2136527265309,34.25965118408203,248800
1995-10-05,34.296472478455485,34.360870361328125,34.204475502923145,34.360870361328125,268800
1995-10-06,34.37925855739669,34.48965489207391,34.37925855739669,34.388458251953125,75300
1995-10-09,34.25965481252081,34.278054197489936,34.038862192891244,34.1032600402832,358200
1995-10-10,33.75365770471241,34.08484649658203,33.71685895006023,34.08484649658203,360800
1995-10-11,34.204451155848545,34.204451155848545,34.07565548178134,34.19525146484375,228100
1995-10-12,34.22284368015228,34.42523684170157,34.22284368015228,34.406837463378906,199800
1995-10-13,34.56322942969641,34.65522631399159,34.51723098754883,34.51723098754883,488100
1995-10-16,34.416048082618325,34.48044592719954,34.35165023803711,34.35165023803711,443600
1995-10-17,34.38845241269586,34.618444737553375,34.32405456173576,34.58164596557617,146000
1995-10-18,34.747247748539365,34.79324622318662,34.57245354487978,34.6828498840332,228100
1995-10-19,34.66443680760224,34.84843063354492,34.618438351116566,34.84843063354492,500600
1995-10-20,34.82085383745779,34.84845292900663,34.63685989379883,34.63685989379883,748400
1995-10-23,34.47123552961555,34.62763024645661,34.47123552961555,34.563232421875,533000
1995-10-24,34.60924775890137,34.64604653376463,34.517250821743204,34.60004806518555,172200
1995-10-25,34.627654767483875,34.673653246186696,34.31486511230469,34.31486511230469,302700
1995-10-26,34.37004374219225,34.39764281371971,33.726065406551605,34.00205612182617,606800
1995-10-27,33.965261055754794,34.25965118408203,33.80886630008095,34.25965118408203,905800
1995-10-30,34.34246947798429,34.498864329611855,34.34246947798429,34.480464935302734,488700
1995-10-31,34.57245547876225,34.6460530423147,34.3332633972168,34.3332633972168,508200
1995-11-01,34.31486268679808,34.6092529296875,34.287263601527194,34.6092529296875,415700
1995-11-02,34.55405295443044,34.83004379272461,34.55405295443044,34.83004379272461,326000
1995-11-03,34.87604522705078,34.88524492244172,34.774848577750454,34.87604522705078,615000
1995-11-06,34.86682021472743,34.86682021472743,34.747224261484305,34.75642395019531,311200
1995-11-07,34.73804372530054,34.73804372530054,34.517251074504145,34.627647399902344,358200
1995-11-08,34.67363862353541,34.95882907122169,34.67363862353541,34.9404296875,357200
1995-11-09,35.078417371727866,35.078417371727866,34.903623264709026,35.069217681884766,503700
1995-11-10,34.87604046718968,35.096833126438575,34.86684077305431,35.05083465576172,795600
1995-11-13,34.98641994333994,35.12441528889611,34.92202211541373,35.01401901245117,818500
1995-11-14,34.94964451299272,35.02324207974817,34.78404998779297,34.78404998779297,341800
1995-11-15,34.82084683330623,35.142836169941816,34.80244744264134,35.133636474609375,584700
1995-11-16,35.133630618453026,35.3636229634285,35.12443092465401,35.32682418823242,577700
1995-11-17,35.38201193646107,35.44640977409893,35.33601348100545,35.43721008300781,267000
1995-11-20,35.492411595545626,35.50161128750922,35.24401991252859,35.25321960449219,448800
1995-11-21,35.29002229086698,35.538414001464844,35.28082259788187,35.538414001464844,119200
1995-11-22,35.51080242623542,35.54760118522634,35.42800521850586,35.42800521850586,351600
1995-11-24,35.464809939392616,35.5200080871582,35.43721086550982,35.5200080871582,62400
1995-11-27,35.59361462170815,35.70401094516653,35.52921676635742,35.52921676635742,273000
1995-11-28,35.50162363015717,35.90641021728516,35.41882637369917,35.90641021728516,479000
1995-11-29,35.9708020532714,35.9708020532714,35.8236069553552,35.94320297241211,549200
1995-11-30,35.94318309155656,36.03517997686896,35.823587140650424,35.86038589477539,286200
1995-12-01,35.90641021728516,35.961608388257154,35.82361296082716,35.90641021728516,465200
1995-12-04,35.98918875981753,36.34797668457031,35.94319030792615,36.34797668457031,631700
1995-12-05,36.311178928228486,36.62396840974857,36.28357985632965,36.5871696472168,567700
1995-12-06,36.6791826048151,36.81717802469777,36.50438840629704,36.66998291015625,272800
1995-12-07,36.62398650468824,36.66998498057958,36.44919229630113,36.47679138183594,289700
1995-12-08,36.63317709798607,36.64237679087858,36.3663860041032,36.596378326416016,296900
1995-12-11,36.66996843626861,36.82636318373889,36.59637090804729,36.75276565551758,186500
1995-12-12,36.58719683471649,36.71599259928426,36.58719683471649,36.64239501953125,299400
1995-12-13,36.68836641597176,36.918358682872295,36.68836641597176,36.87236022949219,390700
1995-12-14,36.909161560258006,36.97355939947082,36.51357483366501,36.60557174682617,395000
1995-12-15,36.65601431419442,36.65601431419442,36.48939606731172,36.618988037109375,416700
1995-12-18,36.29500468637526,36.29500468637526,35.90622881368264,35.91548538208008,862300
1995-12-19,35.934010950043266,36.34130010043015,35.88772809204475,36.29501724243164,1022600
1995-12-20,36.40608481466847,36.44311108958804,35.94325637817383,35.94325637817383,1349800
1995-12-21,36.15615715712973,36.2394662750033,35.98953892138259,36.12838745117188,857600
1995-12-22,36.32277632891782,36.35980260448246,36.22095407111504,36.25798034667969,332800
1995-12-26,36.40607582069025,36.45235865290572,36.332023289145496,36.43384552001953,432200
1995-12-27,36.52640776641489,36.52640776641489,36.350533020453945,36.41532897949219,151800
1995-12-28,36.34127726469938,36.52640858036265,36.2857378700004,36.37830352783203,256200
1995-12-29,36.41532305629008,36.45234931257507,36.2857311592926,36.42457962036133,339200
1996-01-02,36.378307299365765,36.8133659362793,36.3412810323944,36.8133659362793,514400
1996-01-03,36.93372005206293,37.02628576647912,36.73007548034729,36.91520690917969,610300
1996-01-04,36.96146692686443,37.10031541269037,36.26722449773475,36.56343460083008,1129700
1996-01-05,36.322769304388736,36.5819531832172,36.239460200479584,36.48938751220703,302400
1996-01-08,36.61898211020546,36.67452151684379,36.57269927134018,36.62823867797852,179900
1996-01-09,36.73931613548398,36.76708583777838,35.91548163408361,35.9987907409668,415500
1996-01-10,35.95250108727817,36.02655361268966,35.33231118695695,35.52669906616211,787700
1996-01-11,35.5822433119949,35.73960494995117,35.41562510710002,35.73960494995117,513200
1996-01-12,35.83217950961933,35.84143607885457,35.35083790938678,35.68407440185547,390400
1996-01-15,35.6933288018921,35.81366419463707,35.46191458507485,35.61001968383789,154200
1996-01-16,35.78589435571514,36.072847983502825,35.48042759065084,36.04507827758789,454600
1996-01-17,35.96176399513964,36.211691312480376,35.81365891819698,35.93399429321289,407600
1996-01-18,36.07284205268987,36.08209861980629,35.767375337848,36.05432891845703,425600
1996-01-19,36.05434638083939,36.387582958428666,36.017320094440585,36.29501724243164,169800
1996-01-22,36.26723398133725,36.3875693671865,36.202438004341495,36.30426025390625,288200
1996-01-23,36.28575478580216,36.387577056884766,36.2117022250148,36.387577056884766,362200
1996-01-24,36.44310610143338,36.757829395171946,36.42459296650758,36.68377685546875,1506500
1996-01-25,36.71153027825973,36.730043404975945,36.50788588438133,36.55416870117188,298400
1996-01-26,36.52643005194869,36.8874363297049,36.4801471958261,36.86892318725586,726300
1996-01-29,36.841131173601504,37.01700592041016,36.81336147673698,37.01700592041016,254800
1996-01-30,37.09107054831696,37.40579388214346,37.04478770510718,37.33174133300781,272100
1996-01-31,37.32247998945552,37.729768957594416,37.303966854540114,37.72051239013672,498000
1996-02-01,37.68349255885938,37.85936737060547,37.65572285174157,37.85936737060547,373900
1996-02-02,37.840855835170736,37.92416496005247,37.61869816881944,37.70200729370117,496200
1996-02-05,37.6371875601284,38.06298948530447,37.5816481785837,38.007450103759766,295300
1996-02-06,38.02598382929122,38.40550314209573,37.97044441766129,38.36847686767578,301600
1996-02-07,38.3592116002929,38.59062576293945,38.32218533426945,38.59062576293945,585100
1996-02-08,38.53510557716924,39.04421698883014,38.46105300820038,39.0071907043457,1526600
1996-02-09,38.9886567944052,39.32189317726336,38.812782036785606,38.9979133605957,804600
1996-02-12,39.07197838773154,39.4700108612384,39.03495211112625,39.29413604736328,626500
1996-02-13,39.12751394493384,39.50703324272004,39.099744240217774,39.21082305908203,1045900
1996-02-14,39.18303601654917,39.31262791454863,38.849799707407726,38.86831283569336,431400
1996-02-15,38.78502050235693,39.044204410248575,38.581376003299205,38.62765884399414,889500
1996-02-16,38.55358876897465,38.64615440827591,38.34994436251188,38.47027969360352,606100
1996-02-20,38.17408746508463,38.2851662840907,37.84085100806643,38.09077835083008,492300
1996-02-21,38.16483374644631,38.59063591776247,38.16483374644631,38.5628662109375,434000
1996-02-22,38.77575761293869,39.29412534421694,38.74798791304879,39.173789978027344,721400
1996-02-23,39.39595773705939,39.460753720179554,38.70171506077192,39.062721252441406,1430400
1996-02-26,38.95163563948411,39.03494474612749,38.48880726924309,38.507320404052734,1408400
1996-02-27,38.59988299743049,38.609139564096544,38.21110719745637,38.38698196411133,601000
1996-02-28,38.69246224100276,38.94238962868388,38.21112060546875,38.21112060546875,865900
1996-02-29,37.98896741027235,38.47956567361164,37.84086227416992,37.84086227416992,914300
1996-03-01,38.29440367965276,38.442508697509766,37.6834704809926,38.442508697509766,1452600
1996-03-04,38.52582437352242,38.89608698162931,38.396232460685006,38.6646728515625,652600
1996-03-05,38.57212767971987,39.02569961547852,38.55361453948482,39.02569961547852,402000
1996-03-06,38.97015446765368,39.081233292739626,38.68320083618164,38.68320083618164,624700
1996-03-07,38.75723576681955,38.89608423505511,38.6461569922311,38.87757110595703,534200
1996-03-08,38.02598331856915,38.43327233171839,36.73006373127614,37.61869430541992,2289900
1996-03-11,37.47057781808714,38.10928084907727,37.35949903008886,38.053741455078125,1511400
1996-03-12,37.80382449745576,37.94267302034064,37.26694354230091,37.75754165649414,1385300
1996-03-13,38.0074518100171,38.17406996213116,37.79455083787137,38.01670837402344,1019300
1996-03-14,38.0722631669478,38.396243038293086,38.05375003144235,38.18334197998047,725600
1996-03-15,38.120482167770064,38.27854270358765,37.93452859621996,38.15767288208008,869200
1996-03-18,38.511003095283485,38.892208099365234,38.42732394804602,38.892208099365234,917600
1996-03-19,39.23620303509963,39.23620303509963,38.67834232843944,38.80850982666016,858300
1996-03-20,38.99448508969255,38.99448508969255,38.46451712352362,38.76204299926758,744300
1996-03-21,38.80852498455557,38.82712034870725,38.538892204356216,38.66905975341797,650800
1996-03-22,38.68766026668411,38.87361393295031,38.64117185011756,38.77133941650391,344500
1996-03-25,39.124646195535874,39.16183692385863,38.59467831693665,38.69695281982422,802400
1996-03-26,38.631862862038304,38.98517472455514,38.59467213966811,38.88290023803711,969400
1996-03-27,38.93868086604999,38.96657390391965,38.492392260135375,38.52958297729492,809600
1996-03-28,38.39011289064701,38.69693626807286,38.38081521254319,38.678340911865234,1001300
1996-03-29,38.789915396280335,38.789915396280335,38.30643610562679,38.49238967895508,457700
1996-04-01,38.67834373554277,38.94797642023766,38.5574739113692,38.93867874145508,773400
1996-04-02,38.9851722980932,39.013065338134766,38.85500477789923,39.013065338134766,638800
1996-04-03,38.87360013792694,39.04095837817633,38.78062333778839,39.013065338134766,288000
1996-04-04,39.01306531175122,39.10604211182689,38.97587459172095,38.98517227172852,934900
1996-04-08,38.00893037939963,38.31575393676758,37.841572075380746,38.31575393676758,2217200
1996-04-09,38.46450269283243,38.46450269283243,38.09259548768056,38.16697692871094,1180900
1996-04-10,38.10189769381569,38.269255956014,37.33948783269005,37.48825073242188,939500
1996-04-11,37.58122623046693,37.767179848628565,36.96757929053353,37.4417610168457,1276000
1996-04-12,37.70207751668394,37.97171013024346,37.59050540072828,37.915924072265625,411300
1996-04-15,38.11120104882504,38.27855933593869,37.99033117479851,38.23207092285156,484200
1996-04-16,38.30643340294854,38.47379160713618,38.22275430085472,38.34362411499024,429700
1996-04-17,38.30645366959857,38.418025864752735,37.99033244999509,38.25066757202149,525300
1996-04-18,38.34364443658625,38.42732358302885,38.13909541194879,38.306453704833984,818600
1996-04-19,38.49240997166668,38.59468449091507,38.33434935101008,38.39943313598633,885100
1996-04-22,38.752738912308345,38.84571573311523,38.43661772156495,38.69695281982422,828900
1996-04-23,38.63187166316781,38.84571836551507,38.54819251877105,38.81782531738281,225400
1996-04-24,39.01305732360253,39.01305732360253,38.59466180893091,38.678340911865234,699000
1996-04-25,38.76201514348826,39.0130524207428,38.529573220104425,38.8549919128418,475500
1996-04-26,38.95727409902024,39.16182303223705,38.8178089172815,38.93867874145508,563300
1996-04-29,38.771320523368594,39.013060171715736,38.771320523368594,38.93867874145508,219900
1996-04-30,38.93867871137503,39.01306014157823,38.75272513586703,38.91078567504883,184400
1996-05-01,38.9014804750951,39.152517753495566,38.84569441322832,38.99445724487305,561900
1996-05-02,38.68765614994055,38.90150284339131,38.13909289282772,38.32504653930664,1299600
1996-05-03,38.54818703342804,38.66905689146822,37.93454006183946,38.26925659179688,1329300
1996-05-06,38.418024575200064,38.418024575200064,37.89735434862426,38.23207092285156,647500
1996-05-07,38.23204272669605,38.23204272669605,37.94381477812417,38.07398223876953,582100
1996-05-08,37.88804812415234,38.54818344116211,37.534736264344296,38.54818344116211,1694700
1996-05-09,38.41803110736365,38.71555700170916,38.38084037057046,38.52030563354492,593400
1996-05-10,38.90147018432617,39.03163762758156,38.71551669396132,38.90147018432617,925100
1996-05-13,38.99447042071345,39.65460570919,38.95727970023589,39.487247467041016,867500
1996-05-14,39.64532855654555,39.83128225521603,39.60813781681146,39.72900772094727,632300
1996-05-15,39.73829647303744,40.0544176897158,39.65461732744612,39.68251037597656,466100
1996-05-16,39.45935468515392,39.83126189236555,39.44075932479334,39.76617813110352,514400
1996-05-17,39.86846549100654,40.045121471493744,39.86846549100654,39.98003768920898,427700
1996-05-20,40.258939094922376,40.31472515371441,39.85913900691276,40.24964141845703,788500
1996-05-21,40.31473273180879,40.38911415751323,40.1659698803999,40.19386291503906,352700
1996-05-22,40.240360564206526,40.575077056884766,40.10089535892392,40.575077056884766,1218100
1996-05-23,40.63084380724328,40.72382056652759,40.184555362678594,40.40769958496094,967900
1996-05-24,40.44491079130661,40.65875744606524,40.42631543002325,40.56578063964844,659100
1996-05-28,40.6866604309718,40.6866604309718,40.05441799283055,40.15669250488281,456400
1996-05-29,40.240350953571166,40.27754166609758,39.75687169072789,39.88703918457031,649600
1996-05-30,39.831263455477625,40.29614748273577,39.71969128893567,40.09159851074219,895800
1996-05-31,40.08229928328612,40.24965752664013,39.794071197509766,39.794071197509766,923500
1996-06-03,39.80337278574066,39.93354032112968,39.69180061255008,39.90564727783203,503100
1996-06-04,40.09159732449667,40.2217648482775,40.0172158823362,40.18457412719727,627100
1996-06-05,40.2031672871441,40.58437215735059,40.11948816929389,40.53788375854492,428000
1996-06-06,40.76103808390676,40.76103808390676,40.1659864330468,40.2403678894043,523300
1996-06-07,39.38498114129311,40.24966557144898,39.38498114129311,40.2403678894043,1422800
1996-06-10,40.18457660666206,40.30544645763073,40.0451113940059,40.11019515991211,548800
1996-06-11,40.25897079609386,40.48211520697291,40.07301712036133,40.07301712036133,688700
1996-06-12,40.20316803815585,40.30544251743886,39.93353532004611,39.99861907958984,1120600
1996-06-13,40.09159587893803,40.147381958546944,39.766177081219375,39.99861907958984,1502000
1996-06-14,40.01721427910357,40.01721427910357,39.70109316258649,39.83126068115234,1468200
1996-06-17,39.84987129081329,39.998634226103306,39.70110835552327,39.80338287353516,1101000
1996-06-18,39.77549604037658,39.88706825928367,39.468672438382086,39.477970123291016,718000
1996-06-19,39.66389591445117,39.868444838529456,39.52443073894326,39.654598236083984,552100
1996-06-20,39.69181184397232,39.821979416194296,39.384988280877664,39.62672805786133,1234400
1996-06-21,39.817997207142014,39.96754837036133,39.70583383472753,39.96754837036133,573300
1996-06-24,40.06101414513967,40.21056529453823,39.98623857044039,40.04232025146485,416500
1996-06-25,40.154503644250994,40.18254449875116,39.9488707112497,39.99560546875,454400
1996-06-26,39.94882532994888,40.032947797887466,39.71515180789723,39.7244987487793,838200
1996-06-27,39.724523998866566,40.10774881862034,39.57497284969436,40.00493240356445,1090500
1996-06-28,40.17318626288346,40.37881913812391,40.06102287638867,40.145145416259766,1060800
1996-07-01,40.2479462205318,40.50031374211897,40.19186454906799,40.490966796875,471300
1996-07-02,40.45360169927758,40.46294864976262,40.27600964006171,40.34143829345703,389400
1996-07-03,40.32272613964697,40.37880781717081,40.11709332205952,40.25729751586914,308300
1996-07-05,39.55625749378508,39.743196328821874,39.10760428969679,39.2291145324707,842900
1996-07-08,39.257171302320856,39.4721510499288,38.95806904477936,39.07023239135742,942000
1996-07-09,39.247808415974376,39.36931865874829,39.10760428969679,39.2291145324707,716300
1996-07-10,39.2197859754594,39.388031005859375,38.836561183992806,39.388031005859375,1132300
1996-07-11,39.21979332940288,39.2945689124904,38.2103229577214,38.59354782104492,1587400
1996-07-12,38.65896217959202,38.827207179406486,38.331819124397214,38.62157440185547,1312000
1996-07-15,38.71503966562172,38.71503966562172,37.48124313354492,37.48124313354492,1951300
1996-07-16,37.5934238149159,37.98599562004431,36.11660607181378,37.5747299194336,4141000
1996-07-17,38.13553599129736,38.28508711283186,37.686882626693865,38.02337265014648,1340500
1996-07-18,38.13552183045795,38.61221585333868,37.88315440657992,38.54678726196289,1432500
1996-07-19,38.45333064889466,38.50941231731793,38.060758969931705,38.26639175415039,1216000
1996-07-22,38.0047092250013,38.13556656124085,37.6962597895795,37.98601531982422,519800
1996-07-23,38.0420694512836,38.24770225912837,37.4345179735604,37.49994659423828,1479800
1996-07-24,37.05130084592905,37.79905666522126,36.86436189110599,37.5747299194336,2463400
1996-07-25,37.948593068169885,38.02336862101357,37.761654186060674,37.91120529174805,1989800
1996-07-26,38.02335188913837,38.172902929016985,37.92053554922182,38.1168212890625,642300
1996-07-29,38.06076272273519,38.11684439668814,37.64949711374689,37.696231842041016,1297900
1996-07-30,37.94861237051913,38.09816355227487,37.64951000700765,38.06077575683594,1868200
1996-07-31,38.08881509949207,38.44399914213764,37.99534561458533,38.34118270874024,767100
1996-08-01,38.3785676494205,39.11697652528612,38.3224859626459,38.97677230834961,1168600
1996-08-02,39.48149551606514,39.83667942459034,39.3319443966861,39.81798553466797,1098500
1996-08-05,39.82731765873176,39.83666460021468,39.46278694089779,39.58429718017578,710200
1996-08-06,39.57496856430829,39.7899483179642,39.35998881065239,39.70582580566406,640000
1996-08-07,39.85538189062408,39.93015746640386,39.55627958750495,39.80864715576172,917800
1996-08-08,39.81797393267713,39.81797393267713,39.593647318971904,39.74319839477539,925100
1996-08-09,39.88342337453067,39.93950505726964,39.51889243672737,39.61236190795898,648800
1996-08-12,39.63103447398304,39.99556521560694,39.48148340049631,39.90209579467773,764200
1996-08-13,39.82731765873176,39.85535848318053,39.48148082386364,39.58429718017578,805200
1996-08-14,39.59364157643038,39.76188651230756,39.48147828584559,39.7244987487793,533800
1996-08-15,39.62171272644734,39.85538642735821,39.60301883037447,39.64975357055664,632600
1996-08-16,39.76190227278486,40.00492283204495,39.76190227278486,39.98622894287109,475100
1996-08-19,39.99558545674119,40.03297324403424,39.85538125439225,40.00493240356445,436400
1996-08-20,40.014274532058565,40.02362147775632,39.8834172922901,39.97688674926758,645700
1996-08-21,39.87408823902089,39.967557737940304,39.70584314096595,39.836700439453125,266400
1996-08-22,39.93015526594644,40.28533923132704,39.91146137303167,40.21056365966797,584800
1996-08-23,40.13580974125088,40.20123840175128,39.86474814774918,39.99560546875,757100
1996-08-26,39.902106092926935,39.9488408154532,39.73386109183237,39.79928970336914,784700
1996-08-27,39.91145712781522,39.986232691520726,39.780599891330574,39.94884490966797,389400
1996-08-28,40.042317120677446,40.079704905103846,39.87407209075863,39.883419036865234,227600
1996-08-29,39.83669325427896,39.83669325427896,39.257182465502495,39.4908561706543,680200
1996-08-30,39.48151246431027,39.49085941328383,38.958083321791,39.07959365844727,1500900
1996-09-03,38.56550152310854,39.388032820741486,38.50941984372447,39.33195114135742,1782000
1996-09-04,39.33195120294322,39.93015578397658,39.17305311110624,39.36933898925781,930200
1996-09-05,39.1823944627193,39.34129253186678,38.89263916015625,38.89263916015625,616600
1996-09-06,39.032860359083415,39.58433036894595,38.96743171384549,39.44412612915039,804900
1996-09-09,39.5936647008677,39.92080782280593,39.52823607648005,39.91146087646485,719200
1996-09-10,39.85539250610695,40.023637596423534,39.70584131471443,39.89278030395508,669900
1996-09-11,39.8179936475656,40.154483734728124,39.72452417890934,40.117095947265625,713500
1996-09-12,40.229254062834414,40.519009377878064,40.173172388955,40.397499084472656,713300
1996-09-13,40.8648721456745,41.05181117653304,40.75270872715939,41.01442337036133,2008800
1996-09-16,41.07048621597775,41.369588527973946,41.01440453247847,41.16395568847656,1220200
1996-09-17,41.201352896883535,41.26678154259093,40.81812797202596,41.07049560546875,604700
1996-09-18,41.01439372051152,41.12655705794226,40.8087609352218,40.96765899658203,225500
1996-09-19,40.90222972523082,41.15459723039106,40.84614805741743,41.126556396484375,410000
1996-09-20,41.24426815902186,41.35700875535631,41.11273746329832,41.27245330810547,948400
1996-09-23,41.16909960102296,41.33821046200389,40.98119864437749,41.2630500793457,466800
1996-09-24,41.22546552476946,41.638847585637706,41.07514477536282,41.2536506652832,1269800
1996-09-25,41.45096746487242,41.45096746487242,41.187906021305686,41.281856536865234,1353300
1996-09-26,41.33821046200389,41.601271801307554,41.1221243618616,41.2630500793457,773200
1996-09-27,41.31942257347489,41.31942257347489,41.11273151012418,41.30063247680664,407600
1996-09-30,41.35700055766844,41.52611141864936,41.23486493584888,41.2630500793457,578200
1996-10-01,41.31004609491514,41.51673725117808,41.15033020143923,41.48855209350586,561400
1996-10-02,41.63885506283738,41.84554613038757,41.58248477168733,41.7703857421875,609000
1996-10-03,41.78916217335062,41.8079522642559,41.610656309750425,41.732791900634766,342200
1996-10-04,41.90192052704766,42.296512603759766,41.78917993370134,42.296512603759766,754100
1996-10-07,42.27771382387922,42.465614774207566,42.24013363381354,42.34347915649414,235100
1996-10-08,42.36226310568521,42.50318879798622,42.099201813389975,42.17436218261719,386200
1996-10-09,42.24013876604509,42.31529915530852,41.79857147912247,41.84554672241211,528800
1996-10-10,41.84554940085309,42.005265238260925,41.71401871122311,41.76099395751953,1562200
1996-10-11,41.92070575290256,42.27771759033203,41.92070575290256,42.27771759033203,331300
1996-10-14,42.27773613047187,42.50321738983439,42.26834107799844,42.3341064453125,201600
1996-10-15,42.7662601047092,42.7662601047092,42.06163147820367,42.27771759033203,776900
1996-10-16,42.39047787854862,42.48442840576172,42.05225598058148,42.48442840576172,590100
1996-10-17,42.61593899182091,42.70988947460711,42.41864297796989,42.59714889526367,792500
1996-10-18,42.615948357776674,42.87900976739258,42.52199785434242,42.82263946533203,695800
1996-10-21,42.860204896105614,43.06689593243054,42.65351385978069,42.76625442504883,879200
1996-10-22,42.72868716147094,42.73808221141849,42.44683566304435,42.46562576293945,848900
1996-10-23,42.37164552261706,42.62531169315157,42.20253474226072,42.60652160644531,735900
1996-10-24,42.606534363960456,42.681694733290485,42.22133747114405,42.24012756347656,379300
1996-10-25,42.230742348565,42.42803836398655,42.16497701009114,42.27771759033203,568300
1996-10-28,42.31529650250804,42.53138260809367,41.97707477202618,41.99586486816406,975400
1996-10-29,42.12741529089686,42.437452022520326,41.91132908400778,42.3341064453125,815900
1996-10-30,42.46560972694086,42.46560972694086,42.14617814934883,42.193153381347656,495400
1996-10-31,42.249532108954725,42.61593899182091,42.202556867561626,42.59714889526367,726300
1996-11-01,42.68172231423428,42.78506788884501,42.24954991131665,42.44684600830078,821300
1996-11-04,42.50320988154349,42.72869110107422,42.40925937340568,42.72869110107422,1608400
1996-11-05,42.86959303608616,43.17023449502869,42.86019799049421,42.972938537597656,764000
1996-11-06,43.04809805805823,43.818491781489215,43.01051787642745,43.79970169067383,1665000
1996-11-07,43.66817711589935,44.07216412450169,43.61180683562925,43.903053283691406,1446300
1996-11-08,43.91245503414435,44.15672628593891,43.74334416751736,44.14733123779297,1355700
1996-11-11,44.04396771632919,44.20368346956673,44.025177627713006,44.10033798217773,655900
1996-11-12,44.2225041096027,44.25068926199888,43.90307238244603,43.96883773803711,719900
1996-11-13,44.015809265863794,44.23189541594167,43.90306866582316,44.16613006591797,481900
1996-11-14,44.00642352132402,44.4573860168457,43.98763341734395,44.4573860168457,558800
1996-11-15,44.57012610960832,44.79560735468223,44.32585476077826,44.51375579833984,2250900
1996-11-18,44.59829270796928,44.64526794781336,44.33523136484244,44.52313232421875,1518200
1996-11-19,44.57951366489298,44.85197012354037,44.51374831280568,44.84257507324219,1029300
1996-11-20,44.8331729846628,45.105629400537744,44.68285220349042,44.917728424072266,730000
1996-11-21,44.974113978149006,45.00229913418294,44.72044757384359,44.85197830200195,653000
1996-11-22,44.917718300971046,45.246544935678,44.917718300971046,45.19956970214844,965100
1996-11-25,45.24656694784932,45.79147992188903,45.1432213838073,45.77268981933594,2058800
1996-11-26,45.86664302109494,46.11091436860588,45.37810032607303,45.622371673583984,2861800
1996-11-27,45.73509585264665,45.81025624024344,45.481429544507485,45.53779983520508,872000
1996-11-29,45.69752557329137,45.82905628012239,45.6129701189,45.7069206237793,1073400
1996-12-02,45.650543799948,45.772679438844754,45.33111212898726,45.725704193115234,1350600
1996-12-03,45.73509935232309,46.04513597488403,44.94591522216797,44.94591522216797,1777800
1996-12-04,45.0210713284548,45.13381190774141,44.55131891476057,45.06804656982422,2365100
1996-12-05,45.00228551717905,45.1807914513808,44.81438453380878,44.94591522216797,1697700
1996-12-06,44.0439828370578,44.945907400274,43.68697103078472,44.68284606933594,3401800
1996-12-09,44.90832768680147,45.34989492556291,44.84256235336892,45.34049987792969,1864600
1996-12-10,45.43444525905135,45.500210585108704,45.07743348902572,45.12440872192383,1331600
1996-12-11,44.26946939403056,44.87075250973895,44.08156842037168,44.711036682128906,1847900
1996-12-12,44.96471312270205,45.0210834274944,43.8560971284524,43.96883773803711,2540200
1996-12-13,43.931260293503655,44.24129698933034,43.53666813517877,44.081581115722656,1678300
1996-12-16,44.1943232086656,44.307063829095874,43.32997845203354,43.517879486083984,1831100
1996-12-17,43.386342393226,44.06278601650713,43.21723148740571,43.8654899597168,2023200
1996-12-18,44.11913852391727,44.354014687268624,44.053373198178896,44.21308898925781,1666800
1996-12-19,44.60768116004462,45.171383954821934,44.42917527503181,45.12440872192383,2269300
1996-12-20,45.393391689228864,45.75215809609049,45.166802379632045,45.22344970703125,1543200
1996-12-23,45.374480522542186,45.4405690293374,44.91186097497569,45.11012649536133,1263700
1996-12-24,45.22343046472495,45.44057846069336,45.1951068130769,45.44057846069336,633000
1996-12-26,45.58219876004248,45.81822920101205,45.54443388948735,45.7899055480957,1384300
1996-12-27,45.789933165372695,45.94099273870176,45.6199911453775,45.84658050537109,410400
1996-12-30,45.997629740152014,45.997629740152014,45.41227402506798,45.45003890991211,694100
1996-12-31,45.48782104382412,45.5444683925711,44.61922836303711,44.61922836303711,1378100
1997-01-02,44.94020883118165,44.94020883118165,43.95832191554239,44.73250198364258,2031900
1997-01-03,44.94020418380629,45.3933827133909,44.76082101584573,45.3745002746582,2123200
1997-01-06,45.37451289102473,45.58221977483716,44.90245179145102,44.97798156738281,1374100
1997-01-07,44.9779526889695,45.60107294032802,44.789128370376005,45.52554321289063,939000
1997-01-08,45.77106605434019,45.7899485073329,45.12906265258789,45.12906265258789,1802200
1997-01-09,45.35560100761192,45.84654423250697,45.28007128070499,45.50666046142578,1415700
1997-01-10,44.864677053366975,46.07315320295262,44.864677053366975,45.99762344360352,2369500
1997-01-13,46.224200106990295,46.224200106990295,45.704933153174025,45.931522369384766,1364600
1997-01-14,46.33750434159942,46.76235921025712,46.22420970995737,46.5074462890625,2111200
1997-01-15,46.35639252777162,46.64907036246834,46.14868567734169,46.39415740966797,1583900
1997-01-16,46.545220039902695,46.70572079866098,46.22421852238613,46.582984924316406,1308400
1997-01-17,46.64907808941665,46.97952086074423,46.59243075718906,46.86622619628906,1604000
1997-01-20,46.97951032611686,47.18721716437541,46.80956836754167,46.9228630065918,1889900
1997-01-21,46.75291966725728,47.46101114040839,46.59241893334303,47.30051040649414,2785800
1997-01-22,47.31937569320745,47.64037704467773,47.055021639055454,47.64037704467773,1201600
1997-01-23,47.772577629212016,48.150226464225554,46.46968914841533,46.9795150756836,2601100
1997-01-24,47.05504252778591,47.07392496860765,46.375274658203125,46.375274658203125,2176000
1997-01-27,46.45079074172693,46.66793874722688,46.1486717775531,46.24308395385742,2108500
1997-01-28,46.90398300121196,47.036160086964166,45.92209607848128,46.375274658203125,4376000
1997-01-29,46.45078532926498,46.82843399047852,46.28084343171889,46.82843399047852,1122700
1997-01-30,47.0550597852962,47.45159118798128,46.77182306909257,47.432708740234375,2126300
1997-01-31,47.69702752646624,47.98026403196783,47.35714371986435,47.37602615356445,3208100
1997-02-03,47.5648566946556,47.66871009355223,47.34770867878083,47.51765060424805,755000
1997-02-04,47.583747791453,47.85754316564985,47.394923395455166,47.81033706665039,654100
1997-02-05,47.87641438057927,48.018032644375104,46.60185000641674,46.91341018676758,2255400
1997-02-06,46.99839393161193,47.25330687579705,46.77180464789183,47.22498321533203,2483100
1997-02-07,47.62149842091096,47.885852496205466,46.9983781005739,47.86697006225586,2321000
1997-02-10,47.88586791603274,48.055809876302575,47.38548325523824,47.4138069152832,1670000
1997-02-11,47.60261756266196,47.96138381958008,47.20608643659457,47.96138381958008,1664300
1997-02-12,47.961406352357095,48.7261453119124,47.895317800296766,48.64117431640625,2675400
1997-02-13,48.82999216246715,49.28317074402137,48.75446239887478,49.16987609863281,1104800
1997-02-14,49.05656433105469,49.226506239822776,48.8866224222866,49.05656433105469,1112900
1997-02-18,49.15097964483363,49.50974591961344,48.79221337005382,49.471981048583984,833100
1997-02-19,49.33982525916196,49.547532139319166,49.03770616075148,49.14155960083008,648100
1997-02-20,48.96217814905084,49.16044381452135,48.43346970779615,48.5467643737793,1193900
1997-02-21,48.58451048879193,48.80165851468431,48.42400977400191,48.56562805175781,1844400
1997-02-24,48.32017330202658,49.16988326630607,48.32017330202658,49.14155960083008,787300
1997-02-25,49.18874724855531,49.26427699481029,48.86774582697165,49.17930603027344,1653900
1997-02-26,49.13209183727322,49.207621571073794,48.11244043096548,48.69779586791992,1597800
1997-02-27,48.82999150336809,48.82999150336809,47.96139923377995,47.97084045410156,1813100
1997-02-28,47.885882414145,48.26353132908305,47.77258773966359,47.8292350769043,2961200
1997-03-03,47.58373825970818,48.1879762058632,47.545973388073485,48.15021133422852,1210400
1997-03-04,48.28238777557758,48.41456482463079,47.791444450522825,47.88585662841797,1478700
1997-03-05,48.16908773131591,48.69779586791992,48.00858704698969,48.69779586791992,1254800
1997-03-06,48.71669653239377,48.88663849704165,48.263517959999405,48.41457748413086,1528500
1997-03-07,48.60342039175369,49.0377166889605,48.49012570552583,48.84889221191406,1859300
1997-03-10,48.90551366419307,49.35869216918945,48.66948319284079,49.35869216918945,1074900
1997-03-11,49.39645646315354,49.42478011938242,49.094337463378906,49.094337463378906,624600
1997-03-12,49.132106601891245,49.15098904101573,48.51842733034572,48.6600456237793,1055600
1997-03-13,48.49009874800222,48.62227580845239,47.77256613412991,47.90474319458008,2514100
1997-03-14,48.121887680502496,48.3579181282193,47.88585723278569,48.15021133422852,1642700
1997-03-17,47.88587455764431,48.35793562386714,47.39493104877256,48.28240585327149,3013500
1997-03-18,48.33902914360546,48.40511766001273,47.5648493799774,47.76311492919922,1352500
1997-03-19,47.64039167701512,48.03692288003428,47.16833072103994,47.60262680053711,1510000
1997-03-20,47.58376326857571,47.734822834507696,47.05505478781376,47.35717391967773,1808200
1997-03-21,47.72807312923599,47.76598263926715,47.51957082406458,47.57643508911133,2810600
1997-03-24,47.61431584985879,48.26825450305152,47.36790418343834,48.23982238769531,2145600
1997-03-25,48.12610471664913,48.50519967306228,47.63328127331204,47.76596450805664,2125800
1997-03-26,47.95554017511954,48.315680595407,47.72808306756957,47.97449493408203,1335300
1997-03-27,48.14507484436035,48.14507484436035,46.19273519515991,46.70451354980469,2898500
1997-03-31,46.64764344988771,46.780326710411565,45.64304162020707,45.7188606262207,4270700
1997-04-01,45.643020607882505,46.2116628912033,45.51981477982967,46.012638092041016,3210900
1997-04-02,45.87049663466895,46.06004414142378,45.1502161090006,45.18812561035156,2672700
1997-04-03,45.1502147287839,45.56721923089694,44.99857672801553,45.43453598022461,2284200
1997-04-04,45.1881346449127,46.01266646414664,44.97963234579608,46.00318908691406,3706700
1997-04-07,46.21169782169248,46.47706442116077,46.18326568603516,46.18326568603516,2596200
1997-04-08,46.173749200872216,46.5717987629487,46.00315653141087,46.51493453979492,1822700
1997-04-09,46.70449906837381,46.73293119037161,46.003173392428266,46.13585662841797,2453200
1997-04-10,46.15481467492802,46.42965854054874,45.90840293333703,45.96526718139648,1996500
1997-04-11,45.52931685829487,45.6809548828021,44.50576019287109,44.50576019287109,4221600
1997-04-14,44.723726402839006,45.15968559218645,44.46783731343942,45.102821350097656,3988500
1997-04-15,45.64302645596591,45.87996077104049,45.18811257102273,45.8704833984375,2760400
1997-04-16,45.71887386546416,46.46758676666061,45.643054837494894,46.4012451171875,2273300
1997-04-17,46.401232699862845,46.704508730580905,46.09795666914479,46.21168518066406,1386000
1997-04-18,46.590770674724965,46.69502178892797,46.24958521006059,46.43913269042969,1702100
1997-04-21,46.55286108438559,46.64763482437823,45.77571641644592,46.13585662841797,2809400
1997-04-22,46.16428602362397,47.149932861328125,46.097944409547736,47.149932861328125,3215000
1997-04-23,47.10256813999161,47.3300252094805,46.81824680313049,47.19734191894531,2047700
1997-04-24,47.3394716072275,47.48163218262458,46.6286687302421,46.96037673950195,2689900
1997-04-25,46.74240817299372,46.82770453827291,46.35383584227744,46.4201774597168,1606200
1997-04-28,46.40122285527446,47.19732226700712,46.32540386368088,46.875091552734375,1666500
1997-04-29,47.67120176649524,48.39148234984586,47.491131620657576,48.35357284545898,3197400
1997-04-30,48.06924592076546,48.94116441932824,48.050291170796704,48.58102416992188,3372200
1997-05-01,48.65687232464552,48.84641993790865,48.10718424618244,48.52418899536133,2149500
1997-05-02,48.6947542455502,49.53824064645599,48.56207099147513,49.39608001708984,1448300
1997-05-05,49.52875132896732,50.68499083569024,49.31077174983103,50.57126235961914,3636200
1997-05-06,50.32483070127426,50.62810651717648,50.04050962386593,50.53333282470703,1721100
1997-05-07,50.34382629394531,50.34382629394531,49.37713384628296,49.43399810791016,2327200
1997-05-08,49.32027808928073,50.47651827507862,49.24445906070381,49.77519226074219,2923700
1997-05-09,50.3248619636501,50.41963571499407,49.52876245236072,50.11635971069336,2558200
1997-05-12,50.30589795396441,51.10199731872195,50.26798846040453,50.95035934448242,2357900
1997-05-13,50.91247895746299,51.00725274554464,50.353313607781246,50.741886138916016,1195100
1997-05-14,51.092505525422574,51.25362082758028,50.60915961894946,50.83661651611328,2772000
1997-05-15,50.83666315714518,51.31053212766295,50.65659294834843,51.17784881591797,884100
1997-05-16,51.02617381400647,51.13990228461718,50.34380299034219,50.47648620605469,1934200
1997-05-19,50.53338097187072,50.89352134638892,50.381742919442,50.62815475463867,1375800
1997-05-20,50.51437723693961,51.36734045482415,50.19214668796101,51.234657287597656,1756400
1997-05-21,51.3673528176924,51.54742287369538,50.74184630736626,51.120941162109375,1208000
1997-05-22,51.17781630584172,51.23468054618154,50.68499288956324,50.95035934448242,907600
1997-05-23,51.17781695693874,51.68959512650813,51.045133727791125,51.42422866821289,644400
1997-05-27,51.17783357393374,51.87915944142839,51.11149193781938,51.63274765014648,1531000
1997-05-28,51.63273787283998,51.8317627434952,51.26312025590886,51.62326049804688,716700
1997-05-29,51.61376770808536,51.70854142771093,51.2536275735082,51.319969177246094,1282700
1997-05-30,50.47649326149477,51.89809934283616,50.41962901824111,51.65168762207031,2143300
1997-06-02,51.76541411459249,51.86018784969793,51.38631917417072,51.42422866821289,1479100
1997-06-03,51.19679021835327,51.82229709625244,51.15888071060181,51.25365447998047,1562100
1997-06-04,51.2725810588002,51.40526426301891,50.99773727863288,51.19676208496094,1063100
1997-06-05,51.31050302919889,51.74646223484041,51.20625191480636,51.386322021484375,1180800
1997-06-06,51.31051313756343,52.42884349408957,51.31051313756343,52.39093399047852,1511100
1997-06-09,52.42882358229701,52.69419000679164,52.37195934847673,52.656280517578125,1823400
1997-06-10,52.67522226303158,53.016407581755786,52.46672012381123,52.8173828125,1217500
1997-06-11,52.77004667255471,53.01645852842512,52.66579550276339,52.94063949584961,1673800
1997-06-12,53.30076742758448,53.98313856108129,53.11121989050203,53.96418380737305,4273300
1997-06-13,54.02104428569351,54.58968685712187,53.92627052378879,54.41909408569336,2132900
1997-06-16,54.43803405761718,54.58967203549356,54.267441332506266,54.43803405761719,800400
1997-06-17,54.24848846212092,54.7318345333243,53.94521249587566,54.36221694946289,2048100
1997-06-18,54.05896281194988,54.36223890065647,53.964189034229065,54.17269134521485,1971900
1997-06-19,54.35273187810724,54.89294211647727,54.2105712890625,54.73182678222656,2029900
1997-06-20,54.76418897840712,55.011560228135856,54.49778917100695,54.54536056518555,1396900
1997-06-23,54.44071693815928,54.7451739360658,53.18483182179489,53.2228889465332,3991500
1997-06-24,53.736660636784805,54.7261458893035,53.58443213639731,54.573917388916016,4895100
1997-06-25,54.4882561410411,54.95445564355743,53.546342860446885,54.19331359863281,4708900
1997-06-26,54.09817882987422,54.57389267818476,53.39412233437463,53.92692184448242,2569900
1997-06-27,54.17429520752812,54.63098052013109,54.003038215302,54.13623809814453,2617900
1997-06-30,54.136235054215895,54.47874901940953,53.50829278469424,53.77469253540039,2384900
1997-07-01,53.88887028729177,54.53584118763355,53.82227034166836,54.40264129638672,1749000
1997-07-02,54.53585464677069,55.2969970703125,54.32654048029669,55.2969970703125,1961800
1997-07-03,55.943934174516286,56.11519111586685,55.69656303700992,56.05810546875,2539100
1997-07-07,56.24838554057892,56.32449972940244,55.3540438219026,55.48724365234375,1158600
1997-07-08,55.56338167991619,56.13423834101122,55.52532456917652,56.0676383972168,3396500
1997-07-09,56.21038814955733,56.24844528439116,54.82130272812277,55.44924545288086,5390300
1997-07-10,55.48726107978886,55.92491780298335,55.09717573955029,55.69657516479492,2072200
1997-07-11,55.77268857634469,56.13423108161612,55.639488705981535,55.88685989379883,2258900
1997-07-14,55.95344844903577,56.210333861061606,55.54433464469832,56.05810546875,3186400
1997-07-15,56.21034413872035,56.48625815023404,55.69657322072934,56.343544006347656,2983100
1997-07-16,56.70508796691894,57.29497311019897,56.5623738193512,57.08565902709961,2621300
1997-07-17,57.009557507385566,57.1237288508583,56.49578646175826,56.80024337768555,1794800
1997-07-18,56.63852436444989,56.76221003835177,55.449239038470346,55.59195327758789,3961900
1997-07-21,55.582430940715525,55.7727165652986,55.22088825400768,55.60145950317383,3810300
1997-07-22,55.82976747803101,57.11419464393664,55.79171037681899,57.07613754272461,4243400
1997-07-23,57.19981757728187,57.53281718060936,56.952446443381454,57.02856063842773,3204300
1997-07-24,57.19985155392549,57.39965143460287,56.438709151344966,57.29499435424805,4152700
1997-07-25,57.58042446502858,57.732652950065,57.00956764614197,57.25693893432617,2364800
1997-07-28,57.390125260703535,57.58041082191277,56.93343991380139,57.218868255615234,2794700
1997-07-29,57.00958361703116,57.52335489795901,56.88589793828927,57.40918350219727,2737100
1997-07-30,57.54236427604508,58.22739242218847,57.4852785971998,58.09419250488281,4839800
1997-07-31,58.09414159806048,58.47471245687515,57.86579908277167,58.03705596923828,2138700
1997-08-01,58.15126414295872,58.28446402810293,57.12372217184623,57.80875015258789,7077700
1997-08-04,57.71363103319295,58.179830822284025,57.48528827935242,57.96100234985352,2339500
1997-08-05,57.90395304286887,58.26549596360975,57.789781594213856,57.99909591674805,1466700
1997-08-06,58.11320417648102,58.77920356946623,57.88486152745752,58.47474670410156,2478200
1997-08-07,58.76014060098616,58.8362547727491,57.92288471159387,58.03705596923828,3641900
1997-08-08,57.4281909054063,57.69459073067989,56.26744880957138,56.85733413696289,7113100
1997-08-11,57.08567343677001,57.40915891957837,56.400645355528766,57.27595901489258,6355900
1997-08-12,57.37109663356083,57.57089647258318,56.30549749210829,56.36258316040039,6132500
1997-08-13,57.04760341986616,57.14274618741096,55.6965761207299,56.19131851196289,6982300
1997-08-14,56.68606691321864,56.81926680190361,55.84881047005596,56.400638580322266,3462700
1997-08-15,56.09620976141011,56.09620976141011,54.57392455757266,54.6690673828125,4907100
1997-08-18,55.03057501289282,55.88685989379883,54.40263276689508,55.88685989379883,5638900
1997-08-19,56.15325769034751,56.571885839851966,55.73462954084306,56.53382873535156,3802800
1997-08-20,56.59093720210959,57.42819383859002,56.39113732294948,57.39013671875,3564600
1997-08-21,57.314048882959824,57.39016315770479,56.07719191835412,56.381649017333984,5392600
1997-08-22,55.41115535553205,56.46724021893591,55.14475557016892,56.36258316040039,8087800
1997-08-25,56.49580393125145,56.87637519383988,55.92494703736882,56.15328979492188,3888000
1997-08-26,56.02005018003009,56.36256407379386,55.23036536940806,55.32550811767578,4290000
1997-08-27,55.41116373697917,56.00104906522311,55.04962111644256,55.65853500366211,5484300
1997-08-28,55.52536563512415,55.982051301759846,54.80227999628429,54.81179428100586,4287900
1997-08-29,54.87839963393258,55.47779962993427,54.63102820701125,55.0306282043457,2652300
1997-09-02,55.22085005855368,56.847791023407694,55.16376441066407,56.81924819946289,7294000
1997-09-03,56.80976276269264,57.23790533919929,56.476762980965255,56.51482009887695,2812500
1997-09-04,56.66706670491183,57.066666570863184,56.4767810544588,56.87638092041016,2473700
1997-09-05,57.21886393792315,57.5042922581988,56.381607531781285,56.71460723876953,3663300
1997-09-08,57.0666703593259,57.2379274561028,56.81929899731482,56.962013244628906,803500
1997-09-09,56.76218922253643,57.40916020261227,56.571903640161175,56.99053192138672,1885200
1997-09-10,56.705102722188784,56.93344541771437,55.81076049804688,55.81076049804688,3623700
1997-09-11,55.886864495489846,55.962978713393134,54.95446532617456,55.52532196044922,7055900
1997-09-12,56.02007041789629,56.60995567025865,55.37309949595048,56.41967010498047,6708000
1997-09-15,56.419670523823925,56.81927021387462,56.13424217378771,56.32452774047852,2060500
1997-09-16,56.819272372623615,58.01807148832197,56.64801535609528,57.732643127441406,6979000
1997-09-17,58.07515716049808,58.15127139006624,57.54235755352104,57.732643127441406,2220000
1997-09-18,57.84682251016625,58.68407915176076,57.82779395013001,57.98002243041992,5045400
1997-09-19,57.84889523632548,58.27860805996936,57.69610845458543,58.07807540893555,1566400
1997-09-22,58.36456284856703,58.79427576220995,58.19267768310986,58.40275955200195,3259000
1997-09-23,58.4027873601926,58.488729983842326,57.90622997910528,58.13541030883789,1872800
1997-09-24,58.2881856932866,58.736997083782086,57.61974319680395,57.65793991088867,2793100
1997-09-25,57.60067137246772,57.90624522590256,57.218704055674166,57.25690078735352,6327800
1997-09-26,57.71523849482257,57.94441879327984,57.56245162918439,57.734336853027344,3995800
1997-09-29,57.75341978860558,58.40276379416529,57.5433379044539,58.28817367553711,2065000
1997-09-30,58.05898421331747,58.479147914861215,57.67701721191406,57.67701721191406,4137600
1997-10-01,58.21178729487401,58.55555769228468,57.92531196369845,58.44096755981445,3567500
1997-10-02,58.3836693563824,58.78473479847728,58.24998087568411,58.7656364440918,2577500
1997-10-03,59.56774791942649,59.73963305289069,58.26906024436365,59.061641693115234,6499900
1997-10-06,59.47231110383795,59.653745578946,59.22403234842694,59.45321273803711,2272100
1997-10-07,59.60593851382075,60.19798724625537,59.40540587864129,60.00700378417969,1832800
1997-10-08,60.11206920636005,60.12161838335868,59.1189547985028,59.58686447143555,4439400
1997-10-09,59.147597419981714,59.653703758899866,58.80382707656561,59.37677764892578,3607600
1997-10-10,58.86109811352146,59.271712522814354,58.82290142428491,59.20486831665039,2858100
1997-10-13,59.491356699996096,59.61549596758839,59.10938972278906,59.26217651367188,1760300
1997-10-14,59.567778776601415,59.5868771346574,58.78474609630624,59.28130340576172,2235700
1997-10-15,58.861126772542136,59.31948726655285,58.84202841862502,59.14760208129883,2601700
1997-10-16,59.47233421596017,59.58692445529727,58.059054597469135,58.21184158325195,9488100
1997-10-17,58.06857780529878,58.28820899910274,56.83673328352875,57.61976623535156,8151300
1997-10-20,57.963508674521854,58.51736098146127,57.54334485546437,58.44096755981445,3636400
1997-10-21,58.80383293444118,59.58686546133696,58.689242808554,59.57731628417969,5225400
1997-10-22,59.49136463816453,59.520012165277606,58.99480750153779,59.185791015625,4485200
1997-10-23,58.02080535888672,58.5173626134394,57.6197398840557,58.02080535888672,8054100
1997-10-24,58.76565131862112,58.76565131862112,57.247331760665205,57.4478645324707,6778700
1997-10-27,56.84623537234508,57.40963666362147,53.07431147312178,53.28439331054688,10840700
1997-10-28,51.56556520167951,56.76031843681167,51.56556520167951,56.3592529296875,19548000
1997-10-29,56.53113491876248,57.29506917442143,55.786299019495,56.20646286010742,10134400
1997-10-30,55.3852364949007,56.569334654446855,54.850482487363735,54.96507263183594,9772900
1997-10-31,56.11095753997989,56.53112127921732,55.27063006150504,56.26374435424805,7072700
1997-11-03,56.951307192761845,57.67704484310556,56.76032360056613,57.4478645324707,5548500
1997-11-04,57.37147109559242,57.7152415615447,57.00860227042056,57.4478645324707,3455700
1997-11-05,57.562469153786594,58.23091189445764,57.3523871495757,57.63886260986328,4774900
1997-11-06,57.46695823548896,57.65794181221042,57.14228615506247,57.419212341308594,3679800
1997-11-07,56.45474109252027,56.98949506768623,55.88179040484246,56.79851150512695,10606800
1997-11-10,57.21867669999841,57.352365196961024,56.22556215113328,56.45474243164063,4347900
1997-11-11,56.64570870526868,56.874888915809215,56.24464333682275,56.47382354736328,3212400
1997-11-12,55.996386417367845,56.66482895645648,55.23245208698083,55.30884552001953,6775300
1997-11-13,55.90086482640754,56.32102848413933,55.06053751094395,56.11094665527344,8589600
1997-11-14,56.41654030087012,57.075433544059024,55.9868273161817,56.87490081787109,5827900
1997-11-17,57.67705621162815,58.25000710114763,57.46697421880434,57.92533493041992,5149900
1997-11-18,57.944409884912886,58.11629508233023,57.38100840448938,57.562442779541016,3433600
1997-11-19,57.25686611756117,58.09719370567748,56.683915489300055,57.848915100097656,4387900
1997-11-20,58.24999237060548,58.99482833862305,58.23089401245117,58.72745132446289,4822700
1997-11-21,59.05209704948642,59.16668714725386,58.46004821102132,59.12849044799805,5436500
1997-11-24,58.67014545641448,58.88022735746283,57.82981785222103,58.05899810791016,4337200
1997-11-25,58.44102206192617,58.55561230126328,57.84897249201777,58.21184158325195,4525000
1997-11-26,58.59373739664954,58.66058162118939,58.249967099016,58.3836555480957,2681100
1997-11-28,58.51736098146127,58.82293466804854,58.42186920440275,58.44096755981445,1564700
1997-12-01,58.80382874225423,59.9497299194336,58.68923862453629,59.9497299194336,4850900
1997-12-02,59.70145459541907,59.882888958393,59.43407763945751,59.58686447143555,1974900
1997-12-03,59.66325152632755,60.21710373319807,59.20489107926229,59.75874328613281,3302500
1997-12-04,60.198011362926366,60.33169983993794,59.51047062400969,59.701454162597656,2872500
1997-12-05,59.510464035101656,60.50357832580296,59.3576772211476,60.46538162231445,3458800
1997-12-08,60.48450547907977,60.5036038388774,60.04524320373439,60.29352188110352,2289200
1997-12-09,60.02615205826768,60.25533240338356,59.66328317850088,59.930660247802734,1703000
1997-12-10,59.62507522960676,59.79696045608545,58.95663268218964,59.41499328613281,3558400
1997-12-11,58.86111999322107,59.03300515867824,58.24997273826225,58.40275955200195,5072800
1997-12-12,58.93753218837569,58.97572890398708,58.00171265589662,58.51736831665039,4478400
1997-12-15,58.82294918916915,59.348154092643874,58.593768867652905,59.10942459106445,4674700
1997-12-16,59.4149797178647,59.7778484464534,59.20489782236599,59.47227478027344,2885800
1997-12-17,59.79694025865904,59.81603861070588,59.099850408949344,59.16669464111328,2236300
1997-12-18,59.24310174914663,59.24310174914663,58.1926921436653,58.59375762939453,4658300
1997-12-19,58.00243551252386,58.82693294294982,56.6794047520729,58.15583038330078,8556000
1997-12-22,58.55848565628839,58.8461010082348,58.02160366598843,58.52972412109375,5136800
1997-12-23,58.55850555643866,58.67355173631379,57.38886939437489,57.4847412109375,4436500
1997-12-24,57.94490278441199,57.94490278441199,57.21627726958484,57.31214904785156,2019200
1997-12-26,57.75313507863102,57.75313507863102,57.31212508301066,57.54221725463867,941800
1997-12-29,58.04076172323788,58.73103837405934,57.94488996617935,58.67351531982422,2080000
1997-12-30,58.86528077733102,59.67060383682546,58.80775770165285,59.59390640258789,3616000
1997-12-31,59.44049967847481,59.90068419211462,59.32545355006486,59.555545806884766,4359500
1998-01-02,59.708928953142674,59.919846813927705,59.229570178631256,59.86232376098633,2360900
1998-01-05,60.034884951753945,60.39919757202968,59.38295710494474,59.99653625488281,4191800
1998-01-06,59.67062638602732,59.68980075183261,59.01869794864785,59.037872314453125,3154900
1998-01-07,58.96111952667681,59.34460648294788,58.42423778789731,59.19121170043945,4424200
1998-01-08,59.09535105088178,59.09535105088178,58.52012050853056,58.67351531982422,3831000
1998-01-09,58.443414304574446,58.59680909277542,56.391759012386295,56.64102554321289,10258800
1998-01-12,55.91242329110491,57.79151021926961,55.778202796236,57.67646408081055,12097900
1998-01-13,58.05992248535156,58.52010681152343,57.8106559753418,58.48175811767578,5224900
1998-01-14,58.71187254405209,58.88444173180404,58.1174675640176,58.750221252441406,3770400
1998-01-15,58.596808266086526,58.7502030521234,58.17497260448512,58.26125717163086,2875400
1998-01-16,59.05702253040905,59.32546354191091,58.6927097290851,59.09537124633789,4374800
1998-01-20,59.32542531243686,60.14033500079451,59.21037923878637,60.05405044555664,5091700
1998-01-21,59.651409042181314,59.93902432203754,58.9994810745072,59.47883987426758,4699400
1998-01-22,58.99948159573155,59.440491695407154,58.82691242629327,58.95154571533203,4543400
1998-01-23,59.21037255700325,59.38294164800488,58.29000407166124,58.865234375,6350300
1998-01-26,59.13370922740155,59.35421430396287,58.53930423841016,58.82691955566406,4362900
1998-01-27,58.78855310312661,59.82396793273158,58.692681359644666,59.42130661010742,7044200
1998-01-28,59.76643601537399,60.19785879700567,59.63221559442192,59.95817947387695,4268600
1998-01-29,60.03492823690556,61.08951816122041,59.86235897656312,60.28419494628906,8007700
1998-01-30,60.61012120498492,60.725167306607794,60.13076244822294,60.32250595092773,3649100
1998-02-02,61.30042860640668,61.664741444542976,61.20455680689713,61.319602966308594,5756300
1998-02-03,61.35791136861809,61.85644439848812,61.18534224289385,61.779747009277344,2759600
1998-02-04,61.53051762317114,62.06739967161265,61.31959967556912,61.703086853027344,3374000
1998-02-05,62.16324026430425,62.3358094075426,61.37709194510731,61.66470718383789,5076200
1998-02-06,61.971504877707474,62.35499191284181,61.77976136014031,62.3549919128418,5701200
1998-02-09,62.41253356439248,62.43170792186235,61.798954125356985,62.14409255981445,2322200
1998-02-10,62.23996538521316,62.8727191922717,62.08657052289594,62.73849868774414,3660400
1998-02-11,62.64260146478587,62.79599626482207,62.402922089729294,62.68095016479492,4073200
1998-02-12,62.41252374547377,63.160323569152254,61.894816175234816,62.949405670166016,5024700
1998-02-13,62.70015968995936,62.901490477954646,62.50841608234481,62.58511352539063,2101300
1998-02-17,63.0836159194388,63.25618508152845,62.68095454122962,62.89187240600586,3055500
1998-02-18,62.77682541216249,63.49586357739037,62.75765106108974,63.46710205078125,3007400
1998-02-19,63.35205104077686,63.44792278871992,63.04526144735905,63.13154602050781,3387800
1998-02-20,63.29451357703773,63.63965179102946,62.81515494649368,63.60130310058594,3707000
1998-02-23,63.96567789713541,63.96567789713541,63.40962134467231,63.85063171386719,3227800
1998-02-24,63.75471212096133,63.86975821802171,63.16030728614936,63.35205078125,3386800
1998-02-25,63.65884011672038,64.34911669629928,63.58214271898939,64.13819885253906,3481800
1998-02-26,64.08067439257319,64.56003311783181,63.92727960049042,64.50251007080078,3187600
1998-02-27,64.40663832574906,64.75177660793526,64.13819743960423,64.50251007080078,3442900
1998-03-02,64.57923457805053,64.8860242910104,64.19574743685071,64.36831665039062,4252300
1998-03-03,64.13819257681969,64.80929474130062,64.13819257681969,64.73259735107422,3349200
1998-03-04,64.48331432308409,64.67505774955772,64.08065312748944,64.31074523925781,4404100
1998-03-05,63.50550499272354,64.08073601620835,63.29458695077911,63.71642303466797,7268000
1998-03-06,64.15738890431273,65.00106048583984,64.08069148781026,65.00106048583984,6896300
1998-03-09,64.75179122283376,65.17362699627242,64.57922204279068,64.77096557617188,3362800
1998-03-10,65.1735960683515,65.55708295313144,65.00102697020051,65.38451385498047,5481900
1998-03-11,65.63382214547875,65.84474006648378,65.51877600674871,65.69134521484375,3439600
1998-03-12,65.71051122975904,66.01730089409406,65.3461985033612,65.95977783203125,3191300
1998-03-13,66.17066401227557,66.26653573643128,65.57625932251013,65.71047973632812,2879400
1998-03-16,66.1707314321681,66.49669562641523,65.97898778849331,66.41999816894531,3223600
1998-03-17,66.45831475397878,66.61170959472656,66.05565329701584,66.61170959472656,4581900
1998-03-18,66.4199518412138,66.8609619140625,66.28573138425985,66.8609619140625,1944100
1998-03-19,66.86093920046459,67.11020567869976,66.6691957556683,67.03350830078125,2554800
1998-03-20,67.41844617737301,67.80303514586916,66.99539831202726,67.6107406616211,3123300
1998-03-23,67.51456698479646,67.87992636181473,67.32227257583948,67.45687866210938,4453100
1998-03-24,67.72611940425962,68.18762618043856,67.64920160822979,68.0337905883789,3333600
1998-03-25,68.55297606989002,68.62989385510167,67.1876853823831,67.78379821777344,4597600
1998-03-26,67.61076277452133,68.14918750651411,67.45692713680911,67.74536895751953,3333500
1998-03-27,68.1491385343545,68.1683679752502,67.07228984419541,67.45687866210938,2611300
1998-03-30,67.45684723057069,67.74528870960677,67.05302915992019,67.41838836669922,3108700
1998-03-31,67.78377600187873,68.41834752189632,67.53379328187181,67.649169921875,5926500
1998-04-01,67.8799416318727,68.3510630397993,67.32228772044938,68.19722747802734,2929000
1998-04-02,68.26455311795159,69.0721900844175,68.14917640845646,68.93758392333984,3920900
1998-04-03,69.12984823141699,69.41828987911414,68.82217714054002,69.28368377685547,3787600
1998-04-06,69.68749284450743,69.76441060702895,68.72602081298828,68.72602081298828,4550500
1998-04-07,68.76449191241197,68.87986857669453,67.78379026601012,68.2645263671875,5583700
1998-04-08,68.43757470106607,68.47603357979663,67.53379105089745,67.87992095947266,4854800
1998-04-09,68.0337462315337,68.47602327034808,68.0145167950635,68.4183349609375,4481200
1998-04-13,68.53376834529632,68.53376834529632,67.68767243979883,68.2260971069336,4350200
1998-04-14,68.379907828726,68.8029556274414,68.24530171095292,68.8029556274414,3279100
1998-04-15,68.8991149022029,68.9952621459961,68.39914923447829,68.9952621459961,3867200
1998-04-16,68.4952932358864,68.6106699229766,67.99532759182883,68.1876220703125,7177900
1998-04-17,68.12991279073323,69.18753209739151,67.95684781328005,69.09138488769531,5688800
1998-04-20,68.91836894487751,69.26449914605156,68.84145112239439,69.07220458984375,3688300
1998-04-21,69.18753162108158,69.62980878263936,68.86063111036496,69.39905548095703,4573200
1998-04-22,69.45679395664591,69.80292415908767,69.4183350452635,69.59140014648438,2386100
1998-04-23,69.30296224355698,69.53371572494507,68.76453745365143,68.91837310791016,5062000
1998-04-24,68.76450550576354,69.206782806276,67.89918035258698,68.1876220703125,11039700
1998-04-27,67.30305692799375,67.49535137635944,66.22620801714585,66.89923858642578,14510200
1998-04-28,67.5530413230672,67.5722707683627,66.53388072240607,66.80309295654297,6511400
1998-04-29,67.0915224261799,67.66840568005937,66.72616303205626,67.26458740234375,7703100
1998-04-30,68.03375226582097,68.8702328264663,67.93760507494218,68.51448822021484,8684500
1998-05-01,68.76448881100059,69.28368377685547,68.49527660648326,69.28368377685547,4008800
1998-05-04,69.36061666591604,69.7259761659583,69.01448661324443,69.11063385009766,4537200
1998-05-05,68.91837042939198,69.01451770956692,68.37994566041236,68.62992858886719,5146400
1998-05-06,68.99523871270124,68.99523871270124,67.8030132945888,67.8222427368164,5526100
1998-05-07,67.99531049747472,68.0337693835027,67.28382110595703,67.28382110595703,6940400
1998-05-08,67.6876381358092,68.53373361250681,67.6876381358092,68.37989807128906,7951000
1998-05-11,68.6491125593336,69.05293086850615,67.91839371416422,68.1491470336914,6336300
1998-05-12,68.18763023644836,68.89911989204582,67.89918848417912,68.87989044189453,6045200
1998-05-13,68.95679313895496,69.26446427398656,68.66835144986285,69.05294036865234,4441500
1998-05-14,68.62991507674612,69.34140480995978,68.514538363252,68.70683288574219,4187500
1998-05-15,68.91827878729242,69.05288480054885,68.18756042961466,68.3221664428711,6716100
1998-05-18,68.12990390274207,68.66832820679987,67.58186487896896,68.05298614501953,4847200
1998-05-19,68.30296440028154,68.72601204014815,68.16835833305124,68.51448822021484,5918700
1998-05-20,68.9760100189964,69.22599277066827,68.22606176398084,69.16830444335938,5716600
1998-05-21,69.14906850685671,69.39905123505169,68.49526752542369,68.72602081298828,6301500
1998-05-22,68.7644657263595,68.95676009360324,68.2645003715258,68.45679473876953,4862200
1998-05-26,68.9760373545959,68.9760373545959,67.18769849929134,67.36076354980469,6899300
1998-05-27,66.78384823075993,67.62994363017066,66.19735028344114,67.45687866210938,10202600
1998-05-28,67.61072895340156,67.91840007491875,67.11076338093613,67.76456451416016,4907600
1998-05-29,68.07224696807992,68.18762365785632,67.09154510498047,67.09154510498047,4772600
1998-06-01,67.05306286124802,67.82224052527151,66.80308012044038,67.3991928100586,6092200
1998-06-02,67.68763195285774,67.89915580271042,67.1684370486739,67.45687866210938,6701100
1998-06-03,67.61071971835848,67.80301414304095,66.38003540039062,66.38003540039062,6445100
1998-06-04,66.61080934353113,67.72611735216994,66.49543265298229,67.6107406616211,6566300
1998-06-05,67.91844135522842,68.91837310791016,67.61077004671097,68.91837310791016,8463200
1998-06-08,68.8798742965613,69.20677487250813,68.70680928576593,68.84141540527344,4159900
1998-06-09,68.74526923362075,69.17793176725893,68.55297477422602,69.05294036865234,2725300
1998-06-10,68.68758215284133,69.57213668224523,68.45682879734467,68.61066436767578,6186900
1998-06-11,68.57218692521305,68.84139910046628,67.30304381330501,67.32227325439453,8056600
1998-06-12,67.6107181879377,67.95684814453125,66.61078720222305,67.95684814453125,9779000
1998-06-15,66.95691756514816,67.62994804038658,66.14928099486205,66.16851043701172,10234200
1998-06-16,66.70693938938221,67.2069049195419,66.30312107656093,67.18767547607422,7471500
1998-06-17,67.78378643039098,68.78371746425773,67.64918032967813,68.59142303466797,12057700
1998-06-18,68.41834325422471,68.5721787646333,68.14913111100967,68.28373718261719,3844600
1998-06-19,68.5589510188192,68.66504956429009,67.67158136579003,67.941650390625,3549100
1998-06-22,68.05734195154109,68.55889832646741,67.94159817271193,68.26953887939453,5438300
1998-06-23,68.57817850376567,69.17618793656925,68.52030662317178,69.0797348022461,5004600
1998-06-24,69.23408901648733,70.17933013150763,68.89650290398008,70.0057144165039,8291900
1998-06-25,70.31434748010217,70.64228819537288,69.63917541925072,69.88995361328125,5854800
1998-06-26,69.94785651091104,70.27579737155237,69.8321126777435,70.1793441772461,4833100
1998-06-29,70.52659084933387,70.79665985149215,70.24687652566995,70.43013763427734,5953400
1998-06-30,70.31437520880891,70.48799095006524,69.79352798503996,69.9478530883789,4284800
1998-07-01,70.41081758205867,70.95095536077035,70.14074869270283,70.75804901123047,3489500
1998-07-02,70.8159038849915,70.91235703656463,70.52654443027211,70.89306640625,3503900
1998-07-06,70.85452987202284,71.60686492919922,70.71949537458092,71.60686492919922,3144400
1998-07-07,71.59719852648284,71.68400639213532,71.16315919822044,71.47180938720703,4920700
1998-07-08,71.52966247264212,72.18554395162536,71.45249994570291,71.99263763427734,6875000
1998-07-09,71.78044483646859,72.05051369637468,71.37534154660946,71.5103759765625,6942500
1998-07-10,71.62614837843003,72.18557695450718,71.0281385212441,71.8962173461914,7849700
1998-07-13,71.9540781012932,72.12769383933923,71.64542790032252,71.91549682617188,6555100
1998-07-14,72.18556255067375,72.93789738217463,72.18556255067375,72.72570037841797,6983600
1998-07-15,72.88001962256754,73.01505406866548,72.55207882490116,72.59066009521484,4977500
1998-07-16,72.64852430072301,73.20795266097818,72.26271163847807,73.09220886230469,6315600
1998-07-17,73.22729436686369,73.45878212566305,73.03438790119756,73.18871307373047,3539500
1998-07-20,73.30445695313014,73.60346197491265,72.8029001423982,73.18871307373047,2338400
1998-07-21,73.45874783102535,73.45874783102535,71.7804623632472,71.91549682617188,5518600
1998-07-22,71.81904363836853,72.21450170836223,71.31748706179116,71.91549682617188,10417300
1998-07-23,71.79976248989095,71.97337825088209,70.3143832014112,70.48799896240234,15110900
1998-07-24,70.9702756385939,71.04743821063913,69.67780255683643,70.43013763427734,11540500
1998-07-27,70.14073994926761,70.98952778143698,69.65847413553503,70.93165588378906,9600000
1998-07-28,70.64228581472057,70.77732022234018,69.06045418260503,69.73562622070312,13693000
1998-07-29,70.19858945736917,70.44936760052546,69.29193001672714,69.46554565429688,7462400
1998-07-30,70.14075633830477,70.7387660870637,70.0057218789076,70.50727844238281,6821600
1998-07-31,70.58443369877415,70.6808868740936,68.7132420975768,69.00260162353516,7680500
1998-08-03,69.00260876243802,69.39806682216124,68.53963347300595,68.71324920654297,10486500
1998-08-04,69.27265214474403,69.27265214474403,66.05111694335938,66.05111694335938,15091600
1998-08-05,66.62986857799727,67.20858776078242,65.18307062103439,66.95780944824219,21718400
1998-08-06,66.74558257618924,67.59437033149338,66.39835122174664,67.24713897705078,13084400
1998-08-07,67.71010821627587,68.26953646079781,66.95777368053947,67.36287689208984,12083800
1998-08-10,67.13141401791903,67.69084246806835,66.7841825661022,66.97708892822266,6273000
1998-08-11,65.9160813582571,66.32118457994963,65.12516554447643,65.97395324707031,14287100
1998-08-12,66.51410780781092,67.20857065035187,66.35978273169071,67.09282684326172,11158400
1998-08-13,67.16997705710504,67.69082409344675,66.28260803222656,66.28260803222656,9073900
1998-08-14,66.88065235690598,67.11214004894028,65.2988197946717,65.51101684570312,8628500
1998-08-17,65.43384436725057,67.24716434676753,65.1251941579711,66.89993286132812,11290000
1998-08-18,67.28574862971581,68.2695712157581,67.15071415712177,68.13453674316406,7603900
1998-08-19,68.57825349347009,68.57825349347009,67.67159303940733,67.96095275878906,6258600
1998-08-20,67.71016470028427,68.15384954020067,67.38222373165041,67.55583953857422,7402800
1998-08-21,66.7841907428748,67.11213159863127,65.12519582551859,67.01567840576172,16685400
1998-08-24,67.44004821777344,67.86444211388071,66.86132926853625,67.44004821777344,7201700
1998-08-25,68.13451331500049,68.67465101964942,67.06388322185708,67.59437561035156,9688300
1998-08-26,66.84205791022282,67.67155530997451,66.51411707776286,67.20858001708984,9339700
1998-08-27,66.05112473821066,66.39835611825966,63.8712832967919,64.0448989868164,24887800
1998-08-28,64.79723008742789,65.26020523541784,63.06107328246554,63.81340789794922,23735900
1998-08-31,64.04493207732835,64.20890253596008,58.643552263577774,59.2608528137207,22563100
1998-09-01,59.299428993430006,62.077281229947225,57.79475903198318,61.76863098144531,24748500
1998-09-02,61.61428397419544,62.81030326236078,60.97769306275259,61.32492446899414,13843200
1998-09-03,60.263970209967134,61.34424624446078,59.72383219272031,60.84268951416016,17311300
1998-09-04,61.38277354325785,61.61426106133424,59.106479615506615,60.34107971191406,17783800
1998-09-08,62.27018011426463,63.58194351196288,61.61429841541549,63.58194351196289,14746500
1998-09-09,63.427587224476376,63.65907476909125,62.0000806993513,62.03866195678711,12109700
1998-09-10,60.76550731804165,61.32493579811251,59.76239418136287,60.8040885925293,19889300
1998-09-11,60.61118468581788,62.77173614501953,59.8781404407316,62.77173614501953,20379800
1998-09-14,63.50475458796291,64.478931412596,63.02248883319405,63.85198593139648,10686800
1998-09-15,63.50478679668439,64.39215623552019,63.13826463716524,64.23783111572266,8337900
1998-09-16,64.66223369780042,64.97088397798085,63.67841092972529,64.81655883789062,11024900
1998-09-17,63.11898196912279,63.60124802940032,62.82962233295628,62.964656829833984,12945200
1998-09-18,63.4193346848501,63.43869345612142,62.62562506272591,63.2451057434082,7019200
1998-09-21,61.7157723910228,64.05818407838596,61.28987935695677,63.20639801025391,8834600
1998-09-22,64.11624798131598,64.21304183394477,63.28382084870832,63.72907257080078,7270100
1998-09-23,64.34853955741241,66.28441619873047,64.29046325817286,66.28441619873047,13688500
1998-09-24,65.85853070013538,66.16827099737293,63.96137137955535,64.65828704833984,11129500
1998-09-25,63.88393306046081,65.30680247862563,63.57419277895555,64.58084869384766,10247400
1998-09-28,65.23907145218557,65.85855224935766,64.58087310519022,65.16163635253906,8847800
1998-09-29,65.27775948156979,65.62621727239667,64.03879844751864,65.0067367553711,10618100
1998-09-30,64.11628786879031,64.61961621558636,62.79989065409292,63.03219604492188,7908400
1998-10-01,61.96742877924012,62.90632921528921,60.76718492284747,61.21243667602539,13335600
1998-10-02,61.25112074219658,62.490081465174015,60.2251063934809,62.393287658691406,14351800
1998-10-05,61.69640267597413,61.928707926087625,59.68309050832389,61.1349983215332,12807200
1998-10-06,62.41267858828682,62.74177769994963,60.41872514703572,61.07692337036133,12621000
1998-10-07,61.09630511073993,61.96745014558888,59.31529748393763,60.167083740234375,14348500
1998-10-08,58.57965415182024,59.9347684249952,57.127746001989934,59.83797454833984,20625000
1998-10-09,60.08963193690781,61.19308200791416,58.269907258406086,61.038211822509766,12708500
1998-10-12,62.33522594627197,62.838553857639376,61.75446297161726,61.92869186401367,9508500
1998-10-13,61.67702648780278,62.19971315295365,61.17369858802786,61.71574401855469,6256800
1998-10-14,61.28990174999439,63.070909634075086,61.23182540594828,62.29655838012695,8176900
1998-10-15,62.02551601615777,66.43931678135252,61.90936336444212,65.6456069946289,20541100
1998-10-16,65.74237495098474,66.12955030405297,65.04545931546193,65.6649398803711,16573900
1998-10-19,65.47138473205925,66.16830071383161,65.35523206843052,65.89727783203125,7915900
1998-10-20,66.63287399416772,67.39754526748835,65.72301197274824,66.28441619873047,14611600
1998-10-21,66.20695594885984,66.67156616604483,65.58747565927987,66.05208587646484,9178400
1998-10-22,66.1489327100533,67.19430653690225,65.76175721862776,67.03943634033203,8277500
1998-10-23,66.88454536779403,66.903904136352,66.14891216259109,66.18762969970703,6237200
1998-10-26,66.72966901267446,67.1942794148515,66.1489060099532,66.67159271240234,5838600
1998-10-27,67.17491945373678,67.50401848276086,65.83916457122731,66.28441619873047,10089700
1998-10-28,66.01340377030839,66.61352562276574,65.68430468992855,66.16827392578125,5650600
1998-10-29,66.34250592708723,67.79441370197243,66.0521243721102,67.77505493164062,9625600
1998-10-30,68.22031075737692,68.70428004481576,67.83313532742586,68.14287567138672,9872800
1998-11-02,68.64620695060857,69.30440521240234,68.2590315024946,69.30440521240234,6501400
1998-11-03,69.13016260347813,69.26567398354655,68.60747585178562,68.80106353759766,6866000
1998-11-04,69.67228521164382,70.05946101165296,68.82049845162372,69.53677368164062,8233600
1998-11-05,69.09147386726394,70.58209966938759,68.83980977080151,70.48530578613281,6841500
1998-11-06,70.29169276510116,70.9692497044508,70.19489891662263,70.69822692871094,5224800
1998-11-09,70.58208358688901,70.7756713092886,69.69158006385092,70.19490814208984,6188700
1998-11-10,70.00130462646484,70.58206766263574,69.53669419752813,70.00130462646484,14015200
1998-11-11,70.50471318166346,70.6208659216662,69.31414759663537,69.53677368164062,10922400
1998-11-12,69.57543456674021,70.07876269660534,69.18825908222858,69.45928192138672,5457400
1998-11-13,69.51733734316173,70.1368179321289,69.45926103794605,70.1368179321289,5524600
1998-11-16,70.75630923754548,70.84342370856298,69.93356145571356,70.65951538085938,6023700
1998-11-17,70.4078513534755,71.62745394772047,70.00131715539383,70.65951538085938,9058900
1998-11-18,70.81441106359944,71.24030418645323,70.31108282749949,71.08543395996094,4567700
1998-11-19,71.41449822823378,71.80167360491166,71.00796408272201,71.70487976074219,5249300
1998-11-20,72.08236059473003,72.32434515426652,71.76294097614186,72.24691009521484,5562000
1998-11-23,72.7696155328401,74.1053706463719,72.57602783522681,73.95050048828125,7151300
1998-11-24,73.71819849687583,74.12473267976301,73.3794200111365,73.48589324951172,5323700
1998-11-25,73.67948095564847,73.83435112055788,73.23422923153394,73.48589324951172,4393500
1998-11-27,74.00855718995736,74.16342730701717,73.72785510278645,74.02791595458984,4557900
1998-11-30,73.72788118623173,73.95050705826577,71.93719482421875,71.93719482421875,8705400
1998-12-01,71.9371582258267,73.11804268540028,71.37575413848845,72.86637878417969,8950600
1998-12-02,72.61476298087507,73.04065601888607,71.8597707771283,72.65348052978516,7495500
1998-12-03,72.6340781981562,73.29227613491989,71.29832356178287,71.45319366455078,12145300
1998-12-04,72.24695554932671,73.40848216587538,72.1695204415568,73.33104705810547,10339500
1998-12-07,73.13742077858024,74.00856528229545,73.09870324508178,73.6794662475586,4290000
1998-12-08,73.42779211193819,74.18278391061091,72.78895289767667,73.35035705566406,10102600
1998-12-09,73.52461079073908,73.69883972626215,73.02128275478351,73.48589324951172,5327900
1998-12-10,73.62142247991788,73.62142247991788,72.30502575926722,72.4114990234375,5966600
1998-12-11,72.1307933648597,72.69219782207412,71.58874768203198,72.55668640136719,8198200
1998-12-14,71.95655250549316,72.11142267499652,70.46592712402344,70.46592712402344,9521400
1998-12-15,71.04670579253381,72.32438497027421,70.94991191543227,72.2856674194336,9631500
1998-12-16,72.55666701791752,72.55666701791752,71.70488117245638,72.18885040283203,7260000
1998-12-17,72.61475193989817,73.46653788640724,72.49859931082875,73.34070587158203,6914700
1998-12-18,73.53577476211741,74.04077480010342,73.26385166474033,73.65231323242188,4802400
1998-12-21,74.11848565189673,75.4198322291182,73.96310098595984,74.68175506591797,8580700
1998-12-22,74.8371322706905,75.34213238463755,74.07963209976994,75.0119400024414,5461100
1998-12-23,75.32273488210417,76.58523559570312,75.08965782728589,76.58523559570312,7791000
1998-12-24,76.54636637240239,76.60463561856254,76.13848164928123,76.25502014160156,1507100
1998-12-28,76.60463732523621,76.64348349020844,75.82771402579162,76.060791015625,4203600
1998-12-29,76.27444506914188,77.37184923171039,75.90540650119848,77.26502227783203,3935800
1998-12-30,77.03194001744498,77.53694012850235,76.46867066280404,76.64347839355469,6810700
1998-12-31,76.64347839355469,77.03194001744498,76.11905520130279,76.64347839355469,6790500
1999-01-04,76.68234290911941,77.8283049738707,75.65291935942759,76.46868896484375,9450400
1999-01-05,76.41041200523817,77.61464320613415,76.41041200523817,77.34272003173828,8031000
1999-01-06,78.19733605939071,79.40156726547174,78.1584898914526,79.20733642578125,7737700
1999-01-07,78.54693978029027,79.07136296873435,78.17790124027408,78.81886291503906,5504900
1999-01-08,79.67347341041042,79.86770420858305,78.29443474338478,79.40155029296875,6224400
1999-01-11,79.36271995342817,79.36271995342817,77.8282963419938,78.6440658569336,7578300
1999-01-12,78.44986630829287,78.44986630829287,76.91544208488234,77.22621154785156,7768800
1999-01-13,74.83714193751868,77.77002759351798,74.81771885370411,76.68233489990234,10810600
1999-01-14,76.83768649001686,77.0124941690892,75.14787892565097,75.34210968017578,11400700
1999-01-15,76.06082385652628,77.55640185370517,75.86659294780175,77.30390167236328,7817700
1999-01-19,77.8768644689978,78.08080687501463,76.76003700747707,77.80888366699219,6535100
1999-01-20,78.37216591232776,79.51812818960839,77.71178087118298,78.43043518066406,6534400
1999-01-21,78.05164656618479,78.21674274530947,76.19674243601914,76.35212707519531,6937500
1999-01-22,75.90542206479724,76.97369182261808,75.69176811323307,76.1773452758789,7522300
1999-01-25,76.62406933903394,77.0708002882856,75.76945361003077,76.95426177978516,5700300
1999-01-26,77.14846840339777,78.35269927978516,76.83769914497522,78.35269927978516,6047000
1999-01-27,78.54698131782295,78.70236604842202,77.16794183375633,77.43986511230469,7399400
1999-01-28,77.84768840863191,78.91595758589607,77.8088422567314,78.74114990234375,5961700
1999-01-29,79.14908424293397,79.74148843174612,77.94485277715191,79.34331512451172,6456800
1999-02-01,79.98425190767553,79.98425190767553,78.87713623046875,78.87713623046875,9426800
1999-02-02,78.98397513730794,79.07137901979112,77.54666684758439,78.39157104492188,9194500
1999-02-03,78.11964991375136,79.51811207033765,78.10022682824321,79.18791961669922,10290700
1999-02-04,79.16849020087861,79.24618253669891,77.55637423260752,78.00310516357422,7761100
1999-02-05,78.10018838454855,78.10018838454855,76.58518846065031,77.10961151123047,7516100
1999-02-08,77.75059934091544,77.75059934091544,76.6629067196086,77.26502227783203,8528400
1999-02-09,77.30386986589028,77.38156219741379,75.52665778229003,75.53636932373047,8985700
1999-02-10,75.90541126561152,76.44925761040096,75.41012263017828,76.0219497680664,6936700
1999-02-11,76.48812614692436,78.37216582093443,76.13851053731425,77.77005004882812,9181800
1999-02-12,77.57579229140788,78.00310011073962,76.21617650262506,76.83771514892578,10676600
1999-02-16,77.53694407403893,78.08079037515944,76.3715591430664,76.3715591430664,6915500
1999-02-17,76.56578452038426,77.91568863610387,75.98309209633263,76.29386138916016,7858100
1999-02-18,76.56582642757823,77.30390390201963,75.96371059316552,76.8960189819336,9048900
1999-02-19,77.07082681636696,78.15851993675923,76.68236498765543,77.22621154785156,5312200
1999-02-22,77.34269588008807,79.38211905121044,77.24558049098701,79.28500366210938,10695800
1999-02-23,79.3044316516203,79.86770094329236,78.68289312287874,79.24616241455078,7770700
1999-02-24,79.45983318701951,80.08137184797884,77.69233261991641,77.84771728515625,7271000
1999-02-25,77.40095765044167,77.86711147317958,76.25499616954428,77.10961151123047,11633000
1999-02-26,77.53695109111224,77.59522034293423,76.33271988679137,76.79887390136719,9621300
1999-03-01,76.85711995301601,77.26500459264535,76.0607737518349,77.01250457763672,7607200
1999-03-02,77.38157986939407,77.88658013962606,76.02196375723103,76.33273315429688,9651500
1999-03-03,76.50750837854662,76.79885456429889,75.69173905844026,76.74058532714844,7881400
1999-03-04,77.10966856293129,77.9934191724057,76.61437975981926,77.71178436279297,8256400
1999-03-05,79.24621021252527,79.63467202729255,78.66351749037435,79.27534484863281,10703100
1999-03-08,79.73175455555827,80.0522354203979,79.09079282587899,79.79002380371094,4802200
1999-03-09,79.63466374335374,80.76120288899143,79.40158667873905,79.59581756591797,7893400
1999-03-10,79.84832810548174,80.33390538659023,79.42102009810625,80.29505920410156,3950000
1999-03-11,80.60579172161778,81.53809967406059,80.10079158071126,81.18848419189453,6583700
1999-03-12,81.42156032986111,81.44098341200086,80.31444464789496,80.41156005859375,5286500
1999-03-15,80.76117167571637,81.57694108658218,80.48924853876109,81.5575180053711,5394400
1999-03-16,81.49926524352662,81.82945769089076,81.0913804556062,81.24676513671875,4547500
1999-03-17,81.22732525261081,81.38270990158759,80.5669404944595,80.89713287353516,4524100
1999-03-18,80.66410771029207,82.27622447888207,80.6446846166946,82.19853210449219,3506300
1999-03-19,82.43680402640837,82.63150597262096,80.80130767822266,80.80130767822266,5526700
1999-03-22,81.0349425388793,81.36593581690933,80.63580358596074,80.95706176757812,4603800
1999-03-23,80.56766302175839,80.70395438018089,78.31885560778713,78.62064361572266,9713800
1999-03-24,79.0295029174985,79.23393991691553,78.27016549109238,79.06844329833984,6280900
1999-03-25,79.78885743792914,80.68448638916016,79.59415549200935,80.68448638916016,6639600
1999-03-26,80.13931269963273,80.45083578106959,79.57467711452841,80.10037231445312,6159700
1999-03-29,80.47031530562487,81.89163952950838,80.47031530562487,81.7164077758789,5863900
1999-03-30,80.9571077303401,81.75538608939348,80.72346528378789,81.28810119628906,5401400
1999-03-31,81.71641375236177,81.99873159830155,79.94462589163628,79.98356628417969,7413600
1999-04-01,80.80130745518407,80.80130745518407,79.82779772680836,80.5871353149414,7683600
1999-04-05,81.5801096581501,82.61202989964939,81.15176540696173,82.49520874023438,5791100
1999-04-06,82.35891717135102,82.8554070975613,81.71640079625539,82.30050659179688,5381300
1999-04-07,82.67043339358449,83.09877760805902,81.85268534776948,82.96248626708984,6248600
1999-04-08,82.98198030721548,84.0723113483239,82.41734458949863,84.01390075683594,5909100
1999-04-09,83.7607806066985,84.42276725026609,83.23508533092425,84.03336334228516,4365800
1999-04-12,83.15721289535445,84.98741144655166,83.00145131652916,84.92900085449219,8213200
1999-04-13,84.89002159129214,85.02631291036073,83.79969103874343,84.38379669189453,10071400
1999-04-14,84.77321408282309,84.77321408282309,82.67043339358449,82.96248626708984,11551700
1999-04-15,83.1377252908983,83.21560606400453,81.61905021532685,82.65097045898438,11150000
1999-04-16,82.80672351151075,82.80672351151075,81.73586299114086,81.95003509521484,6476200
1999-04-19,82.670446237542,83.81918771846874,79.98355938384893,80.68448638916016,12487200
1999-04-20,80.8792044836868,81.73589321678314,80.37297932322078,81.69695281982422,9049600
1999-04-21,81.65799950360147,84.50064803186227,81.24912540022149,84.03336334228516,5772200
1999-04-22,84.18912569667211,84.96793351995308,83.73157610049455,84.8316421508789,6897400
1999-04-23,84.65640254575868,85.20156797153633,84.11123711998101,84.61746215820312,4593100
1999-04-26,85.04581457176025,85.24051652819743,84.40329811551756,85.1042251586914,3606500
1999-04-27,85.43522650991416,85.66886887958574,84.63694841353619,85.51310729980469,5147200
1999-04-28,85.00687342579455,85.51309850803703,84.11124443413479,84.34488677978516,5544300
1999-04-29,84.46171500611288,84.7732381596624,83.37138396868957,83.70237731933594,9824300
1999-04-30,84.16964595000248,84.50063923733767,81.93057371214675,83.02090454101562,10991900
1999-05-03,83.13773485110796,84.63693990580008,82.92356270043766,84.53958892822266,10709700
1999-05-04,84.1891319060994,84.61747624049677,82.94303929694344,83.33244323730469,10509300
1999-05-05,83.44928776118066,84.15021504988867,82.14478419608521,83.99445343017578,10032300
1999-05-06,83.76072646427433,84.18907048617439,82.47569439857416,83.47840881347656,13507200
1999-05-07,83.79970587271231,84.18910971041079,83.1377193486249,84.1112289428711,8680700
1999-05-10,84.01388514661727,84.5590505658769,83.19613701772784,83.692626953125,5580100
1999-05-11,84.30594658203688,85.27945635781097,83.93601286724272,84.53958892822266,7000600
1999-05-12,84.57856783962772,85.49366744562738,81.93062004354361,85.20161437988281,13865800
1999-05-13,85.51311497606922,85.98039975735921,85.24053218698339,85.57152557373047,4485700
1999-05-14,83.83866070375574,84.65640890383882,83.17667406559325,83.3519058227539,8370100
1999-05-17,83.25456269774595,83.7899931173409,82.47575481469875,83.60502624511719,6268100
1999-05-18,83.81920593340043,84.10152381633522,82.63152380519196,83.44927215576172,8218600
1999-05-19,83.78022040286935,84.11121360455394,83.02088305782824,84.05280303955078,5052400
1999-05-20,84.18913210368996,84.48118505964632,83.52714540352218,83.54661560058594,4670400
1999-05-21,83.56607769433525,83.91654120749881,82.6120381307233,83.0793228149414,6418200
1999-05-24,83.39086008753745,83.39086008753745,81.23940315555686,81.69695281982422,7952000
1999-05-25,81.85269773468491,82.4562737646029,80.02249945041746,80.37296295166016,15406400
1999-05-26,80.5676885146985,81.61907932663512,79.80835070607762,81.26861572265625,12575900
1999-05-27,80.89865021063508,81.17123290689233,79.74990884783665,80.10037231445312,14515400
1999-05-28,80.37297884493505,81.46330995329657,80.11986626620826,81.1225814819336,8748000
1999-06-01,81.07386748914774,81.09333767826617,79.9835368985156,80.84022521972656,6705300
1999-06-02,80.8402253225288,81.11280797053347,79.7596298250817,80.91810607910156,6981900
1999-06-03,81.42433922323322,81.54116036989495,80.8597036810348,81.36592864990234,6076600
1999-06-04,81.91109596841245,83.08904255887809,81.58010271158739,83.00142669677734,9787200
1999-06-07,83.13774878252428,83.6050335531989,82.80675540329644,83.21562957763672,5299100
1999-06-08,83.09882309306096,83.36167082308822,81.98902156627922,82.39789581298828,4895700
1999-06-09,82.49520089971422,82.92354511019185,82.12526726339263,82.3199691772461,7409700
1999-06-10,81.89162404817795,81.91109423934489,80.74288276932808,81.56063079833984,7040700
1999-06-11,81.75537814460354,82.37842460819661,80.43140440946826,80.87921905517578,12824800
1999-06-14,81.42434639538521,81.4632867810358,80.71368435726193,80.95706176757812,6823500
1999-06-15,81.28807087919671,82.02793835067203,81.04469342147456,81.50224304199219,5700900
1999-06-16,82.47573159347941,83.41030079000609,82.47573159347941,83.0598373413086,7865800
1999-06-17,82.78727064473762,84.46170744517211,82.63150908190651,83.83866119384766,8162800
1999-06-18,83.77926936089688,84.16984870523673,83.34963208212305,83.93550109863281,2875100
1999-06-21,84.03313825389469,84.52136238969469,83.5253851526627,84.13078308105469,4646400
1999-06-22,83.74023448913773,84.48233544776349,83.4277709276111,83.5449447631836,5862400
1999-06-23,83.11535108305071,83.50593074039587,82.56853956276748,83.13488006591797,9629200
1999-06-24,83.03720820861454,83.07626616167599,81.65065087493355,82.50992584228516,9176900
1999-06-25,82.86143106797056,83.12507219910833,82.02168524286503,82.30485534667969,4087000
1999-06-28,82.9199980330255,83.50586707235445,82.8028242251597,83.31057739257812,5028900
1999-06-29,83.11530252572717,84.48233052779506,82.97859972552038,84.09175109863281,6956200
1999-06-30,84.13081874986635,85.92748433133981,83.64259440707464,85.61502075195312,16856100
1999-07-01,85.61504987388923,86.55244093090262,85.02918046325587,86.25950622558594,9939500
1999-07-02,86.31803336845762,87.17730790877711,86.18133060067952,87.11872100830078,3772800
1999-07-06,87.02109676070278,87.95848739008198,86.61098836034937,87.09921264648438,11221100
1999-07-07,86.90391374819492,87.31402210520888,86.56215678401662,87.21637725830078,3230700
1999-07-08,86.90387611888455,87.88032416516415,86.70858650962863,87.2846908569336,7101500
1999-07-09,87.48978258451957,87.8608330017307,87.21637701394295,87.80224609375,2976800
1999-07-12,88.07569795255687,88.07569795255687,87.17736489139996,87.41171264648438,4436300
1999-07-13,87.09921264648438,87.44096964677888,86.65004630324017,87.09921264648438,6477600
1999-07-14,87.48979562952898,87.62649843520013,86.70863673997962,87.58744049072266,4382500
1999-07-15,87.9780466543079,88.3490972395314,87.68511198176304,88.14404296875,3348600
1999-07-16,88.27090758066862,88.8372474744384,87.95844419100254,88.62242889404297,2281500
1999-07-19,88.8568303599861,88.89588830739709,87.84132372730055,88.03661346435547,4287000
1999-07-20,87.5679057132832,87.74366645177997,85.94700112492403,86.23017120361328,7060100
1999-07-21,86.29851118467681,86.80626436204763,85.81028697566643,86.13251495361328,4793700
1999-07-22,85.88843873192154,86.23996030926911,84.65811321120506,84.99987030029297,7804100
1999-07-23,85.40019486534442,85.61501355812256,84.44327523387818,84.83385467529297,4603000
1999-07-26,84.28701631478786,85.06817494606486,84.13078458853246,84.20890045166016,4333400
1999-07-27,84.99008029913179,85.74194566942512,84.5995008859924,84.9119644165039,5908500
1999-07-28,85.14632108286946,85.81030615553404,84.73621265563546,85.18537902832031,3955500
1999-07-29,84.32610263749073,84.52139236106066,83.31059607492716,83.99411010742188,7760600
1999-07-30,84.2479803764214,84.5799728813818,82.84189447305971,82.95906829833984,5994300
1999-08-02,82.959091036014,84.20894551489934,82.80285922615334,83.15438079833984,6065500
1999-08-03,83.56445108713436,83.64256695634411,82.09977853945146,82.76376342773438,5445400
1999-08-04,82.93954464853095,83.66211661744917,81.51392968282745,81.631103515625,6497900
1999-08-05,81.78733033442056,82.45131534668663,80.51794722273543,82.37319946289062,10322000
1999-08-06,82.0021586815897,82.49038301286852,80.92806515277631,81.4748764038086,7537700
1999-08-09,81.61158162322492,82.36344711556619,81.08429932989469,81.29911804199219,5565900
1999-08-10,81.16238654606661,81.3381472484041,79.36572158883895,80.4007568359375,9793300
1999-08-11,81.04522005671187,81.57250221129772,80.38123512130748,81.37721252441406,8003400
1999-08-12,81.67015665040351,82.37319960578719,81.18193237583152,81.32839965820312,7036800
1999-08-13,82.2560093845456,83.2715156732437,81.94354591110003,83.21292877197266,5857700
1999-08-16,83.19341260250484,83.72069479505593,82.64660143985927,83.58399200439453,3927000
1999-08-17,84.01360928846269,84.26748583907869,83.1933927403187,84.13078308105469,4808000
1999-08-18,83.867170524285,83.97457987063115,83.2715368763654,83.5254135131836,4355500
1999-08-19,82.72474508541815,83.2617919432673,82.29510759913883,82.8419189453125,6448100
1999-08-20,83.15434324605044,83.8183281381044,82.91999563709024,83.68162536621094,3663700
1999-08-23,84.24796943847991,85.33182718160361,84.15032459675706,85.28300476074219,5637800
1999-08-24,85.0291113848015,86.22037821862622,84.59947416604503,85.59545135498047,9279500
1999-08-25,85.73218799649646,86.72816557914369,85.08773191360709,86.47428894042969,6005300
1999-08-26,86.41571881975447,86.50359921177456,85.3025671875,85.43927001953125,4322300
1999-08-27,85.53690100532613,85.65407484231973,84.40422058105469,84.40422058105469,6247400
1999-08-30,84.57999786707884,84.67764275032414,82.49039736562942,82.8419189453125,4652000
1999-08-31,83.07624541037578,83.5839986733447,81.78733328130085,82.52943420410156,11453700
1999-09-01,83.07624942089365,83.57423822207672,82.68566996898535,83.5449447631836,6863900
1999-09-02,82.56849556533209,82.9102525834005,81.65063385966259,82.55873107910156,10896300
1999-09-03,84.28702143443587,85.30252771677847,84.1698476326271,84.97053527832031,9160800
1999-09-07,85.02911614194736,85.38063752241476,84.50183407124626,84.65806579589844,4560800
1999-09-08,84.26753007431631,85.02916012597295,83.75977670654524,84.24800109863281,6159600
1999-09-09,84.20890045166016,84.52136390417097,83.54491561507471,84.20890045166016,6177800
1999-09-10,85.14631206438754,85.21466346168694,84.32609529679482,84.9119644165039,2934500
1999-09-13,84.4432399900365,84.6580585931564,84.0526607116367,84.33583068847656,2320500
1999-09-14,83.77925872802734,84.09172216384283,83.34962150378105,83.77925872802734,3736000
1999-09-15,84.63856945101088,84.63856945101088,82.41226651667418,82.45132446289062,6984500
1999-09-16,82.8028377682811,82.99812747999873,81.43580978625758,82.77354431152344,15377600
1999-09-17,83.11437400746568,83.93690080018801,82.82061443863628,83.81939697265625,8542300
1999-09-20,83.93690433243361,83.97607227659248,83.40813708628903,83.70189666748047,2803900
1999-09-21,82.87937705512257,83.01646487161261,81.56725081157502,81.93934631347656,9335200
1999-09-22,82.25263697577087,82.62473223828032,81.31260683890491,81.85116577148438,13009100
1999-09-23,82.60520752713826,82.60520752713826,79.98095484609594,80.13762664794922,12204100
1999-09-24,80.05927276611328,80.45095218277724,79.15841010778617,80.05927276611328,13792900
1999-09-27,80.68597070965124,81.31265786079416,80.392211107553,80.58805084228516,6970300
1999-09-28,80.17678956356193,80.72514083561364,78.68840753942155,80.43138122558594,11063400
1999-09-29,80.49013794907917,80.9209854028212,79.43260328989419,79.47177124023438,7580300
1999-09-30,79.86342454558438,81.1167985453189,79.5696650143966,80.68595123291016,7498900
1999-10-01,80.17680747501464,80.56848704255256,79.35428038318497,80.50973510742188,11127100
1999-10-04,80.96014762426198,82.01768220861373,80.6859719912819,81.93934631347656,6341600
1999-10-05,81.91977487956508,82.70313395084946,80.64681638872794,81.86102294921875,11976000
1999-10-06,81.9393490459647,83.23189135883126,81.90018109708997,83.11438751220703,10308200
1999-10-07,83.26124316030204,83.34937101969787,82.40934051947572,82.64434814453125,6535600
1999-10-08,82.56600298200334,83.89771270751953,82.24286753390015,83.89771270751953,9674300
1999-10-11,83.72148268964766,84.05441022315034,83.54522693661681,83.76065063476562,4282000
1999-10-12,83.4277160760485,83.54521990150772,82.21350987963652,82.46810150146484,8686100
1999-10-13,81.90019135682074,82.29187089463433,80.3334732055664,80.3334732055664,10469300
1999-10-14,80.5195126564902,80.96015209094747,79.43260205149564,80.31388092041016,10562200
1999-10-15,78.96259149774775,79.43260692332957,78.02256064658408,78.257568359375,14238700
1999-10-18,78.29671042116533,78.92339744804809,77.35667988084118,78.82547760009766,9758800
1999-10-19,79.7067753911957,80.3726305173138,78.92341641929205,79.58927154541016,14392900
1999-10-20,80.05929888154563,81.13641762872885,79.66761933711537,80.37264251708984,9759400
1999-10-21,79.72634970864584,80.84263610839844,79.35425424206164,80.84263610839844,9105400
1999-10-22,81.31266008716577,82.23310686560913,81.19515624310918,81.52808380126953,8309600
1999-10-25,81.03845490400829,81.76306167816206,80.68594350036591,81.11679077148438,8114300
1999-10-26,81.58683942874079,81.90018302712289,80.09845733642578,80.09845733642578,6256300
1999-10-27,80.45096590333438,81.6651723020702,80.37263000664176,81.54766845703125,5433300
1999-10-28,82.9968801871378,84.51463814242408,82.84020839820504,84.3285903930664,10509700
1999-10-29,85.13154824458769,86.2870028906495,85.05321233638011,85.85615539550781,10988600
1999-11-01,85.54275727964536,85.85610071290414,84.95523834228516,84.95523834228516,4006500
1999-11-02,85.2098467729195,86.01278947981211,84.34815216064453,84.34815216064453,6516900
1999-11-03,85.22951200703413,85.46451985264176,84.68116036728298,84.91616821289062,7222300
1999-11-04,85.69948102375221,86.08136856487725,85.08258576501177,85.56239318847656,7907500
1999-11-05,86.87451829676831,87.17806992742653,85.71906370264989,86.40450286865234,7431500
1999-11-08,85.85614666040392,86.71784156301746,85.69947485992873,86.48283386230469,4649200
1999-11-09,86.7961372482748,86.91364104418854,85.40567566329568,85.67005920410156,4533700
1999-11-10,85.38612519799378,86.7276273943384,85.27841334281283,86.30657196044922,6405600
1999-11-11,86.60032574278354,86.7961654663086,86.14989437867588,86.7961654663086,4794100
1999-11-12,87.26620043923475,87.72642389307723,85.9344900196055,87.57954406738281,11802900
1999-11-15,87.63825360716753,87.89284518189226,87.36407806515628,87.7851333618164,2187500
1999-11-16,88.08871434304567,89.61626430275166,87.7949547354099,88.51956176757812,7544800
1999-11-17,89.14622649742456,89.5770738135369,88.55870742999866,88.75454711914062,9459000
1999-11-18,89.26372940304194,89.61624083991222,88.75454621645153,89.38123321533203,4491000
1999-11-19,89.24414268794813,89.5966541139703,88.98955110248767,89.30289459228516,4832100
1999-11-22,89.26372596856193,89.6162373918691,88.67620692971664,89.28330993652344,4155400
1999-11-23,89.51833602658783,89.51833602658783,87.9712022383357,88.49996948242188,5918000
1999-11-24,88.20621860780408,89.26375320034879,87.73620323333975,88.9699935913086,4459700
1999-11-26,89.2833408687792,89.53793254048225,88.5195658536701,88.63706970214844,1693900
1999-11-29,88.28452438726659,88.94058729032191,88.01034884569121,88.32369232177734,7348600
1999-11-30,88.20622103123861,89.18541975494242,87.10951846069035,87.28577423095703,7682000
1999-12-01,87.30534469091677,88.04953560573392,87.10950497649121,87.99078369140625,6980200
1999-12-02,88.12788229073044,88.59789766294767,87.97121049999136,88.51956176757812,6698300
1999-12-03,89.63583627949842,91.08505014986828,89.63583627949842,90.14501953125,10045400
1999-12-06,89.94923311710671,90.06673701405917,89.14628982126492,89.47921752929688,3138900
1999-12-07,89.79249747159307,89.81208144050727,88.59787536782706,88.75454711914062,10714200
1999-12-08,88.57832503482922,89.02875649089843,88.04955767335666,88.1866455078125,4611400
1999-12-09,88.87210732138618,89.12669907880752,87.34455677685817,88.61751556396484,6474700
1999-12-10,89.16586188429778,89.4987895478236,88.28458277496472,88.91127014160156,5127300
1999-12-13,88.63703905707824,89.43998174407342,88.53911921720078,89.06788635253906,4210800
1999-12-14,88.75453544467635,89.29309451897657,88.12784852185428,88.20618438720703,5739000
1999-12-15,87.97122348070988,89.11688611953925,87.75579973665648,88.6762466430664,6879100
1999-12-16,89.10705428849005,89.40081380812244,88.46078334529881,89.06788635253906,5854900
1999-12-17,89.83623591192031,90.03255635753202,89.24727457508516,89.6399154663086,4775400
1999-12-20,89.56138709131625,89.95402798167711,88.63868099896818,88.99205780029297,4608700
1999-12-21,88.9527893364818,90.50372077713112,88.79573298806162,90.34666442871094,7981300
1999-12-22,90.2288225072258,90.58219909667967,89.8165498195296,90.58219909667967,5377500
1999-12-23,91.1025089916992,92.02521514892578,91.09269296875,92.02521514892578,5721700
1999-12-27,92.03501493425048,92.21170331616352,91.1319409822506,91.89759063720705,2691000
1999-12-28,91.64240935848736,92.0350503583095,91.39700873359853,91.83872985839844,4084500
1999-12-29,91.91722581131806,92.23133850097656,91.28900043200107,92.23133850097656,3001000
1999-12-30,92.42766399434356,92.70251261284838,91.838702668976,92.12336730957033,3641300
1999-12-31,92.25099783390128,92.66327086103723,91.87798890458777,92.2706298828125,3172700
2000-01-03,93.13441474498164,93.13441474498164,90.3859286437385,91.3675308227539,8164300
2000-01-04,90.170003130099,90.50374797077212,87.72581297340462,87.79452514648438,8089800
2000-01-05,87.91229688440052,88.91353117227555,86.22394102641515,87.9515609741211,12177900
2000-01-06,87.7159626678633,88.89388517459378,86.53804016113281,86.53804016113281,6227200
2000-01-07,88.14785281748959,91.56382751464844,87.99079650957424,91.56382751464844,8066500
2000-01-10,91.8779525756836,92.29022543980524,91.11230297088623,91.8779525756836,5741700
2000-01-11,91.60310253882491,91.77979090634516,90.15033151699186,90.77855682373048,7503700
2000-01-12,90.83746605036092,90.83746605036092,89.75770364863845,89.87549591064453,6907700
2000-01-13,90.75895994942763,91.56387393556793,90.0129421086147,91.09270477294922,5158300
2000-01-14,92.05464968883102,92.6436109792266,91.70127291459367,92.32949829101562,7437300
2000-01-18,91.30864583623293,92.11355972126528,91.21048560635091,91.6031265258789,6488500
2000-01-19,91.28903612798574,92.3491668701172,91.09271562018364,92.3491668701172,6157900
2000-01-20,92.32952920719336,92.32952920719336,90.3466921989164,90.93565368652344,5800100
2000-01-21,91.406808428102,91.406808428102,90.50373428985186,90.73931884765624,6244800
2000-01-24,91.50495851865406,91.62275078450088,87.57854965709414,88.16751098632812,7896900
2000-01-25,88.27548891518515,89.16874694824219,87.32333474808041,89.16874694824219,9942500
2000-01-26,88.57978262056841,88.92334339092744,88.01045334397344,88.46199035644531,5158100
2000-01-27,89.10985400459982,89.34543854922534,86.77364060373017,88.1086196899414,10922700
2000-01-28,87.59819123409379,87.99083216297812,85.14418542856674,85.36013793945312,11916200
2000-01-31,85.32085181243528,87.74540892215359,84.8104187367051,87.67669677734375,10768700
2000-02-01,87.79451716184087,89.01170411712579,87.02886730287132,88.54053497314453,8419900
2000-02-02,88.7564581016233,89.36505137770168,88.18712890787256,88.61903381347656,6205900
2000-02-03,88.50129905510865,89.99333515275467,87.95160154544959,89.95407104492188,7997500
2000-02-04,89.95407900370293,90.46451245069034,89.28658911148864,89.58106994628906,4925400
2000-02-07,89.56136523641129,89.69878951450312,88.8546118062248,89.44357299804688,5845800
2000-02-08,90.44481414755272,90.81782293175144,90.22886169354294,90.6607666015625,4936400
2000-02-09,90.75892258449824,90.75892258449824,88.74663844759341,88.75645446777344,8511500
2000-02-10,88.9724076967892,89.56136891278737,88.50123872399067,88.93314361572266,6690600
2000-02-11,89.10981165476349,89.16870776292923,86.71470325602343,87.1269760131836,9849800
2000-02-14,87.8141472262721,87.8141472262721,86.89144100681429,87.63745880126953,8528800
2000-02-15,87.48036333608633,88.71718175847712,86.5674735481312,88.62883758544922,11078300
2000-02-16,88.18717451575849,88.54055143946366,87.1957559242523,87.3233642578125,8845400
2000-02-17,88.22638346009336,88.22638346009336,86.8325086880269,86.87177276611328,7584200
2000-02-18,87.24479723923751,87.24479723923751,84.5748394479377,85.00674438476562,9409200
2000-02-22,84.92821103286124,85.6545965641178,83.88771283943969,84.79078674316406,16415400
2000-02-23,85.20304629677221,86.3613365574887,84.49629291735198,85.79200744628906,12119000
2000-02-24,85.8705241146738,86.08647650728044,83.61284001014991,84.06437683105469,17375000
2000-02-25,84.92822320701843,85.89019337279373,83.63250828985173,83.76011657714844,10559900
2000-02-28,83.78952419396603,85.8705198745097,83.37725146480172,85.51714324951172,13397800
2000-02-29,85.47791828747066,86.34172821044922,85.28159785043006,86.34172821044922,8242500
2000-03-01,86.45952229725857,87.32333223846642,86.20430572371988,86.96995544433594,6868000
2000-03-02,87.12702986985923,87.40187854452755,86.28285179766365,87.02886962890625,7600200
2000-03-03,88.22637460335258,89.03128812332086,87.77483775068745,88.65827941894531,12770300
2000-03-06,88.46201482783063,88.79575966850376,87.16629956404084,87.79452514648438,11967100
2000-03-07,87.95155688846768,88.04971710820928,84.94785416437492,86.09632873535156,20062000
2000-03-08,85.73314856437788,86.59695862547993,84.83007440958937,85.98836517333984,11808500
2000-03-09,86.22394906342717,88.50126647949219,85.51719538257942,88.50126647949219,5500900
2000-03-10,88.06936968787241,89.20802850238347,87.6570966688253,88.03010559082031,7924600
2000-03-13,85.87053045124453,88.246006945209,85.24230526275807,87.06808471679688,10540500
2000-03-14,87.49999928278108,88.01043230529675,85.53679535002853,85.8312759399414,8263900
2000-03-15,85.9883584920775,88.22641165830964,85.47792531381403,87.83377075195312,10300800
2000-03-16,88.97241319765934,92.25096416941774,88.50124419572998,91.93685150146484,25601400
2000-03-17,91.8359446912966,93.21368068109317,91.59976137876004,92.54449462890624,10272900
2000-03-20,92.5051463674714,92.8003755580059,91.18645598308404,92.0721435546875,12502300
2000-03-21,91.6587691400957,94.315830302628,91.00926530036558,93.96155548095705,13612600
2000-03-22,94.19778609489268,95.00474581697596,93.64669165054312,94.53237915039062,8260000
2000-03-23,93.94184888607404,96.65795513922262,93.94184888607404,96.14622497558594,11654500
2000-03-24,96.28400800904464,98.09474569032676,95.55577655026812,96.71701049804688,11462900
2000-03-27,96.59898826508108,96.85485355592176,95.61489099261692,95.69361877441406,8798600
2000-03-28,95.26060111472366,96.35294891676232,94.84728032476308,95.14250946044922,6334400
2000-03-29,95.45741474414125,96.0380320090798,94.25681633189532,95.24091339111328,6747500
2000-03-30,94.57167240189324,95.68370143221726,92.66252521708915,93.64662170410156,9491900
2000-03-31,94.23712139177204,95.92976810014557,93.48920772993256,94.70948791503906,9249100
2000-04-03,94.55204733225924,95.2605972290039,93.6466780197522,95.2605972290039,8508200
2000-04-04,95.57551640773394,96.36279413761643,89.05095222133284,94.55205535888672,19585500
2000-04-05,93.13491423039144,94.9850160768954,92.97745875409322,93.96155548095705,8387200
2000-04-06,94.63079726882916,95.53616679344776,93.84351942133476,94.77841186523438,6378500
2000-04-07,95.45739748927616,95.81167236655594,94.78821160996988,95.37866973876952,6023600
2000-04-10,95.575514194954,96.43167870637916,94.6701448265504,95.0047378540039,9624200
2000-04-11,94.47335980920812,95.49682120714122,93.44989841127504,94.7292251586914,9006400
2000-04-12,94.70949878623358,95.20154730444968,92.05243678786668,92.13116455078124,10779200
2000-04-13,92.87906922583356,93.31207187956706,90.55660044671758,90.8518295288086,12225800
2000-04-14,89.82837099888746,89.94646263473174,84.08124472113217,85.65579986572266,29604000
2000-04-17,85.1440315246582,88.64741516113281,84.82912063598633,88.64741516113281,23918200
2000-04-18,88.5293736838428,90.98961639404295,88.03732514180278,90.98961639404295,11069200
2000-04-19,91.00929304231202,91.40293185304868,89.7693307884916,90.1432876586914,6553700
2000-04-20,90.41883841476871,90.6550217105844,89.67092464468573,90.5762939453125,8537600
2000-04-24,89.11979667247914,90.26134883833686,88.48997478786798,89.5921630859375,12893100
2000-04-25,91.08804343818386,93.31210327148438,90.96995176561924,93.31210327148438,14102000
2000-04-26,93.1939940999349,93.68604264322916,91.95403177083332,92.25910186767578,7711100
2000-04-27,90.06458141379161,92.80037180201649,90.06458141379161,91.95404815673828,15595300
2000-04-28,92.58386890379334,93.125122389094,91.36358831875184,91.38327026367188,8743400
2000-05-01,92.30829606094716,93.51873533765256,91.85561145339882,92.62320709228516,7328300
2000-05-02,91.63906860351562,92.66252899169922,90.77306365966795,90.77306365966795,9411900
2000-05-03,90.6943359375,90.6943359375,88.03727531433105,88.64741516113281,12630700
2000-05-04,89.43474203944469,89.66108436634909,88.64746438064675,89.316650390625,5963600
2000-05-05,88.84431132277761,90.6944143941868,88.76558353250489,90.39918518066406,7862400
2000-05-08,89.90706349412928,90.30070212588991,89.33628747807636,89.72008514404297,5064100
2000-05-09,90.10390505480692,90.320406355725,88.34237174279181,89.00171661376953,5620300
2000-05-10,88.49001404084771,88.78524318021887,86.75800308987027,86.99418640136719,10293900
2000-05-11,88.25380114289781,89.11980632806451,87.6239791900493,88.9820327758789,7091100
2000-05-12,89.31662731546281,90.3597699438717,89.19853569715237,89.94644927978516,5960800
2000-05-15,89.9071055687379,91.70800315182449,89.43473898956765,91.5013427734375,4441300
2000-05-16,92.30832665942808,93.03655866079244,91.52104882011528,92.38705444335938,8192200
2000-05-17,91.75721570231558,92.072126781517,90.98961994676208,91.42262268066406,5907200
2000-05-18,91.71781182393056,92.15081436902206,90.30071258544922,90.30071258544922,4325600
2000-05-19,89.78898254678353,90.21214412608116,88.43092910624691,88.88361358642578,6518400
2000-05-22,88.96236067316138,89.10013424057558,86.28561707768574,88.21444702148438,10839400
2000-05-23,88.45062691232432,88.68681016175644,86.63988866667816,86.91543579101562,7979200
2000-05-24,86.91545031542448,88.60809721921218,85.97071715982203,88.33255004882812,11081500
2000-05-25,88.60811164767745,89.31666162975573,86.73832697274868,86.81705474853516,8278900
2000-05-26,87.42716616478519,87.9782604134601,86.4922741357831,86.91543579101562,4814000
2000-05-30,88.17509380139802,90.02519621598093,87.84050081152665,89.74964904785156,5362700
2000-05-31,89.78899378870457,90.69436286241796,89.49376474292848,89.94644927978516,6056500
2000-06-01,90.49753549227152,91.59972383232528,90.06453293010753,91.52099609375,8961600
2000-06-02,93.8041328425338,93.90254254967031,92.88892256616413,93.11526489257812,8962200
2000-06-05,92.87908375820268,93.35145036345736,92.50512686237604,92.66258239746094,6998100
2000-06-06,92.3476925689782,93.07592458625275,91.8950078014832,92.24928283691406,4858900
2000-06-07,92.3476399097267,93.21364505807024,91.95400120593416,92.8888931274414,4919500
2000-06-08,92.8987676948721,93.056223233338,91.99339834869326,92.52481079101562,5723100
2000-06-09,92.8987562984222,93.19398539682818,91.71783990479815,92.3279800415039,3085300
2000-06-12,92.56418899588796,92.56418899588796,91.24549865722656,91.24549865722656,3678900
2000-06-13,91.20613163082422,93.05623443041368,91.08803996276532,92.95782470703124,6558700
2000-06-14,93.37113013113309,93.76476895967916,92.70194412260471,93.11526489257812,6420500
2000-06-15,93.29242132605692,93.68606023460568,92.48546156353196,93.31210327148438,5881200
2000-06-16,93.63038121965286,93.63038121965286,92.09157596572685,92.54532623291016,5567900
2000-06-19,92.46641729857087,94.1630488086364,92.3283193849609,93.7290267944336,5106900
2000-06-20,93.5515182810994,93.98554050846847,92.80184352473462,93.39369201660156,6480000
2000-06-21,92.7623691510469,93.70932655624686,92.7327767321344,93.35421752929688,3115000
2000-06-22,93.15697649517796,93.23588964765165,91.53925686946754,91.93382263183594,7490500
2000-06-23,92.05214649216954,92.24942927505032,90.82899323830874,91.14464569091795,4863300
2000-06-26,91.77598411184256,92.32837610563696,91.46033154396002,92.31851196289062,5201300
2000-06-27,92.16070095838336,92.62431574432406,91.5491240067169,91.63790130615234,4159500
2000-06-28,91.93378944773691,92.79196967112244,91.73650663776324,91.8943328857422,5347700
2000-06-29,91.38133868749492,92.01264327255534,90.60207209031095,91.02622985839844,6345700
2000-06-30,90.86847306200448,91.91407207900106,90.83888063699514,91.71678924560548,7420200
2000-07-03,91.81534902927552,93.07795804042156,91.65752290288228,92.97931671142578,1436600
2000-07-05,92.4072817618618,92.58483631691236,91.14467159261348,91.30249786376952,2748200
2000-07-06,91.4997524601722,92.46643807262336,91.04600207065432,92.01268768310548,5963200
2000-07-07,92.6045295021458,93.92632402209549,92.32833363230556,93.49230194091795,3034800
2000-07-10,93.35421619403188,94.005249400795,93.13720512511084,93.33448791503906,2816100
2000-07-11,93.09776185781386,94.1433607937037,92.90047903972145,93.5317840576172,5431600
2000-07-12,94.2419900902159,94.77465363060438,93.86715278401658,94.14334869384766,5883000
2000-07-13,94.68588152733622,94.9324850316787,94.18281037847755,94.55764770507812,5356000
2000-07-14,94.97195083050688,95.4848861694336,94.4886079149798,95.4848861694336,5341900
2000-07-17,95.31720800115572,95.9485131146892,95.12978929557548,95.32707214355467,4208300
2000-07-18,95.09029525732956,95.09029525732956,94.28143589933154,94.54776763916016,4262100
2000-07-19,94.36037396923253,94.63656992063734,93.59097096174769,93.78825378417967,8506800
2000-07-20,94.06440085256745,95.09027099609376,93.94603122062207,95.09027099609376,4538900
2000-07-21,94.53793710780457,94.53793710780457,93.23587036132812,93.23587036132812,5656900
2000-07-24,93.5120762843075,93.97569100850184,92.525661977511,92.70321655273438,5628500
2000-07-25,93.2752956152468,93.33448044748998,92.66371901540064,92.99909973144533,4757100
2000-07-26,92.78210358999688,92.90047327350528,91.94365166514577,92.09161376953124,12062500
2000-07-27,92.13105656828024,92.56507867631068,91.34192546277036,91.77594757080078,7652600
2000-07-28,91.99294770783794,92.11131735961727,89.33949468045122,89.7044677734375,6229500
2000-07-31,90.2371013848098,90.98677559832592,89.68470985906107,90.27655792236328,5265500
2000-08-01,90.6711837543186,91.36167362189934,90.35553124342452,90.82901000976562,3946600
2000-08-02,90.82898736067048,91.79567293423104,90.67116114457896,91.2827377319336,7439800
2000-08-03,90.19768705447872,92.05214518726984,90.0398608304114,91.91404724121094,4607100
2000-08-04,92.367792896691,92.62426049764294,91.7956728637982,92.4072494506836,3686600
2000-08-07,92.62423643281188,93.70929138569892,92.40722544223446,93.5120086669922,4159800
2000-08-08,93.1174444941825,93.9460319240036,93.1174444941825,93.86711883544922,3658700
2000-08-09,94.15321708685669,94.20253778726888,93.03856925754135,93.0780258178711,5383800
2000-08-10,93.13718747594994,93.34433436612098,92.34805646577456,92.62425231933594,4193400
2000-08-11,92.56510438447992,93.43314884162338,91.89434275850545,93.05831146240234,5089400
2000-08-14,93.29504684566427,94.4195589349438,92.84129635349886,94.24200439453124,2966700
2000-08-15,94.28144798542552,94.57737217872568,93.78824099659197,94.16307830810548,5564600
2000-08-16,94.26174289905494,94.65630858720502,93.33451353190225,93.82772064208984,5191600
2000-08-17,93.86716750736689,94.97195131997988,93.6501564013179,94.81412506103516,5652200
2000-08-18,94.93249634043906,94.93249634043906,94.20254988063104,94.49847412109376,4626400
2000-08-21,94.71545129281738,95.14947335664615,94.32088578024576,95.0113754272461,2380600
2000-08-22,95.05083653772134,95.5243151755182,94.75491238909832,94.85355377197266,3075300
2000-08-23,94.5773907193788,95.50462004015702,94.24200990122498,95.22842407226562,5483200
2000-08-24,95.42567349780153,95.64268453945458,95.01137969100932,95.5243148803711,4529000
2000-08-25,95.42570132263435,95.72162555663054,95.28760334676949,95.4848861694336,2822200
2000-08-28,95.48486245178016,96.53046115218189,95.48486245178016,95.81037902832033,5518700
2000-08-29,95.603271506364,95.87946750328705,95.26789065295743,95.83014678955078,3561900
2000-08-30,95.52430385731532,95.6426735027395,94.91272735595705,94.91272735595705,3964800
2000-08-31,95.36645679023938,96.64879433499848,95.26781544064252,96.1753158569336,4863100
2000-09-01,96.7474501062612,96.96446110772304,95.95831919185451,96.2739715576172,3191200
2000-09-05,95.87946081131948,96.0866077945538,95.2086991513226,95.50462341308594,3470800
2000-09-06,95.44540316959927,95.928745951256,94.3998044990766,94.4195327758789,4322200
2000-09-07,94.85358668727018,95.37638619792172,94.5872548610892,95.22842407226562,4265500
2000-09-08,94.87331683525304,95.0114148219128,94.27160417909268,94.577392578125,3518200
2000-09-11,94.53793432499884,95.44543536401176,93.86717268746756,94.43929290771484,3937500
2000-09-12,94.5379104357376,94.85356289128262,93.70932273993188,93.748779296875,4769100
2000-09-13,93.43312827126404,94.28144425852425,93.2161172047556,93.9953842163086,7691600
2000-09-14,94.6168188927778,94.65627544777894,93.53176363024592,94.46885681152344,3397100
2000-09-15,93.7865488757826,93.82610456910852,92.402099609375,92.402099609375,4085700
2000-09-18,92.63943255315928,93.01521163482238,91.2648722281284,91.55165100097656,5109300
2000-09-19,91.84828441818328,92.5998423010194,91.58128359138622,92.38228607177734,6588200
2000-09-20,92.20429374129591,92.42184998993476,90.60228863768266,91.69995880126952,6508100
2000-09-21,91.43298607524216,92.12521071565608,90.266093109973,90.30564880371094,5972300
2000-09-22,90.26604276719875,91.96693664931512,90.13748683424812,91.94715881347656,7791300
2000-09-25,92.36254412751885,92.44165551435184,90.95831701123322,91.29454040527344,9726300
2000-09-26,91.37362080235634,91.76917760236654,90.1276168823242,90.12761688232422,5302400
2000-09-27,90.85943747409902,91.11654950874494,89.94965642842891,90.60232543945312,7186200
2000-09-28,90.6220806121826,92.60975392111416,90.43419109541794,91.76919555664062,7036400
2000-09-29,92.06583345112747,92.38227885074468,90.89894104003906,90.89894104003906,9333600
2000-10-02,91.31431966777886,91.7098766080768,90.59242825173511,91.03742980957033,5517800
2000-10-03,91.4725102876362,92.24384605006168,90.0485058031584,90.18695068359376,9347200
2000-10-04,90.42431359210188,91.29453883227085,89.71231112287272,90.93853759765624,6148900
2000-10-05,90.76048272525172,91.67026311430416,90.70114922161788,91.2549285888672,4566900
2000-10-06,91.05717384429649,91.54173091623072,88.44649900775279,89.27716827392578,10014900
2000-10-09,89.43540573120117,89.43540573120117,88.2091794695173,88.604736328125,4508000
2000-10-10,88.66407595620174,89.39585619496584,87.14118194580078,87.14118194580078,6104700
2000-10-11,87.10162548397848,87.73451649566951,85.5193979547509,86.4094009399414,10346000
2000-10-12,86.8840696128881,87.08184805498436,84.03606004670192,84.25361633300781,12336900
2000-10-13,84.13492960672063,87.12138338448622,84.09537392754493,87.06204986572266,11778800
2000-10-16,86.96318024178534,87.48729310883272,86.5082898288763,87.45762634277344,5659000
2000-10-17,87.61585201978241,87.69496339858131,85.06451005351786,85.28206634521484,7831700
2000-10-18,83.93716647327501,86.15228490989301,82.37471686173195,84.96561431884766,10897300
2000-10-19,86.60716723326131,88.25861698525429,86.35005529582527,88.16961669921875,8767300
2000-10-20,87.57628822624883,89.35629408450593,87.57628822624883,88.54540252685547,7373500
2000-10-23,88.56517711501135,89.25740159000586,87.93228616644495,88.94095611572266,5290000
2000-10-24,89.21784313023424,89.83095621758456,87.97183911400619,88.34761810302734,5750700
2000-10-25,87.81362205620809,88.32784596914985,86.15228326055009,86.27095031738281,9137600
2000-10-26,86.78518297904476,87.12140634063176,84.82717634392047,86.50829315185547,9345800
2000-10-27,87.25988373768176,88.14988708496094,86.4687696512114,88.14988708496094,9762900
2000-10-30,87.61584069216174,89.29695727429126,87.43784011287744,88.94095611572266,10154100
2000-10-31,89.24754350507752,90.93854959254216,88.64431911130359,90.47377014160156,7752400
2000-11-01,90.02873040877247,90.6616213079554,89.37606166899008,90.16717529296876,6753600
2000-11-02,90.60232292834397,91.07699128684216,90.19687703879345,90.31554412841795,11395100
2000-11-03,90.80007990509188,90.97808049736932,90.10785537956842,90.3649673461914,5187100
2000-11-06,90.60229927797572,91.32419055141956,90.52318790554352,90.99785614013672,4042500
2000-11-07,90.59235961914064,91.13625,90.2264697265625,90.97802734375,5231300
2000-11-08,91.17583412655516,91.17583412655516,88.9607162475586,88.9607162475586,6123300
2000-11-09,88.6047415040588,89.37607742340217,86.86429122451479,88.62451934814453,10635300
2000-11-10,87.97185866067089,88.2685263494996,86.40940883283973,86.46874237060547,8569500
2000-11-13,85.83582032600708,86.69615631314564,84.18437078747677,85.7962646484375,17285300
2000-11-14,87.00275366646903,88.3674251834016,86.70608594539674,88.05097961425781,7668900
2000-11-15,88.01139723918281,88.67395494873621,87.18072787198153,88.32784271240234,8837700
2000-11-16,87.70485986721744,88.5256404928775,86.90385708795883,86.94341278076172,6684100
2000-11-17,86.90383074647566,87.97183412843053,85.91493872614708,86.47860717773438,6551100
2000-11-20,85.91495463289407,86.31051151426098,85.00517380575016,85.24250793457031,5458500
2000-11-21,85.36115162744638,86.19182085088306,84.50081564602979,85.67759704589844,7684300
2000-11-22,85.02494551112947,85.36116883601647,83.62071868366026,83.63060760498047,5736900
2000-11-24,84.57004151946562,85.42048861613003,84.57004151946562,85.34137725830078,3411600
2000-11-27,86.36982340235396,86.50826827613835,85.63804335520784,86.09293365478516,5992000
2000-11-28,85.51937685730637,86.44893530140753,84.57992949358712,84.6095962524414,5336100
2000-11-29,85.04472075915727,86.01383501897092,84.3426073668433,84.45138549804688,6914100
2000-11-30,83.85803410101805,84.49092492442196,82.11758433665729,83.71958923339844,11201600
2000-12-01,84.2931591584817,84.84693871184574,82.90871027507164,83.68004608154297,7587200
2000-12-04,83.46252330550271,84.72830564947242,83.2251891160084,84.39208221435547,6996600
2000-12-05,85.3611885003284,87.49719599755626,85.06452079238008,87.16097259521484,8883400
2000-12-06,87.20050269273906,87.55650383777633,85.46005265033466,85.76660919189453,12888000
2000-12-07,85.36119510917315,85.99408626846267,84.58985900878906,84.58985900878906,6529100
2000-12-08,86.74560376027817,88.26849739674452,84.72826413794613,84.78759765625,10276300
2000-12-11,86.943391041459,88.32783994339306,86.52805637087877,87.73450469970703,6405600
2000-12-12,87.45761570963947,87.85317254233797,86.9433918271314,87.35872650146484,5022900
2000-12-13,88.13006572883191,88.22895494082566,86.09294796176061,86.16217041015625,6070500
2000-12-14,85.99404976762081,86.3896065742796,84.82715718797738,85.06449127197266,7678400
2000-12-15,84.51204555241142,84.51204555241142,82.88528786806923,83.1431884765625,9065300
2000-12-18,83.83752650509506,84.73025927668267,83.6490606977599,84.25413513183594,7235400
2000-12-19,84.09542386036999,85.6825042823633,82.53810119628906,82.53810119628906,9616600
2000-12-20,81.65527095228138,81.85365596431318,80.04835235482396,80.14754486083984,9994300
2000-12-21,79.98885487244193,81.8040781414966,79.691277287351,80.70304107666016,14331500
2000-12-22,81.89335698603446,83.23245621000667,81.79416445092541,83.12334442138672,10182900
2000-12-26,83.06381173522301,84.01605987548828,82.70671868262353,84.01605987548828,4665300
2000-12-27,83.63912500309038,84.89886988869196,83.32170896892306,84.63105010986328,4854100
2000-12-28,84.31366030984348,84.98816959232224,84.1747907516861,84.88897705078125,8358700
2000-12-29,85.10721709172802,85.24608667672616,83.28207397460938,83.28207397460938,8774600
2001-01-02,83.79783450463974,83.89702701707421,80.9807671515008,81.77430725097656,8737500
2001-01-03,81.45689922262122,86.3371713143808,81.04029062942223,85.70233917236328,19431600
2001-01-04,85.66266732145027,85.99992191720402,84.43267997223074,84.77985382080078,9219000
2001-01-05,84.73028143304641,84.82947398916096,82.01240539550781,82.01240539550781,12911400
2001-01-08,82.44883173495259,82.647216796875,81.06013630149573,82.647216796875,6625300
2001-01-09,83.1927680133769,83.48042632652678,82.16116578690843,82.42898559570312,5702400
2001-01-10,81.89331701417632,83.87716674804688,81.7742860301441,83.87716674804688,8746100
2001-01-11,83.22255618630825,84.74020232415154,83.22255618630825,83.95658111572266,7245100
2001-01-12,84.2342756986618,84.8889462351799,83.3415431488644,83.7978286743164,7244000
2001-01-16,83.79787154860621,84.55173497636356,83.49037462412625,84.33351135253906,8542200
2001-01-17,85.60318894470593,85.73213928726459,84.20457369080054,84.72037506103516,7851400
2001-01-18,84.71040569599947,86.14869712760601,84.39298965592077,85.56346130371094,8107000
2001-01-19,86.45621460857572,86.45621460857572,84.98816507185369,85.07743835449219,7782500
2001-01-22,85.22622127148574,86.19830805973126,84.78977414206938,85.64282989501953,7050900
2001-01-23,85.36505859557361,86.75375348325434,85.16667361161923,86.31730651855469,8463100
2001-01-24,86.4958946864393,87.17040395692987,86.23799408301643,86.57524871826172,6199900
2001-01-25,86.49587177720915,87.13070386364738,86.11894022588645,86.35700225830078,10818300
2001-01-26,85.80153451233471,86.416528170111,85.35516814781968,86.25782012939453,7136800
2001-01-29,86.0197744849377,86.9085358078593,85.93724318824788,86.71809387207031,6705900
2001-01-30,86.5276027774063,87.55602750860831,86.20383226071863,87.47985076904297,7069100
2001-01-31,87.22597094439156,88.05125503068983,86.71811275599941,86.9847412109375,9706900
2001-02-01,87.03547586504287,87.57507728268138,86.49586476063624,87.5623779296875,8239100
2001-02-02,87.22595180032116,87.60051020919842,85.54365012525678,85.57539367675781,8276600
2001-02-05,85.57538733725781,86.29909569871789,85.54364378810835,86.20386505126953,4352900
2001-02-06,85.89278808811217,86.78154918466132,85.84200035591373,85.94992065429688,7106700
2001-02-07,85.52459839108587,85.95627965576905,84.86436745045498,85.50555419921875,5748700
2001-02-08,85.5753576624716,85.9562510598699,84.49614517302471,84.50883483886719,5943300
2001-02-09,84.65487661242253,84.65487661242253,83.3280699702233,83.69627380371094,9913000
2001-02-12,83.60742038471372,84.75012057703967,83.60742038471372,84.65489959716797,5804400
2001-02-13,84.87705811750888,85.17543000857452,83.79784537952058,83.96289825439453,6587600
2001-02-14,84.2104631770073,84.2104631770073,82.94715366275875,83.8359146118164,8400100
2001-02-15,84.3311357332318,84.76282681280742,83.7915339922297,84.64855194091797,5929800
2001-02-16,83.16300763852207,83.34710469096316,82.0837949729333,82.7821044921875,6434900
2001-02-20,83.18843607184182,83.25192318856456,81.32203689354557,81.50613403320312,5760000
2001-02-21,81.1950672855572,81.79180646537593,79.67146851265376,79.74765014648438,10910800
2001-02-22,80.21106566205687,80.33168535724988,78.0970727950114,79.86825561523438,21281600
2001-02-23,79.4048101451698,79.69683236642655,77.32256137211459,79.32862854003906,20173000
2001-02-26,79.86192386441483,81.01731872558594,79.03663974498382,81.01731872558594,11503700
2001-02-27,80.4966978616977,81.1569188657765,79.67776401753893,80.26815795898438,11415000
2001-02-28,80.46497863153957,80.52211120278443,78.25576051908712,78.68744659423828,14825800
2001-03-01,78.75095041928557,79.10010528564453,77.29083416102468,79.10010528564453,14672000
2001-03-02,77.76693931110167,79.76666157634985,77.63997481692734,78.47160339355469,12564300
2001-03-05,78.8144009954415,79.21434344849544,78.59855557709031,79.18894958496094,5293200
2001-03-06,80.21106018278284,81.09982637197486,79.66510401699573,80.03965759277344,6917000
2001-03-07,80.56018944559968,80.64906554659835,79.83648128410515,80.61097717285156,6371700
2001-03-08,80.3697442094312,80.77603637262385,80.07772201984803,80.69985961914062,6055000
2001-03-09,80.05234331368669,80.05234331368669,78.15419630025282,78.31290435791016,10020300
2001-03-12,77.66539643314914,77.76697194582252,74.75151793159674,74.96101379394531,13972900
2001-03-13,75.79898060546543,76.45920680494866,74.61184241359852,76.19257354736328,12888000
2001-03-14,74.30709762759868,75.72912014454927,73.48181397817896,74.68799591064453,19883400
2001-03-15,75.19587280533695,75.45615633442112,74.50390802615573,74.7070541381836,10370300
2001-03-16,74.5580826468126,74.72995152185048,73.08130698691872,73.2086181640625,58514600
2001-03-19,73.68602178759242,74.91454668317665,73.08767141527352,74.6981201171875,10067800
2001-03-20,75.0481981960823,75.40465966531681,72.63570679497407,72.6929931640625,15083900
2001-03-21,72.68031133028448,73.3677773410441,71.22899743407622,71.4581527709961,19004600
2001-03-22,71.30538167381997,71.67457693515038,68.77194904645958,70.73249816894531,28624800
2001-03-23,72.088313537983,72.9858392429176,70.9743660881687,72.87126159667969,12861700
2001-03-26,73.64784758029299,74.01067603104919,73.05586380733013,73.80062103271484,9943800
2001-03-27,73.59690374976661,75.52562303037928,73.3804771915553,75.30919647216797,12880700
2001-03-28,74.41168179042091,74.4435059427846,73.13859914167607,73.22771453857422,10953300
2001-03-29,73.01131364235674,74.15709037178762,71.38176883287869,73.50782012939453,12060300
2001-03-30,73.55235835251673,74.27801513671875,72.88398796139235,74.27801513671875,9183600
2001-04-02,74.0297333865385,74.717194097716,72.438380603994,72.6929931640625,10561000
2001-04-03,72.55300110883934,72.66121199651027,70.05775477915667,70.26781463623047,12836000
2001-04-04,70.38242276933286,71.35633089285868,69.5740168645247,70.56065368652344,14884300
2001-04-05,72.12015273468131,73.51417529493044,71.61091760028658,73.23410034179688,21522800
2001-04-06,72.55938102759876,72.82036543411887,71.33085545385505,72.12017059326172,14937800
2001-04-09,72.56573373519073,73.19590848414431,71.78915229889117,72.92219543457031,9034300
2001-04-10,73.48873345112831,74.9527812265751,73.31050256154575,74.2525863647461,17873600
2001-04-11,75.6083890521455,75.74206216750648,73.9279200927136,74.30348205566406,12722300
2001-04-12,74.02974637486085,75.71021481954767,73.81331983312322,75.65292358398438,9233200
2001-04-16,75.29651511329722,75.67843914597076,74.41808935250533,74.8572998046875,7350000
2001-04-17,74.67271161302001,76.16858862016946,74.48811392157543,75.91397094726562,10924700
2001-04-18,77.05970373227743,80.20421994117,76.82418651199119,78.93113708496094,32481600
2001-04-19,79.09030127576955,80.10240018435015,78.66381952900014,79.98146057128906,13809900
2001-04-20,79.50402244046259,79.82229314290126,78.71471245821387,79.24940490722656,7626700
2001-04-23,78.70835498056519,78.86112357598002,77.60077416506205,77.81082916259766,8451800
2001-04-24,77.98906994733228,78.70836501965613,77.0851820959019,77.3907241821289,10044700
2001-04-25,77.288839043827,78.72105688661304,76.98966387297268,78.40278625488281,8249000
2001-04-26,78.75928883346273,79.70773439177516,78.61288213880565,78.75292205810547,10590400
2001-04-27,79.516737306478,80.10235413160419,79.05842679762286,80.06416320800781,7938700
2001-04-30,80.49062019098669,81.01258369897978,79.35757780947165,80.62429809570312,10766900
2001-05-01,79.61223496667606,80.93624228185234,79.3130597231441,80.87258911132812,10578000
2001-05-02,81.10176598035872,81.27999684779944,80.20424001105486,80.72620391845703,9572900
2001-05-03,80.28697963885193,80.29971318876659,79.07118786902608,79.70136260986328,9926200
2001-05-04,78.70837740145251,81.06357960600337,78.5747042353331,81.05721282958984,12145300
2001-05-07,80.75165975949156,81.08265922185126,80.3506403395589,80.35700225830078,7185200
2001-05-08,80.75160424529432,80.90437274932704,79.92409887363932,80.31875610351562,6952600
2001-05-09,79.7268429359367,80.554349036725,79.60589846644815,79.98146057128906,9507400
2001-05-10,81.00626433853358,81.15903292306014,80.05781410421795,80.21694946289062,6872400
2001-05-11,80.20425989052077,80.51616398585071,79.18579406954582,79.66320037841797,7734400
2001-05-14,79.50402542817902,79.84775838250113,79.2239456454516,79.82229614257812,7914000
2001-05-15,79.91779997873151,80.52251255734232,79.47221794400464,80.19151306152344,9782200
2001-05-16,79.46584508078432,82.24116663812053,79.32581001863663,82.08203125,14909000
2001-05-17,82.11385036154411,82.80131632081093,81.83377055819258,82.2093276977539,11824600
2001-05-18,82.1711496798021,82.58490753173828,81.54097973605649,82.58490753173828,6683100
2001-05-21,82.64855106610254,83.92163414369323,82.20933585027727,83.80068969726562,11531500
2001-05-22,83.91526012744083,84.0807574070419,83.43149212432502,83.69246673583984,8342700
2001-05-23,83.41877172291964,83.41877172291964,82.27299499511719,82.27299499511719,12330800
2001-05-24,82.41304358874173,82.75040986732634,81.82742646906931,82.514892578125,7902800
2001-05-25,82.52760912280299,82.55943814327877,81.4136662525509,81.54097747802734,7425000
2001-05-29,81.61737311344939,81.70012663806381,80.77713830939051,80.89171600341797,9003900
2001-05-30,80.57977057722272,80.89804126569854,79.56767211895377,79.75863647460938,10041800
2001-05-31,79.84140197908111,80.68800335489064,79.73319108767198,80.17240142822266,9874200
2001-06-01,80.33152089308663,80.90440911121871,79.64405988775351,80.66889190673828,8848300
2001-06-04,80.7134846060985,81.11450410445671,80.25517383287341,81.05721282958984,5623500
2001-06-05,81.15268423913815,82.26026522259814,81.01264431526097,81.98655700683594,9115400
2001-06-06,82.00565283486145,82.00565283486145,81.06993593616973,81.30545806884766,12064900
2001-06-07,80.87261715124697,81.70012322424905,80.84078812673638,81.59827423095703,7355300
2001-06-08,81.2863209800241,81.39453669045923,80.29331811936389,80.84074401855469,8170600
2001-06-11,80.6561816760245,80.8344125384285,79.82868054965932,80.26789093017578,7012200
2001-06-12,79.47856797511434,80.67526418501666,78.95660416631988,80.12783813476562,9364400
2001-06-13,80.31241954897278,80.57340382895867,79.34487885084646,79.44036102294922,7629400
2001-06-14,79.0457187443919,79.12210546795099,77.49892280140861,77.6580581665039,12603000
2001-06-15,77.18311760456163,78.13426041215968,76.8575568265696,77.78316497802734,16821100
2001-06-18,77.65549672707462,78.15979522884709,77.18311776310253,77.40653991699219,11368300
2001-06-19,78.12148297110578,78.44704371710134,77.17034025698707,77.74485778808594,7732300
2001-06-20,77.36186454095693,78.4279109930317,77.3044103402391,78.1534194946289,8787200
2001-06-21,78.01934866256157,79.35350143101813,77.97466423659023,79.04071044921875,12259100
2001-06-22,78.83008418181305,78.8939184053889,77.98107975479982,78.42153930664062,12212000
2001-06-25,78.69604591576459,78.79818458922931,77.55977995978961,77.7002182006836,8406800
2001-06-26,77.1767526873819,78.12789574102574,76.96609537240876,77.59168243408203,8005800
2001-06-27,77.62358091353917,78.03212569174954,77.1831214662349,77.54698181152344,10105100
2001-06-28,77.87893952978821,79.11734389718099,77.83425508716265,77.97469329833984,10269300
2001-06-29,78.3896133013813,79.16201849657384,78.04490269960112,78.2619400024414,9824200
2001-07-02,78.38960509848876,79.35989771770623,78.27470157658583,79.23860931396484,8522200
2001-07-03,79.1428680546037,79.21946716308594,78.54920061267462,79.21946716308594,3303100
2001-07-05,78.56192990155304,78.93217499220943,77.66185669314895,77.67462158203125,5517900
2001-07-06,77.43845245322679,77.55335596781295,75.99578094482422,75.99578094482422,11665900
2001-07-09,76.27666751002167,76.94693895612839,76.09154487376135,76.41072082519531,8339300
2001-07-10,76.78734673707132,77.01076891668087,75.45957368362275,75.49149322509766,8630700
2001-07-11,75.38936982516894,75.89366848691671,74.74463294492949,75.56810760498047,15328600
2001-07-12,76.2830535217219,77.54060756822193,76.16176509990558,77.36186981201172,12002800
2001-07-13,77.1384338323571,78.08319669631202,76.9980005188766,78.0321273803711,10433800
2001-07-16,77.73209413865204,78.05765491024822,76.78733623120884,77.0554428100586,6915300
2001-07-17,76.72991274344845,77.84702880592934,76.49372560719151,77.77680969238281,7469800
2001-07-18,76.95971743064536,77.64913877624676,76.64054142289352,77.24697875976562,7709300
2001-07-19,77.99383359900763,78.50451705572435,77.08737509006193,77.92361450195312,10082900
2001-07-20,77.33630469199086,77.84060308852968,77.1894816670799,77.45758819580078,6705800
2001-07-23,77.75125235425857,77.80231679764378,75.93194580078125,75.93194580078125,8065200
2001-07-24,75.96384256453348,76.0915109400768,74.52755142360742,75.19782257080078,12269000
2001-07-25,75.27447718906096,76.2703097599689,74.98083581245987,76.0277328491211,12088500
2001-07-26,76.00217096220032,77.14482137706744,75.68299503191024,76.82564544677734,12898200
2001-07-27,77.1320553478532,77.46399616756597,76.54477281361775,77.1192855834961,8478800
2001-07-30,77.36187098238163,77.46400475737322,76.79373816144478,77.14482879638672,8547700
2001-07-31,77.24053667431451,78.31296746096567,77.11286831385623,77.46395874023438,11918100
2001-08-01,77.85976596870577,78.32576003229113,77.59165939484262,77.94913482666016,11940800
2001-08-02,78.66409039572773,78.67685528816412,77.80869649536538,78.268310546875,11070100
2001-08-03,78.10874385326656,78.10874385326656,77.17675060427804,77.84063720703125,10816300
2001-08-06,77.4639751409382,77.56611374711827,76.66603554354445,76.79370880126953,8550100
2001-08-07,76.77455888261974,77.36822617440885,76.54475674505223,77.09373474121094,8865100
2001-08-08,76.67882318464325,77.34270966891039,75.60000703892939,75.6638412475586,15183800
2001-08-09,75.77236453573244,75.94472226686226,75.2361513060802,75.88726806640625,14118500
2001-08-10,75.83618060192006,76.50006205516877,74.90418287474316,76.14897155761719,11173300
2001-08-13,76.34688196877582,76.50646993479343,75.8425834117316,76.16814422607422,7431600
2001-08-14,76.69160607101401,76.82565940165718,75.83621676017502,76.13623809814453,13178100
2001-08-15,76.1106934587192,76.35326540919938,75.37658785485368,75.47872161865234,8520600
2001-08-16,75.19785747417868,75.80428984484197,74.68717399449693,75.7404556274414,10734700
2001-08-17,75.10211329036731,75.24255150870114,74.05521640672879,74.52759552001953,11604600
2001-08-20,74.55949365159005,75.2616796713254,74.39990569845757,75.21699523925781,10417400
2001-08-21,75.19785304368284,75.67023206890181,73.92114928993773,73.93391418457031,14480800
2001-08-22,74.52756782236588,74.96164721305726,73.90836583723758,74.69992065429688,11752300
2001-08-23,74.66162313003322,75.0190985660861,74.36159701610133,74.43181610107422,8744100
2001-08-24,74.82124598700699,76.04688079986735,74.52121973307726,75.9766616821289,11687700
2001-08-27,75.94471387569277,76.09153206129724,75.49148468540092,75.52339935302734,7425100
2001-08-28,75.5042714303294,75.63832476172763,74.41907501220703,74.41907501220703,12046600
2001-08-29,74.77015755935282,74.80207710298852,73.51898839860283,73.75518035888672,16180000
2001-08-30,73.31468999339447,73.88282260300079,71.52092331836123,72.3380126953125,17692600
2001-08-31,72.38911019562963,73.26364922712098,72.21675244633978,72.86787414550781,15985400
2001-09-04,72.67633926211003,74.15731499481821,72.36993317685284,72.40184783935547,24473400
2001-09-05,72.58061981201172,72.89341579582629,71.46350382186054,72.58061981201172,21477100
2001-09-06,71.9103480057848,72.3252777465492,70.71024322509766,70.71024322509766,21653000
2001-09-07,70.23148894195913,71.01666409008524,69.34418000047519,69.4016342163086,33133900
2001-09-10,68.75053214416931,70.44216650117482,68.75053214416931,70.25066375732422,23408700
2001-09-17,64.47353792496567,67.92063894648672,63.83518606432245,66.5801010131836,32388700
2001-09-18,66.59925472006348,67.21845684066722,65.98005259945975,66.42051696777344,22029200
2001-09-19,66.45242102016175,66.7077627127269,62.91595148426426,65.07996368408203,42771800
2001-09-20,64.09054671575053,64.99062057262633,62.91597641266085,63.0117301940918,36210900
2001-09-21,60.40963731411581,63.4275556438442,60.10208143600386,62.331878662109375,49782100
2001-09-24,63.89530208112895,64.81797947648495,63.472406645419966,64.52323150634766,25549600
2001-09-25,64.55526733398438,65.356201171875,64.01063330192119,65.19601440429688,25466200
2001-09-26,65.58045621032508,65.61249551657886,64.35022311096398,64.96533966064453,18587500
2001-09-27,64.87562275578335,65.5420001094764,64.07468914151441,65.52918243408203,20536800
2001-09-28,65.98415677840312,70.23871830930992,65.6765959343013,66.91964721679688,21687200
2001-10-01,66.57363376154929,66.84274640706664,65.88803446643807,66.81070709228516,20457400
2001-10-02,66.63771129151816,67.65009307861328,66.41345074083593,67.65009307861328,19833100
2001-10-03,67.02212568815854,69.12377476702952,66.86193896094568,68.7841796875,32045800
2001-10-04,69.38652263091303,69.82223097115872,68.3997712459886,68.84188842773438,32674100
2001-10-05,68.72011869780762,68.95719685784148,67.61162418931268,68.70730590820312,29796100
2001-10-08,68.09219344458843,68.75216707633088,67.83589851058605,68.2587890625,12970300
2001-10-09,68.31005658694365,68.39976080019072,67.66290057265,67.89356994628906,15976300
2001-10-10,67.79108033919425,69.55313577922657,67.61166695167476,69.40576171875,19987400
2001-10-11,69.80939891171028,70.6744114610758,69.80939891171028,70.48218536376953,23006300
2001-10-12,69.93755130732026,70.41170282212732,68.75217007604623,70.16181182861328,31360500
2001-10-15,69.60433386298574,70.12974612450815,69.23910832617761,70.03363800048828,16873000
2001-10-16,70.35403042354187,70.8730339872616,69.80939150182212,70.47576904296875,15877100
2001-10-17,71.16777904401619,71.21903998442548,68.97642517089844,68.97642517089844,28542300
2001-10-18,69.08535561678406,69.30321218381704,68.39975638068677,68.82905578613281,16510000
2001-10-19,68.55991924710419,69.14300128064427,67.92558117612434,68.7841796875,21912500
2001-10-22,68.75215824376255,70.20665185026907,68.69448846906208,70.142578125,17540600
2001-10-23,70.45653380358613,70.66157263137111,69.44415245267402,69.78375244140625,22062500
2001-10-24,69.82865376893366,70.12980094043462,69.34168437638674,69.59798431396484,16065200
2001-10-25,68.84828665761462,70.86664137315827,68.39335671919906,70.84741973876953,27467900
2001-10-26,70.45015474040846,71.62913216483918,70.27074630133524,70.6872329711914,18623300
2001-10-29,70.58471100301266,70.83460200968076,68.84828186035156,68.84828186035156,18727500
2001-10-30,68.78420668282445,69.00846721123443,67.63726867922718,68.02172088623047,26178600
2001-10-31,68.49585156791309,69.1109680679765,67.79103088378906,67.79103088378906,28124200
2001-11-01,68.30359909663038,69.84780103203747,67.72692607327276,69.52742767333984,29806800
2001-11-02,69.48260629618245,70.08490515244407,69.11738070145034,70.0016098022461,17575900
2001-11-05,70.55909840040174,71.1806192099717,70.4501676380106,70.91791534423828,15929500
2001-11-06,70.70648520898642,72.07128050417595,70.38611146097243,72.02001953125,23245800
2001-11-07,71.61633588173136,72.48134879624826,71.53304047827694,71.92389678955078,19716000
2001-11-08,72.32115974545303,73.0964635015491,71.69963399433507,72.14815521240234,22563500
2001-11-09,71.92388460716876,72.37881460469933,71.4048808571787,72.22503662109375,15895800
2001-11-12,71.1229292080984,72.18016291727263,70.48218209811553,71.78289794921875,26068800
2001-11-13,72.68638355034889,73.39761352539062,72.5197878646011,73.39761352539062,15296200
2001-11-14,73.7948408491893,73.94221483016996,72.85935068863051,73.46806335449219,17571300
2001-11-15,73.28225702397742,73.8012606774895,73.00032669934714,73.60263061523438,19470200
2001-11-16,73.73721785325084,73.75003065132749,72.66076193975393,73.27587890625,18134900
2001-11-19,73.63464913232502,74.23054407885904,73.33349723944593,74.17928314208984,13625400
2001-11-20,73.92301843235123,74.1985399693945,73.45527074815625,73.55779266357422,16209700
2001-11-21,73.36552854396378,73.47445435633216,72.73119040830574,73.07078552246094,11470200
2001-11-23,73.07081043220745,74.16648754495411,73.04517995788136,74.12163543701172,6717100
2001-11-26,74.16644942668322,74.54448772954363,73.73074136410051,74.28178405761719,13726000
2001-11-27,74.08320748431024,74.90336327823594,73.10285997060322,73.96146392822266,19261400
2001-11-28,73.51935414728044,73.79487572047405,72.56464190512732,72.62230682373047,20195500
2001-11-29,72.82732711101414,73.63466504125223,72.4044316240687,73.60263061523438,16354700
2001-11-30,73.30146232948523,73.62824468856063,73.05797532571803,73.07720184326172,13680300
2001-12-03,72.82089549441076,73.09641689225818,72.41081781694182,72.64148712158203,15220400
2001-12-04,72.99389424442872,73.87812819888703,72.62866866409072,73.87171936035156,17239900
2001-12-05,74.0767562062034,75.60814104475783,74.04471690289854,75.22369384765625,25204000
2001-12-06,75.18527221679688,75.56972443797012,74.9225684134091,75.18527221679688,17972900
2001-12-07,74.90332710840535,75.02506571719283,74.13442775650579,74.68547058105469,18857800
2001-12-10,74.23053406378482,74.57653800752662,73.26941362733915,73.28863525390625,13862700
2001-12-11,73.62188752142299,74.14730026727358,72.98114003192151,73.14132690429688,20833300
2001-12-12,73.39760625673384,73.54497540034718,72.4749285667532,73.22460174560547,16171500
2001-12-13,72.69278534243504,72.85297218090538,71.7893341154898,71.8021469116211,19026700
2001-12-14,71.97512951034459,72.7183936724133,71.76368177472952,72.48772430419922,16721900
2001-12-17,72.39800666444155,73.27583186890732,72.34034177734034,73.23738861083984,13925900
2001-12-18,73.44885315019583,73.78204444706921,73.26303586703827,73.6731185913086,13663700
2001-12-19,73.1028426559639,74.27541115635648,73.04517775685261,74.1921157836914,20143400
2001-12-20,74.00629639648362,74.19852249837312,73.39758855468824,73.46166229248047,14867900
2001-12-21,73.95867146219042,73.98439009733838,73.4250208198587,73.90723419189453,14037700
2001-12-24,73.83004880496746,73.96506789761214,73.68859883019901,73.76575469970703,5728800
2001-12-26,73.71433513915285,74.7173371567715,73.71433513915285,74.17082977294922,10304800
2001-12-27,74.13227887037414,74.63378004552528,74.100129346704,74.62091827392578,9407300
2001-12-28,74.76880050395317,75.06455748656701,74.5309067785485,74.58234405517578,10593800
2001-12-31,74.67876974834094,74.8330766357545,73.44430483837745,73.48931121826172,14619500
2002-01-02,74.01007503211498,74.4215631964555,73.17423693905252,74.28011322021484,18651900
2002-01-03,74.35728996208807,75.19312338443717,74.28656495411575,75.12239837646484,15743000
2002-01-04,75.33457806279038,75.85537178148434,74.93595152626894,75.62390899658203,20140700
2002-01-07,75.67535403544873,75.86181047149084,74.942390062223,75.09027099609375,13106500
2002-01-08,75.0902483828949,75.26384299571684,74.56302875556753,74.9166488647461,12683700
2002-01-09,75.01953857856361,75.72678384553186,74.15798150746102,74.30586242675781,16610300
2002-01-10,74.38300802958288,74.80735316887687,74.13225751424389,74.63375854492188,12823400
2002-01-11,74.71736379612099,74.76237018718031,73.74650604003719,73.90081787109375,13708400
2002-01-14,73.71437363603907,73.83653105754054,73.27073563256187,73.43790435791016,12301100
2002-01-15,73.65003514983077,74.1901116069516,73.2321160406816,74.03580474853516,20219900
2002-01-16,73.4892737498773,73.55356784474209,72.45412263498172,72.53770446777344,17067000
2002-01-17,73.14211955440567,73.45073333983109,72.91065676267276,73.0842514038086,17283400
2002-01-18,72.65347243307288,73.19997987296412,72.44129739824638,72.74991607666016,17028000
2002-01-22,73.13572240696155,73.25145385621434,72.02341431662478,72.24845123291016,11689300
2002-01-23,72.41557129067046,73.00708995445599,72.02337077780997,72.80134582519531,12438900
2002-01-24,73.06496557354257,73.45716615286814,72.85922140941504,73.0263900756836,12142800
2002-01-25,72.73061858245998,73.41214506991183,72.67918132539616,73.00708770751953,12810700
2002-01-28,73.23208610945464,73.41854240210793,72.60199226168406,73.20636749267578,10589200
2002-01-29,73.19993584190242,73.37996125213553,70.75672613751456,70.90460205078125,27720800
2002-01-30,70.9753636085218,72.90421669306609,69.69589243593234,71.92693328857422,34711800
2002-01-31,72.1069568007504,72.84635144380987,71.76619355007499,72.76919555664062,19909200
2002-02-01,72.71133906297673,72.84636311348493,72.11982521590193,72.4284439086914,15838500
2002-02-04,72.15839271445202,72.15839271445202,70.36455884013569,70.62816619873047,24243400
2002-02-05,70.33882170601485,71.0396357553909,69.77945271861039,70.1909408569336,33614000
2002-02-06,70.49959283652174,70.55745608403451,69.47729798251207,69.88878631591797,29486000
2002-02-07,69.90161423445376,70.63457777996504,69.43868885722021,69.45154571533203,23445400
2002-02-08,69.84378544999099,71.2068437279015,69.6316152870228,70.7824935913086,19277800
2002-02-11,70.75676534766507,71.77905516741966,70.60888444712505,71.65046691894531,18792400
2002-02-12,71.34185604714165,71.82406938957888,70.74391130630636,71.4254379272461,13942500
2002-02-13,71.67617795802863,72.3577044323469,71.59259119057899,72.1841049194336,16781100
2002-02-14,72.33841841774718,72.63417528924802,71.74689976941866,72.04908752441406,20453800
2002-02-15,72.10694878015453,72.16481201010004,71.18109785841541,71.29682922363281,18366800
2002-02-19,70.82107759341537,70.9110903714451,69.8309321297599,69.92737579345703,15988100
2002-02-20,70.11384786836376,71.10398864746094,69.32301553611076,71.10398864746094,29242800
2002-02-21,70.67962334147074,71.12968720488007,69.60589604924546,69.6316146850586,26288600
2002-02-22,69.66374140676254,70.68603607009966,69.35512766693292,70.49314880371094,26572900
2002-02-25,70.55746772523446,71.88837659621981,70.53174908698732,71.65691375732422,17458700
2002-02-26,71.75330696028259,72.03620687670882,71.09106843348957,71.50898742675781,22346500
2002-02-27,71.98478226471886,72.56343905650239,71.14251815437767,71.78546905517578,28597900
2002-02-28,71.9012344203247,72.4927483515463,71.38687149427992,71.46402740478516,23755400
2002-03-01,71.83049063639575,73.19997457924802,71.69547150726895,73.1292495727539,26273600
2002-03-04,73.23214912723165,74.57591489932427,73.07141131303901,74.4216079711914,27184600
2002-03-05,74.1515711999866,74.83952886317081,73.92010835019296,74.1837158203125,22718900
2002-03-06,74.00364424235225,75.32169548952174,73.98435650108188,75.06451416015625,20143200
2002-03-07,75.45670854378903,75.54672126606299,74.30582598862868,74.90377044677734,19330800
2002-03-08,75.46957675877455,75.80391398209765,74.89092485860014,75.21882629394531,19930100
2002-03-11,75.15452293667373,75.80390465546724,74.85876614032361,75.37955474853516,15621800
2002-03-12,74.64662954435269,75.38602436783202,74.54375990835271,75.33458709716797,17153600
2002-03-13,74.98737861797804,75.06453450930154,74.35085845687259,74.60803985595703,17175300
2002-03-14,74.60803962153908,74.8587901358936,74.34442733934081,74.50516510009766,11168100
2002-03-15,74.7766513050462,75.40854574349811,74.73151598801391,75.2151107788086,21220100
2002-03-18,75.50521972057649,75.80182375470932,74.86042705871097,75.22795867919922,17548900
2002-03-19,75.63421913079164,75.91792469909774,75.32471633337218,75.7309341430664,17912000
2002-03-20,75.11835608259845,75.16994068373516,74.27367914634283,74.30591583251953,17114500
2002-03-21,74.34462221892683,74.7314969692288,73.58376641160191,74.33817291259766,25846800
2002-03-22,74.47357556174434,74.7572859952285,73.95773930438753,74.17697143554688,15235400
2002-03-25,74.20918077102836,74.38327753444452,73.05500630255786,73.25489044189453,17499600
2002-03-26,73.19684081636116,74.16402954496697,73.16460414370006,73.68043518066406,19947600
2002-03-27,73.52573549009435,74.15763471286611,73.35164356714574,73.8739242553711,19020300
2002-03-28,74.13184985672703,74.64768129020555,73.82879636837612,73.84169006347656,17532900
2002-04-01,73.65469702503734,74.2156637140558,73.18399603140963,73.8739242553711,17711000
2002-04-02,73.4934970793354,74.11894206152732,73.3580862409631,73.46770477294922,15669500
2002-04-03,73.51281466306493,73.64177123103111,72.31994919155557,72.95184326171875,25658500
2002-04-04,72.6036607869863,73.11949694138666,72.3650906240631,72.64879608154297,23549000
2002-04-05,72.98411675605318,73.26782231342821,72.33287448867478,72.6617202758789,19404900
2002-04-08,71.77832017037085,72.88091505101048,71.72029119109503,72.81643676757812,16470100
2002-04-09,72.97766070763029,72.97766070763029,72.17166958164894,72.30707550048828,15122700
2002-04-10,72.28127176269814,73.20977496718535,72.27482245728402,73.1259536743164,17199300
2002-04-11,72.79068898666866,72.89385823875743,71.24963394910277,71.30766296386719,25453700
2002-04-12,71.5849086882355,71.99113138120018,70.95301437376989,71.84282684326172,14950600
2002-04-15,71.97176546660874,72.12651434260478,71.05615606180186,71.29473114013672,17394900
2002-04-16,72.02337298127867,73.06793936655653,72.00402997922573,72.99056243896484,15040900
2002-04-17,73.11306895322932,73.293610184094,72.60368195507279,72.83580780029297,12920100
2002-04-18,72.79712046180744,73.15820291690308,71.66873287025402,72.51985931396484,25204800
2002-04-19,72.9905666593901,73.01635897007867,72.57789952713335,72.78423309326172,10499200
2002-04-22,72.46181086181643,72.49405246857513,71.46882939006638,71.5719985961914,13922900
2002-04-23,71.63004397905617,71.88151774669603,71.03683566620535,71.26251220703125,16967000
2002-04-24,71.2882989501565,72.09429004689535,70.54034177046006,70.54679107666016,18902700
2002-04-25,70.41781698191166,70.75955635883717,70.10186990580408,70.58546447753906,25451500
2002-04-26,70.79180460077686,70.93365980888393,69.17982254388525,69.24430084228516,19769800
2002-04-29,69.59247775017695,69.80526052623787,68.75424525505224,68.90254974365234,17724400
2002-04-30,69.00571197183775,70.0502779074644,68.76069251900684,69.5473403930664,19473500
2002-05-01,69.61827697649262,70.44361094462428,68.86387060743903,70.39847564697266,24575600
2002-05-02,70.34687453149974,70.86915990387571,69.49574846172766,70.12764739990234,15666800
2002-05-03,70.02450018010684,70.12766939395232,69.12178923647438,69.36681365966797,18185500
2002-05-06,69.40550895370565,69.63118549000383,67.90314028160986,68.00630950927734,23630400
2002-05-07,68.41250818900144,68.55436337777992,67.63875887487286,67.76771545410156,21910000
2002-05-08,69.02508582915068,70.51455593845998,68.85743828821232,70.28887939453125,27917400
2002-05-09,70.05675506912466,70.34690992915333,69.36682680873265,69.4764404296875,18085600
2002-05-10,69.6182717384193,69.66985633739093,68.09011119968709,68.16748809814453,18958900
2002-05-13,68.4899008778938,69.60538981158471,68.21263974119168,69.5538101196289,14677700
2002-05-14,70.68216383005665,71.16575826122168,70.2823906626512,71.06903839111328,34201200
2002-05-15,70.60480334278525,71.51396344576095,70.46939746094637,70.79179382324219,29535300
2002-05-16,70.73377425898325,71.23671681839798,70.49520405092376,71.15933990478516,28092000
2002-05-17,71.35276607537877,71.73319142590904,70.99167880032739,71.50751495361328,27823700
2002-05-20,71.33986372950265,71.37210533216118,70.59835114275731,70.73375701904297,13833800
2002-05-21,70.99814191861229,71.23671704681584,69.84396211359366,70.08898162841797,16877200
2002-05-22,69.77949219629345,70.3598068215321,69.63763696352626,70.24374389648438,15844200
2002-05-23,70.4500603870862,71.15933145987009,69.94712280673724,70.99168395996094,13879800
2002-05-24,70.91434901705328,71.05619937020285,70.03098067771857,70.08256530761719,11877000
2002-05-28,70.31465109358571,70.36623077466626,69.2829787619223,69.70209503173828,24236900
2002-05-29,69.39263578203487,69.65054908871947,69.07668361839853,69.1863021850586,14773300
2002-05-30,68.70268117937707,69.32168173445899,68.28356483663164,68.99283599853516,18217900
2002-05-31,69.25072167062048,69.99867847936599,68.89608379618717,69.13465881347656,19826300
2002-06-03,69.0508912178933,69.37973707870208,67.14230421839345,67.29705810546875,26056300
2002-06-04,67.15515529882943,67.83218462786256,66.76828069375655,67.46465301513672,25856200
2002-06-05,67.67099207278223,68.13524360508691,67.28411743565428,68.0965576171875,19695900
2002-06-06,68.05142860784278,68.09011459931398,66.51037430211443,66.71025848388672,22998500
2002-06-07,65.62702106601387,67.00687748878957,65.58833506592579,66.63289642333984,24011600
2002-06-10,66.56841168420937,67.35505973918288,66.42655647175461,66.89080810546875,18759900
2002-06-11,67.14226389657611,67.40663127203003,65.59476531021043,65.7430648803711,19990700
2002-06-12,65.58188122382519,66.29115238620408,64.98222366703469,66.14285278320312,31266000
2002-06-13,65.85268241973176,66.41365388860197,65.34329555200834,65.47870635986328,21043900
2002-06-14,64.67917693564536,65.48516809442623,63.51210331193216,65.38200378417969,39267500
2002-06-17,65.71729397776838,67.2776916813733,65.67215866962707,67.1358413696289,17647200
2002-06-18,66.89080918159182,67.722592552148,66.81988157422336,67.68390655517578,21628500
2002-06-19,66.73605561034005,67.33571311839651,65.92361529504899,66.10415649414062,21540700
2002-06-20,65.93651008474299,66.4458969637324,65.09827751539262,65.25947570800781,25691000
2002-06-21,65.00911925126964,65.30676168159336,63.85089907048377,64.23912811279297,31190700
2002-06-24,63.80556326839921,65.15142765951873,62.92557539240544,64.57555389404297,37169700
2002-06-25,64.89908703378791,65.28084398809847,63.113228475436415,63.12616729736328,33355000
2002-06-26,61.59915616868473,63.50795657311094,61.59268922323145,63.2297248840332,37913600
2002-06-27,63.73438715352072,64.37496489088767,62.4855811976173,64.33614349365234,31616400
2002-06-28,64.21321659940921,65.02850067670788,63.98027829160959,64.03204345703125,28184200
2002-07-01,64.1743525378944,64.57552489836215,62.692608984628016,62.78319549560547,20270200
2002-07-02,62.67320214577601,62.893196561212406,61.32086640035234,61.45027923583984,34213900
2002-07-03,61.22386957736924,62.0132663893684,60.64152362048504,61.79974365234375,30565800
2002-07-05,62.62147175630794,64.40085850462319,62.54382894853122,64.25850677490234,19013500
2002-07-08,64.0449829235769,64.51085457134961,63.1261685770255,63.4561653137207,19118600
2002-07-09,63.23615557935733,63.63085126871728,61.47617998884977,61.85793685913086,28620400
2002-07-10,62.116743480996455,62.16203674232087,59.55442840479678,59.60619354248047,50522500
2002-07-11,59.37330778527888,60.40211488803909,58.44155423062843,60.09153366088867,59476500
2002-07-12,60.38916598535665,60.751512335445966,59.2180023553629,59.4315299987793,39018600
2002-07-15,59.295644225316,59.78740346342761,56.86920743651292,59.74857711791992,77317200
2002-07-16,58.959179706522576,59.77445890229233,58.15036745441893,58.59682846069336,53282400
2002-07-17,59.82617473755648,60.36969868980236,58.07267181335511,58.71324920654297,48880600
2002-07-18,58.68745004837423,58.9462711107684,56.778653969344425,56.81100845336914,32656700
2002-07-19,56.13801891769578,56.64918864163417,54.54627765742245,54.81156539916992,77572600
2002-07-22,54.416845064487866,55.58800765268917,52.70216343463287,53.18745040893555,78134000
2002-07-23,53.413942117145496,53.86040294800478,51.6022014096297,51.73160934448242,74484100
2002-07-24,50.55397278160487,55.07685208362898,50.2628024978091,54.81803131103516,107022800
2002-07-25,54.52684730348639,55.54918647535149,52.79922669997176,54.35214614868164,87176600
2002-07-26,54.77274463841063,55.60096726111751,54.22275351582523,55.3874397277832,41206800
2002-07-29,56.61681723609216,58.4544349916753,56.48740934276183,58.08561706542969,53492900
2002-07-30,57.79445619266989,59.14032022218498,57.40622751323932,58.84267807006836,47532200
2002-07-31,58.55152695798953,59.23740300844034,57.74918669870856,58.98505401611328,44669900
2002-08-01,58.8038599511763,59.1079740224173,57.15388659923332,57.4450569152832,66571900
2002-08-02,57.26389839376589,57.52919114007214,55.40039703677096,56.15744400024414,51772900
2002-08-05,55.96331812719114,56.24802152889481,54.06099567348895,54.20334243774414,47191300
2002-08-06,55.14805862143103,56.87568046515505,55.07041086544629,56.02804183959961,64730000
2002-08-07,56.856277719823744,57.26391738846426,55.4974689511572,57.00509643554688,43289400
2002-08-08,57.21212453992542,58.94621766819928,56.810956946697225,58.849159240722656,48339800
2002-08-09,58.29915477325814,59.48972833473247,57.81386768313124,59.06914520263672,41879200
2002-08-12,58.228021281986905,59.05624439490047,57.94332267229734,58.63566589355469,25841700
2002-08-13,58.3315194803471,59.30856570923272,57.36094512938158,57.56800079345703,49690500
2002-08-14,57.60037046780627,59.93622061818317,56.953320674053074,59.67093276977539,57423600
2002-08-15,60.072097921965614,60.81620614038454,59.65798646654251,60.49915313720703,45551500
2002-08-16,60.05914562545495,60.874429530185125,59.52856513368381,60.31796646118164,36517300
2002-08-19,60.47324564535338,61.95498959195456,60.24030743054995,61.72852325439453,33669900
2002-08-20,61.35323224017744,61.72852212791163,60.57677482939952,61.07500076293945,30508300
2002-08-21,61.508547370005935,61.97442397770081,60.54444462922493,61.95501327514648,39628900
2002-08-22,61.78677953883706,62.86088449850771,61.515019827329255,62.55677032470703,38399800
2002-08-23,62.12326500985073,62.2138516049016,60.91975174806162,61.21092224121094,33716400
2002-08-26,61.41149590961001,61.8838394762102,60.49915336628405,61.637962341308594,33830100
2002-08-27,61.92266079414382,62.2785401410174,60.499153279845466,60.92620849609375,35335700
2002-08-28,60.35675719290646,60.49263695189142,59.3991270048426,59.593238830566406,38970600
2002-08-29,59.05620578197636,60.2079580404542,58.75856360391892,59.619140625,42965700
2002-08-30,59.32151885431804,60.427973289230216,59.1403457215742,59.38622283935547,30366700
2002-09-03,58.70684205575796,58.88154336396499,57.03745205911669,57.12156677246094,76586400
2002-09-04,57.33507221680655,58.39623329110213,56.97919292017201,57.93682861328125,51099500
2002-09-05,57.25741195778138,57.8656401002634,56.61683430051393,57.4450569152832,67250900
2002-09-06,58.07269653744168,58.603276965723815,57.80740385500249,58.23445892333984,38622200
2002-09-09,57.65210613422303,59.10796742517106,57.45799425738733,58.66150665283203,33998400
2002-09-10,58.97210734227692,59.386218741861,58.596817343717206,59.33445358276367,41416600
2002-09-11,59.83267088630323,60.38913387756427,58.94621125217897,58.96562194824219,27711200
2002-09-12,58.7197677661695,58.77799987703168,57.58095876663874,57.87860107421875,43601700
2002-09-13,57.38682545725727,58.16975481065251,57.10212207907854,58.02093124389648,41131000
2002-09-16,57.78801711429984,58.163307189941406,57.238025761569,58.163307189941406,28167600
2002-09-17,58.81033430772396,59.00445115100368,56.77859907754081,56.83036422729492,47609700
2002-09-18,56.29982031332537,57.26392340421052,55.82747165438455,56.26099395751953,54719400
2002-09-19,55.6398250512722,56.16393887927451,54.80513000488281,54.80513000488281,48510500
2002-09-20,55.19375546866705,55.37574068403754,54.628302115012346,54.82328414916992,46325600
2002-09-23,54.36835796303855,54.63483507796329,53.74440610509804,54.37485885620117,46893800
2002-09-24,53.58191417808437,54.368353590745166,53.19844085198552,53.49741744995117,69507000
2002-09-25,54.18633589537321,55.096261972225655,53.321901163638174,54.82328414916992,59294400
2002-09-26,55.25875733632604,55.87621292908991,54.888285964158094,55.7202262878418,53638000
2002-09-27,55.24580180464915,55.65526890347035,53.78341293334961,53.78341293334961,64648300
2002-09-30,53.29591659026234,53.81587873560917,52.58097235945535,53.159427642822266,73096400
2002-10-01,53.57540052171721,55.74623202579429,52.95144886260415,55.71373748779297,67198100
2002-10-02,55.044277824729214,55.59023355104527,53.68587948119836,54.04335403442383,56749100
2002-10-03,54.036877488308576,54.98580450586776,53.26343490219924,53.49741744995117,55547000
2002-10-04,53.81587238878683,53.89386323028237,51.72303219074026,52.51597213745117,68483700
2002-10-07,52.035026570041495,52.77596961699541,51.0536050526811,51.430572509765625,53188000
2002-10-08,51.87252808758309,52.847453466753166,50.826107783909066,52.23650360107422,79531000
2002-10-09,51.404557692404886,51.80102770149751,50.553124537825504,50.7611083984375,79956400
2002-10-10,50.65709106682792,52.69143223873788,50.09163293260309,52.40545272827149,76749000
2002-10-11,53.36092415842188,55.07029679784129,53.17893884899193,54.699825286865234,82308300
2002-10-14,54.07585437618196,55.148273192367874,53.97186492325881,55.00528335571289,40631900
2002-10-15,56.53916336012294,57.66357932532861,56.44817073388968,57.650577545166016,82320300
2002-10-16,56.81217359693135,57.06565388636198,55.8437438155388,56.25321578979492,62977800
2002-10-17,57.761063940464645,58.04054266617711,57.09811209866976,57.371089935302734,68534100
2002-10-18,56.96817591128188,57.91710327268062,56.500210646212906,57.61162567138672,47448700
2002-10-21,57.27361918263225,58.82049902942457,56.91614455310628,58.60601425170898,45859100
2002-10-22,57.878064117633016,58.50201568034866,57.533586365204776,58.183536529541016,40966800
2002-10-23,57.69606708714458,58.67099221842177,56.98762387193814,58.62549591064453,54905800
2002-10-24,58.982976417089226,59.080469931837904,57.260607518949655,57.429595947265625,54987400
2002-10-25,57.33209662492664,58.748988014065176,57.15661228313603,58.62549591064453,43672100
2002-10-28,59.2429704059704,59.33396305061058,57.74808274334932,58.24204635620117,39416100
2002-10-29,57.897573297434604,58.16405033905821,56.54567549773896,57.56609725952149,59508200
2002-10-30,57.63758313314329,58.46951858418253,57.34510753069952,58.12504577636719,41688600
2002-10-31,58.27452459364698,58.69049223416302,57.31909721477484,57.53357696533203,41620600
2002-11-01,57.42310199392835,59.02847986004239,57.228119899603534,58.67100524902344,51878900
2002-11-04,59.66545102230727,60.40639411040477,59.08049464782814,59.22998046875,49080600
2002-11-05,59.04150465160339,59.84094599734892,59.04150465160339,59.69795608520508,37270800
2002-11-06,60.10738877557306,60.490856962970106,59.00897149518855,60.47135925292969,65013100
2002-11-07,59.80843591822519,59.9384289784438,58.63852812862711,58.989501953125,51572000
2002-11-08,58.8399864221557,59.51593517476579,58.18353538069452,58.26803207397461,37905400
2002-11-11,58.17703881578317,58.2095333477687,57.06562466386626,57.36460113525391,33505100
2002-11-12,57.62458274933426,58.45001725899955,57.43609661055768,57.81956481933594,37724500
2002-11-13,57.40358984075495,58.32651774775693,56.838131496125314,57.878055572509766,63891500
2002-11-14,58.54103158199227,59.1454856446216,58.33304765499767,58.970001220703125,31896800
2002-11-15,58.49553642864709,59.50296153952057,58.46303692491773,59.40546798706055,39152100
2002-11-18,59.89291462477637,59.89291462477637,58.72300222848637,58.807498931884766,28934800
2002-11-19,58.50851037246591,59.2104577251757,58.33952690360053,58.72949600219727,32806600
2002-11-20,58.48253815715598,60.06841373365141,58.46303548016349,60.035919189453125,36688400
2002-11-21,60.18540300859047,61.21882667093598,60.07491263626552,61.15382766723633,55128200
2002-11-22,60.75735365977174,61.27081001140608,60.62085973885653,60.718353271484375,32513800
2002-11-25,60.724874301917765,61.26433439713908,60.29590459957927,60.75737380981445,33846400
2002-11-26,60.49087855359506,60.73785790013614,59.54845253461142,59.60044479370117,42284700
2002-11-27,60.133395577312754,61.51779279788237,60.074902434389664,61.27730941772461,37764000
2002-11-29,61.61528012556827,61.71276868729294,60.94582726312478,61.08232116699219,19385700
2002-12-02,62.05078022405238,62.42775273571207,60.58839147660318,61.17984390258789,49911900
2002-12-03,60.60787260743485,60.7053661556535,60.022916276850765,60.36089324951172,34407700
2002-12-04,59.64592431552306,60.53635782455452,59.4249436401477,60.087890625,64040800
2002-12-05,60.26986758264763,60.315363885733504,59.210445875651295,59.424930572509766,36724900
2002-12-06,58.57350495810064,59.9058996915266,58.482512340548645,59.81490707397461,49824100
2002-12-09,59.19095365498111,59.44443378977311,58.15753540678688,58.1705322265625,36789600
2002-12-10,58.50851507850943,59.21046248767931,58.33953159605213,58.95048141479492,33319900
2002-12-11,58.768493280233415,59.54843646078209,58.59950980603188,59.00247573852539,39201000
2002-12-12,59.27548876428062,59.463975020697134,58.62553820783575,58.99600982666016,34465600
2002-12-13,58.43702376119625,58.80749516986726,58.02105107900507,58.06654739379883,36862200
2002-12-16,58.37855207474005,59.65895531723467,58.274562576194846,59.567962646484375,37098400
2002-12-17,59.385954344247175,59.62643275594026,58.97648252545865,59.047977447509766,32353900
2002-12-18,58.703476997493496,58.75547418156064,58.06002796051689,58.36550521850586,35612600
2002-12-19,58.073072175479744,58.95050429818011,57.58560933412083,57.9495849609375,39264200
2002-12-20,58.260451417815695,58.79602937765184,58.19513800478085,58.77643585205078,31176900
2002-12-23,58.51520255762653,59.0899728006709,58.33232292869283,58.79605484008789,22599300
2002-12-24,58.515185981156144,58.6915377041674,58.29311934695797,58.35843276977539,10937000
2002-12-26,58.58704805043492,59.1814118195757,58.025343493063055,58.38457489013672,17485600
2002-12-27,58.10370047574072,58.31923923187133,57.07173156738281,57.07173156738281,22205700
2002-12-30,57.33950564890562,57.78364371626254,56.967213811789726,57.54851150512695,29968000
2002-12-31,57.47014156486443,57.75752653145635,56.89537661477405,57.62689971923828,34036600
2003-01-02,58.031868564442334,59.63207504810488,57.82939543124526,59.48184967041016,44516300
2003-01-03,59.3773196014855,59.68429307588447,59.10952818687582,59.66469955444336,32222600
2003-01-06,59.59286562469757,61.06243983332228,59.54714573753078,60.71627426147461,40984500
2003-01-07,60.67708477852421,60.98406328709473,60.219880942087386,60.5660514831543,38640400
2003-01-08,60.2199176138629,60.35054949657804,59.46880546641229,59.69087219238281,38702200
2003-01-09,59.971693911845584,60.85997032869385,59.70390740933232,60.61830520629883,34804900
2003-01-10,60.05661045220189,61.16042580462584,59.95864280336727,60.78160095214844,37768900
2003-01-13,61.09509828669853,61.30410419449892,60.376640790078056,60.761993408203125,31649900
2003-01-14,60.5399273287752,61.2845111931223,60.35704778077331,60.95793914794922,30733000
2003-01-15,61.09511275130771,61.11470628119445,60.03048943500238,60.350528717041016,33511800
2003-01-16,60.41584834318514,60.69670059426647,59.73004482821344,60.10233688354492,44812100
2003-01-17,59.42958407263105,60.28520628697261,58.88094538535342,59.21405029296875,35618300
2003-01-21,59.35120511099504,59.38385932556098,58.09716467402748,58.29310989379883,36826200
2003-01-22,57.97960830075044,58.65235101091765,57.47668946053248,57.58772277832031,42286500
2003-01-23,57.9665484243808,58.37802748125381,57.44403106506393,57.94042205810547,55919800
2003-01-24,57.86205027301902,57.92083585034269,56.28144228678483,56.418601989746094,68633900
2003-01-27,55.99405882237164,56.69292297151274,55.19068920120058,55.64788818359375,57884400
2003-01-28,55.92874772052606,56.4316716499844,55.60217555239316,56.05937957763672,46929100
2003-01-29,55.79160731467761,56.9411431395714,55.367062352571054,56.48394393920898,53712200
2003-01-30,56.68638686744688,56.7451674547554,55.12537259638544,55.14496612548828,49845900
2003-01-31,54.96209921226636,56.30757500714958,54.96209921226636,56.20960235595703,55317000
2003-02-03,56.26183973727473,56.6994451455933,56.11814721917737,56.32062530517578,39696000
2003-02-04,55.71976012219957,56.00714531959685,55.06008771267939,55.76548004150391,43633400
2003-02-05,56.00709247096087,56.52307677799392,55.1776018654095,55.41926193237305,55270600
2003-02-06,55.10578752039634,55.4454203708326,54.635522817411015,55.15803527832031,53638000
2003-02-07,55.458463487550894,55.51071122422088,54.19136244029821,54.48527526855469,43165000
2003-02-10,54.51138579765913,54.9489909866328,53.98234086720117,54.8706169128418,45455900
2003-02-11,55.10576300639387,55.43886287024806,54.09992061314922,54.49180603027344,46861000
2003-02-12,54.31547467604173,54.61592041345649,53.61660559039421,53.623138427734375,35873600
2003-02-13,53.655792080075365,53.98889698663286,52.90467532270208,53.78641891479492,57934100
2003-02-14,53.799508508915125,54.99475902901501,53.440277079070334,54.96210479736328,59580900
2003-02-18,55.21026493382121,56.03976065560308,55.11882516681914,55.9287223815918,39492700
2003-02-19,55.72626263430212,55.8242352603754,55.04699207211402,55.63482284545898,31432000
2003-02-20,55.65440055563882,55.79156019991921,54.89675609441,55.07963562011719,29280100
2003-02-21,55.112305495131295,56.00058200083152,54.51141403042078,55.63482284545898,60955800
2003-02-24,55.4715179999387,55.517237878868166,54.59630248216932,54.73346710205078,30628600
2003-02-25,54.178310983452405,55.18415367888134,53.701518494021926,55.17109298706055,56770600
2003-02-26,54.87716938348865,55.2102742958199,54.263217269951824,54.36771774291992,37787200
2003-02-27,54.668150805793545,55.353953999018685,54.31545743092187,55.08616256713867,51126000
2003-02-28,55.17110542576768,55.66749653948656,54.96863226677932,55.45195770263672,43666800
2003-03-03,55.68707989501678,56.02671271089815,54.68123715665578,54.92289733886719,42923100
2003-03-04,54.83148573961649,54.8706778030958,53.982400771729885,54.04771423339844,31440500
2003-03-05,53.95623651054338,54.56366074550524,53.792950479457865,54.50487518310547,43974700
2003-03-06,54.12609337725933,54.550633369653774,53.864834547487405,54.04771423339844,41217700
2003-03-07,53.30307312677586,54.85755378713224,53.18550702754942,54.41994857788086,63538000
2003-03-10,53.94970550342452,54.11952437677825,52.96998928369008,53.11368179321289,41014100
2003-03-11,53.21819025108059,53.557823033855584,52.56504606774089,52.59116744995117,48102700
2003-03-12,52.49971334805377,52.969977829128446,51.84656934280411,52.94385147094727,62459800
2003-03-13,53.67537338279365,54.8053146798497,53.250828792000576,54.77265548706055,72117800
2003-03-14,54.99474028094563,55.367032279915,54.43956870116251,54.94902038574219,63951800
2003-03-17,54.51140203256104,56.79087338089124,54.35464885520173,56.67984008789063,88217500
2003-03-18,56.92151111896097,57.05213794987096,56.35327394000476,57.0129508972168,50792300
2003-03-19,57.00642328133793,57.581193349404806,56.61453776962529,57.4505615234375,49630800
2003-03-20,57.03906054397567,57.862018307099575,56.398977300675455,57.57463836669922,67321600
2003-03-21,58.2330654342421,58.94130159249112,57.66253699810959,58.8035888671875,71165300
2003-03-24,57.7215573131537,57.80025244697266,56.62640963424008,56.8493766784668,65398900
2003-03-25,56.88215947961231,57.87894444116612,56.68542916051751,57.3936653137207,61040100
2003-03-26,57.41988442592167,57.61006052822054,56.92149705767566,57.1051139831543,45740800
2003-03-27,56.65921709458917,57.48549873018551,56.3903457277979,57.15105056762695,53120200
2003-03-28,56.70512916368886,57.23630778672482,56.56085719121255,56.86251449584961,32583000
2003-03-31,55.97061569871596,56.78377850060303,55.347628996248254,55.57059097290039,61119500
2003-04-01,55.90502332755631,56.65260916300142,55.68206141317438,56.42308807373047,53574000
2003-04-02,57.40677620987029,58.21337991939124,57.380544503429206,57.78712844848633,50431200
2003-04-03,58.278944025140376,58.35763411742947,57.47889473230185,57.511680603027344,48755500
2003-04-04,57.99042344342092,58.095345275993374,57.45924509615319,57.85271072387695,36250100
2003-04-07,59.24295658083645,59.57740461756017,57.68876659283615,57.74123001098633,69776200
2003-04-08,57.90517045958158,58.13469164422634,57.5182590313062,57.83303451538086,39712700
2003-04-09,57.9445159867321,58.42979006721143,56.90182687780368,57.07233047485352,55647300
2003-04-10,57.11166602391152,57.46578651118941,56.20669478076964,57.3870964050293,41812400
2003-04-11,57.81338771221069,58.16750340999173,56.96087435766969,57.15105056762695,47730100
2003-04-14,57.36086526025853,58.36420414905273,57.05264899963581,58.33141326904297,36711700
2003-04-15,58.25928079058625,58.87571334838867,57.98385539363944,58.87571334838867,49709800
2003-04-16,58.96097652175894,59.05933917606666,57.72811122044192,57.87238311767578,51788000
2003-04-17,57.90519163381727,58.83639506813936,57.83305566323853,58.7314682006836,37403100
2003-04-21,58.92817518870194,59.12491046881603,58.40355111052171,58.79046249389648,32052700
2003-04-22,58.42977945755421,60.0429916509671,58.2920667706613,59.898719787597656,59763600
2003-04-23,60.08233969741203,60.56105449729013,59.83314103149442,60.4495735168457,44227100
2003-04-24,60.02332333818955,60.38400302193185,59.64953030375938,59.911842346191406,49692400
2003-04-25,59.87250791948798,59.983988931276194,59.03310823405833,59.17082595825195,43917200
2003-04-28,59.30854482720407,60.456155957741686,59.21673633701605,60.193843841552734,46432900
2003-04-29,60.423385766213926,60.856201656673214,59.93811143709619,60.40371322631836,52017100
2003-04-30,60.27250289916992,60.70531337909862,59.944614200999744,60.27250289916992,48709100
2003-05-01,60.27910456779581,60.8102880795433,59.347901132014506,60.2659912109375,50240400
2003-05-02,60.04299271168063,61.29553027198283,59.99708848190539,61.12502670288086,50201500
2003-05-05,61.29553226661648,61.49882171892416,60.659427202470006,61.00698852539063,35437800
2003-05-06,61.01352872604527,61.892268023661074,60.98729703016629,61.58405685424805,44401000
2003-05-07,61.26271832671169,61.734878815294174,60.96762052293968,61.243045806884766,41413100
2003-05-08,60.67254073653491,61.20372398932535,60.51515551501989,60.62663650512695,40570700
2003-05-09,60.87588223585614,61.51198779349286,60.73161025331712,61.46608352661133,33608100
2003-05-12,61.31519789426131,62.377559273896864,61.1709260398828,62.22016906738281,35662300
2003-05-13,61.990636778355146,62.416893088695446,61.81357908187953,62.10867691040039,39253600
2003-05-14,62.35788624773867,62.45625388311544,61.584073524178685,61.9775390625,32195100
2003-05-15,62.22672272628406,62.515266409458135,61.80702555249539,62.37099456787109,43879200
2003-05-16,62.22673639754349,62.59397025449388,61.8135983084743,62.213623046875,38905000
2003-05-19,61.74144816129589,61.918505872091856,60.547933397722815,60.75778198242188,41606000
2003-05-20,60.86930493332623,61.00701769297406,60.062695908887925,60.63322448730469,55404600
2003-05-21,60.40366155764504,60.90860799473234,60.27250806840247,60.75778198242188,49333800
2003-05-22,60.95454571554483,61.675905312376855,60.777487907441845,61.36112976074219,38421800
2003-05-23,61.33489431362621,61.629997313414826,61.079141382388485,61.48572540283203,26155900
2003-05-27,61.184040780350216,62.84971117389088,61.03320975880742,62.56117248535156,43719200
2003-05-28,62.85629856112091,63.262882581655845,62.58087309713952,62.738258361816406,37727100
2003-05-29,62.87595212824721,63.49238465014309,62.35133306983837,62.57429504394531,50844200
2003-05-30,62.88909587662745,63.66946810430775,62.66612880929888,63.5776596069336,52529500
2003-06-02,63.95799455547333,64.5613088035705,63.39402536606486,63.8399543762207,50305500
2003-06-03,63.70882156804916,64.1613048997105,63.512086204239445,64.10228729248047,38254500
2003-06-04,64.04327253563726,65.1515337917391,63.98424992259216,65.02693939208984,49360700
2003-06-05,64.64653918676497,65.34822082519531,64.44324478464343,65.34822082519531,46262400
2003-06-06,65.84007727305939,66.49585492517515,65.00723685308797,65.09249114990234,60356800
2003-06-09,64.77114739343666,64.98755518897998,64.11536983350108,64.43014526367188,37808500
2003-06-10,64.56785737311525,65.09248141764361,64.39079963491868,65.08592224121094,29965900
2003-06-11,65.02691943403455,65.83352320697745,64.73181646575873,65.77450561523438,37610200
2003-06-12,66.06958402472588,66.1679516517025,65.3285572407814,65.97777557373047,36442000
2003-06-13,65.97779126671385,66.06959973954613,64.88919794143597,65.28922271728516,48628300
2003-06-16,65.55153393001888,66.69258565120448,65.44661210665718,66.6663589477539,36326300
2003-06-17,66.93522518520723,67.00736112766248,66.38437435538883,66.6663589477539,36801800
2003-06-18,66.42372100399142,66.98113102461056,66.23354487870975,66.60733795166016,35521000
2003-06-19,66.65326624922855,66.71228886267767,65.47286401212999,65.59090423583984,43551700
2003-06-20,66.07132787554764,66.14372439349998,65.43292495610936,65.44609069824219,41545000
2003-06-23,65.45269352360971,65.59090876244781,64.4457297803636,64.7748031616211,34237500
2003-06-24,64.64315809818174,65.21574241101052,64.51152576900391,64.8405990600586,36213600
2003-06-25,64.84720319439154,65.44611919069263,64.18905639648438,64.18905639648438,47743400
2003-06-26,64.35356718013875,65.14334603233249,63.813887224039824,65.0248794555664,33477300
2003-06-27,64.99199767087077,65.28158387489157,64.22196710610099,64.27462005615234,54208800
2003-06-30,64.64315373381041,64.93931766726018,64.14954383055438,64.25484466552734,33349000
2003-07-01,64.0047413284454,65.05777462882615,63.46506144817159,64.84716796875,51322800
2003-07-02,65.0051376994614,65.67645004570939,64.87351038750616,65.66328430175781,34662100
2003-07-03,65.20258693353611,65.71594050547333,64.43255657563029,64.98539733886719,30792800
2003-07-07,65.58429409574768,66.40697715008156,65.58429409574768,66.27534484863281,31391100
2003-07-08,66.14372172494762,66.66365805051075,65.92653217985304,66.57151794433594,30952500
2003-07-09,66.42016334040837,66.73607596377268,65.83441318279982,66.19639587402344,36528500
2003-07-10,65.7093451974464,65.84097751230068,64.91298852230064,65.35395050048828,49777700
2003-07-11,65.41317176650493,66.11080535940332,65.41317176650493,65.97259521484375,39976300
2003-07-14,66.60445263977185,67.06515840207216,66.11084255097533,66.29512786865234,42114900
2003-07-15,66.72289094808069,66.77554387364515,65.78174124396834,66.15030670166016,42573600
2003-07-16,66.34773566149222,66.3872278591649,65.30786818626976,65.7619857788086,39894200
2003-07-17,65.25521927774378,65.73566335781717,64.60365572060236,64.82742309570312,52253500
2003-07-18,65.16968437058577,65.68304301716992,64.8011238234328,65.49217987060547,35698100
2003-07-21,65.45265486917701,65.47898132668132,64.39962167529606,64.68262481689453,34786000
2003-07-22,64.95250970433257,65.42637620669299,64.44573385326204,65.26841735839844,49968300
2003-07-23,65.29473241591448,65.45268621532819,64.68265579426803,65.3144760131836,37275400
2003-07-24,65.80806629510683,66.0384165629359,64.74187219222394,64.82084655761719,40896200
2003-07-25,64.93273649570897,66.00551348958987,64.52468385557016,65.96602630615234,43241100
2003-07-28,66.05816741960554,66.45963719485707,65.59746184703754,65.7225112915039,34382800
2003-07-29,65.9067809648006,65.98576034149684,64.94588781066008,65.41975402832031,53472100
2003-07-30,65.55141434224815,65.65013735756439,65.11045723126493,65.26183319091797,28363300
2003-07-31,65.80147884532117,66.41355519411559,65.26837685039794,65.41316986083984,54937200
2003-08-01,65.28153167948035,65.50529900639442,64.6562896953673,64.83399200439453,49321000
2003-08-04,64.70235973451183,65.1564822784062,63.84018970712528,64.83399200439453,55214100
2003-08-05,64.76818033952496,64.99853054221641,63.40581266662589,63.45846557617188,61415600
2003-08-06,63.63618616938685,64.53784365337881,63.45848380394048,63.82704925537109,50096900
2003-08-07,63.95208172781787,64.54441446655166,63.68224432649701,64.49834442138672,43427400
2003-08-08,64.70895127439886,64.86032714973409,64.34039091185511,64.68262481689453,27357300
2003-08-11,64.66950114737351,65.18285480965773,64.3930756958456,64.92617797851562,34631400
2003-08-12,64.96564035240533,65.54480746421669,64.77477726503062,65.51848602294922,43285600
2003-08-13,65.69617659434331,65.71592018388777,64.84716709512026,65.18282318115234,36152000
2003-08-14,65.22231687669547,65.65011310418261,64.79452064920835,65.36052703857422,35525100
2003-08-15,65.39342521169146,65.67642835807618,65.23547148525255,65.56454467773438,12567000
2003-08-18,65.76857166131215,66.20952855566479,65.64352223526103,66.13055419921875,22873800
2003-08-19,66.26880015266495,66.43333684584665,65.81467727267982,66.38068389892578,37437700
2003-08-20,66.0055389735081,66.40042602412247,65.91998170260771,66.11083984375,21295300
2003-08-21,66.50573459734669,66.81505936827236,66.07793818307215,66.32144927978516,46494200
2003-08-22,66.96641678365913,67.01248684496947,65.63696285637484,65.66328430175781,52040300
2003-08-25,65.62379977269617,66.36092580480357,65.34079652138587,65.76859283447266,23473000
2003-08-26,65.48559221126541,66.07134233286132,65.0446351572569,65.8870620727539,45065800
2003-08-27,65.8475761558733,66.05160001619319,65.53166354581163,65.90680694580078,18919500
2003-08-28,66.07790148214895,66.47278832935874,65.59087453796548,66.31483459472656,27402400
2003-08-29,66.21611970770866,66.78870896985188,66.13056247043822,66.76238250732422,28706600
2003-09-02,66.8940484302818,67.71014915490353,66.50574418158496,67.65750122070312,49419100
2003-09-03,67.80884191577483,68.2497989230557,67.64430526936317,68.02603149414062,44912400
2003-09-04,67.85490822801601,68.15107718795437,67.63114081146051,68.0589370727539,28381000
2003-09-05,67.74958919066256,68.15105887958059,67.39418954696833,67.67719268798828,31637300
2003-09-08,67.81545024711274,68.36829117640076,67.74305369381142,68.23666381835938,32632800
2003-09-09,68.03262435647012,68.09185514767152,67.57850153888327,67.78910827636719,35053200
2003-09-10,67.479757549218,67.65745991008642,66.8347768130341,67.1046142578125,45904900
2003-09-11,67.19677998967747,67.63115924078379,67.02566043427852,67.30208587646484,38396300
2003-09-12,67.0716912960708,67.55213527924725,66.70312595662206,67.42708587646484,42524800
2003-09-15,67.47318113077972,67.54557765194416,67.09803780350022,67.19017791748047,21312800
2003-09-16,67.28235540833134,68.21033986575358,67.24286318244854,68.17085266113281,37892600
2003-09-17,68.10499560171355,68.30901939065514,67.82199243257257,68.03917694091797,31885800
2003-09-18,68.0523360402918,68.90792331328973,67.90096016499723,68.84210968017578,30243600
2003-09-19,68.8883536781558,69.10637692150502,68.3135715427325,68.49195098876953,34331600
2003-09-22,67.95022832754259,68.02290277285567,67.40847657918607,67.75202941894531,36677400
2003-09-23,67.77848013150769,68.24095452522002,67.6265280756952,68.00971984863281,32489200
2003-09-24,68.12859021136306,68.19465649223682,66.77420877104758,66.8006362915039,41694700
2003-09-25,66.99888340911855,67.30939563365249,66.1994642609174,66.2523193359375,52673100
2003-09-26,66.35798167288542,66.5033305041934,65.96818207614727,66.03424835205078,42914700
2003-09-29,66.2654872190206,66.72134804659166,65.92854266257214,66.68170928955078,36771600
2003-09-30,66.38440919135357,66.56939678009692,65.5717793801924,66.03424835205078,70764500
2003-10-01,66.22587190393125,67.5075793651833,66.19944437436013,67.44151306152344,65797600
2003-10-02,67.34237310573461,67.75859512053144,67.14416926600298,67.68592071533203,44591500
2003-10-03,68.49198688918318,68.89499792945065,68.10219213512505,68.30699920654297,48806900
2003-10-06,68.36647677792685,68.70341653901484,68.1814840158814,68.6175308227539,20226500
2003-10-07,68.22110183989416,68.91480553114496,67.9898672761439,68.88177490234375,42602900
2003-10-08,68.92799944587078,68.96763820378244,68.32018163540096,68.70997619628906,30920800
2003-10-09,69.29137651295179,69.51600793486274,68.59767294646471,68.89497375488281,40066500
2003-10-10,68.88837444443244,69.10639775350441,68.65053679153189,69.08657836914062,22682800
2003-10-13,69.17907408487069,69.56226566151777,69.04694149180254,69.30460357666016,23825600
2003-10-14,69.23851449368385,69.65473656135133,68.94781683596034,69.54902648925781,38484400
2003-10-15,69.93884679429351,69.95866617854784,69.13282489771643,69.36405944824219,39021700
2003-10-16,69.15923188593625,69.85294037204397,69.13941250756751,69.64152526855469,32772200
2003-10-17,69.6811887030435,69.786893771957,68.69678725134354,68.88177490234375,32790300
2003-10-20,69.00728743657686,69.39708709716797,68.67034786211481,69.39708709716797,27657000
2003-10-21,69.25177070700113,69.55567980083892,68.92143407797698,69.2781982421875,26729100
2003-10-22,68.72983350434676,68.83554363782656,68.17487042518758,68.4061050415039,33914500
2003-10-23,67.97663914480769,68.67695085597828,67.94360348122869,68.28054809570312,45830500
2003-10-24,67.93706622044877,68.43257141113281,67.50762738041472,68.43257141113281,51723600
2003-10-27,68.5382200922939,68.828917844282,68.22770295549485,68.46554565429688,32460200
2003-10-28,68.69677538491206,69.46976152472675,68.59106529372308,69.39708709716797,34956200
2003-10-29,69.21873032778413,69.65477706794523,68.62412846834495,69.48960876464844,30955400
2003-10-30,69.89260318963649,70.01152454132179,69.238538275635,69.63494110107422,39123100
2003-10-31,69.63492920123304,69.85955558239944,69.51600786987007,69.56886291503906,25761600
2003-11-03,69.86618960215503,70.43436894684336,69.83976206978157,70.02474975585938,37589300
2003-11-04,70.02472417175687,70.20971179024794,69.7538508848334,69.87277221679688,31421600
2003-11-05,69.69441693019347,70.01154229528471,69.30462214781667,69.92565155029297,33558800
2003-11-06,69.76708324600583,70.32205131001504,69.43674667283294,70.29562377929688,28392300
2003-11-07,70.45415867219687,70.50701371468988,69.74723886058943,69.77366638183594,31723200
2003-11-10,69.85958415106154,69.92565046427293,69.3772955281354,69.48960876464844,25530800
2003-11-11,69.43012090319209,69.58868604724475,69.23853017506437,69.46976470947266,26558600
2003-11-12,69.5226425128058,70.34187586308025,69.47639559078716,70.24938201904297,28000000
2003-11-13,70.03792294436124,70.38807871190191,69.88596598685493,70.26915740966797,29714800
2003-11-14,70.29562544974748,70.65899266455077,69.56227783663408,69.67459106445312,49158500
2003-11-17,69.31120587227946,69.46315783743759,68.73641855579045,69.32441711425781,44382100
2003-11-18,69.52922172758197,69.66796244597109,68.51178475219372,68.60427856445312,41155000
2003-11-19,68.7298030178286,69.37726469685596,68.65712859343162,69.1856689453125,29827000
2003-11-20,68.7100233101604,69.52925679212342,68.5448549848956,68.5646743774414,53578700
2003-11-21,68.86856664111461,68.92802984474056,68.4589525206213,68.84874725341797,30016000
2003-11-24,69.16587335893604,69.88600466956852,69.15926521611722,69.7604751586914,28906400
2003-11-25,69.8529783562365,70.30883942820354,69.66798562962231,70.02474975585938,37580000
2003-11-26,70.30882561148367,70.32864499673487,69.62833316833724,70.27579498291016,33053600
2003-11-28,70.21636105946972,70.46742015207786,70.16350598307459,70.32867431640625,10507500
2003-12-01,70.59288955184334,71.14124920017467,70.55985893528378,71.08839416503906,38699000
2003-12-02,70.94304190646545,71.20070388961888,70.7382349558905,70.9100112915039,35352000
2003-12-03,71.12146555349472,71.40555520940799,70.73827391704683,70.79773712158203,39078600
2003-12-04,70.80430465185218,71.16767671774247,70.65235272650429,71.08839416503906,36089500
2003-12-05,70.77127235763858,71.22053006457425,70.44093595667215,70.59288787841797,28824400
2003-12-08,70.52020579299224,71.11481225813374,70.48056704216044,71.06856536865234,32482900
2003-12-09,71.2866316625633,71.30645104995737,70.38811580343479,70.52024841308594,43596100
2003-12-10,70.54006384544188,70.67880963049313,70.00492025366238,70.51364135742188,36915400
2003-12-11,70.4806009508756,71.41875546915556,70.47399280904676,71.30644226074219,45304000
2003-12-12,71.33286197478617,71.48481393645929,70.94967043924868,71.44517517089844,34142200
2003-12-15,72.12565028704076,72.16529408365925,71.00911665286924,71.08839416503906,38693400
2003-12-16,71.14125645023353,71.68300801424981,71.03554636918932,71.45838165283203,32894200
2003-12-17,71.39232380819949,71.68302154541016,71.2205524548796,71.68302154541016,23198800
2003-12-18,71.71608816189655,72.49568285132922,71.61037801527785,72.48907470703125,29353100
2003-12-19,72.55275795006338,72.5992233734244,72.07482498729222,72.28723907470703,41465100
2003-12-22,72.21425225431072,72.79175567626953,72.20761288688036,72.79175567626953,27611300
2003-12-23,72.67226995921762,72.9842493170856,72.60588641583607,72.83821868896484,24741200
2003-12-24,72.69878372360563,72.93775018922386,72.63904463937656,72.76516723632812,8055800
2003-12-26,72.82494533693782,73.07055129828329,72.771840524049,72.81830596923828,8308400
2003-12-29,73.08381901578556,73.86045784969161,72.87140484588767,73.78744506835938,22483700
2003-12-30,73.74096841470872,73.86045169183686,73.58165906665548,73.80071258544922,19559500
2003-12-31,73.82724699786145,74.026382368316,73.57500177186006,73.86707305908203,31501800
2004-01-02,74.1724091722093,74.47111978881885,73.50198025458884,73.83387756347656,38072300
2004-01-05,74.13926920144837,74.6902152324936,74.07288564635603,74.63711547851562,27959800
2004-01-06,74.4512187292003,74.82958151958304,74.3450091423937,74.71009826660156,20472800
2004-01-07,74.60389912883922,75.04864044109077,74.27200172011074,74.96234893798828,30170400
2004-01-08,75.1747558684533,75.28096545995115,74.85613215831184,75.26104736328125,36438400
2004-01-09,74.89596842703698,75.34070972716242,74.52423989563671,74.60389709472656,54084300
2004-01-12,74.71012007043845,75.17477448744512,74.58399741538521,75.15486145019531,31564100
2004-01-13,75.06853091829649,75.1614668240189,74.18568792526838,74.71672058105469,54239700
2004-01-14,74.84949158356086,75.44690782478334,74.7897474272628,75.3406982421875,30112800
2004-01-15,75.38717687783401,75.71243491891013,74.73002142951826,75.52657318115234,38408700
2004-01-16,75.69917184163984,75.87839423830826,75.42701349873778,75.8252944946289,31922700
2004-01-20,76.02440471955855,76.10406190519417,75.55311109933874,75.80535125732422,29863000
2004-01-21,75.75888930961418,76.53553297824776,75.48673610881409,76.40277099609375,30725000
2004-01-22,76.42933924817687,76.58864859545943,76.05761574973329,76.20365142822266,29888500
2004-01-23,76.33640882673541,76.58201474786672,75.6394221986632,75.95804595947266,44245300
2004-01-26,75.93148378892882,76.95372834856015,75.92484442317053,76.91390228271484,30460600
2004-01-27,76.83423779933881,77.33208383259587,76.1040646300988,76.12397766113281,35322800
2004-01-28,76.32311196460485,76.52224732328825,74.96897025528213,75.25440216064453,52621300
2004-01-29,75.38053045637817,75.57303154228218,74.71673570402724,75.32743072509766,60117100
2004-01-30,75.35397805856189,75.48674004764331,75.06854611247691,75.32743072509766,30984400
2004-02-02,75.47343682356212,76.12395769807083,75.08843984104719,75.65266418457031,38832400
2004-02-03,75.50002078085087,75.76553971951309,75.30088537511863,75.52657318115234,25093500
2004-02-04,75.1349488885295,75.49339875435497,74.8694299066936,74.90925598144531,39332600
2004-02-05,75.12164127495774,75.3672471249993,74.86276175988621,75.12828063964844,37226800
2004-02-06,75.28761319781184,76.1372698240254,75.1415775156152,75.97132110595703,37216000
2004-02-09,76.11732083049976,76.2500827808498,75.8650807213606,75.99120330810547,24851300
2004-02-10,75.85846883211984,76.42933276450357,75.84519516445268,76.23683166503906,27908100
2004-02-11,76.2367856244431,77.25902960544722,75.78540523106919,77.04661560058594,42965700
2004-02-12,76.98030512253061,77.17944057916425,76.72142548385922,76.76789093017578,27814700
2004-02-13,76.88071136488847,77.13295155860678,76.17045115149654,76.42269134521484,44739900
2004-02-17,76.90064581097754,77.28564810676625,76.84754099824384,77.1130599975586,23984300
2004-02-18,77.13295033480665,77.39846925597502,76.56872579254399,76.77450561523438,28618000
2004-02-19,77.21925565418894,77.25908172435788,76.37623336369248,76.48908233642578,51146200
2004-02-20,76.65500230634832,76.70810202521308,75.88499814277442,76.25672149658203,46728800
2004-02-23,76.48244111539232,76.50899351631203,75.78545451821964,76.06424713134766,36357000
2004-02-24,75.85184607939149,76.32977924972612,75.02874176623382,75.93150329589844,43953000
2004-02-25,75.97796373012264,76.37623965769151,75.88503284916834,76.2501220703125,31213600
2004-02-26,76.07750112733193,76.52888166749504,75.89827374548793,76.29655456542969,29683000
2004-02-27,76.4625040859508,76.8275880892357,76.09077565408026,76.34965515136719,39312000
2004-03-01,76.62181956549861,77.22587008650403,76.5023363213814,77.10639190673828,33130800
2004-03-02,76.96036665156646,77.64407444901467,76.48907297628034,76.65502166748047,38556400
2004-03-03,76.50233941605359,76.91389395451695,76.28328594891896,76.7944107055664,31346200
2004-03-04,76.81436125042177,77.0666015372374,76.681599206555,76.99358367919922,21060000
2004-03-05,76.61517627024993,77.6307812609684,76.522245425632,77.2524185180664,55905600
2004-03-08,77.22585675302533,77.41172348405675,76.27663539309829,76.30982208251953,39281600
2004-03-09,76.40278486220835,76.4758026995569,75.83192089622113,76.00450897216797,39746100
2004-03-10,76.15053128565405,76.1837179831288,74.71673225585677,74.73001098632812,67671800
2004-03-11,74.61055147930256,75.18804982980494,73.7476160406932,73.76089477539062,89134800
2004-03-12,74.16578648573916,74.81630247698466,74.06621626461127,74.73001098632812,54012200
2004-03-15,74.52424804231552,74.57735284751395,73.6148523089689,73.8139877319336,57677200
2004-03-16,74.19900333226188,74.38486511956695,73.57503441972013,74.20564270019531,59832600
2004-03-17,74.46449832995056,75.18139790497405,74.41139353231499,75.03536224365234,41607300
2004-03-18,74.8096766780324,75.18803953545076,74.29855687793673,75.05528259277344,60014300
2004-03-19,74.87877620896735,74.98535308591497,73.96618724246093,73.97950744628906,48636200
2004-03-22,73.6330621943381,73.65304502375211,72.6738457256401,73.04021453857422,62752100
2004-03-23,73.43994083908424,73.53986014236152,72.84709274364114,72.91370391845703,54080200
2004-03-24,72.9936309129321,73.36665750921887,72.5073597438244,72.97364807128906,51584300
2004-03-25,73.32667580444621,74.13934506774096,73.13349990726098,73.93950653076172,49873600
2004-03-26,73.91290534911445,74.4657878949374,73.80632845906524,73.95953369140625,37409500
2004-03-29,74.35915816248962,75.09855360257205,74.32585512916184,74.9986343383789,44113600
2004-03-30,74.805477279891,75.31838880992852,74.75218631824647,75.25177764892578,39059900
2004-03-31,75.2651279633805,75.53824043950712,74.85879311194341,75.3384017944336,48517600
2004-04-01,75.31840536455108,75.85130493391344,75.30508516226516,75.79135131835938,45103800
2004-04-02,76.47747445832862,76.49745730761217,75.87130600759232,76.3642349243164,50987700
2004-04-05,76.24430978572208,76.8571406957031,76.23098958424711,76.78386688232422,30251800
2004-04-06,76.49074809293163,76.72388964731647,76.35086316030072,76.5373764038086,28420900
2004-04-07,76.57071037944304,76.59069830541463,76.01117042280106,76.35755157470703,45890500
2004-04-08,76.87711631430861,76.87711631430861,75.76468909023173,76.1843490600586,46929700
2004-04-12,76.32422492880963,76.65728577585581,76.31756228887924,76.48409271240234,23085200
2004-04-13,76.77719562535059,76.8038411056535,75.28507922102114,75.4116439819336,56210300
2004-04-14,75.01197337580987,75.69807798988472,74.97200769564422,75.53154754638672,62322300
2004-04-15,75.57150011836228,75.79132148535612,74.84542995006166,75.24510192871094,61602500
2004-04-16,75.52488053648055,75.9711859616365,75.25843590798245,75.82463836669922,47059200
2004-04-19,75.63812509390833,75.93121520167736,75.45160673901192,75.82463836669922,28277600
2004-04-20,75.99119402975111,76.15106187634746,74.4591114967057,74.5523681640625,53299400
2004-04-21,74.73884007058241,75.23843126111332,74.51902380914815,75.05191802978516,50177300
2004-04-22,74.9253600063154,76.38416285842099,74.89871453239095,76.1043930053711,62071500
2004-04-23,76.21767718010142,76.31759649542147,75.79802215428624,76.1777114868164,29395700
2004-04-26,76.27094452574894,76.5640397379733,75.67143390170177,76.07110595703125,35515200
2004-04-27,76.09111275554673,76.68396088580984,75.91125698266272,76.13774108886719,43485500
2004-04-28,75.86457472940934,75.94451113633353,74.9386662814776,75.15182495117188,50165800
2004-04-29,75.08524142048114,75.484913437811,74.04609315900242,74.49239349365234,69687600
2004-04-30,74.71886363556703,74.85874857104392,73.87289138327205,73.91285705566406,48681400
2004-05-03,74.18600732966156,74.79883833640899,74.1726820439759,74.70558166503906,33758000
2004-05-04,74.77216412008555,75.44494848972352,74.3791547391768,74.64559936523438,51185100
2004-05-05,74.87875942107156,75.2451233884425,74.71222895896486,75.1252212524414,34405000
2004-05-06,74.61895753094528,74.99864673193913,73.9395155699426,74.47907257080078,54997000
2004-05-07,74.0860570218481,74.75884136850958,73.24674224853516,73.24674224853516,60950000
2004-05-10,72.90039151826268,73.10688770692357,72.18097855620175,72.49405670166016,75279400
2004-05-11,72.91371183197602,73.30672644562638,72.82711780352777,73.10688781738281,48300600
2004-05-12,72.98699555589121,73.63313478179114,71.9811497996313,73.57318115234375,90830500
2004-05-13,73.11351087587106,73.81293553183352,73.02691181220094,73.26671600341797,57393700
2004-05-14,73.24011808851992,73.7663551230739,72.78715488675877,73.3000717163086,54123100
2004-05-17,72.53399657384163,72.94033124579762,72.21426098148304,72.67388153076172,55020400
2004-05-18,72.93363267222863,73.2333903597483,72.82705588798612,73.04021453857422,30193100
2004-05-19,73.60643351314462,74.059396384202,72.70717040972164,72.78710174560547,54804100
2004-05-20,72.90705720659903,73.18683233332789,72.63394980554763,73.02030181884766,38082900
2004-05-21,73.25340961710127,73.639761451577,72.92034874229921,73.1468276977539,47480400
2004-05-24,73.62643251019415,73.77964274111258,73.0602300676011,73.45323944091797,40961500
2004-05-25,73.20680906255775,74.59234404692202,73.00697042904284,74.50574493408203,48668000
2004-05-26,74.37916377153968,74.7988186824368,74.27924448358148,74.76551055908203,35977000
2004-05-27,74.96536682449916,75.29176516555015,74.64562604400524,75.18518829345703,45306900
2004-05-28,75.09191856209814,75.1918327741465,74.8454516474639,75.17851257324219,23367200
2004-06-01,74.91203709916297,75.17848676473565,74.51902778107437,75.07856750488281,41044700
2004-06-02,75.29174150174674,75.59149934214258,74.91205230292991,75.35835266113281,39774200
2004-06-03,75.14521991204684,75.39834952027829,74.65229106344435,74.66561126708984,38688300
2004-06-04,75.25843811035156,75.65811014690028,75.07858239053594,75.25843811035156,32739500
2004-06-07,75.55820982911933,76.47745625208356,75.55154718690821,76.40418243408203,31643800
2004-06-08,76.18437435071955,76.55073839847907,76.05114690253721,76.51077270507812,32846500
2004-06-09,76.27761268432197,76.40417237703264,75.75137582526432,75.79800415039062,36737600
2004-06-10,75.96452439318108,76.1710205078125,75.89125059467851,76.1710205078125,21711000
2004-06-14,75.81800715144655,75.83798999865586,75.18519327331619,75.4183349609375,34633000
2004-06-15,75.87127103229086,76.23763495852104,75.61148394714564,75.95120239257812,37445000
2004-06-16,75.93788146972656,76.07110379033992,75.73804290670077,75.93788146972656,26633400
2004-06-17,75.83795856528192,75.9845061602192,75.49157749897105,75.82463836669922,28402400
2004-06-18,75.72700998187871,76.36213850898747,75.66684264913611,75.96768951416016,31799800
2004-06-21,76.04792786447715,76.30866320910286,75.63342303680376,75.68022155761719,25284000
2004-06-22,75.63344367944349,76.13485872529127,75.32590973006909,76.06131744384766,37334000
2004-06-23,75.95436400086122,76.77668195444896,75.82733720288489,76.71651458740234,35580000
2004-06-24,76.58946002026113,76.83682656330105,76.38889710216573,76.4758071899414,35272100
2004-06-25,76.48918114705032,76.8435135597743,76.00113502154406,76.10810089111328,32837900
2004-06-28,76.56272582821168,76.62289828081995,75.82063631752885,75.84737396240234,40824500
2004-06-29,75.90084759441321,76.32872125473673,75.82730633085856,76.16158294677734,28418100
2004-06-30,76.2618783110709,76.74323752579856,75.98108713603214,76.56941223144531,52230600
2004-07-01,76.38221956943033,76.48250359118467,75.26573670885328,75.50641632080078,57734700
2004-07-02,75.65347724356711,75.74038731722307,75.27908400943241,75.46627807617188,34615100
2004-07-06,75.12538190064117,75.17886232070585,74.63064848492793,74.80447387695312,38698200
2004-07-07,74.75093041709354,75.25903226883032,74.71081885797034,75.02503967285156,29839800
2004-07-08,74.75094728672148,75.09191091818478,74.34312934141332,74.50358581542969,45291100
2004-07-09,74.69078465664793,74.83786721680003,74.46347385441535,74.69747161865234,27412900
2004-07-12,74.5571087473616,74.90475953877123,74.20946305661205,74.7309341430664,35691300
2004-07-13,74.82445908655403,74.89131337406302,74.61052230613218,74.78434753417969,26752000
2004-07-14,74.38323244813162,75.13869574808574,74.28963540568266,74.55705261230469,54089400
2004-07-15,74.7041584935608,74.81781645263368,74.00886231750643,74.07572174072266,38403500
2004-07-16,74.59049736812268,74.65735168327146,73.83503391569275,74.01554107666016,40871200
2004-07-19,74.04225746203451,74.18265300405994,73.53415566661715,73.7012939453125,39592800
2004-07-20,73.89523414177494,74.81115447880217,73.70803993582123,74.6373291015625,46679800
2004-07-21,74.75764431409577,74.91809570905902,73.17317084927774,73.26008605957031,56241100
2004-07-22,73.11299445736077,73.80160358886705,72.71854533017361,73.46063995361328,72477100
2004-07-23,73.28681341518714,73.3469807629137,72.66505865206194,72.84556579589844,49610500
2004-07-26,72.99938071665579,73.15983217774901,72.34419584114683,72.70521545410156,49679100
2004-07-27,72.90576124288633,73.61442632094413,72.85227573870803,73.38711547851562,51295100
2004-07-28,73.24004093008051,73.78825461824631,72.59822505551986,73.60774230957031,65862300
2004-07-29,73.90187262551785,74.12249640951282,73.54085327915959,73.92192840576172,52200500
2004-07-30,73.75479443419698,74.14255654387095,73.60771190289606,74.1024398803711,41581700
2004-08-02,73.66789286398416,74.45009903379301,73.57429580609201,74.25621795654297,38263100
2004-08-03,74.16262603036809,74.24953613280827,73.64784217634057,73.68126678466797,40948800
2004-08-04,73.46733351103177,74.04228984929107,73.3001951592275,73.6745834350586,40763200
2004-08-05,73.73473366878787,73.79490100898595,72.38425333690539,72.4711685180664,50772000
2004-08-06,71.9564150937216,72.17703898430064,71.28117969624084,71.43494415283203,74729000
2004-08-09,71.54860900197924,71.85614816794035,71.44833003553491,71.53524017333984,37476300
2004-08-10,71.74244246740918,72.47785507006233,71.70901786770612,72.45779418945312,55870600
2004-08-11,71.98983733169482,72.42439810417585,71.60207509774816,72.31074523925781,52933200
2004-08-12,71.98981292443307,72.17032005453605,71.28782998375792,71.5218276977539,50015900
2004-08-13,71.6020666176275,71.76920496412087,71.26110296259691,71.66223907470703,41634700
2004-08-16,71.62881063220932,72.63164072890889,71.60206788421841,72.40433502197266,45731900
2004-08-17,72.70517044351222,73.05950287186745,72.55808790329151,72.81214141845703,40701600
2004-08-18,72.55139625293606,73.65451013263629,72.53134047159439,73.5609130859375,43165400
2004-08-19,73.41383153947409,73.55422711140454,72.99264482368277,73.34697723388672,39881600
2004-08-20,73.2801198548938,73.96204190433531,73.21326555211034,73.86176300048828,44870900
2004-08-23,73.90858120811073,74.05565867314601,73.5743045045022,73.6745834350586,33745100
2004-08-24,73.96872998946763,74.02890243334708,73.44057231833209,73.77484893798828,30453100
2004-08-25,73.76148422671102,74.3899208382282,73.47400611376517,74.2762680053711,38551400
2004-08-26,74.18267095470563,74.41666358136929,74.1091296862318,74.2762680053711,26629500
2004-08-27,74.3431156021977,74.6305936891939,74.24283670029133,74.51025390625,24902900
2004-08-30,74.35655215303406,74.43677534213074,73.84176288658112,73.89524841308594,26726500
2004-08-31,73.98209683692302,74.3163734246178,73.60770359025882,74.28294372558594,44125300
2004-09-01,74.17598093478321,74.63728430879394,73.86176519231104,74.42334747314453,52778300
2004-09-02,74.36990542922997,75.34599313081341,74.36990542922997,75.2657699584961,42736600
2004-09-03,75.09857884225534,75.42616846751126,74.88464203179042,74.95818328857422,30480500
2004-09-07,75.23897456600463,75.63341848904945,75.09189205210455,75.45291137695312,37338800
2004-09-08,75.29251271615503,75.58667284908434,75.08525761946315,75.2657699584961,32963100
2004-09-09,75.25906568082638,75.46631562918164,74.89804618647129,75.19889831542969,34314800
2004-09-10,75.22561239367583,75.72702735082544,74.93145242059462,75.58663177490234,27900600
2004-09-13,75.75371805376099,76.04119596906561,75.55315526907488,75.83394622802734,44398100
2004-09-14,75.74712090684407,76.00785638897642,75.6735796066879,75.98780059814453,28048900
2004-09-15,75.74706492635642,75.78717647837595,75.33256018641909,75.41278839111328,38295000
2004-09-16,75.44624038702189,75.79389096631157,75.41281578175054,75.64012145996094,23911700
2004-09-17,75.82741487968084,76.10266515528025,75.65287117123505,75.96168518066406,33683000
2004-09-20,75.6394379020582,75.85426525129664,75.37761723023286,75.50517272949219,37149400
2004-09-21,75.69314174430411,76.17650453325979,75.55216178450665,75.83412170410156,40920800
2004-09-22,75.52534843180553,75.5387729067838,74.83387272788791,74.88758087158203,49042100
2004-09-23,74.92111839177517,74.98825098694596,74.48474884033203,74.48474884033203,44068700
2004-09-24,74.632437454091,75.00838917537274,74.60558339386458,74.8271255493164,34981100
2004-09-27,74.58546871623776,74.65260132798993,74.23637606199246,74.35050201416016,39355100
2004-09-28,74.45789247976826,74.86069313254109,74.12222441547623,74.70628356933594,41662900
2004-09-29,74.65930487305289,75.08895966977703,74.5183248730549,75.08224487304688,33325700
2004-09-30,74.88753872033071,75.17621342783981,74.69285065043968,75.02851867675781,43536700
2004-10-01,75.36421387084083,76.29737091064453,75.33064500735286,76.29737091064453,62824300
2004-10-04,76.59945270050143,76.82770965193293,76.39805493123771,76.4249038696289,33082400
2004-10-05,76.43162584317443,76.63974354941357,76.22351325882406,76.46519470214844,36910600
2004-10-06,76.37790463715356,76.98882293701172,76.31748684761395,76.98882293701172,42297800
2004-10-07,76.78742877637481,76.80085836794417,76.10266814110331,76.1630859375,39388800
2004-10-08,75.96172126870592,76.37794659477437,75.42465005339672,75.53206634521484,51872600
2004-10-11,75.7132724642321,75.87439166840922,75.61928583497152,75.84082794189453,20229100
2004-10-12,75.32394420255541,75.74688942475713,75.14940042128494,75.54548645019531,41754700
2004-10-13,75.8610175904944,75.90801093633856,74.73317216834418,74.88086700439453,54212600
2004-10-14,74.97484755837074,75.14268165434473,74.23637856046328,74.27665710449219,64082200
2004-10-15,74.53174670925875,75.01510961895448,74.22964745164343,74.69287109375,63482200
2004-10-18,74.44451226643163,75.1225636401676,74.31695667839148,74.97486877441406,43535100
2004-10-19,75.20305929279425,75.34404436535375,74.2430485718378,74.34375,55851900
2004-10-20,74.10211925902381,74.39750895098484,73.67917911799033,74.19610595703125,57118500
2004-10-21,74.37735929130406,74.73316675863833,73.9879829557008,74.67945861816406,53218300
2004-10-22,74.64587755060062,74.6861560856648,73.75299912949167,73.84027099609375,48752400
2004-10-25,73.67912809201941,73.92752426295168,73.41059266001727,73.75297546386719,43990900
2004-10-26,73.93428016710301,74.92114555172078,73.76644605738953,74.88086700439453,54337400
2004-10-27,74.77342928511828,75.92812844850522,74.59888554880283,75.78043365478516,73896000
2004-10-28,75.71326229716712,76.23690348184158,75.51857427073162,76.00865173339844,54413300
2004-10-29,75.9415362661315,76.29062876055231,75.7938415147616,75.9952392578125,48820200
2004-11-01,76.23694050832827,76.4249138329019,75.99525905619393,76.20337677001953,36720900
2004-11-02,76.31078167224942,76.91498525325026,76.00868244269327,76.230224609375,56210000
2004-11-03,77.22384085324707,77.4453831391993,76.69348437561506,77.19027709960938,76960200
2004-11-04,77.05599435005337,78.32481978862467,76.98886173166306,78.2442626953125,55350300
2004-11-05,78.579909496809,78.97599542270508,78.20395771686411,78.73431396484375,63287200
2004-11-08,78.53291398653366,78.70074804306661,78.35836513361048,78.62018585205078,33863800
2004-11-09,78.60006013643154,78.8820201707671,78.3852327119059,78.46578979492188,44658100
2004-11-10,78.58660950751687,78.91556791475199,78.38521173199149,78.52619171142578,45265400
2004-11-11,78.66717890709653,79.29823659645162,78.613470779941,79.12368774414062,37863200
2004-11-12,79.19751338064265,79.8889886816626,79.00282531460705,79.74800872802734,55583700
2004-11-15,79.78908731225879,79.97088297240767,79.60729165210991,79.94395446777344,35297900
2004-11-16,79.69485703005765,79.7285253811928,79.27066354592816,79.37165832519531,40028700
2004-11-17,79.70156638927277,80.2200249272713,79.49956662081918,79.84296417236328,54494000
2004-11-18,79.80931629198864,79.99111715761715,79.60732160881884,79.95071411132812,31854300
2004-11-19,79.92376100796103,79.93723039913552,78.87337452732434,79.06190490722656,54276500
2004-11-22,78.89357513460543,79.53323766507619,78.79930994267377,79.43897247314453,37560200
2004-11-23,79.40531346650125,79.6275122180624,79.02825265444713,79.5601806640625,41968800
2004-11-24,79.63424134037761,79.84970539423554,79.48611397721825,79.74871063232422,29724800
2004-11-26,79.79586022876033,80.11232424899941,79.65446239490083,79.68812561035156,15487700
2004-11-29,79.98438557882781,80.13251810116901,79.10233027933846,79.32452392578125,61460800
2004-11-30,79.45243843578838,79.6140351772788,79.21004075501885,79.37837219238281,53685200
2004-12-01,79.56019634954403,80.46245065257462,79.5197932995239,80.28065490722656,49898300
2004-12-02,80.19308663127867,80.7115502762747,80.13248978649762,80.34795379638672,60163500
2004-12-03,80.33448053617617,80.8933420507706,80.18634807331335,80.29408264160156,49067900
2004-12-06,80.26714324951172,80.5566734597118,80.0180109309923,80.26714324951172,33030500
2004-12-07,80.45572099261567,80.54325665891609,79.47940036332817,79.5197982788086,52047200
2004-12-08,79.59383719825796,80.00456632140484,79.45917410155019,79.98436737060547,43895100
2004-12-09,79.54668507116268,80.43547464760324,79.27062424956722,80.26714324951172,60922800
2004-12-10,80.07188780464935,80.50281582442757,80.02475521301945,80.34795379638672,47828600
2004-12-13,80.63750385976273,81.06843198545127,80.36143780017588,81.04823303222656,38541000
2004-12-14,80.92031020182124,81.44550360353091,80.92031020182124,81.33103942871094,41500700
2004-12-15,81.27042559584608,81.5464916518359,81.00782893320954,81.3916244506836,46699200
2004-12-16,81.28388557001242,81.63401270059889,80.82602385335761,81.344482421875,51641800
2004-12-17,80.81547640813977,81.16049621330058,80.61252752847834,80.80194854736328,70761900
2004-12-20,81.01161022434647,81.37692415912302,80.61923542462364,80.82218933105469,47187400
2004-12-21,80.91018504282987,81.50551412991476,80.81547453558191,81.44462585449219,33094200
2004-12-22,81.43786169271446,81.91141940394981,81.3837450879657,81.64081573486328,31500700
2004-12-23,81.7693454553305,82.04671044641653,81.62727970457884,81.70169067382812,25646100
2004-12-27,81.99260223366603,82.10084577288713,81.44463351003331,81.53257751464844,29944100
2004-12-28,81.61372039897725,82.08051140206452,81.58665952735865,81.97903442382812,23422900
2004-12-29,81.91140908203468,82.1278909577572,81.82345993289628,82.100830078125,22650600
2004-12-30,82.1278958641505,82.24290073845654,81.88435309424632,81.94523620605469,21076900
2004-12-31,82.06022319640948,82.30376589791862,81.72197001779499,81.76932525634766,28648800
2005-01-03,82.23612243847411,82.37142682532111,81.11312441498436,81.38372802734375,55748000
2005-01-04,81.49197068184097,81.54609243943976,80.12542985114787,80.38926696777344,69167600
2005-01-05,80.32841125353595,80.67343114638035,79.82779769620865,79.83456420898438,65667300
2005-01-06,80.12542787819332,80.60574685205218,80.00365650726187,80.24043273925781,47814700
2005-01-07,80.48399783679692,80.65989101285157,79.91572956082656,80.12545013427734,55847700
2005-01-10,80.0577832863396,80.815472486447,80.0577832863396,80.50428009033203,56563300
2005-01-11,80.26073921744647,80.32838884231892,79.82100891377235,79.94954681396484,63099700
2005-01-12,80.09835117971669,80.39601045771987,79.50302230104286,80.2133560180664,72720500
2005-01-13,80.26075139443643,80.32163967899433,79.48953419894505,79.57071685791016,55537500
2005-01-14,79.80743501857403,80.18627682840345,79.66536933988799,79.9900894165039,42032500
2005-01-18,79.8615518514565,80.92366628427021,79.79389710842464,80.82218933105469,57391700
2005-01-19,80.7951960292987,80.85607915534082,79.96985702292827,79.97662353515625,54378900
2005-01-20,79.75337730965062,79.96309274254227,79.34747430736427,79.48954010009766,72049300
2005-01-21,79.68569144412133,79.82775717227118,78.91447454197393,79.0024185180664,63160400
2005-01-24,79.21216422669032,79.38129089571443,78.7250837554234,78.84685516357422,58441900
2005-01-25,79.09036788745681,79.46920983030085,78.96183001627715,79.070068359375,68245000
2005-01-26,79.36772208125078,79.55714302700709,79.17830113549446,79.30683898925781,57195100
2005-01-27,79.27980143898137,79.65864344193997,79.13773568787188,79.4421615600586,55878800
2005-01-28,79.48275029999411,79.5233442012648,78.88742641515412,79.4421615600586,60738900
2005-01-31,79.79392612631071,79.99688010654808,79.63156603892129,79.93599700927734,52532700
2005-02-01,79.99689312791179,80.5583947581431,79.89541612127535,80.44338989257812,49841200
2005-02-02,80.54486966606386,80.90341731831482,80.43663129997651,80.68693542480469,52468900
2005-02-03,80.54486825071245,80.61252303483059,80.21338148614214,80.47721862792969,48837100
2005-02-04,80.50426717487838,81.471671600324,80.49073931692864,81.33637237548828,50024600
2005-02-07,81.34989788925591,81.5325523536542,81.15371040596327,81.2281265258789,45412000
2005-02-08,81.29577695286378,81.62050231224207,81.22812734171586,81.32283782958984,39263500
2005-02-09,81.46490418901436,81.51225943331619,80.67339289368341,80.71398162841797,55279400
2005-02-10,80.95076621782181,81.19430379721048,80.68016259909196,81.0048828125,45858600
2005-02-11,80.9778288992353,81.88435032574823,80.81546877856701,81.70169067382812,53133000
2005-02-14,81.64758224595776,81.76258712788544,81.50551648098786,81.64081573486328,32432100
2005-02-15,81.72199296808866,82.14819023475329,81.64081032434214,81.94523620605469,43852700
2005-02-16,81.80994573253831,82.16849341519082,81.63405256622987,81.9993667602539,55523000
2005-02-17,82.012878822336,82.08052843475386,81.32960586584612,81.33637237548828,58124000
2005-02-18,81.34314883634494,81.50551412991476,81.11313907912435,81.44462585449219,47723300
2005-02-22,81.11313364561968,81.49874215968013,80.22014523614628,80.23367309570312,80697600
2005-02-23,80.45691944728232,80.88988320081064,80.24720408079253,80.80870056152344,68292600
2005-02-24,80.66661045448687,81.3972385034353,80.49072253114757,81.3431167602539,68563600
2005-02-25,81.36342814429173,82.31053820276128,81.30254504147645,82.14817810058594,60899900
2005-02-28,81.95876564966045,82.06024265958004,81.2078430021246,81.60697937011719,69381300
2005-03-01,81.73550069509649,82.20905309696812,81.70843982051323,82.01287078857422,47294400
2005-03-02,81.69490225170938,82.48641338416893,81.6204861457858,81.9722671508789,64226500
2005-03-03,82.30377562902119,82.46613572877912,81.65432490732039,82.00611114501953,61230800
2005-03-04,82.56761669054221,83.09529091108904,82.39172356324835,83.02764129638672,56168500
2005-03-07,82.98027807137473,83.3794143726757,82.80438496099306,83.06822204589844,43442400
2005-03-08,82.987089918229,83.21033840633282,82.60824775272245,82.757080078125,44362000
2005-03-09,82.51347376438844,82.72995557269564,81.8302009601271,81.83696746826172,73263600
2005-03-10,81.99260006561731,82.19555411562234,81.45139786783038,82.01966094970703,65149000
2005-03-11,82.06701066250318,82.34438083468328,81.28903223315722,81.44462585449219,57976500
2005-03-14,81.59346342747376,81.96554413107629,81.37021500531225,81.95201110839844,36336400
2005-03-15,82.1414481366836,82.16850902597497,81.23493157143841,81.27552032470703,62438500
2005-03-16,80.97781903244525,81.28901653769961,80.43661697571562,80.58544921875,74874200
2005-03-17,80.71396772430589,81.00486564957285,80.49072456038809,80.74779510498047,62584200
2005-03-18,80.8951567009429,81.18040409844805,80.24316042881436,80.5080337524414,60232000
2005-03-21,80.62352643830023,80.67106769253205,79.97832296206731,80.20923614501953,61244300
2005-03-22,80.39259739776442,80.77292735659816,79.39422607421875,79.39422607421875,92472400
2005-03-23,79.42819031708153,79.95114925247219,79.29235965370113,79.46215057373047,70817300
2005-03-24,79.77454494465884,80.13450077446629,79.50287850542101,79.55721282958984,51932500
2005-03-28,79.74739212959136,80.10056011861941,79.67268371582031,79.67268371582031,46765500
2005-03-29,79.55721926463488,80.0733850227766,78.9527641087822,79.14292907714844,71160300
2005-03-30,79.31271978345845,80.27713079599349,79.30592669700206,80.2635498046875,62002100
2005-03-31,80.27031506932288,80.453686887234,80.05298301250733,80.11410522460938,64575400
2005-04-01,80.56919056162033,80.81368991633038,79.40103331108213,79.75419616699219,95255300
2005-04-04,79.70664275118978,80.04622456073588,79.28555944197402,79.8900146484375,71581200
2005-04-05,79.99193364942724,80.3994310057618,79.91722519624473,80.27039337158203,46853900
2005-04-06,80.44696775503022,80.78654972981988,80.26359576855207,80.54884338378906,53268200
2005-04-07,80.41975766959618,80.99704564522538,80.35863025624833,80.98345947265625,46734600
2005-04-08,80.93592417675517,80.96309134228228,80.14130401611328,80.14130401611328,63772900
2005-04-11,80.33828184494087,80.42657126841985,80.02586713692874,80.20244598388672,44945000
2005-04-12,80.0665709065575,80.86119082206687,79.5096571390716,80.61669158935547,86144800
2005-04-13,80.52163597284236,80.68463897005891,79.55043180292398,79.6658935546875,65949000
2005-04-14,79.73381003652936,79.80172536221832,78.62677001953125,78.62677001953125,96119800
2005-04-15,78.60636411885312,78.91877863583763,77.4925366473066,77.52649688720703,128677300
2005-04-18,77.50617894569187,78.07667408161339,77.39751024459699,77.7642593383789,100035200
2005-04-19,78.17173418978386,78.46377476322736,77.98836228627627,78.38227844238281,64930100
2005-04-20,78.3619315666131,78.53172254735497,77.11906552560578,77.28885650634766,107735900
2005-04-21,77.96121424595398,78.92562561101246,77.68275459713094,78.789794921875,86952200
2005-04-22,78.60643104967036,79.12259708234578,77.60805925313602,78.49097442626953,88845800
2005-04-25,78.68791804041697,79.12258245655089,78.59283552323821,79.00712585449219,52284100
2005-04-26,78.75583575259142,79.30595678732978,78.20571471785306,78.23966979980469,72626000
2005-04-27,78.00874810600187,78.83053561503496,77.7235005769044,78.5452880859375,84131900
2005-04-28,78.2871907294828,78.56565030986029,77.56048583984375,77.56048583984375,72481500
2005-04-29,78.15137339354096,78.69470647236002,77.40429429637095,78.61320495605469,103993800
2005-05-02,78.83053171424652,79.06145007038086,78.45698960062093,79.05465698242188,56026400
2005-05-03,78.83052717627538,79.3602740112068,78.5724468463776,79.19048309326172,86000300
2005-05-04,79.2244619627835,79.97154114094187,78.97316947980644,79.80175018310547,81055700
2005-05-05,79.91719804696996,80.14132333037817,79.28557554566112,79.77457427978516,96906700
2005-05-06,80.09378518460876,80.13453335349857,79.50291082766448,79.52328491210938,67415400
2005-05-09,79.60478318083791,80.19565751365386,79.49611967436624,80.01907348632812,43750500
2005-05-10,79.70664893466488,79.80173143418551,79.04785934398078,79.19048309326172,74613500
2005-05-11,79.41459066644722,79.73379835016786,78.68109282065593,79.62512969970703,91647400
2005-05-12,79.67947178729703,79.86284367580569,78.74901580810547,78.74901580810547,95086800
2005-05-13,78.9867047079611,79.20403678653783,77.96795961808166,78.59278869628906,85267000
2005-05-16,78.57924778414218,79.3534940838463,78.55208579258104,79.32633209228516,49207000
2005-05-17,79.06144360956854,79.93756016518985,78.89165269572437,79.85606384277344,61071800
2005-05-18,80.2024159936257,80.87479159580228,80.14808685112774,80.6778335571289,77944900
2005-05-19,80.83405607763738,81.0989346706232,80.61672391492677,81.0174331665039,61768100
2005-05-20,81.05138919262542,81.085349448476,80.64389203045624,80.9019775390625,46345500
2005-05-23,80.96312703253939,81.52683430710536,80.94954603459254,81.35025024414062,51047900
2005-05-24,81.1193394087933,81.38421292027563,80.95633633895075,81.16008758544922,50654100
2005-05-25,81.058199894872,81.41136797867776,80.7050369926749,81.09895324707031,47608800
2005-05-26,81.35701585020382,81.64226334520998,81.2415592710262,81.53359985351562,43256200
2005-05-27,81.5403679827201,81.6694107055664,81.36378920384297,81.6694107055664,24596100
2005-05-31,81.5540045779662,81.61512684345932,81.09217290611673,81.1465072631836,43377200
2005-06-01,81.17362792910168,82.12445796720193,81.126086686277,81.8392105102539,69611000
2005-06-02,81.65587496896946,82.07016016562793,81.56758034899195,82.01583099365234,39704500
2005-06-03,81.87316792081891,82.10408104035349,81.31625401779282,81.60150146484375,60999400
2005-06-06,81.46568226605449,81.63547318797757,81.19402093626373,81.52680969238281,36046400
2005-06-07,81.76452806658668,82.34860933910821,81.5064476923875,81.58794403076172,66501300
2005-06-08,81.79170817293483,81.90037170181864,81.27554216131108,81.43854522705078,46881200
2005-06-09,81.32306815692421,81.89356841667313,81.11932213542042,81.82565307617188,56653300
2005-06-10,81.8799974634256,81.9411249083679,81.22800074649378,81.635498046875,36465300
2005-06-13,81.4588979521321,82.23314417571568,81.3706033526095,81.89356231689453,49383200
2005-06-14,81.80528057918907,82.31465344750684,81.75773931874377,82.083740234375,33857100
2005-06-15,82.28747563213061,82.34180478961544,81.65585318960044,82.23992919921875,53195600
2005-06-16,82.21955163015774,82.6134677994597,82.12446913158244,82.45046997070312,46564500
2005-06-17,82.8786863353693,83.1241724094282,82.66047706981908,82.75594329833984,51529400
2005-06-20,82.56504716920128,83.08329115133135,82.46958089867617,82.78325653076172,41019400
2005-06-21,82.85142707424436,82.95371382718577,82.53093100953744,82.83097076416016,39879800
2005-06-22,82.97419514192434,83.15149188695062,82.55823270312534,82.89918518066406,46310100
2005-06-23,82.72867344464528,82.91960591773808,81.71263695424734,81.73309326171875,62185600
2005-06-24,81.74675927222466,81.83541024071795,81.03757753688656,81.13304901123047,58572500
2005-06-27,81.12621170566385,81.42625147069934,80.9761918231461,81.24895477294922,48183800
2005-06-28,81.41942624707077,81.99222372618866,81.39896993746231,81.93085479736328,41174200
2005-06-29,82.08090632446832,82.10136264196545,81.66494386028572,81.71267700195312,42316500
2005-06-30,81.97861383946488,82.04680329389235,81.11259164041822,81.2694320678711,62288800
2005-07-01,81.4534953993072,81.69216615084177,81.2898397660562,81.50804901123047,49737500
2005-07-05,81.31714400775287,82.27181172843186,81.27623138626623,82.16270446777344,51549000
2005-07-06,82.09453745916262,82.27183420490935,81.42627351388353,81.47400665283203,52363600
2005-07-07,80.66249752643095,81.7944564819336,80.64204122038564,81.7944564819336,103268800
2005-07-08,81.80811310625148,82.72868347167969,81.63763691996772,82.72868347167969,64491200
2005-07-11,82.73551924093692,83.26058370245886,82.721878230106,83.15148162841797,49688300
2005-07-12,83.18554987749306,83.62196845345385,82.94688428165823,83.36966705322266,51871100
2005-07-13,83.37648844989796,83.54696463117507,83.18555595927083,83.485595703125,41182300
2005-07-14,83.86065274354563,84.17432832032496,83.52651565310015,83.81291961669922,63638800
2005-07-15,83.73109037688998,83.90156657558815,83.43787110702833,83.76518249511719,56075900
2005-07-18,83.53333992448178,83.62198567761658,83.2264848384206,83.4310531616211,56598400
2005-07-19,83.67654298638325,83.94930596515064,83.47197465419853,83.88793182373047,59165700
2005-07-20,83.59472356649178,84.37209997947485,83.39697571336684,84.17434692382812,69477000
2005-07-21,84.24936250996583,84.29027514403158,83.51290388164969,83.68338012695312,101110900
2005-07-22,83.79247109767428,84.2561666314587,83.62199487499649,84.2425308227539,52607100
2005-07-25,84.1538498015601,84.52207371004883,83.77197968504109,84.00382995605469,57301600
2005-07-26,84.03111252316168,84.23568079717224,83.8401748505577,84.10611724853516,42758800
2005-07-27,84.2152337602955,84.48117618754745,83.90837871424178,84.4129867553711,43181600
2005-07-28,84.52892288754141,84.99261838434873,84.31071354801568,84.94488525390625,47880700
2005-07-29,84.83577112049491,84.9857857930362,84.21523531047117,84.37889099121094,62358100
2005-08-01,84.44027848099272,84.5834778746083,84.18115130943212,84.31753540039062,40418200
2005-08-02,84.46754772563625,84.96533530606898,84.3788967738316,84.82213592529297,45147400
2005-08-03,84.72665363699204,85.06078546223523,84.63800790448416,85.04714965820312,36837200
2005-08-04,84.71299184130221,84.76754024321377,84.26293240853491,84.36521911621094,50855600
2005-08-05,84.18114309746949,84.54255700136235,83.64925820092007,83.7924575805664,53595500
2005-08-08,83.9765801587552,84.1538768697911,83.45151053059679,83.63562774658203,47616000
2005-08-09,83.91522127811,84.27663006832753,83.78566287563997,84.14025115966797,47170000
2005-08-10,84.43343603081128,84.89713141450939,83.75153136081522,84.09930419921875,72863700
2005-08-11,84.0584142763259,84.57666345421089,83.88112274910647,84.43346405029297,58570200
2005-08-12,84.26300281303028,84.34483328804676,83.70384090672374,83.91522979736328,54776900
2005-08-15,84.0243221530244,84.46756137611597,83.75837965967375,84.43346405029297,36208500
2005-08-16,84.17432405052152,84.22887247663566,83.25374847550525,83.33557891845703,71942100
2005-08-17,83.32196582438294,83.7856613891293,83.21285853737355,83.32878112792969,62275100
2005-08-18,83.22647893919874,83.57424662474554,83.08327435983183,83.32194519042969,53388600
2005-08-19,83.62195755830048,83.75152109452411,83.32873837804429,83.51285552978516,39842100
2005-08-22,83.58786545049155,84.03110447216055,83.11052911849451,83.51285552978516,69912000
2005-08-23,83.53333001294888,83.60833994997846,82.61275966147349,83.35603332519531,55168600
2005-08-24,83.15146015501251,83.69016548824769,82.57183700237269,82.61275482177734,79104600
2005-08-25,82.74914033728217,82.96734964908981,82.65367408852384,82.91279602050781,35631100
2005-08-26,82.83781995631311,82.84463526035451,82.29229388671548,82.34684753417969,61956800
2005-08-29,82.1081729817299,83.04237938190423,82.08771146424412,82.98101043701172,56179200
2005-08-30,82.68094214795087,82.71503946283424,82.09450370909165,82.54456329345703,74160200
2005-08-31,82.64003583774662,83.64243662257351,82.33317558794154,83.58788299560547,102945200
2005-09-01,83.54696845628268,83.97657178238283,82.60594176545644,83.5265121459961,74578700
2005-09-02,83.77199371769558,83.79245002686945,83.21965255992049,83.3764877319336,47653400
2005-09-06,83.64245467102032,84.41982581423605,83.63563416554751,84.35163116455078,57251300
2005-09-07,84.30389716627262,84.64484960111521,84.18797458703123,84.49483489990234,41749700
2005-09-08,84.32434774071793,84.55619286911691,84.08567690528055,84.21524047851562,39068700
2005-09-09,84.44027523755562,85.06080591938797,84.41981892532787,84.96533966064453,43093900
2005-09-12,84.8630655503996,85.01308546579952,84.7403224562107,84.79487609863281,33017600
2005-09-13,84.6448546462326,84.8426076945306,84.22889223473017,84.3243637084961,58427500
2005-09-14,84.37892591890025,84.50166903089325,83.88795347092824,84.01751708984375,57694600
2005-09-15,84.27661233521252,84.31753016121814,83.80610155757451,83.97657775878906,73156900
2005-09-16,84.43677866882419,84.7380904582624,84.14231119358485,84.57373809814453,75424100
2005-09-19,84.55317603459349,84.60796188409037,83.98478460156227,84.2929458618164,53355300
2005-09-20,84.36829698589172,84.64907061890308,83.45750681888937,83.58077239990234,84480300
2005-09-21,83.402708079473,83.45749393472482,82.71105102475224,82.80007934570312,94469100
2005-09-22,82.82744612280318,83.31366393448968,82.47819813930836,83.09452056884766,84597200
2005-09-23,83.02606026683488,83.47118618907216,82.7932282234697,83.16302490234375,59368100
2005-09-26,83.56024590182473,83.71090445457351,82.91653011917394,83.2589340209961,70415400
2005-09-27,83.21780892928011,83.53966930503277,82.87540516352907,83.23835754394531,66150800
2005-09-28,83.49860047059464,83.62871560143782,82.9986885663034,83.32054901123047,58620500
2005-09-29,83.23838288807642,84.13547935559555,82.9165224143248,83.99851989746094,66607700
2005-09-30,83.97110248490068,84.25872039794922,83.36846850556063,84.25872039794922,47824200
2005-10-03,84.2039438795864,84.46416889291957,83.85469053234038,83.95741271972656,50994800
2005-10-04,84.08749937448546,84.25185168386838,82.97126521856678,83.0123519897461,60776300
2005-10-05,83.0328820980778,83.0739688626872,81.88240566703125,81.92349243164062,106052100
2005-10-06,82.02625614203714,82.35496609951026,80.92371545244448,81.62906646728516,140941800
2005-10-07,81.97144308495149,82.2111298529146,81.58110307881995,81.9098129272461,75661400
2005-10-10,81.95774813777646,81.978291523403,81.01271582629542,81.21815490722656,52677000
2005-10-11,81.48528209410796,81.75920627058902,81.02646210268692,81.10179138183594,75629800
2005-10-12,81.07439859481528,81.58115492622724,80.40328984707197,80.46492004394531,100510400
2005-10-13,80.4375050632506,80.86208768249236,80.04031537666968,80.41696166992188,99052900
2005-10-14,80.88945706353847,81.36197064652602,80.50596134261201,81.26609802246094,88651000
2005-10-17,81.35511708932881,81.67697216230795,81.115430331736,81.5674057006836,68109300
2005-10-18,81.45101499367634,81.46470884638184,80.67033477278278,80.68402862548828,74996900
2005-10-19,80.46486981620917,82.03992893226514,80.20464488406625,82.02622985839844,116563800
2005-10-20,81.82767928281406,82.04681756105329,80.32795381363606,80.58132934570312,131966700
2005-10-21,81.00591880649746,81.34147318016102,80.47176953525,80.89634704589844,96579500
2005-10-24,81.10861559800638,82.23854398309919,81.08807220550177,82.14952087402344,71308400
2005-10-25,81.98514556884766,82.3412431301776,81.45099661451971,81.98514556884766,76594500
2005-10-26,81.84134840413441,82.54669931573575,81.62221020611587,81.74547576904297,80855800
2005-10-27,81.62904242761897,81.74546365984139,80.75933930250214,80.8757553100586,66623100
2005-10-28,81.10175927475142,82.1426644636963,80.87577152676984,82.03994750976562,72322000
2005-10-31,82.37550189305342,83.06715899049968,82.26593017578125,82.26593017578125,77698900
2005-11-01,82.5741094667113,82.79324771043726,82.32757828943613,82.5124740600586,66365100
2005-11-02,82.29333076617552,83.37532806396484,82.26593783430734,83.37532806396484,74012300
2005-11-03,83.64924123471543,83.9984945395934,83.37531717647127,83.73141479492188,84897600
2005-11-04,83.82044387345876,83.86153065393228,83.2383585098607,83.6218490600586,59156000
2005-11-07,83.79989790315238,83.97109978274352,83.44379506778944,83.70402526855469,46765400
2005-11-08,83.49858092317862,83.83413514427058,83.40270828858093,83.70402526855469,42152800
2005-11-09,83.60128712638054,84.19706620976551,83.45062866517237,83.8135757446289,57666800
2005-11-10,83.77931931356598,84.58739210510332,83.37528553012974,84.46412658691406,79048100
2005-11-11,84.47099646201296,84.80655064384422,83.84097487275173,84.75177001953125,34867000
2005-11-14,84.77231423324987,84.92981701976775,84.49154067299409,84.7038345336914,45092200
2005-11-15,84.60796189043494,84.97775331290117,84.13544308165474,84.39566802978516,69592500
2005-11-16,84.48469046979754,84.60795601027485,84.21761600287432,84.56686401367188,51133000
2005-11-17,84.69700124725523,85.36126543222461,84.32720452908669,85.35441589355469,55717500
2005-11-18,85.64202035122372,85.79267883026233,85.14211382495887,85.68995666503906,72437200
2005-11-21,85.70368108720585,86.2241363801738,85.58726503703357,86.12141418457031,50021200
2005-11-22,85.98442674511793,86.64184130834855,85.8885541145218,86.4911880493164,66438800
2005-11-23,86.45696264389423,87.25134199662114,86.42956971193804,86.9911117553711,50854700
2005-11-25,86.95689909582288,87.1212515093628,86.84047779592427,87.05961608886719,15270000
2005-11-28,87.14174621985964,87.1554400697248,86.31312984936551,86.44324493408203,54498500
2005-11-29,86.73086970982493,86.95685743559183,86.34737396240234,86.34737396240234,51738900
2005-11-30,86.39530415879648,86.64183001629497,85.79951983945504,85.88169860839844,56007200
2005-12-01,86.2994148778053,86.99107172357478,86.27202718312002,86.75823974609375,65468200
2005-12-02,86.81303489187454,87.0253287462103,86.62813918614056,86.8678207397461,46699400
2005-12-05,86.76512645439891,86.78567507245148,86.40902877816967,86.68295288085938,59273400
2005-12-06,87.00482099822857,87.47733476183966,86.71719779142006,86.8473129272461,57935200
2005-12-07,86.81305168637351,86.88153662179478,86.06661395721837,86.34053802490234,66816500
2005-12-08,86.43644041065792,86.84732404124964,85.92968410708376,86.28578186035156,62608600
2005-12-09,86.39534846249839,86.81992592476544,86.16251111009225,86.51176452636719,50744500
2005-12-12,86.77196163827695,86.87468381287479,86.25835598995458,86.59391021728516,48389900
2005-12-13,86.57337535399978,87.4499282441892,86.48435224706932,87.18285369873047,88630900
2005-12-14,87.10066076420235,87.71698328612109,87.0664183020219,87.52523803710938,64375000
2005-12-15,87.54577700026796,87.65534869397507,87.09380682539093,87.27185821533203,55900300
2005-12-16,87.62437417418796,87.67945046619133,86.99101257324219,86.99101257324219,46238300
2005-12-19,87.24571220432703,87.34209306232835,86.52973636462964,86.54350280761719,48733000
2005-12-20,86.64678144389701,87.14933809376448,86.38517697221009,86.62612915039062,46603200
2005-12-21,86.8946064170823,87.26636340144142,86.6054638467017,86.76380157470703,51806900
2005-12-22,86.95656048968472,87.21817016601562,86.79822276677532,87.21817016601562,32247900
2005-12-23,87.2801391249429,87.33521540678495,87.03230110901701,87.26637268066406,27977300
2005-12-27,87.40403592076085,87.46599803517744,86.31630326644279,86.37826538085938,44499500
2005-12-28,86.56415144509587,86.73626086317238,86.39892787440397,86.57103729248047,30764300
2005-12-29,86.55038749386812,86.71561106931566,86.09601609593393,86.18551635742188,32788900
2005-12-30,85.91700897144382,86.09599895405692,85.61409476646516,85.71736145019531,44645600
2006-01-03,86.18552230414821,87.43159293210947,85.63477001150463,87.22505950927734,73256700
2006-01-04,87.33518547645285,87.76889922950501,87.22503295051874,87.63809967041016,51899600
2006-01-05,87.5348461844813,87.83775517173426,87.34896508204017,87.69318389892578,47307500
2006-01-06,88.13381574007839,88.51933925200512,87.67944424185279,88.42295837402344,62885900
2006-01-09,88.40917381332427,88.84977354924244,88.38164092564715,88.65013122558594,43527400
2006-01-10,88.38851694452681,88.7946926712716,88.29901668093954,88.73961639404297,44960800
2006-01-11,88.82226923321785,89.11141191810522,88.62261634061224,89.02191162109375,49598900
2006-01-12,88.86354572554227,89.00123117412437,88.42294598724368,88.67078399658203,40509200
2006-01-13,88.5124395918067,88.73961478726355,88.25771050114577,88.5881576538086,44856700
2006-01-17,88.25770585846398,88.40916298395173,87.98921559141297,88.34720611572266,52066600
2006-01-18,87.83090065707398,88.73963314102869,87.54175802560077,87.99612426757812,75067600
2006-01-19,88.20953655862559,88.65013631986281,87.98923142564351,88.33345031738281,81530400
2006-01-20,88.31279317384501,88.33344546583693,86.72250366210938,86.72250366210938,114957800
2006-01-23,86.88770870281621,87.30765605821784,86.83263243435258,87.03227996826172,67017400
2006-01-24,87.17684377750466,87.53483423953745,87.03227252442427,87.12177276611328,53008800
2006-01-25,87.45912946982774,87.55551033142032,86.6330010459961,87.19752502441406,87747700
2006-01-26,87.60367666307441,87.8928191683111,87.26634374029828,87.67940521240234,71294000
2006-01-27,87.88594991522722,88.57438754168885,87.74137339159148,88.49176788330078,65771200
2006-01-30,88.42295837402344,88.67767701481907,88.36100148919118,88.42295837402344,33709600
2006-01-31,88.34032654196169,88.491773164475,87.76891676496768,87.77580261230469,72937000
2006-02-01,87.99613277965949,88.41607506940375,87.92729003965377,88.38854217529297,63561000
2006-02-02,88.18886790128535,88.21640078543568,87.29389684788748,87.36273956298828,83626900
2006-02-03,87.14243534744827,88.38850576099837,86.8395211133804,86.92901611328125,86040400
2006-02-06,87.04602645338765,87.29386433733913,86.86014541424379,87.15617370605469,45511900
2006-02-07,87.00473669507912,87.19750362331602,86.33007082951602,86.38514709472656,71208100
2006-02-08,86.6398753602078,88.18886529214129,86.46776595136656,87.16997528076172,59422200
2006-02-09,87.37653594439331,87.84467392079243,86.99789825541849,87.02543640136719,62023300
2006-02-10,87.03922075755308,87.52112527990221,86.36454917389894,87.18379211425781,64508700
2006-02-13,87.1562360291681,87.28704090933329,86.70875034913942,87.02543640136719,52308700
2006-02-14,87.05985909038307,88.14070641912645,86.88774960967639,87.94794464111328,90964400
2006-02-15,87.89972801566755,88.34033298721778,87.5968137390902,88.2577133178711,85471300
2006-02-16,88.35406295957877,88.95301070562779,88.24391044252123,88.91858673095703,61017900
2006-02-17,88.84290219727689,88.91863077717613,88.51933558359163,88.67767333984375,40342600
2006-02-21,88.8841796383343,89.08382192178786,88.31965575973427,88.45735168457031,46456300
2006-02-22,88.65010496049449,89.25592285243741,88.56748531248888,88.99432373046875,42326700
2006-02-23,88.99431493225015,89.24903343533752,88.31275805338132,88.86351013183594,43423200
2006-02-24,88.88420295245703,89.13892157171227,88.64324552551557,89.09073638916016,36777400
2006-02-27,89.08385275209594,89.52445255177199,89.00124357238413,89.12516784667969,35858600
2006-02-28,88.94615920622466,89.43495465282533,88.20953624299632,88.27837371826172,74394800
2006-03-01,88.5330895676057,89.14579868066308,88.46424159793509,89.06317901611328,48641600
2006-03-02,88.73964176141213,89.09763241337171,88.53999939102299,89.05632781982422,60642300
2006-03-03,88.58130025340175,89.54511958273721,88.5675285545564,88.64325714111328,73402500
2006-03-06,88.90483059559497,88.9323634773156,88.01674546778666,88.23704528808594,57478400
2006-03-07,88.02365954263644,88.16134500484198,87.70697877767273,88.0993881225586,61780800
2006-03-08,87.9134931872614,88.42294087274712,87.55550789023633,88.2852554321289,66692400
2006-03-09,88.31277881979233,88.58814967141095,87.69318389892578,87.69318389892578,56313600
2006-03-10,87.92036091486155,88.69829347351418,87.73448508309917,88.52618408203125,60490800
2006-03-13,88.69830210341733,88.91860718821741,88.48488811797014,88.69142150878906,45479100
2006-03-14,88.60881020155875,89.65522781476206,88.53996223805026,89.62080383300781,69877300
2006-03-15,89.60016366113346,90.08895905680288,89.39364075212956,90.02011108398438,53398900
2006-03-16,90.19220670015468,90.50889262000948,90.07517356806518,90.20597839355467,65526400
2006-03-17,90.32278749711074,90.474846914163,90.11544333431094,90.28131866455078,47286800
2006-03-20,90.29515972112166,90.47486154009783,89.99795934206489,90.13619232177734,45538500
2006-03-21,90.10852816768396,90.53706406183449,89.4726481030563,89.56941223144531,87102700
2006-03-22,89.51410309834209,90.2052783504082,89.4726342706577,90.1154327392578,51605700
2006-03-23,90.03253565346157,90.12239186212528,89.61783659467449,89.92886352539062,46704200
2006-03-24,89.84590350392763,90.24678654372242,89.67310963573163,89.99796295166016,43209200
2006-03-27,89.87351562167727,90.04630943169303,89.67307944251776,89.86660766601562,32523000
2006-03-28,89.80440349370248,90.21911290073876,89.19617638894715,89.31367492675781,82079900
2006-03-29,89.44499460311361,90.19837311946542,89.36204639874165,89.87351989746094,61505700
2006-03-30,89.92880883565942,90.53012790578852,89.54175239757647,89.71454620361328,70571700
2006-03-31,89.86663080299516,90.01869023867788,89.41736045338713,89.73530578613281,62925600
2006-04-03,89.90122937464444,90.45416150367345,89.50034619854537,89.66622161865234,61624700
2006-04-04,89.66618367438555,90.35735908968968,89.41045214560297,90.23986053466795,54809300
2006-04-05,90.27442211186676,90.73750837811669,90.11545471813916,90.55088806152344,50607200
2006-04-06,90.44030090744111,90.68912446119243,89.98412263448053,90.45411682128906,57906200
2006-04-07,90.58544056951352,90.82043765965214,89.40353661549351,89.53485107421875,80180900
2006-04-10,89.67310333251953,89.90810044558772,89.34133153542327,89.67310333251953,41496500
2006-04-11,89.74913823131187,89.89427917273144,88.64325327015993,88.91281127929688,72799400
2006-04-12,89.00269035031299,89.25151400322869,88.89209971646083,89.07872009277344,43033700
2006-04-13,88.87820294002549,89.33438103391065,88.6846747571339,88.96115112304688,51051800
2006-04-17,89.04413430286172,89.3758955651478,88.48428387697261,88.9266357421875,64167700
2006-04-18,89.11322566236838,90.50249475414698,89.11322566236838,90.33660888671876,92531800
2006-04-19,90.37119694045832,90.59237816355096,90.01870123096829,90.50942993164062,87269000
2006-04-20,90.54396341707496,91.13837459113856,90.26749751837008,90.63381958007812,86005500
2006-04-21,91.02088464257469,91.08999585052094,90.28132194670673,90.64764404296876,72342600
2006-04-24,90.46793928733372,90.59235633196572,90.11544366279055,90.48176574707033,52546400
2006-04-25,90.57162969915488,90.62692500279334,89.7975165412179,90.1085433959961,84359800
2006-04-26,90.19837895251216,90.64073073394424,90.06014599828309,90.12925720214844,67262400
2006-04-27,89.78368850504297,90.9794296505781,89.5694257987623,90.5647201538086,124478600
2006-04-28,90.39879271871636,91.06232549943604,90.34350798794418,90.8687973022461,55854400
2006-05-01,90.8688198543465,91.09690897474874,90.0739724576555,90.12925720214844,64990300
2006-05-02,90.55086047867196,90.86189776041508,90.36425076542218,90.80660247802734,49063500
2006-05-03,90.64765072327646,90.76515982379304,90.1638300460014,90.46794891357422,60821300
2006-05-04,90.5992574089092,90.9724874214666,90.52322770587926,90.79278564453124,42921400
2006-05-05,91.26972827035048,91.7881099032228,91.13149527755148,91.5945816040039,62588200
2006-05-08,91.58764272700364,91.76735506951958,91.48397064208984,91.48397064208984,30016700
2006-05-09,91.52543281948653,91.76734839535642,91.44940311391298,91.66366577148438,29864000
2006-05-10,91.5185236609845,91.75352073094376,91.15910955331276,91.61528778076172,64378200
2006-05-11,91.58766202796424,91.6153149541014,90.21222952792375,90.50942993164062,80626900
2006-05-12,90.10161234921704,90.3504358785781,89.2929385154181,89.32749938964844,91726500
2006-05-15,89.01646304060075,89.67308801865659,88.8920565478101,89.5072021484375,84029300
2006-05-16,89.68691181558252,89.85279770038444,89.16853029038799,89.37588500976562,62137600
2006-05-17,88.93352167971183,89.23073253318013,87.62028759796907,87.67558288574219,144789500
2006-05-18,88.02116998034553,88.29764114425323,87.16411411815561,87.23323059082031,87906300
2006-05-19,87.68942890502237,88.11795429773218,86.94987140414408,87.84839630126953,124309400
2006-05-22,87.281602443362,87.89674794267337,86.74248663706649,87.17792510986328,110852800
2006-05-23,87.90369902581081,88.21472588699886,86.51443481445312,86.51443481445312,92006500
2006-05-24,86.8668920631573,87.70321335224212,86.2310121980553,87.20556640625,168405000
2006-05-25,87.72396554162715,88.28382110595703,87.38529112989598,88.28382110595703,78977900
2006-05-26,88.47732078543388,88.73306274414062,88.13173850855965,88.73306274414062,62989700
2006-05-30,88.44971111730783,88.47044553426001,87.1226556998738,87.15721130371094,72419900
2006-05-31,87.5166065025363,88.13175201416016,87.22630890827975,88.13175201416016,86926200
2006-06-01,88.04192037011056,89.1201575776729,87.96589065440907,88.97500610351562,73721700
2006-06-02,89.33439964471862,89.4588061254255,88.69161173473871,89.16160583496094,91702600
2006-06-05,89.05793335417682,89.06484130979607,87.62028232484025,87.86219787597656,86105100
2006-06-06,87.924435735375,88.04193430614882,86.92223335812672,87.64796447753906,130498600
2006-06-07,87.71703079471312,88.22849887076106,86.94291281679811,86.99129486083984,108599400
2006-06-08,86.797784682267,87.43366461387923,85.61587569853717,86.915283203125,204957200
2006-06-09,87.3369130057962,87.75161713910428,86.59735563153455,86.63882446289062,94972200
2006-06-12,87.00515837829666,87.0397192579639,85.58133872660464,85.69883728027344,95815900
2006-06-13,85.52603973006372,86.28633159061688,84.70354461669922,84.70354461669922,185688800
2006-06-14,84.90398253820769,85.450011730138,84.55839484254925,85.36016082763672,163566400
2006-06-15,85.6712112638446,87.33694694731885,85.60900799263662,87.17106628417969,134057000
2006-06-16,86.98011936891764,87.16755922901434,86.40390691928863,86.53581237792969,94253500
2006-06-19,87.05646641450588,87.11200610057897,85.77214162926278,85.8554458618164,95804400
2006-06-20,86.09151454283355,86.64689569235509,85.89018708854377,86.14704895019531,65494700
2006-06-21,86.08454682367639,87.26473607279786,86.05677697943685,86.78572082519531,75008200
2006-06-22,86.74407916060457,86.82044492198993,86.1123323032569,86.4039077758789,74566100
2006-06-23,86.31367938724577,86.98708382009356,86.10540811849918,86.39004516601562,54107000
2006-06-26,86.45943384096593,86.8204312315892,86.25810643783814,86.77183532714844,37899600
2006-06-27,86.78575483384957,86.98013852314311,85.92490521475197,86.02210235595703,69780200
2006-06-28,86.21646495528131,86.6191145146554,85.84157994767895,86.60523223876953,62368100
2006-06-29,86.91761898970137,88.41021498018587,86.89679293113397,88.35467529296875,110634800
2006-06-30,88.54217288991018,88.62548247011135,88.13951786377667,88.3616714477539,54227800
2006-07-03,88.46578146184365,88.8684310747317,88.38247190578524,88.72264862060547,23914000
2006-07-05,88.36858999794018,88.47966410992528,87.83402961330384,88.21585845947266,69653400
2006-07-06,88.30612103311626,88.75737193557758,88.22281675956306,88.47274017333984,50100300
2006-07-07,88.29916981189935,88.55603168040322,87.67436136753156,87.89651489257812,81626500
2006-07-10,88.12559383125074,88.46576518693246,87.75765262865832,88.0631103515625,60964100
2006-07-11,87.8965329804778,88.45191955566406,87.43139976928069,88.45191955566406,73640800
2006-07-12,88.27142699826003,88.44498465838379,87.2786769704897,87.50777435302734,82561300
2006-07-13,87.0912269817575,87.25090235084926,86.0845947265625,86.0845947265625,102405700
2006-07-14,86.17478543590609,86.26503874396921,85.27228943116432,85.75130462646484,103242500
2006-07-17,85.75133497239312,86.15398986756037,85.49447311929757,85.62637329101562,81159000
2006-07-18,85.88324220415531,86.11928329451847,84.96685828742284,86.0637435913086,122771000
2006-07-19,86.2095232111266,87.65352357908296,85.89017789261729,87.2578125,133565300
2006-07-20,87.5563242929548,87.68128595446436,86.54274872584699,86.6607666015625,112259800
2006-07-21,86.88296088160817,86.91073074126952,85.95963290996531,86.04988098144531,101560000
2006-07-24,86.39001211708265,87.69516305180186,86.39001211708265,87.6187973022461,92884000
2006-07-25,87.45913655746826,88.37552035242942,87.27863519430042,87.93121337890625,95480700
2006-07-26,87.88260577815024,88.4796442234849,87.5979741267083,88.04922485351562,84525800
2006-07-27,88.43106785767331,88.64628288676994,87.61187576072675,87.96593475341797,87257100
2006-07-28,88.19503219134133,88.95868458536204,88.07007050529737,88.84761047363281,82137000
2006-07-31,88.62546218129876,88.83372813928503,88.47966912518294,88.75736236572266,49593100
2006-08-01,88.40328105019682,88.43105089690113,87.88955212755904,88.31997680664062,65225600
2006-08-02,88.56991513669276,89.18084127458224,88.54908907227518,88.91703033447266,64770900
2006-08-03,88.40330598901677,89.24332952326387,88.27140580065782,89.153076171875,63693800
2006-08-04,89.6112848841032,89.854259232172,88.50051701111963,89.00035858154297,96294200
2006-08-07,88.79207611083984,88.91703780440095,88.44496088389876,88.79207611083984,45377300
2006-08-08,88.92399125904579,89.18086377352617,88.13256883216866,88.45191955566406,90901300
2006-08-09,88.98643503618607,89.27802108500063,87.89649897033635,88.15336608886719,78910600
2006-08-10,87.87567545188831,88.5143660771142,87.66740423661348,88.42411804199219,69322300
2006-08-11,88.2852684328141,88.30609449494365,87.74376963121777,88.1741943359375,47482200
2006-08-14,88.60461928428921,88.97256582562692,88.11171636236105,88.24362182617188,57839000
2006-08-15,89.03503249031779,89.4654518696755,88.79205295413898,89.29884338378906,68143000
2006-08-16,89.77784860951387,90.17355428891794,89.58345442071064,90.0416488647461,71737600
2006-08-17,89.95836568809501,90.50680297718944,89.895887501954,90.27076721191406,70992800
2006-08-18,90.3818657861314,90.7289810180664,89.96532327056295,90.7289810180664,58288400
2006-08-21,90.37490537589444,90.44433265082712,90.11110503600295,90.34020233154295,42133600
2006-08-22,90.242978721653,90.61091984436574,90.0277584824017,90.33322143554688,60839900
2006-08-23,90.374903728867,90.55541040315644,89.68762244788716,90.08332824707033,66592100
2006-08-24,90.24304261769024,90.31940841004686,89.8334384988036,90.00699615478516,57983000
2006-08-25,90.00006219831852,90.42354332398286,89.93758398136457,90.11808013916016,41756000
2006-08-28,90.00694790633227,90.819206622857,90.00000941733512,90.54844665527344,52681500
2006-08-29,90.59009446180356,90.82613016622226,90.11801245985492,90.65257263183594,61817800
2006-08-30,90.85394287441532,90.97196078918854,90.63179462105302,90.70816040039062,50052200
2006-08-31,90.84005268950804,90.93724452243848,90.6526075141724,90.69425964355467,37510300
2006-09-01,91.0413494206514,91.3468124083016,90.8330782387888,91.23573303222656,48794500
2006-09-05,91.29822236816032,91.53426871944964,91.08301267140524,91.4093017578125,52348300
2006-09-06,91.02053104635353,91.05524467844678,90.4790322836611,90.60398864746094,53795600
2006-09-07,90.29158452377656,90.64564873049112,89.79868697894564,90.1874542236328,86269400
2006-09-08,90.30549197570404,90.56930291829704,90.13193437518026,90.4443359375,45096300
2006-09-11,90.15279321379796,90.72900592818615,89.88898217529947,90.5346221923828,68496600
2006-09-12,90.63871877762465,91.52733283676878,90.50681330752874,91.42320251464844,69875600
2006-09-13,91.3885056090479,91.95083063768718,91.305201336099,91.7911605834961,62898400
2006-09-14,91.61064586824168,91.8050295277494,91.4648528270534,91.79808044433594,57805400
2006-09-15,92.25757738496728,92.31336134124918,91.81828537906092,92.01353454589844,76703100
2006-09-18,91.8949922226619,92.31336659875286,91.79737295353432,92.13904571533205,64154100
2006-09-19,92.1250917274395,92.13207137178142,91.39295257125696,91.908935546875,92089100
2006-09-20,92.21575142428614,92.57834185701827,92.08326584465117,92.39704132080078,75204100
2006-09-21,92.46680714693062,92.56442645545737,91.6370377046002,91.95081329345705,88932500
2006-09-22,91.81132959092878,91.81829859657908,91.34415085948056,91.671875,65966800
2006-09-25,91.85318161825862,92.63414662103362,91.37903379488202,92.37614440917967,92299100
2006-09-26,92.3900524473747,93.1570684594218,92.32031985002476,93.14311981201172,73962700
2006-09-27,93.08037883093446,93.41507193392376,92.92697560879311,93.25469970703124,82432200
2006-09-28,93.2547302061644,93.42905113927316,92.93397500777388,93.21986389160156,58597500
2006-09-29,93.29652301442113,93.39414226689073,93.07338721466178,93.14311981201172,47966600
2006-10-02,93.11526206584742,93.31748030022963,92.70386722997333,92.79451751708984,51687400
2006-10-03,92.66202193375518,93.34535691770648,92.4946700308736,92.98974609375,73108100
2006-10-04,92.89907336877631,94.13326808500724,92.7944851045624,94.07748413085938,80890500
2006-10-05,94.07755246537468,94.41922544282122,93.95901546659748,94.25884246826172,60505900
2006-10-06,94.09840059572151,94.20299949831622,93.71489256561,94.1402359008789,64983600
2006-10-09,94.02868080919012,94.3424562448315,93.88224659805005,94.1960220336914,41176800
2006-10-10,94.2030115355877,94.44705439342344,94.02171100380409,94.32154846191406,56403700
2006-10-11,94.02169143970862,94.43308609365612,93.64516308382623,94.2099609375,104071800
2006-10-12,94.44705598130872,95.10250422941748,94.4121896754024,95.02580261230467,59158600
2006-10-13,94.9421579883518,95.3256661789336,94.85847670332124,95.26988220214844,53944000
2006-10-16,95.19320310989518,95.56276273388195,95.12347046247164,95.41632843017578,42273000
2006-10-17,95.1582827575482,95.31865498791696,94.60045381400656,95.11644744873048,90500600
2006-10-18,95.55575705486127,95.785861961026,94.90031929028616,95.24198150634766,86848600
2006-10-19,95.1025278512984,95.4442007105217,94.99095990056767,95.3953857421875,64063200
2006-10-20,95.41632843017578,95.49303008645842,95.06071746361536,95.41632843017578,48094500
2006-10-23,95.22102978600738,96.08566512659256,95.10249287184432,95.85556030273438,66219900
2006-10-24,95.7230746335682,96.17630463661158,95.68123932740436,96.14144897460938,53234900
2006-10-25,96.04386426515448,96.51104308488584,95.8834813475606,96.46920776367188,78105400
2006-10-26,96.68532658235,96.92240040391042,96.21116829952798,96.7689971923828,66843700
2006-10-27,96.65048042629626,96.74809970491488,95.96714547596588,96.16238403320312,80238000
2006-10-30,95.98805546181111,96.36458389504833,95.80675493050586,96.09264373779295,49717800
2006-10-31,96.27399990452048,96.4064749174188,95.7022219595236,96.07875061035156,71274100
2006-11-01,96.37856608238796,96.44131906981352,95.33264039980354,95.43025970458984,83005600
2006-11-02,95.18619635971032,95.5348382181456,95.08160805806178,95.3744659423828,60693100
2006-11-03,95.71611694285394,95.79978756507155,94.56559268884824,95.20709228515624,71346400
2006-11-06,95.49995256421792,96.42036124890087,95.492972919829,96.2809066772461,63303300
2006-11-07,96.36458573559231,96.90846606049102,96.22513115171878,96.65047454833984,63318900
2006-11-08,96.2250964068524,96.95724600745302,95.43019386212288,96.85962677001952,87517800
2006-11-09,96.92937063717376,97.02002089232614,96.15538556545316,96.35062408447266,95916300
2006-11-10,96.32277682954516,96.46223145164764,96.0299189312182,96.39250946044922,48991500
2006-11-13,96.35064255464695,96.95030687507564,96.27395157291048,96.62956237792967,59398200
2006-11-14,96.9015062277084,97.43841759813245,96.30881089051402,97.354736328125,96704000
2006-11-15,97.31986863941331,97.93347091869865,97.29197133962164,97.6336441040039,76509600
2006-11-16,97.9265551813745,98.09389651234122,97.2641375869787,97.8847198486328,76728800
2006-11-17,97.57087151755827,97.91951325494344,97.4314169505445,97.91254425048828,56353800
2006-11-20,97.8288910502553,98.13569753611333,97.57786852907176,97.96834564208984,69174200
2006-11-21,97.96136021990507,98.08686613961272,97.82189501173896,98.06594848632812,51367900
2006-11-22,98.14268588095308,98.42857476635584,97.9683649468839,98.26122283935548,45505300
2006-11-24,97.78708314707455,98.20544703984852,97.75918583706584,97.86378479003906,30998000
2006-11-27,97.81490704546243,97.86372198679796,96.4900729423202,96.51795959472656,84545100
2006-11-28,96.39245254975322,97.03395194444404,96.3018023110395,96.93633270263672,106652900
2006-11-29,97.25014983374628,97.98926878760304,96.97820964054044,97.94743347167967,90034900
2006-11-30,97.926474347609,98.35181761222864,97.45231614194638,97.98922729492188,83994300
2006-12-01,97.98925036200748,98.07990062259849,96.90148979372314,97.7730941772461,126080000
2006-12-04,97.79401771797234,98.70048845934149,97.7800690678798,98.5191879272461,87813200
2006-12-05,98.70746805266155,98.98638788591872,98.49828083764464,98.94454193115234,73374400
2006-12-06,98.92361569908824,99.06308092348006,98.6656241854284,98.8608627319336,53253200
2006-12-07,99.03518401786908,99.223453559787,98.39368441397777,98.42855072021484,62857400
2006-12-08,98.40762522712544,98.9445258695462,98.16357174260548,98.60983276367188,79625500
2006-12-11,98.6098402504443,99.07701896111618,98.55405628861295,98.8957290649414,39779400
2006-12-12,98.79809784973416,98.9236037689074,98.2402689385494,98.81901550292967,77451600
2006-12-13,99.17462935848228,99.25133096917293,98.70745068962188,98.9236068725586,55520200
2006-12-14,98.91665353078167,99.87890831914088,98.9027048794378,99.79522705078124,64755200
2006-12-15,100.01467397794596,100.18996610218514,99.73421085875614,99.8043212890625,70857400
2006-12-18,99.94458603064597,100.18299152998928,99.39066744169922,99.53089904785156,48954600
2006-12-19,99.25046346549487,99.9586402280515,98.99804222455582,99.72024536132812,65023600
2006-12-20,99.76227909315844,100.02872661565743,99.57296055354152,99.66411590576172,41469600
2006-12-21,99.7552272256854,99.86740603391914,99.08911941244516,99.2994613647461,48698400
2006-12-22,99.31356935462952,99.3205771924726,98.63343461923348,98.68952941894533,62069100
2006-12-26,98.73155861572091,99.29249569097736,98.71052441156,99.2714614868164,32696900
2006-12-27,99.47481349547492,99.98667441895388,99.44677145123686,99.9235610961914,39727100
2006-12-28,99.85345030766749,100.0567845499383,99.55896069869593,99.71321868896484,37288800
2006-12-29,99.60797716009448,99.94453498275624,99.166237662302,99.2994613647461,45461200
2007-01-03,99.7412460425584,100.16895937094635,98.56328778016967,99.12421417236328,94807600
2007-01-04,99.02604828230344,99.60101172729698,98.59132713051748,99.33456420898438,69620600
2007-01-05,99.09618856408004,99.14526481699129,98.43008033865988,98.5422592163086,76645300
2007-01-08,98.73856451845135,99.15225141267469,98.33889329255244,98.99799346923828,71655000
2007-01-09,99.08211483309388,99.28545968092467,98.4440489573212,98.9138412475586,75680100
2007-01-10,98.57026196511148,99.2644225821056,98.37393565506936,99.24337768554688,72428000
2007-01-11,99.271459628437,100.00067032333,99.21536485206296,99.67813873291016,54476800
2007-01-12,99.67113509458852,100.43541717529295,99.643093051703,100.43541717529295,55370600
2007-01-16,100.31619605106827,100.57562500761826,100.077790597472,100.23906707763672,44871300
2007-01-17,100.16196104266147,100.58967441164629,100.0778135166574,100.28115844726562,50241400
2007-01-18,100.38634276457796,100.4494453931914,99.78333712685613,99.9446029663086,68177300
2007-01-19,99.94457784567506,100.33724128932444,99.88849376699574,100.1409149169922,56973000
2007-01-22,100.31621321564066,100.33724742117708,99.51687060931474,99.83240509033205,60253600
2007-01-23,99.74823220033198,100.3231955360589,99.608000632759,100.12686920166016,54064400
2007-01-24,100.24604735340884,100.95422358824472,100.2039789610991,100.93318939208984,55834700
2007-01-25,100.8701579004707,100.91222632243176,99.5729911620672,99.74828338623048,73583800
2007-01-26,99.96560510661106,100.02168917539248,99.27144439188264,99.65708923339844,67255600
2007-01-29,99.69913818631449,100.12685134547444,99.38361454079865,99.6009750366211,66114600
2007-01-30,99.81137541473872,100.16896762407266,99.60803048667718,100.11988067626952,70407600
2007-01-31,100.0077391775406,101.05949269104264,99.84646260219748,100.79304504394533,91868600
2007-02-01,101.0734157905112,101.43101850491196,100.90514222983336,101.39595794677734,69312400
2007-02-02,101.48017534382004,101.63443336297205,101.2347726398882,101.53627014160156,49607000
2007-02-05,101.45911118080387,101.62739552447007,101.20669001479736,101.56429290771484,45705300
2007-02-06,101.6483799099788,101.69044830053032,101.19963257912862,101.59228515625,57081300
2007-02-07,101.75360573634713,101.92189008824676,101.36797148242952,101.81671905517578,55669700
2007-02-08,101.51516451654294,101.75355921516842,101.15757246860473,101.6834487915039,70641000
2007-02-09,101.7115215815082,101.90084011072172,100.54057123226978,100.92621612548828,79084400
2007-02-12,100.92621043931182,100.99632088022962,100.40033398700108,100.58263397216795,65657000
2007-02-13,100.8069983650218,101.5993114956909,100.79997983266452,101.43103790283205,64081800
2007-02-14,101.5292761804597,102.3005556826452,101.51524980435008,102.09722137451172,66039400
2007-02-15,102.13920661649092,102.33553292616656,101.97092233720544,102.23036193847656,38715200
2007-02-16,101.97793265851112,102.20230098051243,101.83068258861915,102.18126678466795,39841800
2007-02-20,102.0620856078515,102.51083302191336,101.66943295792016,102.39864349365234,56911800
2007-02-21,102.09714608992348,102.41968830866657,101.914846130884,102.35657501220705,63971600
2007-02-22,102.40568063865916,102.66510960830551,101.78864882005782,102.27946472167967,79067400
2007-02-23,102.18833008747843,102.22337996325516,101.6904956034226,101.87981414794922,71966200
2007-02-26,102.25143971250368,102.33557653851229,101.49417618146828,101.78866577148438,69192800
2007-02-27,100.88410918644252,101.10847750290108,97.46240409386202,97.81298828125,274466500
2007-02-28,98.43708553783,99.55194134093728,98.0233985214297,98.81571197509766,177536300
2007-03-01,97.7008511914429,99.04008607353909,96.79634821025437,98.5212173461914,212828600
2007-03-02,98.19868008735293,98.6263934289004,97.2240560073002,97.23106384277344,162574000
2007-03-05,96.71215686260707,97.86909119685764,96.29146222204604,96.30548858642578,143750400
2007-03-06,97.30821116566962,98.24777484743656,96.56497390400362,97.95328521728516,143333300
2007-03-07,97.87611385114316,98.48613775575474,97.74289011681438,97.8550796508789,115144900
2007-03-08,98.54222995036636,98.97696175597206,98.21269055272252,98.6824722290039,117891600
2007-03-09,99.0821593718982,99.15928836626634,98.21972476140826,98.71054077148438,107765100
2007-03-12,98.45812435269356,99.1031983827707,98.2758243112545,98.85779571533205,80366900
2007-03-13,98.28981961964026,98.70351726867118,96.78931908472316,96.9365692138672,190605200
2007-03-14,97.06277007430133,97.71486247548994,95.88481189006748,97.65876770019533,231853800
2007-03-15,97.44140786351784,98.15660288015712,97.32221047724208,97.7919921875,132435900
2007-03-16,98.06723023204154,98.29249929018576,97.229528376875,97.51815032958984,121531600
2007-03-19,98.0320340195091,98.78526537486285,97.9545991207477,98.6937484741211,96161200
2007-03-20,98.6092640763376,99.29209606717414,98.5247935591764,99.23577880859376,82147400
2007-03-21,99.32731655057246,101.12237986564054,99.13021147486756,100.86895751953124,152368700
2007-03-22,101.00271388185112,101.14350169298896,100.51698680321726,100.7915267944336,118942200
2007-03-23,100.86186567613716,101.23495798589003,100.77034882005682,100.93930053710938,74416800
2007-03-26,101.01676716653763,101.1223553095172,100.02419565685634,100.80558013916016,113787500
2007-03-27,100.74923849914558,100.77740249140282,100.23535842531685,100.56621551513672,99864600
2007-03-28,100.05944112795744,100.29174589036296,99.43996176154268,99.8341827392578,152907900
2007-03-29,100.34096581852036,100.3902474437298,99.39064035488644,99.9397201538086,139432700
2007-03-30,100.1298130073988,100.55217639862848,98.9471718808308,99.96086120605467,128194100
2007-04-02,100.07347869873048,100.2846657290924,99.59478738048224,100.07347869873048,79416400
2007-04-03,100.64366815931167,101.35465333886556,100.60143290488122,101.1505126953125,82417800
2007-04-04,101.15053380536118,101.33355685989582,100.77744132480444,101.26316833496094,63995200
2007-04-05,101.13644039995675,101.6784846137938,101.09420514147416,101.5376968383789,46822800
2007-04-09,101.826343659066,101.93194258365229,101.47436872662344,101.67852020263672,50967400
2007-04-10,101.60105170058615,101.96710851691374,101.5588164412828,101.79815673828124,56620000
2007-04-11,101.94595891863509,101.97411216886928,101.04489378990708,101.38279724121094,106365700
2007-04-12,101.18571121503076,102.01636652019651,100.9041249528764,101.83334350585938,115534400
2007-04-13,102.00229009724556,102.29795837402344,101.62216204933112,102.29795837402344,84287000
2007-04-16,102.65698401939083,103.38205133680586,102.64994838944052,103.26941680908205,83064600
2007-04-17,103.45947479675338,103.76216797245782,103.2342057662043,103.5439453125,108424100
2007-04-18,103.19901697720412,103.97335510226225,103.17789934824737,103.67066192626952,88345300
2007-04-19,103.1638136406198,103.76216434192024,103.03006150108844,103.64249420166016,102947700
2007-04-20,104.33942661054871,104.62100219726562,103.50876036931967,104.62100219726562,124114100
2007-04-23,104.44497584445216,104.6983980746171,104.16340036267609,104.22675323486328,77270800
2007-04-24,104.34647024285395,104.46614041345694,103.70588412273467,104.26903533935548,114471000
2007-04-25,104.69842480474166,105.35310354206776,104.19862658577524,105.22638702392578,108418800
2007-04-26,105.2334455463182,105.45166823681949,104.95890559029723,105.3460693359375,88741600
2007-04-27,104.95187231019204,105.4094461215838,104.7758848615232,105.26161193847656,108191100
2007-04-30,105.33898494777388,105.40938418244298,104.33234248877925,104.3886489868164,100874100
2007-05-01,104.48017109316554,105.219320128669,103.9522090308653,104.65615844726562,134342700
2007-05-02,104.81814159721512,105.55729118128544,104.71255340295808,105.26866912841795,87129800
2007-05-03,105.57134757958248,105.87404082397856,105.4023957683296,105.83885192871094,86569700
2007-05-04,106.12040401264098,106.38086193183597,105.74731157758168,106.24007415771484,96409000
2007-05-07,106.21190618251136,106.43716444160914,106.16262456061727,106.26117706298828,63461400
2007-05-08,106.0007140935587,106.24005433905847,105.68393897552468,106.1203842163086,80584000
2007-05-09,106.04300070233607,107.57761689905271,105.85293124289493,106.4090576171875,102070100
2007-05-10,106.10633657441277,106.31048800511113,105.07857601500618,105.29679870605467,153617800
2007-05-11,105.4164609117182,106.2471163493316,105.39534328136662,106.19784545898438,113408900
2007-05-14,106.19782740190055,106.5075669162836,105.44459624270384,105.96552276611328,108027500
2007-05-15,106.08518899345134,106.7609852491776,105.72617861031316,105.99368286132812,180673300
2007-05-16,106.15561860031778,106.73989814960112,105.85996101057565,106.71878051757812,114166500
2007-05-17,106.5638932454016,106.97218529992028,106.37382384694568,106.50757598876952,101132800
2007-05-18,107.00731996565696,107.43672943115234,106.86653226612354,107.43672943115234,99182000
2007-05-21,107.40864190726045,107.8662048960635,107.35232464470596,107.38047790527344,174664600
2007-05-22,107.49311793674556,107.8169395276666,107.26785961640836,107.29601287841795,82148800
2007-05-23,107.6690842652684,108.05625867590868,107.2537565981352,107.31007385253906,133786600
2007-05-24,107.37347602239812,107.8521675338514,106.1134104436464,106.3386688232422,187593000
2007-05-25,106.64839046384546,107.01444735290345,106.423121380911,106.78214263916016,83309200
2007-05-29,106.95811684029306,107.35232694520238,106.61317762778752,107.16930389404295,82020000
2007-05-30,106.62021244678591,108.0844181802531,106.53573118958768,108.04218292236328,129013600
2007-05-31,108.17594136218943,108.33081114441086,107.78876690663589,107.9295654296875,114866700
2007-06-01,108.32380416111664,108.6898503418782,108.06333541772536,108.46459197998048,107771700
2007-06-04,108.08439409137424,108.68275542190555,108.04215884289744,108.4786148071289,78008800
2007-06-05,108.22526574118557,108.337889566125,107.60578636761316,108.04927825927734,126917900
2007-06-06,107.605742210421,107.66909509996876,106.82435768174128,106.88771057128906,164096800
2007-06-07,106.69060287530196,107.35231723788708,104.93072882222184,104.95889282226562,232414600
2007-06-08,105.29680904185815,106.43016861366068,104.95186978385873,106.32456970214844,175886000
2007-06-11,106.24710733416894,106.96513892945477,106.08520193473824,106.50757598876952,102015600
2007-06-12,106.0641010445385,106.67653385225756,105.27568081010295,105.3460693359375,233898000
2007-06-13,105.94443056708468,107.04963675944686,105.39535065668184,106.92292022705078,193208200
2007-06-14,107.04260431103984,107.78878937652031,107.02148667646372,107.60576629638672,146396500
2007-06-15,108.26743977242324,108.63507416888694,108.1189685086382,108.21795654296876,154030800
2007-06-18,108.43718524384002,108.44425119868868,107.92815601408594,108.09075927734376,88537500
2007-06-19,107.8503991205002,108.43719706844662,107.71607044970638,108.35942840576172,110851700
2007-06-20,108.5785653257619,108.5785653257619,106.72627135784244,106.85352325439452,177119700
2007-06-21,106.81109904886937,107.53929139929518,106.22430128137488,107.44738006591795,205262000
2007-06-22,107.12217643965911,107.29892236993084,105.94151491996972,106.4364013671875,204964700
2007-06-25,106.21724171791938,106.93129141669448,105.35472068611952,105.92737579345705,232014400
2007-06-26,106.19600279636202,106.3727486822048,104.83151894804524,104.83858489990234,198445700
2007-06-27,104.72552244977004,106.45056479117235,104.6760284015526,106.3303680419922,213638000
2007-06-28,106.3161849975586,107.04437715882578,105.81422195267216,106.3161849975586,157705000
2007-06-29,106.68379215966158,107.2140297166931,105.44657119325464,106.35150909423828,199701800
2007-07-02,106.6626180344466,107.40495301203876,106.59192614326088,107.31304168701172,103357000
2007-07-03,107.58876144114696,107.81500137623584,107.45444361586608,107.7018814086914,54048400
2007-07-05,107.74435111585034,107.85747113842622,107.19998123417724,107.58881378173828,89279000
2007-07-06,107.73018178380984,108.2886941712358,107.41203048235994,108.15436553955078,81109000
2007-07-09,108.28165986290992,108.42305448947938,107.89988250468204,108.23924255371094,72348100
2007-07-10,107.66655474069252,107.89279472762118,106.59194716593036,106.69799041748048,180362600
2007-07-11,106.5777888751495,107.49686980906188,106.41518565065964,107.45445251464844,175607600
2007-07-12,107.7231120138438,109.40573681400556,107.70190336407,109.1512222290039,133882500
2007-07-13,109.27846299151878,109.9076779799102,109.15120033069182,109.4764175415039,111794300
2007-07-16,109.57540788423223,109.95717433681398,109.28554197728738,109.46228790283205,98378700
2007-07-17,109.53299073155468,109.92183396410158,109.35624478837124,109.4057388305664,126201300
2007-07-18,109.038114184956,109.4411001502427,108.38062439449948,109.20779418945312,237887400
2007-07-19,109.72385854517812,109.95716444042483,109.40571806537416,109.6319580078125,145212700
2007-07-20,109.50471783110474,109.57542052456476,108.0483329626466,108.52201080322266,245502500
2007-07-23,109.0027925754026,109.3845699927543,108.38065396460604,108.85433197021484,121183900
2007-07-24,108.25333366923634,109.07343729708556,106.5848518139668,106.96662902832033,256732400
2007-07-25,107.47565689957445,107.73723739656016,106.22429282543033,107.185791015625,265214500
2007-07-26,106.18188900789296,106.61314951824792,103.49534865425778,104.64773559570312,467592500
2007-07-27,104.78205438597662,105.2486554091068,102.5479834016721,102.59040069580078,422987600
2007-07-30,103.17010901070736,104.49924159780586,102.71763994943964,104.19524383544922,283017500
2007-07-31,104.86687210403927,105.66576697399157,102.54089016483266,103.02164459228516,316976700
2007-08-01,102.63989095833726,103.93367245626362,101.77030400612018,103.52362060546876,467670000
2007-08-02,103.75690228955436,104.46388584211044,102.69642696072025,104.35077667236328,294758400
2007-08-03,104.1245377416654,104.33663496697964,101.24004352544576,101.66423797607422,359398200
2007-08-06,101.95411289488732,103.80640653281628,100.76637480008688,103.36808013916016,324980000
2007-08-07,103.17722653888826,105.34059543041772,102.67526325030865,104.47100830078124,232568700
2007-08-08,104.92346017021958,106.4646795560062,104.16698238506896,105.92737579345705,274930600
2007-08-09,104.23062581884682,105.30524431193956,102.71768078244888,102.78838348388672,357622100
2007-08-10,102.0814000602817,103.5731364502202,101.18352752919664,102.3076400756836,411018400
2007-08-13,103.57308879274848,103.84881194232646,102.52675617226184,102.67521667480467,181917200
2007-08-14,103.00752367148743,103.26203823682208,100.90071525093232,101.1057357788086,264134500
2007-08-15,100.90072047334256,102.13087606741608,99.41605030076128,99.71298217773438,323834000
2007-08-16,98.8292531979077,101.05625847249146,96.85677329134322,100.46239471435548,546743700
2007-08-17,102.8661525836658,103.08531585626282,99.96044846061848,102.3076400756836,388218100
2007-08-20,102.6328181581517,102.84491541685742,101.3036854054628,102.25811767578124,187320400
2007-08-21,102.2298624914102,103.19842685193812,101.9046451945997,102.4631576538086,157066400
2007-08-22,103.2266843139543,103.78520746812204,102.74594058462426,103.6791534423828,173156700
2007-08-23,104.16697075232848,104.38613396273928,102.94389203079146,103.58724975585938,203915300
2007-08-24,103.55897337219118,104.8668975830078,103.41757878424993,104.8668975830078,128901900
2007-08-27,104.52752704881246,104.86687614805108,103.73569810030452,103.8912353515625,113024300
2007-08-28,103.33271518171377,103.39634111026906,101.42386181106669,101.60767364501952,219790700
2007-08-29,102.06722616751854,103.74278475479848,101.77737106948528,103.60137939453124,207654200
2007-08-30,102.83079706476464,104.0609528262859,102.73181975896756,103.32568359375,191817300
2007-08-31,104.38614440998442,104.98708490127328,103.80642335549528,104.3437271118164,185477500
2007-09-04,104.24477615706434,106.03344459981804,104.20942480375442,105.39716339111328,120062000
2007-09-05,104.7750115561633,104.88813156892816,103.92663303586316,104.48514556884766,166261800
2007-09-06,104.5982240945576,105.06483587135064,104.01142639726584,104.7254867553711,127878400
2007-09-07,103.55895909352026,103.84882497084836,102.69643820197244,103.26910400390624,235447600
2007-09-10,103.5872576158591,103.72865220223534,102.038961543908,103.07115173339844,192305900
2007-09-11,103.38925810033054,104.4214478411905,103.3114894934676,104.27298736572266,162081900
2007-09-12,104.131642728517,104.94468059904511,103.91247946903144,104.54169464111328,149554600
2007-09-13,105.02242484299956,105.65870582186804,104.7749762469315,105.27693939208984,154079000
2007-09-14,104.60531133759244,105.40419557026084,104.44977406304496,105.26986694335938,121911000
2007-09-17,104.85277575673284,105.09314768284572,104.37203190450708,104.70431518554688,109870800
2007-09-18,105.22041114051804,107.81504066057762,104.72552458683272,107.7867660522461,263759500
2007-09-19,108.45835548754955,109.15119638746776,107.96346913046511,108.42300415039062,193779900
2007-09-20,108.40889359667156,108.47251954979194,107.53930654087615,107.65949249267578,175186800
2007-09-21,108.4756736300986,108.76690384603349,107.78664520228284,107.95001983642578,141457500
2007-09-24,108.2696496463658,108.55379117383644,107.5166935666279,107.75110626220705,139450200
2007-09-25,107.12602013193752,107.7298114748961,106.88450793031105,107.53801727294922,142289900
2007-09-26,108.14891125097806,108.5182898776612,107.5380204156106,108.10629272460938,135547000
2007-09-27,108.61774225373422,108.75270815337444,108.10629823346254,108.74559783935548,102713300
2007-09-28,108.57514844800892,108.8166607239931,107.95714712677254,108.38335418701172,133372100
2007-10-01,108.39748541905774,109.92470640676292,108.32644734753696,109.60505676269533,148162300
2007-10-02,109.82530359764772,109.85371233430166,109.2570313145386,109.45592498779295,112978800
2007-10-03,109.25702703481632,109.6832339401762,108.68875477396708,109.2357177734375,119055900
2007-10-04,109.47015491021509,109.57670124087954,109.10077623242115,109.4062271118164,76864400
2007-10-05,110.12369442080596,110.88376124998808,109.83956356888392,110.7061767578125,134579700
2007-10-08,110.37934515271031,110.4503832392068,109.9389393653248,110.11652374267578,71280400
2007-10-09,110.52852817931644,111.16782764491292,110.12363056925196,111.15361785888672,94054300
2007-10-10,110.84102860702416,111.12517003313556,110.39352347409032,110.9688949584961,101711100
2007-10-11,111.4732976754092,111.89240518460602,109.775590889959,110.43621063232422,233529100
2007-10-12,110.42909073515538,111.06129078088556,110.29412485366942,111.04708099365234,124546700
2007-10-15,111.00444534340502,111.068373117753,109.34935765009187,110.10941314697266,161151900
2007-10-16,109.6832339401762,109.76137151152912,109.01551484659524,109.2357177734375,166525700
2007-10-17,110.0881081852123,110.16624574765044,108.30516487362114,109.56956481933594,216687300
2007-10-18,109.00126805763824,109.52692161729068,108.7384466972561,109.1717529296875,148367500
2007-10-19,108.74556073365244,111.1536043245635,106.309108413039,106.3162078857422,297169900
2007-10-22,105.74088000740436,107.09051742376336,105.59881462234983,106.93424224853516,261989800
2007-10-23,107.58772680958684,107.93578526157737,106.7282136311988,107.80081939697266,180085100
2007-10-24,107.41013776122747,107.78661576777424,105.7266305217834,107.60192108154295,326694200
2007-10-25,107.72266202886316,108.17727752984918,106.46537263889638,107.85762786865234,237374500
2007-10-26,108.7242677450198,109.12205505371094,107.90027355479316,109.12205505371094,176484000
2007-10-29,109.3422606630864,109.70453977298766,109.07233974775995,109.48433685302734,106841000
2007-10-30,109.00133551343534,109.21443902565464,108.58933828018336,108.72430419921876,132981600
2007-10-31,109.37779665750692,110.29413836570244,108.56801210827702,109.85372161865234,220954400
2007-11-01,108.88766991335976,108.97291781457874,106.96976013878955,107.28231048583984,333040800
2007-11-02,107.63745836886127,107.97131791637194,105.98948073162464,107.40304565429688,331228200
2007-11-05,106.2949177359144,107.3746339198123,105.81899284590013,106.5861587524414,226841000
2007-11-06,107.16154375960431,108.04946586723764,106.47961481182908,108.02105712890624,177800500
2007-11-07,106.8632476709044,107.35338261236218,104.81037133792876,105.06609344482422,306639700
2007-11-08,105.12287624765548,105.41410645635496,103.04869154082677,104.53329467773438,374509900
2007-11-09,103.48907648115777,104.80319440833914,102.92080428937288,103.098388671875,277745100
2007-11-12,103.14814021991027,104.14260864539656,102.07552337646484,102.07552337646484,243087800
2007-11-13,103.26181578816954,105.35021092278124,103.15526944003469,105.18683624267578,191117400
2007-11-14,105.9965944713156,106.12445005707166,104.26336871622244,104.89556884765624,230558800
2007-11-15,104.11417255019911,104.7676817493599,102.65797850780528,103.38251495361328,263111100
2007-11-16,103.9294752662841,104.0431318647476,102.69349498438552,103.56009674072266,308770600
2007-11-19,103.19785748491594,103.25468580009412,101.7132543321496,102.1181411743164,267746000
2007-11-20,102.30277369509768,103.37537903970964,100.94602694738948,102.74317932128906,414767500
2007-11-21,101.63508101944312,102.22466238836942,100.63350263950008,100.6406021118164,259012400
2007-11-23,101.62801003216528,102.53013101919858,101.3651777383461,102.38096618652344,77688400
2007-11-26,102.59401837013364,102.91367884909378,99.91605436170155,100.1220474243164,214232000
2007-11-27,100.68326086611772,101.74165701146556,100.12208806145978,101.27284240722656,293897900
2007-11-28,102.42357632245412,104.75348269335794,102.3880572760476,104.51197052001952,258596900
2007-11-29,104.14971322067665,104.93108904960486,103.78034540963186,104.54750061035156,199409900
2007-11-30,105.86871395452776,106.4582954788973,104.65404269595628,105.59879302978516,222908000
2007-12-03,105.2649509967837,105.44963490643096,104.6256405300471,104.90267181396484,146430400
2007-12-04,104.17815326967845,104.80324321675396,103.92953068283208,103.96504974365234,136533900
2007-12-05,105.08024454631678,105.98237640687564,105.00921728385156,105.7053451538086,171130000
2007-12-06,105.57749026384116,107.4101627340711,105.5348717383067,107.21836853027344,154457400
2007-12-07,107.55932793851277,107.61615625238244,106.94133763838036,107.19705963134766,148980100
2007-12-10,107.45991811722766,108.14894675677994,107.16157749580756,108.02819061279295,123914300
2007-12-11,108.0708200716729,108.603573557797,105.00926510563664,105.06609344482422,250346400
2007-12-12,107.30364512874024,107.80798982419329,104.56174030692117,106.1031723022461,322435600
2007-12-13,105.35724606633066,106.11730143148496,104.6326988992889,105.88288879394533,237551300
2007-12-14,105.08028106733292,105.91138595427996,104.49071014450502,104.5404281616211,159152900
2007-12-17,104.14259832614523,104.3272822043234,102.899507498016,103.0486831665039,177269400
2007-12-18,103.78029853269712,104.05021937440154,102.26017692941568,103.6240234375,245569300
2007-12-19,103.6666419473013,104.34146030989515,102.9563045469102,103.6240234375,198917200
2007-12-20,104.30598136966157,104.32019115802076,103.12681823038226,104.27757263183594,214813800
2007-12-21,105.23803297189616,105.98784812723774,105.03808371666072,105.78076171875,146084400
2007-12-24,106.27353114256536,106.74483402310608,106.03072620216614,106.5663070678711,45601400
2007-12-26,106.15211155741513,106.88764166043056,106.0449997546146,106.79481506347656,67093100
2007-12-27,106.41634324687672,106.4234804018864,105.20236221361878,105.4522933959961,122981700
2007-12-28,106.07357421507533,106.12356699437224,104.90243778829866,105.1880874633789,116398100
2007-12-31,105.04526162115546,105.40945267603708,104.3025834079902,104.40970611572266,108126800
2008-01-02,104.63822051381771,104.96671491335682,102.74583910379492,103.49564361572266,204935600
2008-01-03,103.4813404957739,103.8955242336164,102.88149269465768,103.44563293457033,125133300
2008-01-04,102.36020615308588,102.43162128936294,100.62492948503626,100.91056823730467,232330900
2008-01-07,101.26761053279222,101.56753445726493,100.04649247575465,100.82486724853516,234991000
2008-01-08,101.4603976911568,102.04596019108568,98.86104675569972,99.1966781616211,326365700
2008-01-09,99.32523896062054,100.53921989068174,98.33262967765992,100.23929595947266,301824900
2008-01-10,99.746572019812,101.97459575970632,99.52520034580274,100.8962860107422,335701200
2008-01-11,100.53207514895968,101.33187223848856,99.26096439035064,100.08218383789062,267076600
2008-01-14,100.8034478289807,101.30332105101232,100.2607189909872,100.8891372680664,170365500
2008-01-15,99.82510964318222,101.03910143882013,98.47544653882096,98.6682586669922,239940100
2008-01-16,98.08983058964436,99.34665617385473,97.31859299373626,97.81846618652344,378802600
2008-01-17,98.41117359794325,98.46116636377208,94.92632477573002,95.28337860107422,397892600
2008-01-18,96.21887564697012,96.41882493172682,93.6195240487145,94.30506134033205,348561500
2008-01-22,90.84162537841858,94.56926240154692,89.97755585298054,93.34814453125,435923700
2008-01-23,90.7559348326022,95.82610329439504,90.57740792755904,95.59044647216795,511913000
2008-01-24,96.03320561143678,96.73303904050822,95.1977008650582,96.39740753173828,259949300
2008-01-25,97.48282955393212,97.66135646309014,94.6906769759783,95.00487518310548,269603900
2008-01-28,95.16198666544656,96.77587701548067,94.30505961836236,96.575927734375,217934600
2008-01-29,97.19005689366382,97.43998803683633,96.31884467666885,97.05437469482422,168968300
2008-01-30,96.81869883858911,98.9324509951285,96.11887652020664,96.34024810791016,334939200
2008-01-31,95.2619389849713,98.93245120867824,95.11911965999133,98.0969467163086,343680800
2008-02-01,98.50398173034084,99.69653984410026,98.20405791398352,99.67511749267578,206843600
2008-02-04,99.41094429380524,99.4752113759201,98.28978990028828,98.4183349609375,124694300
2008-02-05,97.07580501688255,97.2971766662374,95.4547774445468,95.78327178955078,286882500
2008-02-06,96.104592311823,96.5830430474456,94.5549802854709,95.0120086669922,250792900
2008-02-07,94.1193848414336,96.25455961400743,94.06939207863164,95.6404266357422,297368100
2008-02-08,95.04057282877184,95.84751786083233,94.33361331596956,95.02629852294922,221643500
2008-02-11,95.04774381602792,95.85467814640968,94.29078046450148,95.51190948486328,188576300
2008-02-12,96.34027760509451,97.3400240803118,95.67615174222786,96.39740753173828,256654400
2008-02-13,97.1257638639566,97.8755789700541,96.5044937828781,97.38284301757812,181967800
2008-02-14,97.79701217167776,97.83271972312248,96.25453747915176,96.5259017944336,215207200
2008-02-15,96.04751847082407,96.56167706223302,95.6261973989931,96.50454711914062,154110300
2008-02-19,97.63281366702748,97.75421067846828,96.12604585991475,96.77588653564452,145190000
2008-02-20,95.68328567717478,97.51139947439596,95.51903307614892,97.06150817871094,220085700
2008-02-21,97.58995878701472,97.83988993875936,95.74042249914656,96.25457000732422,201051200
2008-02-22,96.38311676504463,97.01153502544928,94.87634908806076,96.84728240966795,205491000
2008-02-25,96.79013882241271,98.29690628668556,96.24742097185457,98.06839752197266,190107000
2008-02-26,97.65422600961824,99.22526073871596,97.47569908821129,98.80393981933594,212420700
2008-02-27,98.2326505502598,99.36094199031056,98.1255387570094,98.70396423339844,168395800
2008-02-28,98.0040799894522,98.51823806582888,97.51134425822356,97.73985290527344,170831100
2008-02-29,96.83300037636778,96.89011939874,94.81921160058428,95.5618896484375,252715200
2008-03-03,95.0762872173484,95.55473801078212,94.4335947238207,95.33336639404295,189483500
2008-03-04,94.42642571843454,95.26193013316856,93.5409394479891,94.96915435791016,282513100
2008-03-05,95.27626682000862,96.24031676373836,94.505029044309,95.56905364990234,270681400
2008-03-06,94.96203543873432,95.13342520320712,93.226759021173,93.59095001220705,247911700
2008-03-07,92.66973679802248,94.07652949744356,91.81994709775718,92.62689208984376,326434600
2008-03-10,92.71972466738409,92.78399173381696,91.11298262806122,91.40576934814452,235683600
2008-03-11,93.3481555502582,94.7763708911172,92.08418192260086,94.69068145751952,341440600
2008-03-12,94.79062463807188,95.52615442280609,93.66233358566052,93.8051528930664,229161100
2008-03-13,92.55548573897056,94.7192308781239,91.83424099139182,94.01226043701172,351504200
2008-03-14,94.81207126912096,94.84063077934984,91.2486703409995,92.55548858642578,484687800
2008-03-17,90.38462436829737,92.30557065274527,90.02757046695334,91.62003326416016,405311100
2008-03-18,93.27672258666304,95.46903794591002,92.81969420084576,95.42619323730467,334416600
2008-03-19,95.79038514126322,96.15457606456744,92.8625398637598,93.0625,345971600
2008-03-20,93.32945601369389,95.381915028683,92.76251202281688,94.78627014160156,245320700
2008-03-24,95.66897565480878,97.46308294996416,95.6187463447326,96.68085479736328,208977300
2008-03-25,96.78131952038248,97.27649486110138,95.99909140696111,96.7741470336914,192947200
2008-03-26,96.49428697287978,96.94639463712984,95.52546449881144,95.59004974365234,196934300
2008-03-27,96.30768698478292,96.47992524436488,94.98722651241002,95.28863525390624,225153200
2008-03-28,95.43933188590408,95.70485625109583,94.05427541397732,94.37721252441406,180896100
2008-03-31,94.21934872926272,95.25275644604244,94.07582231312412,94.70735168457033,166692100
2008-04-01,95.88424975608244,98.20223280851604,95.81248109982305,98.03717803955078,254547300
2008-04-02,98.3529708003875,98.79790593573438,97.58508756965642,98.10179138183594,210910800
2008-04-03,97.57073471364023,98.6328431527266,97.3913239864126,98.34577941894533,175884800
2008-04-04,98.4032063770783,99.00603482989852,97.68556336452583,98.23815155029295,204446800
2008-04-07,98.94141488749288,99.44377363598863,98.13048592420368,98.28836822509766,154245500
2008-04-08,97.73577064966864,98.25964680594298,97.56353244264876,98.1878890991211,148937300
2008-04-09,98.03720048620724,98.17355439410407,96.8028537783732,97.4774398803711,195610600
2008-04-10,97.1832174815262,98.08027126600751,96.81004004108014,97.61380767822266,192967800
2008-04-11,96.5158379302195,96.96794570006458,95.45371810973478,95.71925354003906,222973300
2008-04-14,95.5828955018433,95.83406404095956,95.12360431135832,95.39630126953124,160522000
2008-04-15,95.8627322054284,95.9416733561098,94.9656786523948,95.61873626708984,172389200
2008-04-16,96.55168522561732,98.25250659637564,96.5373402497564,98.2094497680664,189268900
2008-04-17,97.61382525072224,98.49652326745388,97.35547327626838,98.35299682617188,179665700
2008-04-18,99.70935502752516,100.15429033894527,99.22135192274472,99.37923431396484,218530600
2008-04-21,99.1997847232992,99.7380169510504,98.92708784081854,99.42943572998048,118587400
2008-04-22,99.17104886293176,99.25716248489915,98.24528362534672,98.99163818359376,162166000
2008-04-23,99.09929509313324,99.59447039452571,98.4031806767352,98.83377075195312,193309000
2008-04-24,99.09217361744584,100.28346394848596,98.34581856290929,99.26441192626952,229381300
2008-04-25,100.03941554105616,100.39106450299543,98.9701346319089,100.18295288085938,190788100
2008-04-28,100.38390904584428,100.64943345887438,100.02508753618696,100.20449829101562,105610200
2008-04-29,100.03223620772022,100.27623214810733,99.47247566195648,99.8097686767578,125514100
2008-04-30,99.96052329366982,100.89346170705704,99.22135162353516,99.22135162353516,208395900
2008-05-01,99.30743096755832,101.27376556396484,99.22848980818976,101.27376556396484,187279500
2008-05-02,102.14925649411146,102.17078489849354,100.87185339910238,101.5536117553711,181585500
2008-05-05,101.22354853662584,101.62542686931828,100.76425744921112,101.06566619873048,118504500
2008-05-06,100.48434057847656,102.0487965119697,100.24751715774094,101.94115447998048,179339800
2008-05-07,101.82637515347947,101.93401723424522,99.84568421484016,100.12556457519533,199267300
2008-05-08,100.28339104672008,100.69962511101826,99.73797560712195,99.86715698242188,178321200
2008-05-09,99.46531128614768,100.0322443644946,99.3576582798852,99.68059539794922,152588200
2008-05-12,99.93178753457154,100.87189811048678,99.55861010927433,100.80014038085938,147865900
2008-05-13,101.04411936080506,101.10870459170532,100.27623622556428,100.81446838378906,159132200
2008-05-14,101.23787804424757,102.0488069859696,100.80011548529512,101.0225830078125,181910800
2008-05-15,101.216375287025,102.35743610765168,101.0656763722772,102.2856674194336,166927000
2008-05-16,102.52246315473772,102.52963564146918,101.62540954703852,102.37893676757812,204236800
2008-05-19,102.48664379710544,103.55593631754668,102.12064963525324,102.65888214111328,165664400
2008-05-20,102.09910869716484,102.14933803069717,101.18769869951326,101.82640075683594,178552100
2008-05-21,101.76892184811074,101.99138935997004,99.75234736917989,100.10399627685548,252724800
2008-05-22,100.06095730264306,100.59201705983168,99.75237607168908,100.11837005615234,170820400
2008-05-23,99.78822317035257,100.22598567091974,98.69023067637173,98.7763442993164,181376400
2008-05-27,98.89117335327224,99.75234246505698,98.69740674425388,99.5083465576172,168322900
2008-05-28,99.8743847815083,100.47002984391234,99.03474370328502,99.96768188476562,181288100
2008-05-29,99.84564784953504,101.1373961497065,99.80976351889466,100.4699935913086,173927200
2008-05-30,100.80735850669566,101.00112527010263,100.42700842135078,100.72124481201172,117362000
2008-06-02,100.34800899561915,100.36953740679932,99.03472116182115,99.68059539794922,181069900
2008-06-03,99.9676646118144,100.19730466044692,98.4821384567675,99.09931182861328,271965700
2008-06-04,98.81945173721888,99.867215471384,98.64722440309528,99.04910278320312,246637700
2008-06-05,99.45096516595244,101.10871869241876,99.26438193387683,101.02977752685548,237867100
2008-06-06,100.14703238554728,100.32644304515938,97.75728108547116,97.80751037597656,384276300
2008-06-09,98.21662608770258,98.67591719152496,97.17604587830104,98.0443878173828,228263900
2008-06-10,97.36260695499894,98.38884195430012,97.13296693056,97.5563735961914,260234900
2008-06-11,97.57790799085788,97.7860196179682,96.1139103126212,96.12109375,283890100
2008-06-12,96.59471352401135,97.50611188501836,95.81965808013638,96.487060546875,252791800
2008-06-13,97.00378247187594,97.97260469703758,96.4655503357552,97.70706939697266,244726900
2008-06-16,97.27650390059588,98.26684372370045,97.2119186632904,97.76449584960938,185832500
2008-06-17,98.36734292346785,98.4032163174286,97.1473409185976,97.29087829589844,191707700
2008-06-18,96.6593162385986,97.2549611121031,95.95602931882978,96.3435516357422,265893000
2008-06-19,96.2717714145262,97.0540103414672,95.80530800289556,96.46553802490234,304204900
2008-06-20,95.80852932481687,95.98883746236216,94.64013611516692,94.8997802734375,289275700
2008-06-23,95.26758806614782,95.368560165113,94.71224702440604,94.80599975585938,165096400
2008-06-24,94.51749715430904,95.52000963272307,93.89723692272776,94.61846923828124,267300600
2008-06-25,95.000765530863,96.21243110030105,94.65457694032884,95.065673828125,287853900
2008-06-26,94.17132726327246,94.78436824909988,92.37545448215326,92.48363494873048,297775000
2008-06-27,92.51971471959229,92.93803093768288,91.62538785881456,91.97879028320312,303423400
2008-06-30,92.23840806324888,92.97406816770209,91.81288360293222,92.3033218383789,258842600
2008-07-01,91.2503290646995,92.65673567320592,90.82480455151624,92.59182739257812,388622000
2008-07-02,92.887523345778,93.15438683850562,90.83922580800538,91.00511169433594,288064600
2008-07-03,91.67584980909956,91.67584980909956,90.14683515677248,91.09886169433594,239352500
2008-07-07,91.44505672037064,91.8417312391086,89.37511774999658,90.16847229003906,372427300
2008-07-08,90.14684216479982,91.87780114108922,89.5770678703822,91.76961517333984,375973700
2008-07-09,91.95715656949312,92.13025085290488,89.71412274159259,90.00261688232422,336729400
2008-07-10,89.74297849697022,90.7238553372122,89.12993184746111,90.37045288085938,436475700
2008-07-11,89.4111923338622,90.80317125449858,88.34376583149437,89.31742858886719,481124600
2008-07-14,90.34159013830543,90.51468440840736,88.27886461915145,88.50965881347656,322720800
2008-07-15,87.84611149035541,89.06499054581009,86.56231315280523,87.26190948486328,502502500
2008-07-16,87.59368139759046,89.8439286879233,87.34125113326635,89.40397644042969,371642900
2008-07-17,90.25503713578236,91.06281953931416,89.4977407885608,90.29830932617188,375490600
2008-07-18,90.99789315004736,91.17820125512516,90.2622385024593,90.8608627319336,267030100
2008-07-21,91.24315862344238,91.45231678556075,90.291131593927,90.91139221191406,222863000
2008-07-22,90.26223802540538,92.17350502964196,90.04586609942892,91.94271087646484,296904200
2008-07-23,92.23839398086616,93.14714267341378,91.99317765186407,92.44033813476562,311698400
2008-07-24,92.5629724384096,92.61346399370844,90.26945846925123,90.52188873291016,248634500
2008-07-25,90.79593890951472,91.2286772133214,90.27665074392029,90.50023651123048,219131000
2008-07-28,90.52189403289847,90.91856861256832,89.01451522296449,89.17318725585938,205201300
2008-07-29,89.418386056428,91.14933923402292,89.17316420464363,91.07721710205078,261505600
2008-07-30,91.67588601448232,92.7505266650712,91.07726157195056,92.70003509521484,354710000
2008-07-31,91.88504037718717,92.728886756578,91.32968815726348,91.47393798828124,277402100
2008-08-01,91.68306697034951,91.79846129591157,90.4858185150643,90.99068450927734,248690900
2008-08-04,90.90413154138616,90.9762536802263,89.98095495807274,90.14683532714844,188239600
2008-08-05,90.88971336787743,92.72164450036512,90.1324225765875,92.57740020751952,251577600
2008-08-06,92.33220443142632,93.2553813179892,91.94273815067608,92.98851776123048,209555400
2008-08-07,92.28891320430364,92.63510723730434,91.26476433980146,91.60374450683594,246312500
2008-08-08,91.29359089396893,93.70971262925852,91.14934112446696,93.30582427978516,260811700
2008-08-11,93.37799116923291,94.84930091868662,93.2048913730644,94.27232360839844,249425800
2008-08-12,93.96216086581283,94.26507716826568,92.84424838917477,93.29141998291016,213200800
2008-08-13,92.88753524276812,93.50779567577672,92.07975830866772,92.72887420654295,256393200
2008-08-14,92.20234345248149,93.9621521944405,92.1374351804746,93.42843627929688,239555300
2008-08-15,93.70972800698112,94.12083579059976,93.25535904182792,93.88282775878906,181000800
2008-08-18,94.07034657946082,94.10641040429428,92.07254054427122,92.59903717041016,172275100
2008-08-19,91.89943987413784,92.09417572219434,91.25754341696972,91.5893096923828,194673700
2008-08-20,91.8778032432409,92.28169166267482,91.1205069542353,92.01483917236328,225498200
2008-08-21,91.41621899692926,92.63510367770984,91.30803302186322,92.17351531982422,180609800
2008-08-22,92.80099998376596,93.50780487060548,92.17353112540796,93.50780487060548,167715300
2008-08-25,92.89473734804808,93.50777829834516,91.41620869475904,91.6109390258789,171936900
2008-08-26,91.6109572188399,92.22400929601592,91.29361863464057,91.87781524658205,159117200
2008-08-27,91.99320807806264,92.91638480268996,91.81289995207864,92.77214050292967,171032800
2008-08-28,93.24093834556464,94.00544304807484,93.11833013904268,93.8972625732422,167537100
2008-08-29,93.56548776666509,93.86119572854577,92.68558324920286,92.88752746582033,189195800
2008-09-02,93.7818618471142,94.2723056737196,91.9715667168692,92.310546875,252364900
2008-09-03,92.23118591308594,92.67835192665186,91.5460174189347,92.23118591308594,251947000
2008-09-04,91.57487750357156,91.762399465823,89.40396646741533,89.45445251464844,340042500
2008-09-05,88.92074240891715,90.11798532017316,87.99035196147554,89.73573303222656,289503400
2008-09-08,92.34660048324952,92.4908557811486,89.7357424672609,91.5893096923828,364075300
2008-09-09,91.66864203254868,91.85616400768592,88.56734584178218,88.8702621459961,377326800
2008-09-10,89.35348129488129,90.08192755714674,88.3870325233679,89.23087310791016,298916600
2008-09-11,88.0769111029894,90.68776911935728,87.7018671376387,90.52188873291016,375369400
2008-09-12,89.64197812209932,91.0267430475742,89.31021186928136,90.94019317626952,297851200
2008-09-15,87.72346057373541,90.62281677093014,86.46851822852804,86.61276245117188,483607000
2008-09-16,84.52844448734412,88.22115676728244,84.38420019231573,88.06248474121094,581744300
2008-09-17,86.28825408178601,87.88217721363442,83.6629682760866,84.10292053222656,624095600
2008-09-18,85.14150890001937,87.83891722845945,82.07627041233859,86.59839630126953,776114700
2008-09-19,91.9090906326799,92.85212221266944,89.46447189457683,90.03754425048828,501087800
2008-09-22,90.27692366909432,90.4945480424826,87.31001088277912,87.9991455078125,249966500
2008-09-23,87.6654499740579,88.51417498228685,85.80115388365951,85.99701690673828,327470400
2008-09-24,86.57734424231317,87.04886000757102,85.44571083322835,86.27267456054688,311818400
2008-09-25,86.61361745691778,88.4343910085529,85.91722723582147,87.62193298339844,328253000
2008-09-26,86.20013857592441,88.13697446428675,85.9680084941853,87.66545867919922,285917400
2008-09-29,86.42500597181538,86.57008518563714,80.49843098307848,80.79584503173828,459562300
2008-09-30,82.34099967560451,84.72759080607642,80.17928307945752,84.14000701904297,328154400
2008-10-01,83.61766266769264,84.64774481647086,82.66012564663203,84.19073486328125,332783000
2008-10-02,83.38554843924038,83.50161623803541,80.56371511043919,81.13678741455078,365337800
2008-10-03,81.86949586968028,83.74829875237295,79.56269965807108,80.04146575927734,461798000
2008-10-06,77.7273695486422,78.06831176095828,73.00496791915621,75.96463012695312,610637500
2008-10-07,77.5025143831977,77.85796795005939,72.28683958505631,72.56249237060547,540012100
2008-10-08,70.7417090106925,74.1221092814214,70.22667055334455,70.73445892333984,725414800
2008-10-09,72.29410401559656,72.99049445426289,65.46801773687083,65.79444885253906,534485200
2008-10-10,62.93632522631189,68.14474873029033,60.62953029202803,64.19853210449219,871026300
2008-10-13,68.09396964044468,73.52001190185547,65.25036946986474,73.52001190185547,455584000
2008-10-14,75.95013945916294,76.55222882551818,70.44430089985238,72.43191528320312,546268300
2008-10-15,70.69813698381486,70.94477814203334,65.07623500585909,65.30110931396484,484627500
2008-10-16,66.22242420562571,68.7468381720151,62.77673999243584,68.02143096923828,708811200
2008-10-17,66.73020619564325,71.51789256695136,66.4835704063175,67.61520385742188,476649000
2008-10-20,69.1675891185652,71.88786665758391,68.25357431581764,71.67749786376953,321294200
2008-10-21,70.34274679658607,71.55417565984365,69.07328402104324,69.53754425048828,356502000
2008-10-22,67.6079014821307,69.53748593941205,63.49484686665899,65.75086212158203,516168000
2008-10-23,65.49700227970769,67.06387860758858,62.2471763066556,66.5125732421875,634666400
2008-10-24,60.977722899708056,65.2286092164851,60.93420024197732,63.13943862915039,545812600
2008-10-27,62.36324792549236,64.93118966815616,60.716570744786246,60.89792251586914,397288600
2008-10-28,63.357071555369416,68.36238308201547,61.31867879311782,68.01419067382812,639939500
2008-10-29,68.02141638139568,70.48780144878057,66.80998794082106,67.52088928222656,531270100
2008-10-30,69.47948233909531,70.03079321479888,67.39031214849443,69.85669708251953,414582100
2008-10-31,68.97171782144612,71.50338739676938,68.53647460885226,70.24118041992188,411394000
2008-11-03,70.2048968652086,70.86501996968437,69.60280765584612,70.44428253173828,205419400
2008-11-04,71.85884573683886,73.16458109732679,70.15413967994854,72.83815002441406,346793400
2008-11-05,71.96039593925153,73.05576242045166,68.91368774734657,69.77692413330078,387844100
2008-11-06,68.5219723547169,69.23287393826742,65.33017915294725,65.91050720214844,477721900
2008-11-07,66.48356655718763,68.18827225672221,65.64934722588681,68.08671569824219,380391000
2008-11-10,69.06604103076322,69.29817118794296,65.95404247910957,67.19448852539062,301773000
2008-11-11,65.83795380884963,66.8390136731993,64.30734429528378,65.11979675292969,418498200
2008-11-12,64.0026702433745,64.52495870136588,61.746653741643485,62.25443649291992,454330600
2008-11-13,62.479294034651495,66.54157708463163,59.54864950718429,66.13534545898438,753141900
2008-11-14,64.85864896838787,66.78097328178333,62.76221743850392,62.83476257324219,540352300
2008-11-17,62.660659227149125,64.24204682359635,61.77566727166178,62.00054168701172,415254900
2008-11-18,61.76841725626465,63.27000977040434,60.14350686022189,63.168453216552734,523811800
2008-11-19,62.31977413088066,63.01616481368743,58.69998595732952,59.120723724365234,558327600
2008-11-20,58.12684529190006,59.85331702981476,54.4417829286781,54.73194122314453,814180400
2008-11-21,56.19002761509706,58.68542955756062,53.926755699763845,57.684364318847656,718536500
2008-11-24,59.42536410206686,63.10317885544304,58.29373049623371,61.68138122558594,523305300
2008-11-25,63.32803763228958,63.48037244854779,60.80361866499898,62.138370513916016,454112400
2008-11-26,61.15180999521705,64.6990496479714,61.10828181346439,64.53945922851562,370134200
2008-11-28,64.29283491623211,65.38094566161104,64.18402826922818,65.3519287109375,118308100
2008-12-01,63.48040296115435,63.50941992121039,59.38185005476106,59.56320190429688,369927100
2008-12-02,60.54973165832675,62.01505156847016,59.51239928162321,61.85546112060547,469508400
2008-12-03,60.498950195353295,63.712503707640295,60.31034280922979,63.34254455566406,519863500
2008-12-04,62.42852934519837,63.87209336857072,60.745585199974855,61.87722396850586,444173800
2008-12-05,60.68029690708942,64.14048587621387,59.65747037635217,63.785037994384766,471905300
2008-12-08,65.53324517002585,67.01307565003063,63.89382984898192,66.01201629638672,412859300
2008-12-09,65.55506421159498,66.83177716280763,64.54674843785304,64.92395782470703,370790000
2008-12-10,65.51878230642092,66.27320650718649,64.56124496206809,65.36644744873047,396187400
2008-12-11,64.95294752939805,66.01204115188065,63.37881556865163,63.79229736328125,365061000
2008-12-12,62.05855923708299,64.6119889553252,61.8046624079359,64.553955078125,415060400
2008-12-15,64.57574853289805,64.67005501388131,62.595389914100245,63.654483795166016,256694200
2008-12-16,66.65037536621094,66.7519318763333,63.96637239683773,66.65037536621094,377699500
2008-12-17,65.8959714697786,67.04937151699276,65.33015487599732,66.0047836303711,281819800
2008-12-18,66.30222381633288,66.49808133886452,63.988172915744215,64.77161407470703,374673300
2008-12-19,65.15847267652552,66.27004572424127,64.4198621521278,64.49299621582031,301451300
2008-12-22,64.77819510481254,64.84400906071781,62.5184877698634,63.666622161865234,243759500
2008-12-23,64.01033286762207,64.30285236009487,62.74519401324416,63.00846099853516,221625200
2008-12-24,63.220518890838,63.52766736331398,62.89143801667444,63.37409591674805,62061600
2008-12-26,63.79824933701212,63.842130882616566,63.25709196221087,63.73974990844727,74767700
2008-12-29,63.79822331977476,63.86404282166759,62.598899043443744,63.55690002441406,127795900
2008-12-30,63.99567135135736,65.12186710115812,63.53495161137318,65.06336212158203,168256300
2008-12-31,65.14386395853474,66.52601326915644,64.99029243283755,65.9921646118164,193987200
2009-01-02,66.13839167946247,68.33227900456438,65.70692427093356,67.98125457763672,227566300
2009-01-05,67.7399395043402,68.49317899351944,67.19878208221537,67.90082550048828,240349700
2009-01-06,68.4785594028112,69.07090739826009,67.77651588763393,68.35424041748047,328260900
2009-01-07,67.27920420709746,67.46934265076845,65.96286971913429,66.30657958984375,280899200
2009-01-08,65.93366324294156,66.61376330297664,65.57532411404634,66.57720184326172,263834400
2009-01-09,66.66492592512269,66.78193034856243,62.42340817306018,65.15113830566406,330953600
2009-01-12,64.96830327863442,65.01949933062738,63.19126019406955,63.58615493774414,277858500
2009-01-13,63.425295602855456,64.26628142094455,63.0377040907888,63.70318603515625,356432300
2009-01-14,62.555047171570216,62.70861862930431,60.81456507123927,61.69943237304688,435491600
2009-01-15,61.51660495020167,62.34296719893745,59.76149390732462,61.72136688232422,532647300
2009-01-16,62.78906034902568,62.88412679826915,60.73412085411626,62.20402145385742,399237200
2009-01-20,61.59704299647422,62.20401422393383,58.54022656216746,58.92049789428711,419855200
2009-01-21,59.92239992140401,61.604377483154806,58.84739383881433,61.46543502807617,364360700
2009-01-22,60.27342618512007,61.45812793390747,59.35930601519525,60.51475524902344,427940300
2009-01-23,59.16185153640848,61.42155365188808,58.920522500965205,60.77801513671875,386800600
2009-01-26,61.12901232587404,62.423408996867416,60.558602503135575,61.19483184814453,317978800
2009-01-27,61.523902127682135,62.26982682847196,60.91693096761344,61.81642150878906,273789700
2009-01-28,63.18394354069778,64.31744841946342,62.94261464378288,63.90792465209961,330007000
2009-01-29,62.971862557701726,63.98104844501196,61.772538258228415,61.8310432434082,294392500
2009-01-30,62.145517784900406,62.45266067318892,60.119825351641325,60.5732307434082,383383600
2009-02-02,59.6518047896284,60.82919160437873,59.46166629835303,60.39041519165039,288233300
2009-02-03,60.77070613102615,61.692140799513815,60.12716755743367,61.23873519897461,278385800
2009-02-04,61.64823102750531,62.43071721965151,60.72679686407123,60.938873291015625,322989300
2009-02-05,60.47816266115707,62.37222175434599,56.84362708761667,61.84568786621094,417679400
2009-02-06,62.0577669232033,63.8713775256452,61.926133445659566,63.60811614990234,366101700
2009-02-09,63.59349608702229,64.16390604379924,63.12546711841836,63.69587707519531,240075200
2009-02-10,63.08890775250333,63.64469431249045,60.295357065832185,60.77801513671875,536212800
2009-02-11,61.026668432298514,61.465450635721645,60.258810735003,61.1363639831543,324442500
2009-02-12,60.09057534001688,61.29721454181061,59.27152760398757,61.18021011352539,469302200
2009-02-13,61.09975796390064,61.60434820292368,60.50740465297461,60.52203369140625,293998400
2009-02-17,58.62068180012544,60.668306964765385,57.89669484473837,57.93326187133789,478910100
2009-02-18,58.35009024226359,58.45978572379113,57.24583206574924,57.79430389404297,362964800
2009-02-19,58.38665864208479,58.61336415208688,57.05570040330078,57.17271041870117,316867500
2009-02-20,56.11231503166547,57.28969583961336,55.41026633097084,56.61690521240234,477176600
2009-02-23,57.238523510835336,57.238523510835336,54.54735456971152,54.59123611450195,379641400
2009-02-24,55.05926505629106,57.00450911038862,54.6277976047836,56.66080474853516,426260900
2009-02-25,56.41214999077702,57.34820759639059,55.30789191883753,56.21470260620117,461985800
2009-02-26,56.90943512093846,58.26233114445042,55.23476718158918,55.30058670043945,363353900
2009-02-27,54.12320226709684,55.35177940128531,53.97693976341724,54.064697265625,470510900
2009-03-02,53.03357278210483,54.05738809173854,51.46129116229884,51.629486083984375,426452600
2009-03-03,52.36810160578257,52.43391556090944,50.927447741657566,51.24190521240234,443761000
2009-03-04,52.09018943994933,53.28951380976733,51.24188384311363,52.45583724975586,462753100
2009-03-05,51.2638257139606,52.45584123527695,49.85242483769742,50.31314468383789,485549400
2009-03-06,50.75193005091294,51.51978729958589,49.06994746542019,50.40090560913086,490470000
2009-03-09,49.691549406862606,51.1907080898017,49.53066901094396,49.80855941772461,379905300
2009-03-10,50.832367064666336,52.92387327042984,50.72998611020325,52.777610778808594,406227900
2009-03-11,53.38459338078598,53.933065230588575,52.528978634136536,53.1213264465332,356648300
2009-03-12,53.10671082822512,55.39566501086911,52.63136737232886,55.21284103393555,409702700
2009-03-13,55.58578769370285,56.295145415072206,54.64973009082743,55.644287109375,337474700
2009-03-16,56.280536811563465,57.0191472986229,55.439545335724944,55.476112365722656,360644900
2009-03-17,55.629675711512434,57.3043438963543,55.17627027085285,57.17271041870117,356814300
2009-03-18,56.90211989070961,59.1618266343941,56.360962603930695,58.45246887207031,473273200
2009-03-19,59.18376591832813,59.23495639821456,57.54566498261848,57.72848892211914,428520400
2009-03-20,58.00912638108466,58.11960704685476,56.36666138547877,56.49923706054688,371078200
2009-03-23,57.99437565199673,60.60905962627847,57.677667499781855,60.55750274658203,419933300
2009-03-24,59.83569761376868,60.66061326410451,59.29803384270832,59.36431884765625,330271000
2009-03-25,59.82834361396379,60.91103816101046,58.23006899643248,59.99037551879883,441775100
2009-03-26,60.57962660673065,61.35298578984817,59.89465309631491,61.21304321289063,422025200
2009-03-27,60.43230951505375,60.78584088974786,59.88727308187384,60.10823440551758,322332300
2009-03-30,58.77510502279118,58.826661905717465,57.41988669843354,58.03120803833008,324108500
2009-03-31,58.59833242247788,59.71786131104597,58.22270612079027,58.5688705444336,364238300
2009-04-01,57.839693756179166,59.96826477682305,57.69239001979419,59.7031135559082,377018300
2009-04-02,61.1909155673655,62.317805601774864,59.75467865311037,61.44869995117188,476230700
2009-04-03,61.49292320870492,62.07478291497293,60.88896848891604,62.060054779052734,284646300
2009-04-06,61.38242178565597,62.07476194492367,60.60906847727325,61.57392120361328,264866600
2009-04-07,60.57959311967852,60.87420624654776,60.03456248750114,60.13767623901367,258947800
2009-04-08,60.43965759414904,61.08780767190634,60.05666441852045,60.78582763671875,230402800
2009-04-09,62.36200857678788,63.20901940200464,62.11159101450915,63.20165252685547,269653500
2009-04-13,62.54612842307809,63.73930908744735,62.2957109116366,63.21637344360352,224847500
2009-04-14,62.6271798623042,63.16484953408005,61.9274782205268,62.12633895874024,276598800
2009-04-15,61.75065202919542,62.914370391989,61.58125333215555,62.789161682128906,250726100
2009-04-16,63.29002461149128,64.18859213168363,62.43564709416803,63.70984649658203,335202900
2009-04-17,63.95291427645527,64.55686877471553,63.4447066747595,64.13704681396484,262649000
2009-04-20,63.00277874690501,64.11494065335891,61.38240932717702,61.44869995117188,293690100
2009-04-21,60.999409282857584,62.700791642653314,60.94785241193279,62.64923477172852,114090900
2009-04-22,62.08212190271995,63.59200521424961,61.92008438398594,62.26625442504883,340395200
2009-04-23,62.39148129687448,62.91441713772486,61.59602722095548,62.87759399414063,324903700
2009-04-24,63.36368779328331,64.3064454845303,63.11327023998044,63.82770538330078,287703000
2009-04-27,63.10589773277472,64.08548409173824,63.002783970702616,63.22373962402344,289581600
2009-04-28,62.58295495037144,63.776129953104814,62.42828432480518,63.02487182617188,247926300
2009-04-29,63.72458842731423,65.07980687471657,63.56255650860506,64.36537170410156,311505700
2009-04-30,65.21974139519858,65.56590581559539,64.01919375808778,64.38745880126953,301419800
2009-05-01,64.40219103597445,64.96931671666107,63.871888487173294,64.73362731933594,236110300
2009-05-04,65.21976352606565,66.98007058025291,65.0945490982434,66.93587493896484,287120000
2009-05-05,66.70753479003906,66.9726860909155,66.16986531346208,66.70753479003906,243036300
2009-05-06,67.52505043022815,67.90804344320512,66.73696379069031,67.86385345458984,291941000
2009-05-07,68.50466039520646,68.60777415096527,66.49393091935302,66.9211196899414,317728000
2009-05-08,67.78288256556932,68.65935542016558,67.34833238610813,68.48258972167969,299081700
2009-05-11,67.53981486422457,67.84179493351672,67.05370787028603,67.20101165771484,247923600
2009-05-12,67.48824311737802,67.63555249165209,66.17722059236816,67.00213623046875,282431300
2009-05-13,66.09621856577712,66.29508486654707,65.1829226912973,65.31549835205078,269619100
2009-05-14,65.34494921642096,66.37609244627612,65.18291170067934,65.87525177001953,260098700
2009-05-15,65.82369801955939,66.28770996638372,64.92513038537491,65.33758544921875,271502700
2009-05-18,65.95628588137758,67.27467007883746,65.23448376667231,67.19365692138672,241447400
2009-05-19,67.15680749573795,67.73866688626173,66.88428936520562,67.11261749267578,206102200
2009-05-20,67.72395268078328,68.35000787429539,66.58970106686003,66.6633529663086,285722200
2009-05-21,65.88997356568271,66.14039668937951,65.00613980749189,65.70584106445312,258988400
2009-05-22,65.88997006367508,66.28769691950544,65.31547758945713,65.5658950805664,166811900
2009-05-26,65.07979341134664,67.43668724192618,65.05033153605463,67.24519348144531,236318500
2009-05-27,67.34831631198868,67.57663885217556,65.9415410784116,66.0446548461914,246015800
2009-05-28,66.62649841195507,67.2746427431597,65.62481723328038,66.96530151367188,289095000
2009-05-29,67.33360441227879,69.0128927402215,66.78857351725614,68.15115356445312,258641500
2009-06-01,68.9907747211085,70.09556989677417,68.81400906640006,69.80095672607422,276246800
2009-06-02,69.52844983747235,70.24288500829654,69.40324105600071,69.8598861694336,230874500
2009-06-03,69.26332062993372,69.32960566976945,68.32056260150706,68.97607421875,235310500
2009-06-04,69.23381604676456,69.72728976996062,68.71824732391461,69.62417602539062,210102300
2009-06-05,70.33127353279583,70.46384920545806,69.08654120426262,69.6389389038086,284257900
2009-06-08,69.11597431085072,70.04400370852619,68.52675366700322,69.35166931152344,238565100
2009-06-09,69.74205947748916,70.07349588175386,69.24857988055922,69.70523071289062,225125500
2009-06-10,70.323888520688,70.3312497749804,68.63723410684393,69.52843475341797,296100400
2009-06-11,69.66101055290149,70.78790058300436,69.64627680572423,69.83777618408203,275414200
2009-06-12,69.5284485100019,70.07347925721545,69.23383532095052,70.02928924560547,184361800
2009-06-15,69.20437281648923,69.248562827701,68.05538757074994,68.42365264892578,224190500
2009-06-16,68.66670655737249,68.71089656704504,67.4514307178665,67.49562072753906,227319000
2009-06-17,67.466152049714,68.0038214634269,66.89902637870688,67.42932891845703,223445200
2009-06-18,67.53245332313821,68.25424974548207,67.20837824902833,67.92281341552734,211725100
2009-06-19,68.57315332318925,68.66203259955768,67.78801725879445,68.17317962646484,215655600
2009-06-22,67.50657669111315,67.54361350119527,66.1066711655712,66.12889099121094,251913600
2009-06-23,66.26961003238638,66.57329033675806,65.81037967948131,66.18072509765625,188309800
2009-06-24,66.78064300085505,67.46207674959388,66.36585257252027,66.75101470947266,211577700
2009-06-25,66.4177520323639,68.26947929311468,66.34368407213849,68.20281982421875,279411000
2009-06-26,67.9731686726774,68.32129413219415,67.60282340102476,68.02501678466797,167579000
2009-06-29,68.22500549060965,68.75089509125559,67.84725173625091,68.6620101928711,168481300
2009-06-30,68.67684903398687,68.92868118305947,67.60284402788349,68.10651397705078,228888200
2009-07-01,68.39538806900607,69.05460810220642,68.29910029612279,68.38798522949219,173041100
2009-07-02,67.49912699899235,68.41017885130361,66.48438457399386,66.52141571044922,212309900
2009-07-06,65.8770359705116,66.61031821800469,65.66964346827291,66.51403045654297,174499600
2009-07-07,66.44736825587607,66.52884469260547,65.18078771811267,65.22522735595703,197088900
2009-07-08,65.6177909637124,65.77334099442866,64.44009538130327,65.1807861328125,248050500
2009-07-09,65.6326150638999,65.84741608326432,65.11413374200139,65.30670928955078,163777600
2009-07-10,64.95857239936728,65.54371873292001,64.69933178349496,65.15115356445312,173520300
2009-07-13,65.41039942924374,66.78808469960069,64.87710117607047,66.73623657226562,217413500
2009-07-14,66.94360659091538,67.17322449284606,66.46216227784754,67.11396789550781,181487400
2009-07-15,68.0027928717131,69.26197011001129,67.16581464261833,69.07679748535156,220877900
2009-07-16,68.88423706956523,70.00268164083028,68.7509125137123,68.96571350097656,231174500
2009-07-17,69.66935854720485,69.86193969245521,69.28420190772516,69.72120666503906,138561700
2009-07-20,70.12857508830388,70.58039673457621,69.76563833427228,70.46188354492188,164179400
2009-07-21,71.0099977937745,71.03221760383666,69.93599321560505,70.78778839111328,217718300
2009-07-22,70.33598456612586,71.2025912841833,70.28413644584091,70.77299499511719,196068100
2009-07-23,70.81743544208052,72.64694230195252,70.75817883220921,72.33585357666016,258795500
2009-07-24,71.99510873382538,72.6913595579395,71.61736067697247,72.6321029663086,154003100
2009-07-27,72.49877554189962,72.88393772097456,72.09880204102308,72.8469009399414,159259400
2009-07-28,72.33580896623839,72.86169833972552,71.89139031730357,72.50616455078125,186685200
2009-07-29,72.17291629715271,72.65436081592556,71.8321991934111,72.32846069335938,194399300
2009-07-30,73.20246708814676,73.94315782711166,73.0321057317352,73.08395385742188,225575400
2009-07-31,73.06916023825498,73.67652656536762,72.86917052569237,73.18766784667969,207358000
2009-08-03,73.9579633148735,74.46163320363496,73.55798966929632,74.39497375488281,175776900
2009-08-04,74.06167276226385,74.69125882270711,73.90612836975593,74.58756256103516,176714600
2009-08-05,74.63937744461998,74.70604252658387,73.75795961302583,74.37273406982422,184726400
2009-08-06,74.7134739870819,74.82457307281665,73.63946906646558,73.98759460449219,193203800
2009-08-07,74.76531025676557,75.57266029054863,74.3579281702562,74.9578857421875,220640900
2009-08-10,74.61718783906208,74.97272190107515,74.26906226715946,74.80236053466797,130898700
2009-08-11,74.46904488783463,74.52089301165132,73.66909756235839,73.86908721923828,157301000
2009-08-12,73.74315306731803,75.22453424199952,73.70612192856342,74.66161346435547,219052400
2009-08-13,75.00234416621338,75.26158478896552,74.26165344348054,75.2319564819336,176449500
2009-08-14,75.19490628895926,75.25416289246618,73.84684963979085,74.65420532226562,199616100
2009-08-17,73.21726486288833,73.29133279286938,72.6691553998035,72.81729125976562,237667500
2009-08-18,72.9802194836372,73.65425041649469,72.84689499422687,73.39500427246094,173461500
2009-08-19,72.81726562966053,74.29124347727308,72.74319772574978,74.0394058227539,192812800
2009-08-20,74.13573770028233,74.97272190107515,73.9727904750078,74.80236053466797,174131300
2009-08-21,75.4171179345112,76.3874208285055,75.26898207242782,76.26891326904297,224605000
2009-08-24,76.579986995282,76.99477184882358,75.98743236077706,76.26148986816406,191279000
2009-08-25,76.56518178366522,77.22439590038378,76.24668463112545,76.40963745117188,215310600
2009-08-26,76.17260874123062,76.7651634050126,75.91336819495854,76.41703796386719,194620700
2009-08-27,76.37258619477984,76.82440778257126,75.50597979892515,76.58738708496094,196230100
2009-08-28,77.20218523207635,77.29106448915869,76.04670403081762,76.57259368896484,147024400
2009-08-31,75.82449961535202,75.98004396499162,75.39489770624024,75.89115905761719,176051600
2009-09-01,75.51340987675555,76.46890149805554,74.06165687377126,74.21720123291016,321276800
2009-09-02,73.90610930688166,74.394967829547,73.75056495449385,73.93573760986328,171805000
2009-09-03,74.36536439208943,74.63941639701744,73.76540094538863,74.550537109375,143572300
2009-09-04,74.69863668345634,75.61709133209722,74.4764329214249,75.5948715209961,142687900
2009-09-08,76.29112846850617,76.32816525729717,75.83930677015474,76.24668884277344,132909100
2009-09-09,76.38004153834646,77.09110406739809,76.14302069532926,76.83186340332031,154612500
2009-09-10,76.88368415856141,77.66881436191152,76.45408226762542,77.6169662475586,162902400
2009-09-11,77.76509515053182,77.99471305158511,77.2392055659597,77.60214233398438,152360100
2009-09-14,76.94295880556105,78.11325163395782,76.40225768236742,77.97992706298828,149593800
2009-09-15,78.10580418000771,78.59466258003312,77.59473162209515,78.30579376220703,196795900
2009-09-16,78.58725488752368,79.5057094547385,78.31320304021244,79.49089813232422,206406300
2009-09-17,79.37981647309967,80.03903070673334,78.93540320843962,79.3724136352539,229170900
2009-09-18,79.74303367261004,79.75047744932367,79.15510022686878,79.42301940917969,153799100
2009-09-21,78.80531577109737,79.6313989622303,78.63414865390791,79.22207641601562,151892000
2009-09-22,79.6909612348834,79.90678539739913,79.33373366432022,79.68351745605469,143126700
2009-09-23,79.86953448544196,80.39792897410366,78.87972245214723,79.02112579345703,225947400
2009-09-24,79.19231318080465,79.36348029910826,77.80806596924386,78.15040588378906,228636800
2009-09-25,77.97923611699359,78.41088433477385,77.46572338625712,77.733642578125,204059000
2009-09-28,78.03131819640998,79.29649320893671,78.01643632286985,79.12532043457031,118285800
2009-09-29,79.26673727923782,79.64628473747102,78.7234551165635,78.8871841430664,133733900
2009-09-30,79.15513648853378,79.22955725594896,77.86019696609992,78.58208465576172,254383000
2009-10-01,76.65449727499399,78.68621606028321,76.61728408281233,76.63217163085938,281840600
2009-10-02,75.92519491424873,76.72895253264447,75.90286926006083,76.27497863769531,224748800
2009-10-05,76.58009875692824,77.636887857025,76.35683089502042,77.41361999511719,149875000
2009-10-06,77.97180358493225,78.96905976024875,77.92715227249415,78.52252960205078,202491100
2009-10-07,78.34390159690358,78.82020679800698,78.19506012514127,78.73834228515625,159200300
2009-10-08,79.29650470083072,79.75791666062831,78.77554820443147,79.34115600585938,183305800
2009-10-09,79.36348772251536,79.82490539550781,79.1551073792086,79.82490539550781,135008300
2009-10-12,80.19701292189676,80.44260079058697,79.83978542880621,80.1374740600586,118031000
2009-10-13,79.92164454292045,80.15979429623955,79.4527888129935,79.97373962402344,157692700
2009-10-14,80.91144628755966,81.43239703115077,79.94395984610497,81.35053253173828,191421600
2009-10-15,80.95612302944897,81.64824676513672,80.91891549489142,81.64824676513672,173873600
2009-10-16,80.97096404853107,81.32074192644882,80.5467597883958,81.0379409790039,192069400
2009-10-19,81.17194809049289,81.96081823849845,80.91891641205304,81.7077865600586,159530400
2009-10-20,81.82685865385405,81.85662808861284,80.88170323150344,81.27613830566406,180921100
2009-10-21,81.14956027786204,82.0947149758984,80.48720647640263,80.54674530029297,225379300
2009-10-22,80.51701631620878,81.62590049775062,80.00350363870405,81.36542510986328,238444000
2009-10-23,81.63334258389744,81.68543766039637,80.1002483593305,80.43515014648438,240033200
2009-10-26,80.52445199627616,81.35053511443786,79.34114712200731,79.56441497802734,242028200
2009-10-27,79.65368830388746,79.92160736147135,79.00622197967256,79.19971466064453,253266300
2009-10-28,78.99883482326923,79.24442841505557,77.6592385752887,77.70389556884766,248821400
2009-10-29,78.28436727702272,79.52721114978044,78.09831260105523,79.37092590332031,198110600
2009-10-30,79.11045244966601,79.34860221367846,76.98198644970674,77.0712890625,325608100
2009-11-02,77.49546039474137,78.44806472169967,76.71403447699755,77.6368637084961,254222900
2009-11-03,77.20526541455884,77.99414129237516,77.05642390897661,77.88250732421875,228362600
2009-11-04,78.52250408580956,79.13276309522614,77.88247565179496,78.08341217041016,247996700
2009-11-05,78.63415136029846,79.54209341398548,78.47042233617745,79.51976776123047,180015300
2009-11-06,79.08065249192164,79.92906105357602,78.92436730192594,79.72811889648438,170954100
2009-11-09,80.33840061391561,81.58868816708177,80.27886743743163,81.54403686523438,159495700
2009-11-10,81.35053388367088,81.8119514627606,81.09750228341794,81.55891418457031,171899800
2009-11-11,82.09478007207534,82.47433327792044,81.58127292316178,81.9757080078125,169466200
2009-11-12,81.86405150733549,82.28825591075599,80.93377819475214,81.14215850830078,157144500
2009-11-13,81.35059465665269,81.93108469365274,80.93383374351247,81.58130645751953,150963000
2009-11-16,82.14684645891487,83.12177667920642,82.10219516016193,82.7645492553711,210922200
2009-11-17,82.54874995465691,82.89853370769225,82.23617941370836,82.86132049560547,147134100
2009-11-18,82.8017507459914,82.92826652652364,82.28823817120742,82.80918884277344,156486800
2009-11-19,82.24360761391809,82.83897914896401,81.21658220541786,81.73009490966797,208734600
2009-11-20,81.30585218063824,81.68540511702417,81.12724137207701,81.43981170654297,134196000
2009-11-23,82.39989109806139,83.15899163439109,82.31058281463646,82.47431182861328,148010200
2009-11-24,82.60827385478139,82.7571153202815,81.87149894806137,82.600830078125,138420100
2009-11-25,82.7347822766889,82.9803757829668,82.47430689636573,82.89106750488281,109564800
2009-11-27,80.6733024115841,82.10220085007752,80.59143790623875,81.54403686523438,126001800
2009-11-30,81.47707228344854,82.01290502078793,80.46493431635439,81.81941223144531,160874800
2009-12-01,82.5487362309606,83.09946215300415,82.40733854000393,82.83154296875,159613700
2009-12-02,82.81664480233586,83.35992687799067,82.5487256524153,82.79431915283203,132315100
2009-12-03,83.01758299066171,83.48643864138946,82.07986601126916,82.14684295654297,167324900
2009-12-04,83.233396826476,83.6352755099566,81.89380689281069,82.6156997680664,274907800
2009-12-07,82.54131280482969,83.00272484355928,82.22873658234369,82.48921203613281,127973800
2009-12-08,81.89381335030969,82.43708973489913,81.32076186318488,81.57379913330078,169863700
2009-12-09,81.5514844090069,81.99801448192252,81.13471808673945,81.87893676757812,155063400
2009-12-10,82.38500622362885,82.69758238680947,82.19895155223136,82.3403549194336,138014600
2009-12-11,82.69013977050781,82.87619444451617,82.3180304224911,82.69013977050781,124854000
2009-12-14,83.25572204589844,83.35246840266589,82.7049962915524,83.25572204589844,107141500
2009-12-15,82.95062367445684,83.2929636283426,82.60828372057108,82.86875915527344,120408800
2009-12-16,83.2036481394631,83.44923598108672,82.80920748171101,82.9952621459961,155358200
2009-12-17,82.39989513561927,82.55618038081748,81.9235956232234,81.99801635742188,183390100
2009-12-18,82.45442258201373,82.52924967591947,81.76605670272498,82.46190643310547,174591200
2009-12-21,82.87343096079776,83.57675881972058,82.87343096079776,83.29991912841797,118039600
2009-12-22,83.47948624370508,83.77877746866166,83.37473517124607,83.59920501708984,91707500
2009-12-23,83.8012456460656,83.8835508975771,83.42713294228852,83.76383209228516,111783100
2009-12-24,83.94338388810826,84.25015324025938,83.80121927868174,84.16036987304688,39677500
2009-12-28,84.47463133401439,84.54196886600705,84.04065932170961,84.33995056152344,87508500
2009-12-29,84.55696552088872,84.57192751917505,84.21278247522781,84.22026062011719,80572500
2009-12-30,83.97332730528892,84.28758055890684,83.92842990583924,84.1903076171875,73138400
2009-12-31,84.37736029676735,84.39981184977555,83.34481149011314,83.3822250366211,90637900
2010-01-04,84.07806831897445,84.84125551613299,83.43459418616192,84.7963638305664,118944600
2010-01-05,84.74399617837582,85.05824942358781,84.43722107578378,85.02083587646484,111579900
2010-01-06,84.93852385905105,85.29019062331284,84.87118632981218,85.0806884765625,116074400
2010-01-07,84.92356498033823,85.5445933013371,84.68413313120084,85.4398422241211,131091100
2010-01-08,85.21535830233005,85.7615651506607,85.04326972181128,85.72415161132812,126402800
2010-01-11,86.10578033598838,86.14318818085562,85.47726803204701,85.84390258789062,106375700
2010-01-12,85.27522954749925,85.4548020025721,84.71406063045438,85.04328155517578,163333500
2010-01-13,85.26026615785628,86.00101327593866,84.82629984519355,85.76158142089844,161822000
2010-01-14,85.66429412844744,86.15064160801579,85.61191859732499,85.99351501464844,115718800
2010-01-15,85.84389653821688,85.92619607452762,84.69910696262609,85.02832794189453,212283100
2010-01-19,85.01334185342184,86.1431576966123,84.9908903042385,86.09078216552734,139172700
2010-01-20,85.50718521398944,85.63438214322741,84.53449576225056,85.21537780761719,216490200
2010-01-21,85.23782033052545,85.49969803007428,83.47200825855937,83.5767593383789,344859600
2010-01-22,83.20266636299894,83.60670878425232,81.62391023326165,81.71369934082031,345942400
2010-01-25,82.46192671541839,82.61157523153157,81.86334977648721,82.13270568847656,186937500
2010-01-26,81.81095139979378,82.65644964056212,81.5864872353422,81.78850555419922,211168800
2010-01-27,81.68374279121093,82.36463045560174,81.05523637039343,82.17757415771484,271863600
2010-01-28,82.44696772957587,82.49185943179597,80.74101454312304,81.2348403930664,316104000
2010-01-29,81.5864863225913,82.15513914148427,80.22471652286497,80.35191345214844,310677600
2010-02-01,80.92057358135591,81.60893954043578,80.43422595712318,81.60145568847656,187865000
2010-02-02,81.75109504519604,82.74623032126817,81.46676578759902,82.58910369873047,216327900
2010-02-03,82.21498199218911,82.66392167392182,81.93814232475981,82.17757415771484,172730700
2010-02-04,81.5415830450028,81.57899087909098,79.62612269262704,79.6410903930664,356715700
2010-02-05,79.73088274524953,79.97031460271101,78.24939991111465,79.80570983886719,493585800
2010-02-08,79.86556647053058,80.30702236344926,79.16971671713799,79.22957611083984,224166900
2010-02-09,80.15738056525967,80.9205736273526,79.51390630055641,80.22472381591797,337820500
2010-02-10,80.09751087012472,80.50903130978284,79.39417734726553,80.06758117675781,240511500
2010-02-11,79.96284171182765,80.99539059459958,79.49893996005733,80.90560150146484,223591600
2010-02-12,80.05262559391284,80.8831561579253,79.69348063615436,80.83826446533203,304622100
2010-02-16,81.45180095836841,82.19254235554693,80.67364601538563,82.11023712158203,159317500
2010-02-17,82.50680675664975,82.611563557379,82.11024823487658,82.49932861328125,168845100
2010-02-18,82.36465119109374,83.15776826708161,82.33472149087635,82.98567962646484,193708600
2010-02-19,82.76867837638405,83.47949007332221,82.57413821496195,83.15775299072266,222684900
2010-02-22,83.46455987942736,83.48700573189204,82.92583658624419,83.1727523803711,132346900
2010-02-23,82.94824400896994,83.20263783038648,81.9456192981689,82.16260528564453,207497000
2010-02-24,82.4095263177648,83.05300047179428,82.2000241668725,82.91831970214844,176350700
2010-02-25,81.73612138688128,82.8659430668057,81.51165724611508,82.80608367919922,259634700
2010-02-26,82.88092057887437,83.14280402156395,82.3870948099157,82.85847473144531,173589300
2010-03-01,83.20266337483011,83.80124598670935,83.18021752587335,83.71894073486328,147709700
2010-03-02,84.07809988783858,84.35493966411819,83.80125440305153,83.95089721679688,160992400
2010-03-03,84.16784707071392,84.52699766105123,83.8161803303954,84.02568817138672,150785000
2010-03-04,84.13792571012254,84.39980911016605,83.823672480277,84.28009033203125,135770400
2010-03-05,84.82632013797634,85.55209401920357,84.62429607253118,85.48475646972656,176118800
2010-03-08,85.49222431074335,85.68675877846967,85.35005967713059,85.49970245361328,114631200
2010-03-09,85.24531008900948,86.03842709360772,85.20041839697745,85.6418685913086,154556700
2010-03-10,85.67928504714145,86.25541604562089,85.60446365504762,86.02346801757812,186088800
2010-03-11,85.82144512479061,86.4050656913256,85.55956739471449,86.38261413574219,160791100
2010-03-12,86.75676570522674,86.77173341565947,86.15070472840678,86.39013671875,162074800
2010-03-15,86.2404632305994,86.47241128333222,85.74663171490214,86.41255187988281,146816800
2010-03-16,86.65198182365823,87.1832211731057,86.41254992378745,87.10092163085938,168673000
2010-03-17,87.36278601338529,87.90150913279969,87.10838644765919,87.61717987060547,177468100
2010-03-18,87.62465642111796,87.74436948851027,87.22061411522124,87.57228088378906,196509100
2010-03-19,87.12902069091797,88.12074509819351,86.79092930742907,87.12902069091797,226641100
2010-03-22,86.63316184719258,87.75261280353222,86.58057061469447,87.59483337402344,184477800
2010-03-23,87.72257932783486,88.28605940056656,87.43707908916075,88.21092987060547,182941600
2010-03-24,87.88035024140781,88.22595065375549,86.83603433200499,87.78267669677734,196072600
2010-03-25,88.3761773326104,88.78188351117642,87.53471776107797,87.63990020751953,223396300
2010-03-26,87.80518270962669,88.21839779831615,87.24170289885765,87.5873031616211,205808500
2010-03-29,88.03057528610812,88.30104606640892,87.6699514003826,88.14327239990234,134513500
2010-03-30,88.24845332195432,88.52643876691637,87.8352382211879,88.20337677001953,145772500
2010-03-31,87.8652796778792,88.29352408924247,87.60983825763329,87.90284729003906,161078700
2010-04-01,88.50389099121094,88.84197655845922,87.97797310303152,88.50389099121094,161215200
2010-04-05,88.84199078369672,89.28525885315375,88.59405827094268,89.22515869140625,105847600
2010-04-06,88.96974226474107,89.5933282310476,88.87207445262693,89.43555450439453,110384200
2010-04-07,89.25523650477454,89.67596641428983,88.5114387592906,88.9246597290039,184576300
2010-04-08,88.61659494574815,89.38293074731047,88.35363883031536,89.232666015625,158704000
2010-04-09,89.42049780536206,89.85625695444412,89.25521518896443,89.81869506835938,133006500
2010-04-12,89.93141097195483,90.19437290629445,89.8262284910251,89.96146392822266,110279000
2010-04-13,89.87128668469558,90.1868340428435,89.405474585515,90.02906036376953,125043600
2010-04-14,90.3596131910044,91.05081939697266,90.21686888069544,91.05081939697266,161609000
2010-04-15,90.90053663060677,91.33629560755102,90.87048369440252,91.1259307861328,144615300
2010-04-16,90.80290890697776,91.12597094854377,89.21765164859735,89.67594909667969,366786700
2010-04-19,89.41301900604653,90.10421984873932,89.00731266828797,90.0140609741211,217947800
2010-04-20,90.57749143875432,90.89304446109794,90.05909395664256,90.81790924072266,157708000
2010-04-21,90.87053042367592,91.08090108528664,90.14927677991102,90.65265655517578,192910100
2010-04-22,90.01403077621713,91.03580808437532,89.49563318411737,90.92311096191406,115360300
2010-04-23,90.86299917106494,91.5541996934294,90.63009028591048,91.51663208007812,177335500
2010-04-26,91.54671197081808,91.74956797140408,91.08090552742668,91.17105865478516,143457300
2010-04-27,90.64513483498892,91.16353244774676,88.84199799979535,89.01480102539062,355853300
2010-04-28,89.44306740117098,89.91638857173423,88.85704334407289,89.69099426269531,300674100
2010-04-29,90.2319076882038,90.99072884290077,90.20936941077944,90.80290222167967,193775000
2010-04-30,90.8179611468794,90.91563469638668,89.24021806146713,89.26275634765625,270000900
2010-05-03,89.69097809402642,90.66767894777048,89.55574267938516,90.41974639892578,182747900
2010-05-04,89.41303044286924,89.42805405788611,87.842796134843,88.2935791015625,360353400
2010-05-05,87.57225215941648,88.50387600980166,87.12898423596857,87.76759338378906,328973200
2010-05-06,87.34689156550763,87.90285674680571,78.88717913174871,84.85255432128906,647356600
2010-05-07,84.62716345225029,85.4761377312255,82.20044667432353,83.59036254882812,637558800
2010-05-10,87.00881240576767,87.63991290788655,86.33264107551679,87.27177429199219,396159600
2010-05-11,86.45280935992574,88.17330134836055,86.33260334140375,87.0238037109375,317849800
2010-05-12,87.36943892534173,88.36867800724123,87.21917417692785,88.24095153808594,235607100
2010-05-13,88.00053195595174,88.41375284101133,87.0689134620157,87.14404296875,234452500
2010-05-14,86.49037813660675,86.64815176231073,84.79993906290595,85.56626892089844,345601400
2010-05-17,85.79919288137322,86.03961071212542,83.9735180087192,85.61136627197266,325739800
2010-05-18,86.31010618495642,86.56555342748163,84.16888337150414,84.44686889648438,360556800
2010-05-19,83.97352761494331,84.72483413849193,82.91418839738697,83.96601867675781,394742700
2010-05-20,82.17791843767354,82.56108643005413,80.74292573211451,80.79551696777344,530418300
2010-05-21,79.57084377341211,82.17787151773783,79.15762306344081,81.97502136230469,500909400
2010-05-24,81.53175879565858,82.1853973533448,80.84807302953804,80.92320251464844,269823000
2010-05-25,78.96982706709002,81.04343462238722,78.42137079727088,81.00586700439453,396505200
2010-05-26,81.50168617721178,82.24547759233157,80.27705359687165,80.51747131347656,349719300
2010-05-27,82.03515548946196,83.24475936761183,81.72711708465982,83.21470642089844,300870500
2010-05-28,83.12454392317512,83.18464981395718,81.77970470999634,82.1703872680664,297933500
2010-06-01,81.40405785401248,82.60614710355496,80.66778069642369,80.7879867553711,277909400
2010-06-02,81.20121519138053,82.8991639068865,80.77297067718453,82.89165496826172,240243700
2010-06-03,83.13207035316424,83.44010305597624,82.32817257927051,83.1771469116211,226618300
2010-06-04,81.59940173893092,82.14034335140225,79.98409157169402,80.25456237792969,398475600
2010-06-07,80.5400588132288,80.8480972460645,79.1952251505,79.25532531738281,264609100
2010-06-08,79.31542733129467,80.26207513050238,78.62422672387927,80.10430145263672,357774300
2010-06-09,80.57009130746226,81.35145059870663,79.33794935296491,79.67604064941406,268023300
2010-06-10,81.03591801049497,82.10277184456272,79.66854043572842,82.0051040649414,317890600
2010-06-11,81.28387491779255,82.45591155300262,81.23128367728992,82.4033203125,214128200
2010-06-14,83.03441994265128,83.48520858073252,82.19296004653302,82.27560424804688,207196100
2010-06-15,82.85408363182796,84.22146129408793,82.71133355615893,84.14633178710938,238268700
2010-06-16,83.71057338226429,84.46187992290284,83.54528502620155,84.11627960205078,216374000
2010-06-17,84.35670834960533,84.3942759742899,83.43260439531846,84.25152587890625,263185800
2010-06-18,84.41835958205215,84.64482046932184,84.07111494747642,84.3428726196289,174006600
2010-06-21,85.39214129770144,85.45252740100152,83.63326717508446,84.1012954711914,213140700
2010-06-22,84.10132585340656,84.47121606661702,82.59156329907664,82.71234130859375,239355400
2010-06-23,82.76515618840038,83.05955933120705,81.88949718292766,82.45565795898438,254639900
2010-06-24,82.04801943688658,82.15370231833853,80.87795155887345,81.08931732177734,268523600
2010-06-25,81.33087027645239,81.84418954232177,80.59863484844766,81.42900848388672,238726500
2010-06-28,81.54980382901684,81.76872003783589,80.87796011473472,81.17236328125,169218600
2010-06-29,80.03247803973069,81.1572548336048,78.16792687849833,78.66614532470703,373649500
2010-06-30,78.44723767577709,79.17192279582224,77.66216068924015,77.9188232421875,284101700
2010-07-01,77.86596681408805,78.1226235583583,76.34110415468909,77.57156372070312,382924800
2010-07-02,77.8357863854501,78.06979767056198,76.71101522113398,77.14884185791016,233385200
2010-07-06,78.23588856913437,78.78695438951738,76.90729601970872,77.65463256835938,256935300
2010-07-07,77.85087032501677,80.19855054100918,77.76783295974748,80.10041809082031,253769400
2010-07-08,80.77228265837829,80.9836484578677,79.94946497332502,80.89306640625,210842100
2010-07-09,80.87036537642149,81.50446814402729,80.71939154375858,81.49691772460938,144999900
2010-07-12,81.225205582632,81.7083290281166,80.88551138978013,81.5498046875,131283600
2010-07-13,82.39527482698217,83.1048591585342,82.2292000602511,82.78026580810547,213025900
2010-07-14,82.51605774771296,83.09731946605044,82.17636352946415,82.77272033691406,184426800
2010-07-15,82.74250005642241,83.08219417473265,81.65546966297441,82.79534149169922,232337900
2010-07-16,82.34993381843972,82.44052157690342,80.35704920650068,80.51557922363281,282693400
2010-07-19,80.81004866033959,81.24787545457342,80.1834957743647,80.99121856689453,186709000
2010-07-20,79.91926336610179,81.94988958936929,79.88151700774846,81.8895034790039,258162400
2010-07-21,82.31225124422237,82.33489675997596,80.49298468819288,80.82513427734375,264527000
2010-07-22,81.78380367893152,82.99161787016432,81.77625901571787,82.6292724609375,274781300
2010-07-23,82.46322017121726,83.46721354330758,82.22920884361969,83.346435546875,222020800
2010-07-26,83.48986093089904,84.29758359771157,83.25584959805109,84.21454620361328,184445700
2010-07-27,84.67500037824324,84.76558817157563,83.87482836130447,84.20697784423828,204855600
2010-07-28,84.03334217957556,84.29000468230295,83.38414414002797,83.6634521484375,163056200
2010-07-29,84.18430614862822,84.4107726973633,82.5915129238502,83.25580596923828,220149100
2010-07-30,82.410339628263,83.68609008630872,82.26691618548467,83.24070739746094,220070600
2010-08-02,84.5391377685732,85.25627831149295,84.199443557228,85.12039947509766,188263200
2010-08-03,84.90900104247098,85.1279114220913,84.43342241822664,84.71273040771484,146657300
2010-08-04,84.94677349115825,85.38460593318725,84.66747115619418,85.27892303466797,158171700
2010-08-05,84.7354116813908,85.23363602009961,84.60708326419113,85.18833923339844,140473800
2010-08-06,84.35041346882385,84.97696617123843,83.73141119009588,84.8410873413086,239728300
2010-08-09,85.24115728102393,85.43742794474343,84.78822985337369,85.29399871826172,120800400
2010-08-10,84.56931940725318,85.2864598289253,84.07110093089543,84.83352661132812,242916300
2010-08-11,83.52757966376905,83.55777559338729,82.37261271247353,82.50849151611328,273406900
2010-08-12,81.26295107492057,82.29713448971711,81.22520471643477,82.00273132324219,239542600
2010-08-13,81.74608197378811,82.25185097164429,81.66304458497157,81.76117706298828,158698500
2010-08-16,81.20255703395581,81.98763404332702,80.9081538753523,81.72342681884766,147895300
2010-08-17,82.4254767611361,83.33133186104645,82.19145968221835,82.72742462158203,172270300
2010-08-18,82.68966719714132,83.32376448622713,82.21409423032696,82.87838745117188,182922100
2010-08-19,82.44810513641502,82.65192047577796,81.0968674324394,81.43656158447266,265847600
2010-08-20,81.1950087926303,81.48186729487594,80.58355694821945,81.17236328125,209714200
2010-08-23,81.55735852473669,81.95744460484127,80.82512290222711,80.86286926269531,163490300
2010-08-24,79.9796539802376,80.31180352273662,79.23987369285378,79.66260528564453,280677800
2010-08-25,79.22474781093608,80.27403179668562,78.72652941390423,79.97208404541016,272234800
2010-08-26,80.34953198814131,80.4552148628018,79.17191376304842,79.43612670898438,224439500
2010-08-27,79.9343523044379,80.74962520415049,78.74163888737154,80.66658782958984,272649000
2010-08-30,80.45523086972686,80.704343020682,79.48898396100057,79.49652862548828,167238600
2010-08-31,79.20212545046343,80.00230335117215,78.87752633963014,79.49652862548828,273933100
2010-09-01,80.56845629792137,81.98763058620156,80.51561485525363,81.87439727783203,256828100
2010-09-02,82.0706648007668,82.65192064772485,81.89703963338268,82.63682556152344,156112200
2010-09-03,83.4445558944522,83.78425007926248,82.99917305911372,83.7087631225586,212197300
2010-09-07,83.31621763894974,83.42190051769398,82.6972154523256,82.76515197753906,141973700
2010-09-08,82.93124858569887,83.67857935652944,82.89350222221505,83.346435546875,149924400
2010-09-09,84.2824728824462,84.30511839313175,83.50494629938638,83.73140716552734,147017900
2010-09-10,83.88237143142825,84.25226147636516,83.69365119799123,84.15412902832031,127819000
2010-09-13,84.98451181362502,85.26381412217171,84.64481187826932,85.09019470214844,178503500
2010-09-14,84.92414306120291,85.52049995692491,84.60709430933665,85.0373764038086,209823600
2010-09-15,84.78825765935207,85.46010147854018,84.53160081125172,85.36196899414062,168608400
2010-09-16,85.09773275789206,85.39213587017585,84.81087430848811,85.33929443359375,199962900
2010-09-17,85.788587302144,85.87206922790482,85.13591358626022,85.37117767333984,195836900
2010-09-20,85.66715318145303,86.86625188965077,85.3939406709746,86.67652130126953,214555200
2010-09-21,86.74483094484408,87.15464393755005,86.14528156571888,86.5019760131836,268389100
2010-09-22,86.36539012970766,86.85110010762939,85.8341408606485,86.07699584960938,191322400
2010-09-23,85.37117807576122,86.26670672804738,85.13591398757262,85.37876892089844,202354300
2010-09-24,86.32741863667995,87.2001805105909,86.25152755853946,87.13946533203125,209671800
2010-09-27,87.16984372711899,87.2685015732376,86.63860026321957,86.72207641601562,128761800
2010-09-28,86.83587370466658,87.30640753669172,85.89481183073298,87.02560424804688,209207500
2010-09-29,86.80554955803312,87.2077833286268,86.53233700712217,86.87385559082031,179665800
2010-09-30,87.31402723989554,87.87562821269665,86.20599540500997,86.61581420898438,287106700
2010-10-01,87.26848333119915,87.36714694681325,86.464027456847,86.98009490966797,174638700
2010-10-04,86.79794939768827,87.16222887543172,85.89482996766455,86.3274154663086,166153200
2010-10-05,87.12427617080765,88.27783543726092,87.02561257313681,88.06533813476562,229634100
2010-10-06,88.05018655849521,88.28545647252948,87.701082900708,88.05777740478516,148626600
2010-10-07,88.41444297914659,88.43720972044777,87.42025667487957,87.95149993896484,164860000
2010-10-08,88.07294623711749,88.68767152409923,87.73901853055044,88.44481658935547,177760100
2010-10-11,88.58140649174969,88.77113705541773,88.22471210563502,88.52828216552734,103098300
2010-10-12,88.23991449531667,89.05955216607026,87.76938626182849,88.80152130126953,182210000
2010-10-13,89.29483365087314,89.97027428468665,89.08233046451356,89.49214935302734,194347200
2010-10-14,89.40863464846981,89.56042258311474,88.58141211759622,89.14301300048828,217764300
2010-10-15,89.76532584567828,89.81845017337395,88.6117665342364,89.32514953613281,243705000
2010-10-18,89.35550872256974,90.06130668323624,89.02917190656012,89.76532745361328,141204800
2010-10-19,88.93810042777542,89.4389861024632,88.0501569938135,88.58899688720703,280604700
2010-10-20,88.7483874213404,89.88677102278348,88.6952630848778,89.45418548583984,200051800
2010-10-21,89.85640152137725,90.3800539713499,88.95328213110386,89.6514892578125,221585500
2010-10-22,89.78811622208418,89.95508009311047,89.55285210752115,89.81847381591797,108212400
2010-10-25,90.41798828179442,90.8885221189803,90.0157604518353,90.08406066894533,151145700
2010-10-26,89.62874727040573,90.19034830655625,89.45419833557752,90.09928131103516,158982900
2010-10-27,89.46933914881033,89.93987300489934,88.99122023948222,89.8412094116211,190024000
2010-10-28,90.35728523244698,90.39523366267392,89.42381406608615,89.85639953613281,168576000
2010-10-29,89.7653172787052,90.09924490099014,89.60594431082835,89.92469024658203,144305500
2010-11-01,90.36488928345852,90.88095674333437,89.4390030357296,89.95507049560547,174074800
2010-11-02,90.63050859646796,90.88095436974572,90.38765366817024,90.66845703125,158345900
2010-11-03,90.82782362348796,91.08585443341288,89.89434662085604,91.03273010253906,226702800
2010-11-04,92.04209648683208,92.83137638110018,91.04791011728057,92.7858428955078,215039400
2010-11-05,92.84655454104546,93.28673087955208,92.72512997980238,93.13494873046876,180654100
2010-11-08,92.8465867841616,93.11221432247945,92.5430223805752,92.9604263305664,156107100
2010-11-09,93.21082908815646,93.30948689470571,91.92066359893064,92.29253387451172,186621600
2010-11-10,92.2697687993162,92.70994509515934,91.57156171701712,92.6644058227539,221387400
2010-11-11,91.8675386494391,92.4519062213804,91.58673533869909,92.31529998779295,158017600
2010-11-12,91.69299179485267,92.09521968629532,90.80505409599428,91.2224578857422,239068800
2010-11-15,91.51086207915836,91.86755652460263,91.055509808639,91.09345245361328,163940800
2010-11-16,90.53182001996124,90.68360212729498,89.24164894715939,89.67424011230469,299566200
2010-11-17,89.71219675406925,90.09165787177878,89.44657512969603,89.71978759765625,172308900
2010-11-18,90.5849539309619,91.36664286774516,90.57736308775634,91.0403060913086,197723700
2010-11-19,90.99480743616114,91.32872939347882,90.50150666111657,91.29078674316406,156852900
2010-11-22,90.83542071033428,91.25282454156556,90.1372077264298,91.21488189697266,181361000
2010-11-23,90.13721070980768,90.3269413094066,89.54525216547795,89.89435577392578,222309000
2010-11-24,90.46353558789036,91.24523041837656,90.44835968958508,91.2224578857422,140046100
2010-11-26,90.4332085980961,90.92650359492188,90.15999603271484,90.15999603271484,76007800
2010-11-29,89.9322978652294,90.67604431083848,89.35551526190713,90.43318939208984,223642300
2010-11-30,89.53764409178838,90.4407575764238,89.40862291674026,89.92469024658203,233930700
2010-12-01,91.22245014493248,92.01172996253705,91.2148650914823,91.8371810913086,221037200
2010-12-02,91.9814070851394,93.08184821293808,91.92828274035736,93.01354217529295,191213600
2010-12-03,92.69477006205972,93.3702104517035,92.67200331928126,93.2639617919922,151288900
2010-12-06,93.06665010485364,93.37781106235076,92.96799227912248,93.16531372070312,103050500
2010-12-07,94.06083380031654,94.1139581308897,93.16530523485656,93.21842956542967,206581000
2010-12-08,93.3322785381552,93.63584286358368,92.8996930052894,93.55995178222656,138019200
2010-12-09,94.08362841001788,94.12157106302676,93.46131215750108,93.92425537109376,123705100
2010-12-10,94.2126435626002,94.56174723585316,93.90148833235888,94.4706802368164,117571700
2010-12-13,94.90324821432895,95.01708194196829,94.5010144795692,94.5313720703125,133812700
2010-12-14,94.67555281747846,95.03983805332562,94.32644926943853,94.61483764648438,147249600
2010-12-15,94.44030285550996,94.81217320061654,94.0228932303059,94.18226623535156,160823100
2010-12-16,94.24297365152024,94.79698949113968,93.91663682327707,94.72868347167967,185035200
2010-12-17,94.66235058995818,94.95225575352556,94.46399136195384,94.83019256591795,141075300
2010-12-20,95.08956876195658,95.28792796552214,94.58604871668396,95.05905151367188,119085500
2010-12-21,95.35655372141036,95.7227547508862,95.26500782946732,95.6617202758789,94965500
2010-12-22,95.7303884757002,95.98977627165048,95.6769847635594,95.95925903320312,78878100
2010-12-23,95.85245480049862,95.9592622283366,95.58543623090364,95.82193756103516,70053700
2010-12-27,95.46339663678556,95.9516609772504,95.3947371922999,95.86011505126952,58126000
2010-12-28,96.0508097174269,96.08895189965054,95.7456431567976,95.99740600585938,55309100
2010-12-29,96.11184932654906,96.27968541431888,96.05081484705003,96.06607055664062,58033100
2010-12-30,95.9745247749836,96.22628181722948,95.7685348615653,95.91349029541016,76616900
2010-12-31,95.76853656747136,96.02793019999488,95.6159561863882,95.9363784790039,91218900
2011-01-03,96.66879844266778,97.34779119962192,95.89825394231752,96.92819213867188,138725200
2011-01-04,97.141789713028,97.17230695537944,96.27206867800324,96.87477111816406,137409700
2011-01-05,96.56957904383816,97.43929984946364,96.47802734093172,97.37826538085938,133975300
2011-01-06,97.41646038075146,97.5232678420582,96.89767878844587,97.18758392333984,122519000
2011-01-07,97.3172867319586,97.47749793851403,96.2415812534946,96.99686431884766,156034600
2011-01-10,96.56960451521864,97.01209579846106,96.27969362316448,96.87477111816406,122401700
2011-01-11,97.22570937890964,97.4545799626426,96.85187753051224,97.21807861328124,110287000
2011-01-12,97.81316938525347,98.20225117661492,97.24097829678468,98.09544372558594,107929200
2011-01-13,98.13353793578013,98.1793108695344,97.69104684093423,97.93517303466795,129048400
2011-01-14,97.79787237116656,98.66759319719591,97.72921295780144,98.64470672607422,117677900
2011-01-18,98.5531615945965,98.90410693115598,98.43872922459684,98.81256103515624,114401300
2011-01-19,98.72861012627624,98.8277809364725,97.58424020896994,97.8436279296875,151958400
2011-01-20,97.6224146505772,97.95809264596352,96.9891950234149,97.7139663696289,175745700
2011-01-21,98.32426625384475,98.54550598070136,97.82836564219708,97.93517303466795,151462900
2011-01-24,97.87417198361857,98.60657409707804,97.85128550892952,98.4921417236328,113715500
2011-01-25,98.23275011811214,98.6294684462905,97.7368609387424,98.54554748535156,167552200
2011-01-26,98.78967547845582,99.21690518526997,98.5913105137661,98.92699432373048,141281500
2011-01-27,98.94989872852469,99.33899214291613,98.7744318473877,99.17115020751952,123302700
2011-01-28,99.28557289302518,99.44578986701836,97.27911227186848,97.43932342529295,295637300
2011-01-31,97.70634867015912,98.2480107978662,97.4622107345848,98.17171478271484,149249200
2011-02-01,98.7668109513925,99.91880642690587,98.70577645955127,99.74333953857422,167194300
2011-02-02,99.48393360070315,99.81961746353952,99.43053569950916,99.55260467529295,118323600
2011-02-03,99.37712351771876,99.92642225301825,98.85072290076654,99.77384185791016,145886700
2011-02-04,99.81197267608944,100.09424694047948,99.3542199284672,100.05609893798828,134634800
2011-02-07,100.2773812080766,101.00977186015588,100.26974462054817,100.68172454833984,112439100
2011-02-08,100.77325840868096,101.19286323264184,100.4986090367373,101.13946533203124,99072800
2011-02-09,100.8648257952853,101.18524815360718,100.4070729170316,100.9105987548828,146436700
2011-02-10,100.39945452363352,101.0631857633961,100.17057806956848,100.9487533569336,162708500
2011-02-11,100.55200724093612,101.68111602444368,100.52912076594951,101.55142211914062,137710300
2011-02-14,101.49038672751232,101.87946843992786,101.3759543536068,101.79554748535156,101690700
2011-02-15,101.48277238970566,101.63535278457265,100.94873518710232,101.47513580322266,119575400
2011-02-16,101.81845384766967,102.23804701339785,101.61246391681964,102.1159896850586,130183500
2011-02-17,101.81843842010775,102.55845378773216,101.72688088630407,102.42113494873048,109810500
2011-02-18,102.51268141454749,102.7568193178744,102.2761800964095,102.63475036621094,130002400
2011-02-22,101.55908967383144,102.65768749866288,100.30028645687808,100.57493591308594,233116400
2011-02-23,100.51383265900172,100.7579705158228,99.338951236168,99.9569091796875,227584000
2011-02-24,99.85012352525284,100.27735322660784,98.94987953356654,99.88825988769533,260431400
2011-02-25,100.30789379617924,101.01740961730688,100.24685930094267,100.95637512207033,141686900
2011-02-28,101.33021889909644,101.71167580811372,100.99453495657868,101.58197021484376,141585500
2011-03-01,101.9023627217454,101.9939086174254,99.85774846951408,99.88825988769533,258565500
2011-03-02,99.75094521396088,100.56726828835232,99.44578445484706,100.10189056396484,200277400
2011-03-03,101.00974960467664,101.94050506918948,101.00212465996772,101.8260726928711,176480100
2011-03-04,101.7497966913277,101.9481617041393,100.3994478206634,101.06317901611328,277202300
2011-03-07,101.36070212385329,101.5895785338019,99.74332900485508,100.2697296142578,216790400
2011-03-08,100.42994644624515,101.46750941417092,99.99509174500466,101.14708709716795,174615000
2011-03-09,100.94875357983742,101.31494892246604,100.39945474532443,101.0021514892578,153806000
2011-03-10,99.94168216344588,100.07900102447395,99.03381311174552,99.13299560546876,301291800
2011-03-11,98.81255561276993,100.17816559808468,98.7896691400259,99.81959533691406,225621800
2011-03-14,99.17113073879,99.5449509060373,98.46161512551282,99.21690368652344,234974100
2011-03-15,96.57723648034676,98.6676240790985,96.508577045492,98.0801773071289,359585400
2011-03-16,97.7673619145474,98.08779583381428,95.57780386008736,96.2644271850586,468670300
2011-03-17,97.65295140012968,97.95048727078138,96.9663279214836,97.53851318359376,254303700
2011-03-18,98.72080942829896,98.75146509463704,97.70173066506692,97.8932876586914,230435400
2011-03-21,99.1115948314376,99.61729641734227,98.99665361831876,99.4104232788086,153992600
2011-03-22,99.39508925728184,99.5253466040047,98.97366155217232,99.06560516357422,129538600
2011-03-23,98.78975867288143,99.6096281473458,98.32237087253938,99.34911346435548,148603100
2011-03-24,99.9160957128648,100.44479474050728,99.3567527190248,100.29920959472656,159129800
2011-03-25,100.55973346720168,101.0424489962116,100.29154907975696,100.60570526123048,155642800
2011-03-28,100.82026845512192,101.08078313503432,100.32988306693566,100.36052703857422,109762400
2011-03-29,100.27622794125016,101.0654416359515,99.94675560092418,101.03479766845705,129798800
2011-03-30,101.56351510064025,102.03091460855762,101.41792992234802,101.73208618164062,135835000
2011-03-31,101.60178596974464,101.87762837757502,101.4868448129871,101.5941162109375,132537100
2011-04-01,102.22247351463491,102.49831604403116,101.77805990106822,102.02324676513672,153850100
2011-04-04,102.2377401955072,102.42163902337586,101.8163243806621,102.10748291015624,100768900
2011-04-05,101.90830234297528,102.5442728508275,101.8623305434188,102.09220123291016,120791500
2011-04-06,102.5825801431722,102.674523736515,102.00023954077932,102.41400909423828,120411600
2011-04-07,102.2300733778765,102.65915891446885,101.64774467703032,102.15345764160156,170731500
2011-04-08,102.60556691434304,102.66686654099576,101.37959776470524,101.801025390625,147945400
2011-04-11,101.90831819377232,102.25311843578504,101.24936168364792,101.49456024169922,121385400
2011-04-12,100.92750356125948,101.1267185344709,100.36816066945784,100.73594665527344,161187400
2011-04-13,101.20337478146864,101.2799905506486,100.34520333971528,100.7283172607422,162059000
2011-04-14,100.14595249930738,100.95815194560384,99.81648021859348,100.8049087524414,161220400
2011-04-15,100.98879658077108,101.42554021821796,100.68996829461116,101.17268371582033,170006700
2011-04-18,100.06170508038534,101.1650751979111,99.23417749224102,100.0387191772461,210759300
2011-04-19,100.19194516494574,100.64402846277828,99.94675834313784,100.61337280273438,124258800
2011-04-20,101.8163608827465,102.2071328788946,101.74739149025396,101.98493194580078,156133800
2011-04-21,102.51362425640777,102.55193798924884,101.98493683335602,102.50596618652344,135935400
2011-04-25,102.42931034459356,102.5672374062692,102.06152433296938,102.39866638183594,65757100
2011-04-26,102.712845068206,103.48673098345157,102.60557363746196,103.27984619140624,146600000
2011-04-27,103.47908214404804,104.10738295396028,103.05765445292457,103.95413970947266,143031000
2011-04-28,103.77022640598868,104.42918278841364,103.75491026786167,104.29126739501952,124791100
2011-04-29,104.32958777318866,104.64374400044258,104.1916606792953,104.53646087646484,115094100
2011-05-02,105.0268399302702,105.11111375602336,104.16865692748028,104.37554168701172,126278700
2011-05-03,104.17634764184048,104.35257678044792,103.47140770399152,104.00010681152344,138375000
2011-05-04,103.9541680630296,104.0001398797437,102.85079769503778,103.31053924560548,182678500
2011-05-05,102.7358375797312,103.40245210713222,101.9236378815852,102.3757095336914,226900000
2011-05-06,103.394779188426,103.92347823079967,102.4293246965408,102.82776641845705,222787200
2011-05-09,102.82009654493442,103.52502462326444,102.65918358419178,103.2261962890625,114104500
2011-05-10,103.57101134230132,104.29126735206316,103.4407540180244,104.10736846923828,114806900
2011-05-11,103.95410684824996,103.96943467536644,102.53659267019634,103.01165008544922,193564200
2011-05-12,102.7358396553249,103.71661044554722,102.20714052634206,103.50206756591795,171550700
2011-05-13,103.55570608535008,103.70129127119058,102.33740641180736,102.70519256591795,157444900
2011-05-16,102.33738696895291,103.141928527732,101.88531535586016,102.05388641357422,141675400
2011-05-17,101.67077287436764,102.17648604937646,101.23401739821212,102.03855895996094,192686200
2011-05-18,102.0922220653652,103.0576651281819,101.8700093998866,102.9503936767578,135217900
2011-05-19,103.2875042927084,103.46373340367046,102.62854795203744,103.19554901123048,119489500
2011-05-20,102.92739455350942,103.195567301773,102.1841525599132,102.3757095336914,182594900
2011-05-23,101.12671918551328,101.69373183989636,100.82789087791946,101.18801879882812,168700000
2011-05-24,101.47923092655417,101.70143188629548,100.91221803812616,101.10377502441406,147199600
2011-05-25,100.69767592091728,101.8623456801568,100.66703194722892,101.44091796875,151050100
2011-05-26,101.16507551750637,102.09221648332344,100.97351852960053,101.90831756591795,164850000
2011-05-27,102.1918008382559,102.57491474910393,101.87765631705912,102.299072265625,120921900
2011-05-31,103.26453406872156,103.37946357337825,102.55193606472164,103.3641357421875,164731200
2011-06-01,103.06530631377548,103.37946254565998,100.9581796768141,101.04246520996094,233094300
2011-06-02,101.11142146883536,101.32596430866435,100.34519370038672,100.9351806640625,200466800
2011-06-03,99.72451938410724,100.6976317285278,99.67088953076106,99.93140411376952,234690200
2011-06-06,99.6785726025534,99.88545738411334,98.74377374271486,98.87403106689452,179951200
2011-06-07,99.37972989453549,99.66324209259206,98.72844336755536,98.81272888183594,161660500
2011-06-08,98.65952444862224,98.98900860630904,98.21511075436608,98.39900970458984,198696400
2011-06-09,98.66717145101283,99.5559869427746,98.429642669089,99.14988708496094,160964400
2011-06-10,98.72848175684108,98.78976970768817,97.51017620587896,97.77069091796876,238629400
2011-06-13,97.99285991369152,98.26104428490451,97.34923145282852,97.84727478027344,207599800
2011-06-14,98.74376543302242,99.43337741628572,98.70546339926403,99.0885772705078,160570400
2011-06-15,98.26106052640566,99.07326015055784,97.06574114374553,97.32625579833984,300958000
2011-06-16,97.35690311957386,98.0541732287566,96.78989618020664,97.54080200195312,308032800
2011-06-17,98.5095076151189,98.5172095264205,97.50077460357949,97.8318862915039,233284900
2011-06-20,97.50076560764816,98.54030029364402,97.46996384012073,98.33238983154295,159479000
2011-06-21,98.84060554552347,99.87243827251098,98.3708888937348,99.679931640625,193157300
2011-06-22,99.3719366875708,99.95715268315595,99.01771927598396,99.0793228149414,176703000
2011-06-23,97.91659601407405,99.05623221714517,97.16966919018743,98.79442596435548,334286500
2011-06-24,98.77130041635591,98.84829601497142,97.500755542483,97.64705657958984,226129300
2011-06-27,97.70867401129296,98.89450979581584,97.5161673628548,98.51720428466795,168904700
2011-06-28,98.90991270189944,99.81855018394567,98.7713135561503,99.80314636230467,165556300
2011-06-29,100.25748834736284,100.81960462895128,99.81857917534018,100.65790557861328,244295500
2011-06-30,100.98128364318224,101.78210610393234,100.65017785883234,101.6204071044922,223322700
2011-07-01,101.71282842723436,103.26058968165296,101.47412201975251,103.12197875976562,202385700
2011-07-05,103.01415447617224,103.24516479908374,102.71384458128928,103.0372543334961,165936000
2011-07-06,102.79083675473576,103.29134925571486,102.49822293896074,103.1604461669922,143331600
2011-07-07,104.07678623203049,104.49259537885526,103.86117974854028,104.23078918457033,170464200
2011-07-08,103.0526908585081,104.2308309545967,102.71387717733916,103.4916000366211,194100500
2011-07-11,102.221026887473,102.5521326718229,101.38170074839378,101.6204071044922,195918600
2011-07-12,101.40479467916906,102.24412076919648,101.1506845166551,101.18148040771484,214675700
2011-07-13,101.71281610833806,102.58294997186717,101.27390703314998,101.5203094482422,204062600
2011-07-14,101.77440191692872,102.24411855570884,100.62705819278132,100.81956481933594,226111800
2011-07-15,101.38170818567612,101.5434071969784,100.69638495996568,101.4048080444336,220012800
2011-07-18,100.93507164700397,101.089074591908,99.81853560936035,100.57315826416016,196872100
2011-07-19,101.13525318872357,102.32879632450631,101.11215333929356,102.2055892944336,166554900
2011-07-20,102.46744923408504,102.52904102473605,101.96692487507308,102.14402770996094,137145400
2011-07-21,102.72155977239692,103.8150080547695,102.1594435565732,103.56089782714844,245246300
2011-07-22,103.58395776524664,103.73796069999185,102.99873016367576,103.63015747070312,126019400
2011-07-25,102.6445677332696,103.56090144222122,102.53676445866796,103.05268096923828,136653800
2011-07-26,102.9833467366469,103.15275350398332,102.43662276030258,102.66763305664062,131278200
2011-07-27,102.09781308373192,102.12862072423276,100.43455298685237,100.56546783447266,249020100
2011-07-28,100.56547916477476,101.46640888133724,100.11115453874191,100.27286529541016,207939900
2011-07-29,99.26415273088608,100.52699615085312,98.54032569450082,99.58756256103516,307038400
2011-08-01,100.75028501643683,100.842696205087,98.20149866084247,99.16403198242188,325790900
2011-08-02,98.417122942943,98.9484433122723,96.6306610107422,96.6306610107422,346653800
2011-08-03,96.7615341785655,97.26204671077622,95.12137395047122,97.15424346923828,370830800
2011-08-04,95.80670091341383,95.96070974666374,92.4493847214376,92.6033935546875,520721800
2011-08-05,93.75842745843316,93.99713379138134,89.98529646672775,92.46478271484376,655619200
2011-08-08,90.02382449475553,92.4956095016578,86.25838851946678,86.44319915771484,702263900
2011-08-09,87.83693679892947,90.58593161268767,84.91083327665397,90.46273040771484,717828700
2011-08-10,88.75327342811897,89.53869802711245,86.20448121873837,86.46629333496094,662607400
2011-08-11,87.21318392369054,91.57152990371956,86.48935729235714,90.3471908569336,487979700
2011-08-12,91.17114237721692,91.7948619869131,90.30871054820057,90.95553588867188,313731600
2011-08-15,91.7794618286316,92.97299939711417,91.63315491143052,92.88059997558594,258810600
2011-08-16,91.99507158348668,92.93450490133849,91.10183797804191,92.08747100830078,294095200
2011-08-17,92.59570285678656,93.32722581008626,91.41756304523548,92.14908599853516,238201100
2011-08-18,89.70810207571363,92.1798868442357,87.3133187949501,88.17575073242188,512956300
2011-08-19,86.98218703745994,89.23066286021827,86.62797557564203,86.73577880859375,428281300
2011-08-22,88.6839681538114,88.73017374784823,86.55869882290564,86.80510711669922,275090600
2011-08-23,87.12849280228993,89.76198181535587,86.68957796677894,89.66188049316406,331136600
2011-08-24,89.4693863200148,91.0479372154774,89.26147586254629,90.92473602294922,246869700
2011-08-25,91.425226121334,91.94114233766356,89.22295041076673,89.53865814208984,312365400
2011-08-26,89.08437486297944,91.25584953344152,87.66752293358289,90.84003448486328,314495900
2011-08-29,92.06435899795606,93.50431055118456,90.90931934157554,93.45040893554688,190977200
2011-08-30,93.04229420540564,94.2743353086204,91.8333529549331,93.69681549072266,241315700
2011-08-31,94.29744509710488,95.10597527728744,93.40421740622163,94.11264038085938,301828400
2011-09-01,94.16656427157535,95.02129436425368,93.00382232908588,93.12702941894533,254585900
2011-09-02,91.18656515335108,93.07313419151264,90.42424032560108,90.74765014648438,255517200
2011-09-06,88.08332814967311,90.21630477882807,88.07562623995646,90.08539581298828,285130500
2011-09-07,91.4483481352772,92.66498553175852,91.14033636249825,92.6264877319336,209803200
2011-09-08,92.07208412211372,93.12702272253831,91.45606046678722,91.66397094726562,250568200
2011-09-09,90.6167307024071,91.6793652975698,88.76866568378072,89.26148223876953,380195100
2011-09-12,88.14494081377853,89.90830233216863,87.82153107018813,89.83899688720703,305793500
2011-09-13,90.13159621821806,91.00172397146322,89.49247286967852,90.66291046142578,272514700
2011-09-14,91.1249659348413,93.0192369753826,89.8775263164825,91.91809844970705,319389500
2011-09-15,92.90372124775176,93.53514289804367,91.94118788603622,93.50434112548828,326777200
2011-09-16,93.87972017643597,94.40604747372284,93.12892915917944,94.0577392578125,284528300
2011-09-19,92.51745816170909,93.60107385584112,91.89051165452594,93.12118530273438,241517000
2011-09-20,93.51592526453292,94.42151590849164,92.88897880413532,93.0128173828125,218932200
2011-09-21,93.05926133421325,93.3456413669952,90.12576157701952,90.27281951904295,316251300
2011-09-22,87.6566915116598,88.3997409032633,86.14737335765766,87.35482788085938,513911300
2011-09-23,86.7742688861271,88.36099188195402,86.70460490953714,87.881103515625,307242500
2011-09-26,88.70931271963805,90.09479173663765,87.4476781736511,89.970947265625,260673700
2011-09-27,91.74344140757152,92.5406710847121,90.4353620896049,90.9771728515625,311753900
2011-09-28,91.16290827835536,91.71245473858912,88.9879417954935,89.11952209472656,286696800
2011-09-29,90.59790862093024,91.04683011014576,88.18299434188575,89.82389831542969,298108900
2011-09-30,88.58547157096784,89.35948182813743,87.51733954195647,87.57926177978516,288392300
2011-10-03,87.06838545242226,88.19843937242496,84.99403836365937,85.08692169189453,365136800
2011-10-04,83.86402412743705,87.13809065794787,83.15193598969651,86.95232391357422,459177500
2011-10-05,87.16904088216741,88.7944613081912,86.36406947289575,88.562255859375,284108000
2011-10-06,88.51583437625904,90.2960607500586,87.85792668341345,90.16447448730467,257800800
2011-10-07,90.69081519830112,90.75273745987909,89.05765245688177,89.56076049804688,312657900
2011-10-10,91.08550157189543,92.59481878496224,91.0777598180462,92.55612182617188,230666300
2011-10-11,92.00659336458386,92.91218386917022,91.91371001594842,92.64901733398438,209088000
2011-10-12,93.3456130070124,94.53758922019708,93.13663288698132,93.4617156982422,281544900
2011-10-13,92.9122151202505,93.55464521096188,92.20012692355483,93.2760009765625,212538800
2011-10-14,94.35958633131482,94.89364935384276,93.83325915902306,94.87042999267578,211397600
2011-10-17,94.42152681506536,94.85497665357803,92.8270672845804,93.05927276611328,202311600
2011-10-18,92.9896019638094,95.59027718390324,92.26203035305988,94.87818908691406,318857900
2011-10-19,94.72341072728776,95.26522166540342,93.43081450224244,93.75589752197266,226601300
2011-10-20,93.98806695923194,94.50665242087352,92.74190995692749,94.16609191894533,262075600
2011-10-21,95.27293053257256,96.07016614832466,94.98655048426686,95.95406341552734,278999400
2011-10-24,96.10888345208444,97.37052436066692,96.02374182370532,97.13057708740234,203215600
2011-10-25,96.66613456879156,96.71257329167702,95.03297255472091,95.24195861816406,268596800
2011-10-26,96.24820778640752,96.57329079027238,94.5918257321646,96.20951080322266,289053800
2011-10-27,98.78692743766116,100.17240651280711,97.99743957012493,99.56094360351562,393220200
2011-10-28,99.07332405466111,99.73123757139582,98.91852434791782,99.53773498535156,225906500
2011-10-31,98.42316576871144,99.55321434425169,96.99898355518768,97.1383056640625,228146700
2011-11-01,94.45248725023846,95.59802522941932,94.05774029660596,94.42926788330078,416565800
2011-11-02,95.84568201076144,96.2868675771712,95.04071071489948,95.96952056884766,244717600
2011-11-03,96.96026311976244,97.91229834226098,95.667667396847,97.7187957763672,291174800
2011-11-04,96.92931541228492,97.2930953039444,95.98502187275784,97.12281799316406,249401600
2011-11-07,97.05315611911912,97.82716645958917,96.1320819242861,97.72654724121094,196617200
2011-11-08,98.23738902906972,99.08880511073066,97.30083724447285,98.98043823242188,224426300
2011-11-09,96.66616799694758,97.37052036550556,95.09492767352602,95.32713317871094,337982000
2011-11-10,96.58877674619202,96.70487950914108,95.21877477281066,96.22499084472656,231866500
2011-11-11,97.39371810084796,98.29156698397856,97.36275698001864,98.03614807128906,189924400
2011-11-14,97.67237578011718,98.64762464747264,96.68937924994628,97.10734558105467,159258300
2011-11-15,96.88288218522266,98.10582005763436,96.53457986071984,97.58723449707033,184709400
2011-11-16,96.604208694894,97.78844332568742,95.89986250167628,96.0391845703125,235782500
2011-11-17,95.86118839031946,96.10113563370945,93.83328488927172,94.51441192626952,331219600
2011-11-18,94.81625531338403,95.00975787524808,94.01902570334089,94.4137725830078,215580400
2011-11-21,93.03604052624893,93.15214325832036,91.83632804212476,92.61808013916016,229611600
2011-11-22,92.41683681371674,92.95864169570224,91.73570392752887,92.2542953491211,216494900
2011-11-23,91.38742363806227,92.25431756321042,90.21866607666016,90.21866607666016,224329100
2011-11-25,90.07930095900572,91.10099414152876,89.93997889296945,90.04833984375,99557000
2011-11-28,92.52519608862164,93.02056223025036,91.96790770298176,92.65677642822266,210686000
2011-11-29,92.91995239257812,93.65525992243884,92.57938592136811,92.91995239257812,199241500
2011-11-30,95.58256023610036,96.92160107287468,92.88126509634652,96.74357604980467,324439500
2011-12-01,96.63517450931148,97.2466432899885,96.31009163509714,96.72805786132812,176954800
2011-12-02,97.6181760279275,97.9122978005762,96.58099920975536,96.6429214477539,221109700
2011-12-05,98.17548512879247,98.43865175917468,97.09187519554584,97.6956024169922,225263900
2011-12-06,97.68784436209532,98.38445484956442,97.33954207097592,97.72654724121094,178842100
2011-12-07,97.40148012998986,98.50057954652269,96.72809476296877,98.0903549194336,237802500
2011-12-08,97.44789939513366,97.66462133750848,95.7063761943259,95.9385757446289,240862800
2011-12-09,96.37201131946192,97.81167075886088,96.28686972534044,97.5639877319336,209111400
2011-12-12,96.71257456374688,96.7280580750652,95.32710146745352,96.13980865478516,215826100
2011-12-13,96.6429152073488,97.19246174733416,94.77754776839232,95.24195861816406,245159800
2011-12-14,94.86272333586597,95.22650920935835,94.01905474009112,94.22803497314452,238618800
2011-12-15,95.22649589734436,95.35807624439994,94.42152439528526,94.56858825683594,199109200
2011-12-16,95.207299783565,95.76811663546174,94.4829046643477,94.7087860107422,220481400
2011-12-19,95.074889712293,95.27741039819756,93.4936844532556,93.69620513916016,183903000
2011-12-20,95.16833236021613,96.69501302669924,93.7584907429532,96.53144073486328,225418100
2011-12-21,96.5314448679148,96.86638032059008,95.61232008680686,96.7183837890625,194230900
2011-12-22,97.07671791398076,97.6764891504212,96.76515492343223,97.57522583007812,119465400
2011-12-23,97.88675576234374,98.4787359053532,97.68424108771164,98.44757843017578,92187200
2011-12-27,98.27623589612288,98.78253457423318,98.19055430708814,98.5254898071289,86075700
2011-12-28,98.54108283770076,98.55665860900427,97.15460742706232,97.23249816894533,119107100
2011-12-29,97.5518443210076,98.3385544203212,97.25585714805858,98.23729705810548,123507200
2011-12-30,98.15938407916714,98.40085304540165,97.7543487548828,97.7543487548828,95599000
2012-01-03,99.51470018378824,99.9976321375107,99.25765546925788,99.31217956542967,193697900
2012-01-04,99.07854262984334,99.55368392643896,98.6968737980919,99.46800231933594,127186500
2012-01-05,98.93053864488678,99.88081516721934,98.47876403976775,99.73281860351562,173895000
2012-01-06,99.8574454407894,99.87302715368646,99.14863201371232,99.47577667236328,148050000
2012-01-09,99.70165766797034,99.84185741909133,99.24209819214434,99.7172393798828,99530200
2012-01-10,100.784355229243,100.98686994334926,100.4416288781679,100.58184051513672,115282000
2012-01-11,100.27025958505556,100.76876736928752,100.1066932181624,100.6363525390625,111540700
2012-01-12,100.92459091119588,101.02584234968997,100.12229300619929,100.87784576416016,118983700
2012-01-13,100.20017555255812,100.51953530936372,99.48357124228345,100.35595703125,179836200
2012-01-17,101.32182694091244,101.508771857125,100.40269595957436,100.74542236328124,132209200
2012-01-18,100.72205600332629,101.91380161961963,100.54290788649782,101.85928344726562,163395200
2012-01-19,102.20978361930176,102.48241010743595,101.88263896475932,102.396728515625,126328900
2012-01-20,102.22537816185944,102.77840423583984,101.9761182688116,102.77840423583984,138230200
2012-01-23,102.4356378883496,103.01204225227193,102.02281175113536,102.51353454589844,129295800
2012-01-24,101.88263896475932,102.42788005566337,101.7268574938388,102.396728515625,103083300
2012-01-25,102.2409350219982,103.49499547207508,101.84369048887984,103.25353240966795,198613200
2012-01-26,103.71307275825608,103.90780253203076,102.31881280758864,102.7238540649414,184880500
2012-01-27,102.22538748707348,102.8563103065269,102.15527570740436,102.67716217041016,135259100
2012-01-30,101.65676611196824,102.3811673307725,101.30625476077698,102.3266372680664,147311800
2012-01-31,102.83291500726556,102.95753304505044,101.78915425760124,102.28767395019533,157212000
2012-02-01,103.043221887958,103.70530800161616,102.91860384139736,103.18343353271484,166234500
2012-02-02,103.38594082927428,103.61183405032754,102.98091140766785,103.34699249267578,113090400
2012-02-03,104.37519565422772,104.85812186065392,104.19604752690287,104.79580688476562,160598500
2012-02-06,104.35957693565744,104.77240310484405,104.24274382564695,104.72566986083984,107694500
2012-02-07,104.50757535986077,105.1696613562222,104.09474918319005,104.9905014038086,135528100
2012-02-08,105.04504873151753,105.32546013213005,104.6166407742811,105.30209350585938,139361400
2012-02-09,105.4734576165923,105.61365737544972,104.8113715054604,105.43450927734376,148602900
2012-02-10,104.49982763080342,104.74129073869511,104.2505677224206,104.65560913085938,167907500
2012-02-13,105.4033577371636,105.55913920879333,104.95158314968228,105.43450927734376,115841900
2012-02-14,105.15409694923548,105.36440847103596,104.56990752173974,105.30209350585938,165329500
2012-02-15,105.64481244986531,105.80059390918068,104.6010517131892,104.81136322021484,195195100
2012-02-16,104.8191648604779,106.06542847793156,104.632219969446,105.97196197509766,186567800
2012-02-17,106.33805433057915,106.42373591945912,105.90186147277726,106.25237274169922,129869400
2012-02-21,106.5016557134689,106.75091564863082,105.97199617930168,106.29914093017578,134042300
2012-02-22,106.13559198624502,106.36148535067494,105.76949878351056,105.9564437866211,124455300
2012-02-23,105.90186212238258,106.50162136285716,105.54355405249656,106.42373657226562,137704300
2012-02-24,106.65738677978516,106.86769826492667,106.4237205578082,106.65738677978516,105539100
2012-02-27,105.94856541067892,107.12472881864952,105.7772022803308,106.83653259277344,145728900
2012-02-28,106.86770569420132,107.27274698272298,106.65739419443928,107.14811706542967,129355900
2012-02-29,107.3038934564274,107.63883485767911,106.35361118128876,106.72750091552734,185934700
2012-03-01,106.95343385194614,107.4831052884184,106.65744064081844,107.28057861328124,145023500
2012-03-02,107.21043678763584,107.3506484221614,106.71192898167612,106.9533920288086,120638300
2012-03-05,106.78980782147926,106.8676925962195,106.15108848765657,106.51718139648438,140765000
2012-03-06,105.42672213510107,105.48902521414443,104.65558782159238,104.95936584472656,202129900
2012-03-07,105.20079032512024,105.86287617946232,105.09952705942186,105.69151306152344,143692200
2012-03-08,106.33805831989464,106.96119609100204,106.1199618828117,106.74308776855467,116968900
2012-03-09,106.94561042042965,107.43632144302389,106.8131955803414,107.15592193603516,122836800
2012-03-12,107.1403449212447,107.30391130749275,106.78203683766527,107.16371154785156,104003500
2012-03-13,107.7401316450048,109.14997378579454,107.56097163463332,109.09544372558594,184090500
2012-03-14,109.12659611351202,109.399210730871,108.64365807683993,108.97859954833984,145163600
2012-03-15,109.14214085460073,109.65623031481122,108.86172950224608,109.6094970703125,165118500
2012-03-16,109.80823719340653,109.90211331361796,109.52659689532048,109.76129913330078,152893500
2012-03-19,109.69086641797811,110.5279561483628,109.61262837777818,110.19155883789062,125291100
2012-03-20,109.56568695614318,110.0037913179004,109.24492771362502,109.87079620361328,121729700
2012-03-21,109.93335518602731,110.03505028333576,109.46395095825864,109.69083404541016,122388400
2012-03-22,108.88506869115156,109.17453993216895,108.54085230141445,108.90071868896484,135216700
2012-03-23,108.99464059965068,109.3779761342861,108.39224083992508,109.25279998779295,120521000
2012-03-26,110.03510333226272,110.78614807128906,109.99599624229928,110.78614807128906,120164000
2012-03-27,110.88782985461854,110.95823692542989,110.37148746043869,110.44189453125,119868500
2012-03-28,110.38713759237945,110.55925172398643,109.24492671330113,109.8942642211914,148562100
2012-03-29,109.24497700428036,109.90996481320286,108.81469147718072,109.70655059814452,164963700
2012-03-30,110.24632776941093,110.3480348451163,109.5657021087985,110.16027069091795,135486800
2012-04-02,110.02726762472558,111.2555356621564,109.80821542934736,110.966064453125,151741100
2012-04-03,110.80961174119976,110.99737590123836,109.86298384833304,110.51232147216795,155806700
2012-04-04,109.6986858265274,109.79256192513296,109.0102292702226,109.41704559326172,146896000
2012-04-05,109.04151925391244,109.6830257645901,108.94763122647466,109.36226654052734,137439400
2012-04-09,107.9854109279816,109.40143158922864,107.8367657646546,108.1340560913086,127555900
2012-04-10,107.92282325461926,108.22793261402164,106.20951226049328,106.31903839111328,235360300
2012-04-11,107.4064289840358,107.60201211870786,106.98397466562088,107.17955780029295,154133000
2012-04-12,107.28130031303536,108.66602076928253,107.2030622583254,108.57996368408205,154321500
2012-04-13,108.32958911177656,108.60341027915004,107.1873783367396,107.2890853881836,169246700
2012-04-16,107.8367418347122,107.99320599495822,106.85100688145702,107.2187042236328,147825300
2012-04-17,107.8367345321116,109.02588355686376,107.72720843361137,108.80683135986328,147877600
2012-04-18,108.32180280629451,108.80684531364928,108.25921475091796,108.43914794921876,123884200
2012-04-19,108.45477681890728,108.86158119342736,107.23433982044982,107.74285125732422,198666700
2012-04-20,108.22009606574728,108.61126245999743,107.86021773055866,107.9228057861328,143199600
2012-04-23,106.8196985079177,107.10916971598924,106.35030606399914,107.0152816772461,171844900
2012-04-24,107.10919078312988,107.69594040652194,107.023133694201,107.422119140625,137484200
2012-04-25,108.47040178585084,108.93980608435297,108.3765257011293,108.8928680419922,150252200
2012-04-26,108.6582433171413,109.77698585283724,108.59565523691408,109.6518096923828,136291600
2012-04-27,109.98034833056026,110.144631536387,109.37012969115824,109.83170318603516,130725000
2012-04-30,109.61266042914824,109.69089849222544,109.12761786293628,109.42489624023438,115092200
2012-05-01,109.36230402648864,110.82527457582998,109.237139842749,110.10552978515624,138832200
2012-05-02,109.46397630046263,109.88644259074948,109.10410998831269,109.77691650390624,121081000
2012-05-03,109.792566731527,109.87862380483244,108.7364247636326,108.93982696533205,143759700
2012-05-04,108.36870660158436,108.97892502676542,107.11696976470424,107.17955780029295,193927300
2012-05-07,106.79625754421616,107.61770945872873,106.7571504500342,107.25784301757812,127765900
2012-05-08,106.6163271982456,106.99967461867465,105.5523539713462,106.82756042480467,213377700
2012-05-09,105.69314000635724,106.87445794573289,105.21591663847336,106.19383239746094,220752500
2012-05-10,106.92926403456774,107.06227114371175,106.17041204020624,106.41293334960938,150600000
2012-05-11,105.74791189238611,107.07787512339355,105.70097383937232,106.0921401977539,153032400
2012-05-14,105.07513485419985,106.0921700597491,104.76220645439388,104.91867065429688,163910000
2012-05-15,104.84822317364794,105.46626070334196,104.15194760540842,104.31623077392578,207629300
2012-05-16,104.78562595516856,105.262849298633,103.89376730610606,103.917236328125,207265500
2012-05-17,103.94072592995327,104.06590203047034,102.32129146531987,102.37606048583984,247992900
2012-05-18,102.7750570287566,102.95500216931951,101.35121752758614,101.49986267089844,319615900
2012-05-21,101.8284405948616,103.28358008724568,101.6641454536056,103.24446105957033,177861100
2012-05-22,103.51045742054389,104.23020220968138,102.75159360143604,103.42440032958984,197531200
2012-05-23,102.68116617371024,103.62779398672284,101.69543127592448,103.4791488647461,204958400
2012-05-24,103.76084001153563,103.92512327302993,102.81421173416062,103.68260192871094,167357600
2012-05-25,103.64345451842304,103.93292579567716,103.09582390091168,103.34617614746094,135465600
2012-05-29,104.17541550682049,104.777803034824,102.618569281153,104.59786987304688,152883500
2012-05-30,103.70604600673,104.590085992571,102.86895602175744,103.0801773071289,162370400
2012-05-31,103.04108147237618,103.62000023437004,101.9692771782979,102.8533172607422,196186000
2012-06-01,101.24167931961507,102.87675182585168,100.26376342773438,100.26376342773438,253240900
2012-06-04,100.44369098491812,100.7175121942918,99.46577514779668,100.2168197631836,202545800
2012-06-05,100.02123232269702,101.12431830193384,99.9664692736388,100.9756851196289,164149400
2012-06-06,101.679795452166,103.29139911780024,101.6484954550452,103.24446105957033,184202800
2012-06-07,104.41795608722408,104.46489414357596,103.09581179187596,103.30704498291016,184772700
2012-06-08,103.04106731229848,104.15197855253172,102.71247700273096,104.12850952148438,143915400
2012-06-11,104.96560040427326,105.02818846676637,102.70465887306406,102.80636596679688,169756100
2012-06-12,103.10363860827506,104.05808561767684,102.61077704190976,103.98767852783205,181931800
2012-06-13,103.68258987794611,104.33192769006288,102.97066399433513,103.32272338867188,172223900
2012-06-14,103.53390609559212,104.83258123558808,103.25226584761047,104.4179458618164,230615500
2012-06-15,104.88819067724484,105.58020234390854,104.6680035106745,105.48583984375,169444500
2012-06-18,105.04553020920702,105.94987005752007,104.80961181420552,105.69036102294922,131360900
2012-06-19,106.22508309580446,107.14515380230029,105.66674343666344,106.71263885498048,137382600
2012-06-20,106.7204816612873,107.02717181420022,105.58808355843904,106.53960418701172,206451800
2012-06-21,106.66545142857464,106.77554504523472,104.06251434951544,104.14901733398438,205272200
2012-06-22,104.69161716680686,105.14772268341278,104.29055245430165,104.9511260986328,130029200
2012-06-25,103.84231579401371,103.88163750981305,102.8986546113451,103.26825714111328,146375700
2012-06-26,103.56708236896998,104.10183133938092,102.9615615052014,103.78726959228516,141634000
2012-06-27,104.13330123719471,104.92754730034656,103.77942970407976,104.72309112548828,108088000
2012-06-28,104.03104692986624,104.58152698472298,103.23680102108996,104.42424011230467,169242100
2012-06-29,106.31945137811846,107.16089068469668,106.0442233053476,107.02720642089844,212250900
2012-07-02,107.3260187415751,107.45970299741784,106.5710944733684,107.349609375,129524500
2012-07-03,107.32601977634262,108.13599686321996,107.21592615286332,108.05736541748048,80450000
2012-07-05,107.65628141675823,108.36403629782156,107.17658528600414,107.5697784423828,126177500
2012-07-06,106.53172375250156,106.7676419775461,106.04416822022904,106.54745483398438,151192100
2012-07-09,106.46099199290458,106.61040732503352,105.92624301472226,106.41381072998048,103780500
2012-07-10,106.95637813462356,107.12938405111466,105.1240969276412,105.48583984375,167884800
2012-07-11,105.5409391571398,105.84762941714374,104.88823691163272,105.50161743164062,141733400
2012-07-12,104.8881954337616,105.55661650569752,104.27481515631396,104.99041748046876,143583200
2012-07-13,105.26572093423576,106.86208492664544,105.24998984090868,106.75199127197266,129642600
2012-07-16,106.5081690894354,106.8148592857489,106.08351374112236,106.50029754638672,97525200
2012-07-17,106.9249686939169,107.45184618598353,105.8083013526153,107.23165893554688,138860300
2012-07-18,106.98000638572104,108.23822949376896,106.91710602969304,108.0259017944336,113349700
2012-07-19,108.24609337944882,108.66287725085174,107.9000934101996,108.30900573730467,129847300
2012-07-20,107.69562315122532,107.86076958729583,107.20020784162404,107.3181610107422,142904500
2012-07-23,105.74540770681676,107.2474090018102,105.24998030601714,106.23296356201172,145210900
2012-07-24,106.31156362564631,106.35874488278542,104.61296637282436,105.32070922851562,173301200
2012-07-25,105.54092643848251,105.81615448519726,104.78599019751566,105.34432983398438,129122300
2012-07-26,106.8620804610861,107.31032660736368,106.36665303610728,107.08226776123048,156526500
2012-07-27,107.64841181422462,109.36274005547853,107.05862213476924,109.05603790283205,236768900
2012-07-30,108.93022522401756,109.57505570058518,108.73362866419907,109.05603790283205,106782000
2012-07-31,108.90669270672824,109.20551147756952,108.2933120727539,108.2933120727539,120575900
2012-08-01,109.07176459768152,109.09535522396617,108.0494601279092,108.1988754272461,138293800
2012-08-02,107.38106373720032,108.1831812131833,106.61826798049864,107.45183563232422,199556600
2012-08-03,108.96168723181924,109.81098590242156,107.48327710158895,109.58293914794922,157825000
2012-08-06,109.87390100252289,110.2277724576519,109.74807630758262,109.79525756835938,86326200
2012-08-07,110.2356127954221,110.81754290865582,110.11765966403073,110.34571838378906,109545100
2012-08-08,109.97614432949824,110.60524385857688,109.94468215346168,110.47943115234376,89754700
2012-08-09,110.32214970981914,110.79398637919476,110.21205608687217,110.57379913330078,90291700
2012-08-10,110.12553484613429,110.79396801708478,109.94466935254763,110.75464630126952,99792700
2012-08-13,110.56593885231509,110.75466391936466,110.12555236415466,110.69962310791016,79426900
2012-08-14,111.108548186708,111.17933209429016,110.38507401483984,110.7153549194336,102379400
2012-08-15,110.59737053941352,111.02988541126405,110.52659865110242,110.84114837646484,71085900
2012-08-16,110.99843813005587,111.7926960919988,110.72321008326644,111.65901184082033,112014200
2012-08-17,111.84775525994016,111.90280807791692,111.55679607722436,111.80843353271484,90813700
2012-08-20,111.65114537405532,111.83988244275656,111.3444551369814,111.81629180908205,78255700
2012-08-21,112.0915452860886,112.52406033370644,111.23438673673272,111.47816467285156,105581100
2012-08-22,111.1950519424842,111.7062103930046,110.93555494370598,111.5253448486328,133243500
2012-08-23,111.25007679122064,111.25793633489346,110.44009981869712,110.61310577392578,111466400
2012-08-24,110.33787859638043,111.53318933545115,110.26710669717812,111.2815399169922,99481200
2012-08-27,111.5803700550611,111.72978539662618,111.14785511876865,111.3051300048828,68785900
2012-08-28,111.02199377739218,111.54101152968828,110.8568594012166,111.19499969482422,75689600
2012-08-29,111.28941146088448,111.58037060158604,110.97484968781076,111.2815399169922,65421300
2012-08-30,110.80184046124003,110.8333026372766,110.24351282928708,110.47943115234376,96589900
2012-08-31,111.10853922038577,111.52533508942348,110.3772055619401,111.00631713867188,151970400
2012-09-04,110.91194279692787,111.24223567475232,110.19634022645572,110.90408325195312,120226200
2012-09-05,110.95122851285944,111.25005911519328,110.58949757253032,110.80968475341795,100660300
2012-09-06,111.47813250118156,113.0666363997726,111.47027295687772,113.05877685546876,158272500
2012-09-07,113.24749611133024,113.54632676982702,113.14527404340002,113.4991455078125,107272100
2012-09-10,113.38908874124336,113.5856853963882,112.81502986802646,112.85433959960938,86458500
2012-09-11,112.92511399479952,113.53062300209692,112.89365181301652,113.16889190673828,88760000
2012-09-12,113.54627990722656,113.6721045535376,113.16094642763603,113.54627990722656,87640900
2012-09-13,113.53062617522556,115.63027689392936,113.23180743577451,115.27640533447266,225470200
2012-09-14,115.50442942939958,116.47168126754698,115.41005490909752,115.78752899169922,169777000
2012-09-17,115.55163066921828,115.74822728816024,115.10338461836402,115.39435577392578,119427800
2012-09-18,115.197803817987,115.44944134815556,115.00906667087806,115.3000259399414,98326600
2012-09-19,115.43367932112852,115.73251005748216,115.13486058408168,115.36290740966795,128318300
2012-09-20,114.83598626421376,115.43363551078944,114.52143655534286,115.37073516845705,154009800
2012-09-21,115.93127062788128,115.95498718963556,115.27508427151096,115.32251739501952,108737500
2012-09-24,114.75331317307165,115.40949962886415,114.66634841234348,115.14860534667967,95682000
2012-09-25,115.39368979594828,115.6150524349948,113.89157238715087,113.92320251464844,133165200
2012-09-26,113.89948085087914,113.93109891360191,113.01401827098044,113.2828140258789,146502200
2012-09-27,113.75715191926392,114.61098424179856,113.45672608447671,114.35009002685548,111830300
2012-09-28,113.91526265721734,114.28683815771258,113.4172028660042,113.82039642333984,150696100
2012-10-01,114.2552627708017,115.18024508662134,113.852056999528,114.12086486816406,135911200
2012-10-02,114.5714542978962,114.75328527581088,113.70972046413004,114.23941040039062,113422200
2012-10-03,114.54769618589869,114.97460616686998,113.94685678884768,114.705810546875,121283100
2012-10-04,115.14070076807438,115.69410738366,114.98258631552984,115.52809143066406,124311600
2012-10-05,116.14476414485708,116.34241025684682,115.18815165494776,115.5360107421875,124842100
2012-10-08,115.10908322863578,115.52017839445725,114.8798070175435,115.14070129394533,78415400
2012-10-09,115.0537138110161,115.14858005156728,113.96270379124894,114.00223541259766,148872900
2012-10-10,113.98645400223006,114.09714740002796,113.12471989387176,113.27493286132812,124247500
2012-10-11,114.06547835366317,114.23150633035718,113.31442583597132,113.33814239501952,123601500
2012-10-12,113.41722972569951,113.8046083146766,112.72151167688646,112.96659088134766,124181900
2012-10-15,113.23539288743557,114.02597723614169,112.87173084251224,113.90739440917967,107689100
2012-10-16,114.4449830671688,115.14070113662304,114.36593187232324,115.06163787841795,108815500
2012-10-17,115.1407173318308,115.67832102385144,114.96678779000302,115.58344268798828,128834100
2012-10-18,115.28301239013672,115.83641900654044,114.89562172697435,115.28301239013672,148108500
2012-10-19,115.06951911853923,115.07742061679636,113.09305885220692,113.36185455322266,185645200
2012-10-22,113.1721335453018,113.58324074387863,112.48432908994636,113.37769317626952,125578600
2012-10-23,112.15225650348178,112.31037090460023,111.33795587753389,111.8043975830078,192056300
2012-10-24,112.2076121668301,112.342022099521,111.31426020439744,111.48818969726562,120179400
2012-10-25,112.27877839889744,112.48432596078848,111.13243365074187,111.81232452392578,134457400
2012-10-26,111.70958335571392,112.13649364379567,110.99014862286982,111.74911499023438,146023500
2012-10-31,112.14440720871649,112.28670661695666,111.21941280171052,111.74911499023438,103438500
2012-11-01,111.9862707391099,113.06146596056176,111.88350297450413,112.9191665649414,100995600
2012-11-02,113.59115026875828,113.62278039730728,111.79653253278524,111.91511535644533,137702200
2012-11-05,111.7490865442498,112.39735934459333,111.4170305494926,112.14437866210938,98378500
2012-11-06,112.4842929578758,113.46462148162568,112.36571018068436,113.02189636230467,107068100
2012-11-07,111.99420803374508,112.01001103881131,109.93868341904384,110.4604721069336,264304500
2012-11-08,110.4446207154487,111.00594085812229,109.04528317209072,109.13224792480467,181517300
2012-11-09,108.80022000744763,110.23908938919374,108.74488537303613,109.22714233398438,201055300
2012-11-12,109.56710583472484,109.74103539435752,109.06904578974246,109.31412506103516,97677500
2012-11-13,108.73698522555824,110.08889000858784,108.5946858080614,108.93463134765624,123018300
2012-11-14,109.2666312445864,109.440548644281,107.21900930474024,107.4640884399414,191505000
2012-11-15,107.50365023761988,107.90685595305013,106.87118038199844,107.28228759765624,178128400
2012-11-16,107.44038279177516,108.02541941447085,106.49168421003492,107.81195831298828,239483900
2012-11-19,109.02156074632012,110.00979103612852,107.84359796141764,109.99398803710938,151495800
2012-11-20,109.82002690924332,110.2232204085432,109.16384073821082,110.04138946533205,119807400
2012-11-21,110.1363126832306,110.34187235123304,109.9149500125824,110.24699401855467,81710800
2012-11-23,110.78460101206916,111.78863456139364,110.71343924458787,111.74911499023438,65409200
2012-11-26,111.19565333527504,111.75697337684576,110.83199139005166,111.51189422607422,100124400
2012-11-27,111.40122063474118,111.78069766658864,110.8715306772948,110.94268035888672,128646200
2012-11-28,110.49207169484116,111.8993109655123,109.89123189205417,111.83607482910156,177086500
2012-11-29,112.25505848671044,112.66615359822514,111.7648880639692,112.35782623291016,151085900
2012-11-30,112.3736445208373,112.59500714519416,111.99416745956243,112.3815460205078,136568300
2012-12-03,112.89541071986032,112.99027695060089,111.74115263797464,111.82811737060548,124656300
2012-12-04,111.82022634938492,112.16017175029336,111.3695875844333,111.67001342773438,127512200
2012-12-05,111.76489596442704,112.38946430200824,110.97431168328748,111.86767578125,147300500
2012-12-06,111.764859352814,112.29454920006016,111.5988434636386,112.2471160888672,103220600
2012-12-07,112.681993953597,112.80849035323764,112.00209088472953,112.58712768554688,108726400
2012-12-10,112.42901964709212,112.90336307782948,112.3815744469932,112.6345672607422,98840700
2012-12-11,113.10097946294842,113.9310953277572,113.04564483908553,113.40140533447266,152570400
2012-12-12,113.84412430272988,114.27894802350208,113.29861927697544,113.45673370361328,145880100
2012-12-13,113.3855960073042,113.70973845735978,112.47642891050891,112.76103973388672,135715000
2012-12-14,112.51598582019233,112.7215334364023,112.16812672863584,112.34205627441406,137701700
2012-12-17,112.63453061983492,113.72554066333086,112.60290049672516,113.66229248046876,143238200
2012-12-18,113.84412669382328,115.0300030135506,113.67809870118404,114.9272232055664,177762800
2012-12-19,115.05372357660454,115.09325520130864,114.03387521404473,114.07339477539062,150895400
2012-12-20,114.1445894714222,114.74542932493056,113.82834844586914,114.7296142578125,168487000
2012-12-21,113.19452898089904,114.72321499888498,113.01140836205045,113.68816375732422,245883800
2012-12-24,113.44131091862644,113.50500766808516,113.21042083213727,113.33781433105467,53874600
2012-12-26,113.56871713419336,113.62445635205329,112.54163578783394,112.860107421875,106947700
2012-12-27,112.891982940693,113.12288526988564,111.40310878267894,112.7088623046875,167920600
2012-12-28,111.97636942815254,112.5973978115648,111.3632985859417,111.49069213867188,148806700
2012-12-31,111.19607132238583,113.50502105525376,111.10052011247178,113.3855972290039,243935200
2013-01-02,115.53536842482303,116.3634023781502,115.23281171643416,116.291748046875,192059000
2013-01-03,116.23596342041274,116.5385078301408,115.71843182542396,116.02894592285156,144761800
2013-01-04,116.22003392420586,116.7295958215436,115.98117412725388,116.53850555419922,116817700
2013-01-07,116.12451555023128,116.3315209317094,115.79010448558154,116.22005462646484,110002500
2013-01-08,116.01306707678576,116.17230294462246,115.43183854325078,115.88567352294922,121265100
2013-01-09,116.14044007388878,116.4987359367305,115.95731944657922,116.18025207519533,90745600
2013-01-10,116.82516420169924,117.11179360019749,116.22006309327718,117.10383605957033,130735400
2013-01-11,117.07201219269214,117.1595937581457,116.72965562250464,117.09590911865234,113917300
2013-01-14,116.95257671643456,117.09589751339064,116.5863232565859,117.01627349853516,89567200
2013-01-15,116.4748684688506,117.20737546114596,116.40321413773044,117.09590911865234,93172600
2013-01-16,116.85703103374998,117.26308432922946,116.72963747672644,117.07996368408205,104849500
2013-01-17,117.59743629483825,118.17069492336422,117.15952871069848,117.83629608154295,133833500
2013-01-18,117.8124383080598,118.22646122327122,117.38248816370896,118.09906768798828,169906000
2013-01-22,118.09903706928112,118.73599243164062,117.82036530171352,118.73599243164062,111797300
2013-01-23,118.73606868444116,119.0306557172908,118.52109352994285,118.9271469116211,104596100
2013-01-24,118.75195156102204,119.54018548110491,118.64048524242703,118.95896911621094,146426400
2013-01-25,119.33318251125304,119.62776947021484,118.92711708250263,119.62776947021484,147211600
2013-01-28,119.65955638449805,119.6914108322378,119.03852829160688,119.48440551757812,113357700
2013-01-29,119.2456212129962,120.10550961241832,119.16599719217346,119.95423126220705,105694400
2013-01-30,119.93822813211604,120.17708789451548,119.37292709940118,119.48440551757812,137447700
2013-01-31,119.34110524573194,119.731243329452,119.11021513016816,119.18982696533205,108975800
2013-02-01,119.94626857178764,120.55933955093076,119.73926311405388,120.41603088378906,131173000
2013-02-04,119.68351768775652,120.439897218214,118.97489555677907,119.0624771118164,159073600
2013-02-05,119.70737034660036,120.6070582808839,119.65958866210184,120.26470184326172,113912400
2013-02-06,119.84272531481504,120.43189913807193,119.75514378042335,120.35228729248048,138762800
2013-02-07,120.39209439909077,120.5035606975234,119.31723126148536,120.19304656982422,162490000
2013-02-08,120.40006209250951,120.93350886206184,120.40006209250951,120.86185455322266,103133700
2013-02-11,120.814089777785,120.94147117110526,120.53541792275588,120.83797454833984,73775000
2013-02-12,120.8459579855384,121.2599810120736,120.71060687375024,121.03704833984376,65392700
2013-02-13,121.28379312920788,121.5067256678836,120.79811606661174,121.14047241210938,82322600
2013-02-14,120.77423809255924,121.39526622075836,120.63888705425047,121.25194549560548,80834300
2013-02-15,121.36345566909336,121.49084921554984,120.66281546141724,121.10868072509766,215226500
2013-02-19,121.31568219977602,122.04021930426426,121.14848880576604,122.0163345336914,95105400
2013-02-20,121.92876788150603,121.96857988696148,120.43192394859403,120.49562072753906,160574800
2013-02-21,120.1930880804815,120.55932940942678,119.38096925489918,119.7631378173828,183257000
2013-02-22,120.3443541929306,120.93354034423828,119.81887697573136,120.93354034423828,106356600
2013-02-25,121.52266227337064,121.70578284093864,118.63248443603516,118.63248443603516,245824800
2013-02-26,119.20577364159408,119.58794209991254,118.41753980670327,119.44463348388672,186596200
2013-02-27,119.34109231291173,121.28380068431296,119.23758357461008,120.94940185546876,150781900
2013-02-28,120.94152258738043,121.71382956076584,120.55139640318426,120.71063232421876,126866000
2013-03-01,120.29656205258416,121.29180135505555,119.75515770352,121.10868072509766,170634800
2013-03-04,120.83000845945864,121.75359344482422,120.6389302893259,121.75359344482422,99010200
2013-03-05,122.34282883885162,123.17086292427756,122.3269016019428,122.84442138671876,121431900
2013-03-06,123.282237726327,123.3459344777342,122.7408335627355,123.01153564453124,94469900
2013-03-07,123.17082318033624,123.3937558294366,123.02751454116526,123.2345199584961,86101400
2013-03-08,123.7759522582115,123.92721845806815,123.13899654443073,123.76002502441406,123477800
2013-03-11,123.66449283672024,124.23773964737616,123.51321447948196,124.2297821044922,83746800
2013-03-12,124.1421400811274,124.28546082568596,123.57685108864544,123.9510498046875,105755800
2013-03-13,124.0147391602954,124.30136848338734,123.5927587886481,124.12620544433594,92550900
2013-03-14,124.45263426250771,124.84277229193546,124.13416266834275,124.78703308105467,126329900
2013-03-15,124.63832015000564,124.79025908079856,124.20645774853092,124.62232208251952,138601100
2013-03-18,123.43070444224144,124.47035907657384,123.31874238641788,123.93453979492188,126704300
2013-03-19,124.19850029714586,124.36643734340096,122.8309519057297,123.6466827392578,167567300
2013-03-20,124.37436192436644,124.71824093165318,124.1664237311739,124.51031494140624,113759300
2013-03-21,123.766650340853,124.47041914736124,123.23883593892658,123.44676208496094,128605000
2013-03-22,123.83857043444478,124.43836975097658,123.74259424579482,124.43836975097656,111163600
2013-03-25,124.7662554009492,124.97419364828558,123.4387088053226,123.91854095458984,151322300
2013-03-26,124.43044131951169,124.94226989700732,124.29448818831273,124.91028594970705,86856600
2013-03-27,124.16652799319984,124.95027503604928,123.95860182835833,124.91028594970705,99950600
2013-03-28,124.83024395308688,125.43804846763328,124.55833782971068,125.2940902709961,102932800
2013-04-01,125.2301214018192,125.486041684076,124.49436889475696,124.79827117919922,99194100
2013-04-02,125.24617425109774,125.72601888873112,125.05423395545316,125.41412353515624,101504300
2013-04-03,125.48608222929568,125.58204626467312,123.81464353071382,124.14252471923828,154167400
2013-04-04,124.30244800912328,124.89425460164088,124.03054181916352,124.6463394165039,131885000
2013-04-05,123.1188127763247,124.23844556937505,122.9748667874328,124.08649444580078,159666000
2013-04-08,124.17451114238844,124.93425483652612,123.75864668339426,124.92626190185548,86571200
2013-04-09,125.15812962971616,125.81391610244388,124.74226533488758,125.35806274414062,101922200
2013-04-10,125.69398616301504,127.05352930342936,125.6620022245258,126.89358520507812,135711100
2013-04-11,126.91758243887848,127.72532031006816,126.78962227273612,127.30945587158205,110142500
2013-04-12,126.9015290037767,127.18943315051592,126.29373678419292,126.99750518798828,116359900
2013-04-15,126.35777680852856,126.46174597287312,124.03855667233826,124.0545425415039,217259000
2013-04-16,124.9902618354413,125.9499511719682,124.68637160163416,125.88597106933594,147507800
2013-04-17,124.9901872833656,125.01419048512288,123.38272934849952,124.0465087890625,226834800
2013-04-18,124.25445784211054,124.28645398174208,122.79895076562296,123.27079010009766,167583200
2013-04-19,123.55871069019132,124.39843252382217,123.25480833824123,124.34244537353516,149687600
2013-04-22,124.58233849015284,125.19013084888456,123.75861492119452,124.89423370361328,106553500
2013-04-23,125.51805171805316,126.30178639027037,124.89426115402983,126.18183135986328,166141300
2013-04-24,126.22183647865462,126.59771189230293,125.98990711978834,126.26182556152344,96781200
2013-04-25,126.6296623857606,127.37342008119091,126.4377343634185,126.77362060546876,131060600
2013-04-26,126.6216708851692,126.83760211569884,126.14182641798152,126.54969787597656,95918800
2013-04-29,126.89357968045722,127.67731427032328,126.69364651548462,127.3974151611328,88572800
2013-04-30,127.37341285808776,127.7332900825228,126.84558642067589,127.7012939453125,116010700
2013-05-01,127.42137896388684,127.4853590273744,126.43771141903296,126.58165740966795,138874200
2013-05-02,126.9015738890741,127.86925578656344,126.78161887006604,127.75729370117188,96407600
2013-05-03,128.86893658594633,129.46074322199587,127.78129954315072,129.05287170410156,144202300
2013-05-06,129.14883545455507,129.5646876638593,129.0928483092916,129.38075256347656,66882100
2013-05-07,129.66065423150692,130.0765064098537,129.29277185517554,130.03652954101562,90359200
2013-05-08,129.8925738519803,130.66831548858366,129.82060084312886,130.62832641601562,97419200
2013-05-09,130.57237809297135,130.9162573406599,129.9325894103219,130.26048278808594,106738600
2013-05-10,130.34842467562603,130.79627299223924,129.96454423028493,130.68431091308594,103203000
2013-05-13,130.51634765019855,131.00418498608238,130.21245758402264,130.7882537841797,81843200
2013-05-14,130.89223535985246,132.23579249578648,130.89223535985246,132.1398162841797,119000900
2013-05-15,131.92386689752774,133.11546040721555,131.8838778354758,132.85154724121094,120718500
2013-05-16,132.57965219500633,133.04349850698557,132.02783482035952,132.22776794433594,109913600
2013-05-17,132.71558477690718,133.58729013423212,132.53964267871987,133.50732421875,129801000
2013-05-20,133.37941936525797,134.01920796889678,133.2434662699645,133.49937438964844,85071200
2013-05-21,133.61935693317045,134.19516552215245,133.1555104474375,133.6913299560547,95804200
2013-05-22,133.82724129689802,135.21078738737438,132.09182313671778,132.69961547851562,244031800
2013-05-23,131.28410048498696,132.68363247038832,131.1081583448719,132.3157501220703,211064400
2013-05-24,131.53203910133337,132.25979879233202,131.14016568242192,132.2038116455078,151573900
2013-05-28,133.58733879493008,134.17914535921844,132.60367103526,132.99554443359375,143679800
2013-05-29,132.29178003481204,132.59568236177157,131.4280672657842,132.1318359375,160363400
2013-05-30,132.23582161928996,133.22748246833658,132.1318524517142,132.61968994140625,107793800
2013-05-31,132.25177848968943,133.00352909942086,130.46038524398182,130.71629333496094,176850100
2013-06-03,131.02021649025488,131.5240520222909,130.08453064715457,131.4360809326172,168390700
2013-06-04,131.5079674733542,132.03579366430736,130.14042001551107,130.80419921875,157631500
2013-06-05,130.4283767472705,130.6922899492729,128.86090780579892,128.97286987304688,211737800
2013-06-06,128.91689772128058,130.14849280710018,128.15715416215764,130.14048767089844,200225500
2013-06-07,131.0361702892277,131.9158686857912,130.46835486536975,131.79591369628906,188337800
2013-06-10,132.2037728635454,132.27574585724668,131.45202238813448,131.79591369628906,105667100
2013-06-11,130.59633018065594,131.58799075042273,130.14848189715474,130.43638610839844,159505400
2013-06-12,131.33204454835646,131.46799758045432,129.23674974328273,129.35670471191406,177361500
2013-06-13,129.28476107073186,131.5559984805328,128.99685687773243,131.32408142089844,163587800
2013-06-14,131.18011315891297,131.69194144020605,130.28441671738722,130.50033569335938,141197500
2013-06-17,131.3880589154483,132.13181655311735,130.53235140874162,131.50802612304688,136295600
2013-06-18,131.58000191367205,132.74761686310333,131.57200898084304,132.5476837158203,114695600
2013-06-19,132.43572577705862,132.66764286585067,130.6603183975082,130.71629333496094,206149500
2013-06-20,129.44468004013362,130.7322496254883,127.14144694261785,127.47733306884766,321255900
2013-06-21,128.34482694407697,128.44129870935163,126.60022633942232,127.8865737915039,271956800
2013-06-24,126.55199170675608,127.37202625472716,125.20132564197786,126.27059936523438,222329000
2013-06-25,127.41220728321775,128.7146372642215,126.56000743278716,127.4845733642578,162262200
2013-06-26,128.52975240351805,129.03625377384424,128.0312985263844,128.746826171875,134848000
2013-06-27,129.5186614572287,130.09751676958118,129.39805944443384,129.50257873535156,129483700
2013-06-28,129.14080752885803,129.75985129397824,128.52175149621445,128.9719696044922,160402900
2013-07-01,129.64725980745916,130.62809709267444,129.502552142847,129.7276611328125,131954800
2013-07-02,129.5347200735682,130.4834042972611,129.036266148632,129.60708618164062,154863700
2013-07-03,129.02018670580443,130.05730751680247,128.81116040528406,129.66336059570312,75216400
2013-07-05,130.62010348167357,131.11052228052475,129.67946655945553,131.06228637695312,122416900
2013-07-08,131.73761318586477,132.16371335622924,131.11052190617656,131.80996704101562,108092500
2013-07-09,132.63803446211054,132.91942689041878,132.0672266458588,132.75863647460938,119298000
2013-07-10,132.62996589607093,133.25705694736286,132.35662103115277,132.8068389892578,121410100
2013-07-11,134.35050445904318,134.7524866981921,132.7988466368158,134.61581420898438,135592200
2013-07-12,134.5755863131926,135.00972164595728,134.36656000742022,134.67205810546875,104212700
2013-07-15,135.04190728018307,135.37957087115984,134.80875072395762,135.18661499023438,69450600
2013-07-16,135.27499455031844,135.35539586702907,134.3182875795658,134.68006896972656,88702100
2013-07-17,135.19459468050908,135.45185679185914,134.8488837673454,135.0257568359375,92873900
2013-07-18,135.31519345126532,136.0870043721004,135.22675691103962,135.76541137695312,103620100
2013-07-19,135.48403529102146,136.0548429394749,135.31519743016472,136.00660705566406,103831700
2013-07-22,136.1995577980657,136.46486741668684,135.87796480541053,136.27191162109375,79428600
2013-07-23,136.5131174612366,136.53723540474806,135.91014433841093,135.9824981689453,80829700
2013-07-24,136.5050649242826,136.56134830207597,135.21068217774578,135.48403930664062,112914000
2013-07-25,135.24286717880614,135.934276924826,135.01775817010392,135.8136749267578,111088600
2013-07-26,135.24284644102528,135.99857468329597,134.68007400556382,135.9583740234375,107814600
2013-07-29,135.612682817262,135.91819315565118,135.15442957719904,135.5403289794922,79695000
2013-07-30,135.95035859522943,136.09506627076905,135.2187481888347,135.5403289794922,85209600
2013-07-31,135.8216880810859,136.5532983081577,135.45990671339126,135.63677978515625,142388700
2013-08-01,136.66591988104537,137.3251643442242,136.59355375796358,137.20457458496094,110438400
2013-08-02,136.89907413870242,137.45381160674992,136.71416573852815,137.43772888183594,91116700
2013-08-05,137.13217207870443,137.44571760907542,136.9552989828521,137.23667907714844,54072700
2013-08-06,136.97138477166956,137.2688598848345,136.15135007272843,136.45684814453125,87495000
2013-08-07,136.02272644956236,136.21567003683057,135.50818977097708,136.01467895507812,84854700
2013-08-08,136.65783022506585,136.8186206103193,135.81366536808514,136.51312255859375,102181300
2013-08-09,136.3362296194359,136.754294374288,135.64482002266897,136.11915588378906,91757700
2013-08-12,135.43580224783452,136.11916439535233,135.37148364556475,135.9583740234375,68593300
2013-08-13,136.19957643671677,136.5935110387909,135.3956122463354,136.36036682128906,80806000
2013-08-14,136.29607614990255,136.5131499607037,135.628784263012,135.66094970703125,79829200
2013-08-15,134.5916625461083,134.60773299903167,133.53042381214215,133.76358032226562,152931800
2013-08-16,133.5063195004869,133.96458507355436,133.0561014222244,133.3214111328125,130868200
2013-08-19,133.16860679593808,133.62687219988274,132.4611144954697,132.4691619873047,96437600
2013-08-20,132.68622910494037,133.61883040119932,132.54152145596152,133.12037658691406,89294400
2013-08-21,132.75055670693996,133.48216702866168,132.00287593480988,132.3003387451172,159530500
2013-08-22,132.57367009787197,133.6992271552102,132.56563487348686,133.5062713623047,101471400
2013-08-23,133.9002413357057,134.12535033261096,133.2731502346809,133.95651245117188,90888900
2013-08-26,134.09322588618969,134.50325560894885,133.3696627845926,133.45809936523438,89702100
2013-08-27,132.13955982719153,133.45806065866063,131.21500588023912,131.3114776611328,158619400
2013-08-28,131.25523251616002,132.24411762849638,131.08640685041166,131.77781677246094,108113000
2013-08-29,131.48839287291477,132.68629209430645,131.36779084066114,131.98684692382812,119200500
2013-08-30,132.2601505706641,132.27623329011027,131.18284145066298,131.56874084472656,134928900
2013-09-03,132.8390233849752,133.1204158086999,131.608958936162,132.1636962890625,142375100
2013-09-04,132.19581106025305,133.482158527121,131.9546316442941,133.25704956054688,97389400
2013-09-05,133.3374820167572,133.77965256095746,133.24099796032243,133.42591857910156,63090500
2013-09-06,133.86808329636918,134.24594747652745,132.2360368448435,133.49021911621094,159756500
2013-09-09,133.81980972221425,134.8488826944621,133.81980972221425,134.76849365234375,87559300
2013-09-10,135.58050307194245,135.78952931814936,135.27499279343212,135.76541137695312,105847200
2013-09-11,135.58058071605484,136.19158935546875,135.34743639513488,136.19158935546875,94545900
2013-09-12,136.1432879634625,136.32016106013327,135.64483410967375,135.82974243164062,83209000
2013-09-13,135.97449400784495,136.2398037146023,135.66094840304493,136.13528442382812,72727800
2013-09-16,137.60651595919683,137.67083456755304,136.70606770972998,136.9231414794922,106299200
2013-09-17,137.04376097024016,137.5663328620238,137.04376097024016,137.5341796875,82523300
2013-09-18,137.48595848115937,139.50391713567666,137.14025965028023,139.1260528564453,203460600
2013-09-19,139.50382745749985,139.56814604533378,138.7561346080075,138.89280700683594,146616900
2013-09-20,139.22246013655794,139.22246013655794,137.80866507678752,137.92176818847656,132867100
2013-09-23,137.73599422711533,137.86524615441974,136.84731788573472,137.2835693359375,104616500
2013-09-24,137.2593467905983,137.7683171366621,136.70191775362244,136.96043395996094,106333100
2013-09-25,137.04924881038215,137.32392602609684,136.4433366612569,136.56451416015625,117306500
2013-09-26,136.79080879791303,137.47750221919506,136.57267685123705,137.0897216796875,77146900
2013-09-27,136.40296070635748,136.64532806816916,136.1040479456022,136.4595184326172,99141800
2013-09-30,135.30422964954428,136.1605835828776,135.03762680339642,135.73240661621094,143937000
2013-10-01,135.83747322122315,136.9361948053797,135.7001345641184,136.8069305419922,127160000
2013-10-02,136.00714113443115,136.8069376099095,135.58703842037713,136.67767333984375,113350000
2013-10-03,136.36261085665777,136.48380074278336,134.78724095558755,135.41738891601562,176698000
2013-10-04,135.52244902707037,136.58077437646,135.34471368150474,136.4434356689453,96878000
2013-10-07,135.2557653298151,136.08788380255567,135.11842670422172,135.2638397216797,96295000
2013-10-08,135.23959502101454,135.41733024847468,133.5915192986654,133.68846130371094,178015000
2013-10-09,133.94703559859622,134.27018394422615,132.9210204938764,133.78546142578125,168973000
2013-10-10,135.15071670086542,136.7422469032979,135.10224570218244,136.66954040527344,195955000
2013-10-11,136.4595058442915,137.59862371060203,136.34640272952188,137.55014038085938,105040000
2013-10-14,136.7018988304804,138.21263621704364,136.59687008730592,138.0995330810547,112106000
2013-10-15,137.75213108503218,138.26917573143064,136.91193815737844,137.09774780273438,155485000
2013-10-16,137.92177377593546,139.0851271589036,137.85714166273556,139.01242065429688,161676000
2013-10-17,138.44692437964733,140.02230630331272,138.42268887257413,139.94151306152344,129389000
2013-10-18,140.45860258711429,140.98372184438935,140.17583847792196,140.88677978515625,138316000
2013-10-21,140.93518726498635,141.17755463110387,140.57971677165617,140.89479064941406,104104000
2013-10-22,141.30681291047682,142.13084466228048,140.9190202101172,141.71075439453125,126663000
2013-10-23,141.22601903173592,141.2906511481646,140.53932590839827,141.03213500976562,105484000
2013-10-24,141.3149684605137,141.67851353948606,140.9837332948026,141.5007781982422,70350000
2013-10-25,141.79154792262128,142.18741505008342,141.51687064755785,142.1470184326172,93625000
2013-10-28,142.09850700716137,142.56708051640172,141.94500730083791,142.37318420410156,84979000
2013-10-29,142.69640842383444,143.18921765118665,142.49443763110517,143.13265991210938,87401000
2013-10-30,143.30229375337765,143.4073101631979,141.9127339754973,142.42169189453125,140002000
2013-10-31,142.30859963240505,142.90643754952896,141.80771606747157,142.01776123046875,133795000
2013-11-01,142.20364738992984,142.68029566375262,141.55733816869528,142.35714721679688,142805000
2013-11-04,142.74483755618027,142.91448606899442,142.1712352491206,142.85794067382812,85677000
2013-11-05,142.3004888598186,142.79329790579683,141.84000203207978,142.405517578125,85825000
2013-11-06,143.01955676127375,143.3992628377903,142.62368956968956,143.13265991210938,87348000
2013-11-07,143.39929469203815,143.51239786799815,141.1856898741675,141.32302856445312,157000000
2013-11-08,141.27456839645637,143.24580589529063,141.2584196038789,143.22964477539062,136713000
2013-11-11,143.09221299922658,143.42344794144867,142.9225644962545,143.25379943847656,62614000
2013-11-12,142.94683632302858,143.28614574251432,142.486337043308,142.96299743652344,83990000
2013-11-13,142.2601547369778,144.1505985329645,142.2601547369778,144.11021423339844,103844000
2013-11-14,144.23946002555203,144.95040118097876,144.00517932332417,144.8292236328125,103435000
2013-11-15,145.06345300555842,145.51586546172243,144.8776433883442,145.45932006835938,102818000
2013-11-18,145.70170074268557,145.82287825906587,144.6272148972882,144.9503631591797,104796000
2013-11-19,144.8776212070348,145.313872486597,144.38481221545382,144.63525390625,93891000
2013-11-20,144.92615812495532,145.36240960295723,143.78703992223,144.1829071044922,124909000
2013-11-21,144.58685552907409,145.4593708537249,144.49798788506374,145.3462677001953,92841000
2013-11-22,145.40278932283638,146.08949485304268,145.23314078395907,146.07333374023438,81296000
2013-11-25,146.33184369949882,146.36415359370548,145.71784476373176,145.9279022216797,79486000
2013-11-26,146.0006755077904,146.40461717036678,145.75023364936445,145.96835327148438,86994000
2013-11-27,146.1218359550713,146.42076113293228,145.9441006581766,146.3238067626953,58800000
2013-11-29,146.4853350888135,146.8327188228375,146.06523252416463,146.226806640625,55870900
2013-12-02,146.2995194099857,146.57419665246428,145.62090069539778,145.84710693359375,99726000
2013-12-03,145.37047973418186,145.73402464558188,144.74840632656662,145.21697998046875,116563000
2013-12-04,144.6918021493986,145.8066719363489,144.08589010074502,145.2007598876953,123033000
2013-12-05,144.9422669657893,145.20886978904107,144.42522242814428,144.56256103515625,106934000
2013-12-06,145.96019763973678,146.315668077333,145.54009509282176,146.17832946777344,127728000
2013-12-09,146.60653026177974,146.76810439771128,146.35608850198838,146.5499725341797,70124000
2013-12-10,146.21066621122793,146.5176657050459,145.93598894166269,146.0248565673828,80976000
2013-12-11,146.08147823656833,146.10571375170755,144.20718288365498,144.38491821289062,130591000
2013-12-12,144.32021901828347,144.49795426495075,143.60927803161428,143.908203125,115565000
2013-12-13,144.20713324184285,144.3363974963022,143.61738203093418,143.89205932617188,107808000
2013-12-16,144.57061027938107,145.2653899116776,144.53021367791845,144.7887420654297,96195000
2013-12-17,144.91808695392396,144.9423224628342,144.00517502724205,144.3283233642578,89886000
2013-12-18,144.54645936756685,146.81660916682353,143.25385365555826,146.79237365722656,234906000
2013-12-19,146.37227229342236,146.79237500917088,145.99257853046657,146.6227264404297,136531200
2013-12-20,146.768915738143,147.82486811948542,146.67144740560926,147.4755859375,197087000
2013-12-23,148.19845999312437,148.35279306893867,147.8898062357356,148.26344299316406,85598000
2013-12-24,148.27154877767305,148.65331612446928,148.26343055118934,148.5883331298828,45368800
2013-12-26,148.92139716243395,149.42501237618944,148.90516070610488,149.34378051757812,63365000
2013-12-27,149.5387759334489,149.60374656740416,149.18137547546834,149.33570861816406,61814000
2013-12-30,149.35194387936568,149.47379170410463,149.11639124899608,149.31134033203125,56857000
2013-12-31,149.51438720943818,150.0179901123047,149.40065763086213,150.0179901123047,86119900
2014-01-02,149.44124914006906,149.51436277066628,148.22284562384073,148.5802459716797,119636900
2014-01-03,148.83210732098473,149.1326554041114,148.34475315476658,148.55593872070312,81390600
2014-01-06,149.04329550391648,149.1001479088348,147.89799283792902,148.12542724609375,108028200
2014-01-07,148.7183412903831,149.28692716144724,148.6046241161703,149.03512573242188,86144200
2014-01-08,149.01073166161913,149.31939781896364,148.55586304715783,149.06759643554688,96582300
2014-01-09,149.54685227620962,149.56310112726982,148.48278182524143,149.1650848388672,90683400
2014-01-10,149.41689491892882,149.63621104111016,148.65335999997663,149.57122802734375,102026400
2014-01-13,149.18946612717332,149.6037189118478,147.2968776112708,147.5811767578125,149892000
2014-01-14,148.06854817166,149.27071552091067,147.79237961612046,149.18948364257812,105016100
2014-01-15,149.5386922424292,150.22099506530884,149.22190790364658,149.99356079101562,98525800
2014-01-16,149.6850040932064,149.99367043147436,149.31948534192708,149.79872131347656,72290600
2014-01-17,149.53873404780046,149.8230207730236,148.90516519311342,149.1650848388672,107848700
2014-01-21,150.02606677971963,150.08293155325427,148.68582802178688,149.6036834716797,88621200
2014-01-22,149.8555049605488,149.92048796468725,149.3843874762254,149.701171875,61270900
2014-01-23,148.9457573835016,148.9701244611148,147.686750392683,148.47463989257812,132496900
2014-01-24,147.50810949946768,147.5568436742766,145.25812007323796,145.30685424804688,208677100
2014-01-27,145.44488013867925,145.8185293192535,143.86907634997013,144.5919952392578,180843100
2014-01-28,144.69761674050045,145.6398518695707,144.68136788813914,145.45303344726562,110463200
2014-01-29,144.24274187625116,145.03064385989143,143.67415601028458,144.05592346191406,216597300
2014-01-30,145.25808985973364,146.0541101359483,144.79509050686053,145.58299255371094,118938100
2014-01-31,143.77973401913408,145.63170638354538,143.70663278233295,144.73008728027344,194677900
2014-02-03,144.55949410747468,144.8843967029978,141.19670142742828,141.47286987304688,254837100
2014-02-04,142.1064972659389,142.82941637447243,141.42419409717027,142.46389770507812,165012400
2014-02-05,141.96835661761577,142.60192536480608,141.09923534410692,142.28514099121094,164230500
2014-02-06,142.61823816344506,144.1615447998047,142.3258207340643,144.1615447998047,132877600
2014-02-07,144.83574234659196,146.10288051916442,144.36462464756568,145.94854736328125,170787200
2014-02-10,145.96470560493702,146.26525349874555,145.56670181236913,146.2165069580078,92218800
2014-02-11,146.33837316183758,148.19034532764107,146.24089246231512,147.8166961669922,117814100
2014-02-12,148.0360492962704,148.50716688010547,147.59742941848927,147.8898468017578,94717700
2014-02-13,146.89068328737798,148.8076381050802,146.88256506149887,148.65330505371094,100542200
2014-02-14,148.51524063158766,149.74989281276797,148.37715640782085,149.47372436523438,96498400
2014-02-18,149.6036887547375,149.85550253954617,149.17318720423577,149.65243530273438,80460900
2014-02-19,149.26258556530053,150.2291879082643,148.53966646418178,148.66151428222656,126524300
2014-02-20,148.86458762405798,149.87992417773333,148.32036871859736,149.5387725830078,104998100
2014-02-21,149.8230480799445,150.18044850295777,149.29507806955746,149.36817932128906,118116400
2014-02-24,149.6849522798125,151.20389156640826,149.61996926297374,150.19668579101562,114063900
2014-02-25,150.31848592240755,150.74898746296552,149.64430122445592,150.13978576660156,117085000
2014-02-26,150.359165284908,150.7571816897172,149.72559624492297,150.14797973632812,98677200
2014-02-27,149.92861873494613,150.97644032801486,149.75803678553217,150.9358367919922,93880800
2014-02-28,150.91149234470106,152.01617897538398,150.31042105655018,151.317626953125,150842000
2014-03-03,149.9854897391351,150.63530752130063,149.2544524806009,150.2535400390625,167748500
2014-03-04,151.7237940150685,152.69039657295164,151.69130869291365,152.36549377441406,167545900
2014-03-05,152.49537603518047,152.76342627405623,152.25981110060457,152.5034942626953,88376900
2014-03-06,152.87713215477424,153.20203475077122,152.5278500895499,152.85275268554688,82516500
2014-03-07,153.48639928018264,153.48639928018264,152.24361595455784,152.9178009033203,114513500
2014-03-10,152.68227572207405,152.89346129807635,151.9593564726177,152.83660888671875,74939200
2014-03-11,153.06401270163911,153.283328859854,151.7318916861669,152.08116149902344,99009100
2014-03-12,151.34196333380365,152.17859939736368,151.0007994529475,152.12173461914062,104824400
2014-03-13,152.57663935335296,152.69848716654545,149.99362931769363,150.41600036621094,155014300
2014-03-14,150.14789384733712,150.91954673470616,149.8148606620369,149.99356079101562,153919600
2014-03-17,150.74896848654217,151.7074521465049,150.68398549313463,151.3500518798828,98359500
2014-03-18,151.65882749384042,152.63354831019976,151.49636369590752,152.43048095703125,101804600
2014-03-19,152.44670036444737,152.65789832043058,150.65159210406776,151.61819458007812,176267300
2014-03-20,151.28509084648203,152.6172114191056,151.01704060760625,152.5034942626953,117241000
2014-03-21,153.14394999175855,154.212716671355,151.7733088862485,151.91200256347656,163128000
2014-03-24,152.43417069732124,152.6218260957339,150.62297367496134,151.2838134765625,121411000
2014-03-25,152.05073453567684,152.51577737845676,151.15330243659872,152.0017852783203,103852000
2014-03-26,152.59739667590063,152.84215547795554,150.86778938622578,150.90858459472656,119843000
2014-03-27,150.7290104438135,151.21036126479174,150.0355296381079,150.59031677246094,142383000
2014-03-28,151.02276562177502,152.09153259062748,150.93302116528645,151.33279418945312,101642000
2014-03-31,152.29550379187185,152.80949592751452,151.35727643053576,152.57289123535156,99745000
2014-04-01,153.07058725003424,153.67432394310964,152.5647615430206,153.58457946777344,89193000
2014-04-02,153.7803586280238,154.3025048044449,153.49480468589405,154.09854125976562,78774000
2014-04-03,154.3350562910134,154.37585146933165,153.42130405159952,153.89450073242188,77435000
2014-04-04,154.73491862808862,154.76754732025324,151.83047951647404,152.07522583007812,169381000
2014-04-07,151.70804136470366,151.9609541004602,150.08449995170784,150.39451599121094,140803000
2014-04-08,150.32927573881827,151.2593489380888,149.78265497204,151.0146026611328,112660000
2014-04-09,151.4224777859167,152.68704127961806,150.98190974061163,152.63809204101562,100254000
2014-04-10,152.6299855469563,152.70340942774038,149.2441835842156,149.4318389892578,172959000
2014-04-11,148.59963956072357,149.64393163209212,147.92247928103336,148.0856475830078,167251000
2014-04-14,149.24416808730152,149.60314584356504,148.0285535796159,149.25233459472656,132382000
2014-04-15,149.56234571616437,150.38635368893117,148.08563967247912,150.28028869628906,157093000
2014-04-16,151.31646797354588,151.86308875214235,150.64746160487945,151.8549346923828,105197000
2014-04-17,151.6509355704359,152.49126413947835,151.3898563320436,152.0670166015625,105255000
2014-04-21,152.10783085549923,152.6462975154731,151.92018790997312,152.5973358154297,68329000
2014-04-22,152.75235059892685,153.70689834544774,152.67077266313188,153.2908172607422,85790000
2014-04-23,153.2337440304757,153.31532198228447,152.8094963546491,152.93186950683594,73869000
2014-04-24,153.68245337836743,153.698773948254,152.50762132547877,153.2418975830078,88170000
2014-04-25,152.74422451322528,152.83396897329675,151.6428163622525,151.9854736328125,100380000
2014-04-28,152.60553637674386,153.12768258655203,150.9004040219426,152.4668426513672,135121000
2014-04-29,152.95630589800794,153.41318215054898,152.62996927446272,153.1765899658203,84098000
2014-04-30,152.9237251785469,153.78852870623035,152.71159510265977,153.63351440429688,101508000
2014-05-01,153.56003583842377,154.06586131816823,153.16026290991834,153.6497802734375,93019000
2014-05-02,153.63345261964037,154.31061288005554,153.20105102969166,153.4294891357422,98122000
2014-05-05,152.67892862204283,153.8292858368881,152.2546810242168,153.7232208251953,75883000
2014-05-06,153.3805356408487,153.4866006331982,152.35256419210924,152.38519287109375,85454000
2014-05-07,152.89921665253303,153.35609294709138,151.75701346719174,153.2826690673828,106500000
2014-05-08,153.1439633919595,154.23720478972947,152.62997137630066,153.11947631835938,93618000
2014-05-09,153.1439216826256,153.41314248051518,152.4259663577441,153.34788513183594,83679000
2014-05-12,154.03325480041556,154.9143787121676,153.3805690381238,154.8409423828125,86940000
2014-05-13,155.0449174112006,155.35494597230883,154.82464575362556,154.9796600341797,66454000
2014-05-14,154.84094660360256,154.91438293495946,154.02509249073498,154.24537658691406,72367000
2014-05-15,153.93523694948837,153.96787806185654,152.14036168628152,152.8909454345703,154956000
2014-05-16,152.98084890377226,153.48668708000122,152.33632942704392,153.42141723632812,97458000
2014-05-19,153.1276494591625,154.1066718346343,152.9889557637906,153.9842987060547,63839000
2014-05-20,153.91085970925795,153.927180275767,152.62182128077052,153.013427734375,111644000
2014-05-21,153.453979822336,154.37589884972937,153.42950519762152,154.30247497558594,89093000
2014-05-22,154.3432617474869,154.9959474711187,154.08219492740108,154.67776489257812,61549000
2014-05-23,154.81647291300726,155.40388887374235,154.67777920685396,155.29783630371094,61092800
2014-05-27,155.87706678625082,156.3013143615847,155.78732234625605,156.2523651123047,72010000
2014-05-28,156.25241795580197,156.49717673392203,155.8771195028247,156.13819885253906,66723000
2014-05-29,156.49710633909555,156.97029066194716,156.0973334330252,156.94581604003906,64377000
2014-05-30,156.79898522727734,157.296656674679,156.66844559705362,157.19874572753906,76316000
2014-06-02,157.4190453166551,157.4516864519011,156.61951178836495,157.3782501220703,64656000
2014-06-03,156.99475645790778,157.37820877816813,156.8479087347148,157.296630859375,65047000
2014-06-04,157.02748257305498,157.70464315514533,156.86431419821432,157.61489868164062,55529000
2014-06-05,157.7943698602057,158.80602113967024,157.21510787845776,158.64285278320312,92103000
2014-06-06,158.9854720260356,159.4423482944058,158.9120481505357,159.4015655517578,78696000
2014-06-09,159.37706960692236,159.94816486599038,159.23020942662316,159.56471252441406,65119000
2014-06-10,159.3688941934501,159.61365284764094,159.02623705715985,159.58102416992188,57129000
2014-06-11,159.00997032469888,159.18945923527312,158.66731307240624,159.0262908935547,68772000
2014-06-12,158.83861492181427,158.92835935845557,157.5495641268502,157.90037536621094,106350000
2014-06-13,158.21037907900788,158.53672809245904,157.70455366933606,158.3817138671875,82017000
2014-06-16,158.18588576409758,158.8467253209404,157.99824288412827,158.51222229003906,87424000
2014-06-17,158.2920105353074,159.06706941391917,158.12067570265137,158.95285034179688,84834000
2014-06-18,158.952826405367,160.20923600951187,158.60200273378507,160.11949157714844,105267000
2014-06-19,160.25818552557587,160.39689165223476,159.74420600202836,160.29898071289062,85929000
2014-06-20,160.69819585964953,160.75558529376153,160.4276724743968,160.62442016601562,100587000
2014-06-23,160.6654766226998,160.71466043859596,160.2801867200463,160.57530212402344,70611000
2014-06-24,160.28834583606016,161.0835173805604,159.4275917147499,159.60794067382812,96237000
2014-06-25,159.2718437907494,160.49329590025198,159.2390587547633,160.329345703125,82782000
2014-06-26,160.35395792001597,160.37035669438544,159.14071129727125,160.214599609375,84312000
2014-06-27,159.8374816915339,160.57527633729464,159.76370597953726,160.52609252929688,71445100
2014-06-30,160.42770828388666,160.81299811476987,160.28834999527325,160.44410705566406,70201200
2014-07-01,160.83761534286205,162.00988379186887,160.78023839550357,161.5180206298828,90470000
2014-07-02,161.5343943802032,161.8868866684271,161.46061866991417,161.68194580078125,52475000
2014-07-03,162.1410058028876,162.5508875241745,162.01804628994051,162.47711181640625,52938800
2014-07-07,162.16560567316284,162.2967583137681,161.67374261795257,161.91146850585938,61696000
2014-07-08,161.6163517858241,161.67374122883092,160.47688114268797,160.87037658691406,108143000
2014-07-09,161.27207434265372,161.73934555479048,160.9277751640997,161.59178161621094,72992000
2014-07-10,160.0342157745594,161.37862728235584,159.90305062536046,160.9523468017578,99040000
2014-07-11,160.85396832541244,161.2884419077545,160.4932704437859,161.17367553710938,64243000
2014-07-14,161.99346840059408,162.19840927896595,161.85411010433305,161.9852752685547,58658000
2014-07-15,162.0836344044624,162.39514852603546,160.9687555841249,161.68194580078125,111307000
2014-07-16,162.4032939536868,162.52625343471735,161.83765532375787,162.28033447265625,79986400
2014-07-17,161.78026312029638,162.39508548456112,160.2063068602168,160.43585205078125,145398000
2014-07-18,160.96054549147752,162.239374369457,160.87037101887145,162.07542419433594,124330000
2014-07-21,161.56716913075113,161.90327513435915,161.0261222725426,161.77210998535156,67592000
2014-07-22,162.32135476094163,162.77222715607672,162.2065883793252,162.47711181640625,67678000
2014-07-23,162.72304794619723,163.00997016263975,162.39514756334682,162.8378143310547,65612000
2014-07-24,162.99351113937828,163.1820531643917,162.68199713480496,162.845947265625,56888000
2014-07-25,162.3869266150363,162.52628489004036,161.76391094291276,162.0836181640625,76837000
2014-07-28,162.11641815486394,162.38694159904455,161.181888306148,162.1492156982422,69259000
2014-07-29,162.45252023954717,162.68205300324027,161.42781593427532,161.45240783691406,80466000
2014-07-30,162.02629096145478,162.23943752982774,160.804851048985,161.47705078125,104222000
2014-07-31,160.3539083269514,160.49326659449267,158.18973359769427,158.28810119628906,183479000
2014-08-01,157.85364242207208,158.83735602602434,157.04208464039513,157.80445861816406,189261000
2014-08-04,158.10777696448858,159.2800452348285,157.43557742139825,158.94393920898438,91340000
2014-08-05,158.29629194655985,158.70617358028105,156.8289086930249,157.40274047851562,152690000
2014-08-06,156.66503249637182,158.12421080054972,156.64044058742732,157.45201110839844,94818000
2014-08-07,158.16519302659125,158.32095011397735,156.20595849765013,156.5994415283203,135733000
2014-08-08,156.9519242743437,158.5176630434372,156.53383688634324,158.41110229492188,117014000
2014-08-11,159.00953652488835,159.57517537480624,158.796402505345,158.87017822265625,74544000
2014-08-12,158.71440154654823,159.15706830434763,158.16516153783894,158.64881896972656,73632000
2014-08-13,159.27186007430146,159.90308153180283,159.00134910111464,159.7227325439453,69047000
2014-08-14,159.98504759871315,160.47689819335938,159.83748366430044,160.47689819335938,57371000
2014-08-15,161.05892965703967,161.20648107724284,159.28823756301446,160.44410705566406,139951000
2014-08-18,161.3294628735947,161.86230415695263,161.2392883862543,161.7885284423828,75424000
2014-08-19,162.18195547763312,162.75578724065238,161.85405518693477,162.63282775878906,59135000
2014-08-20,162.4115389997337,163.26410003605778,162.37875396384348,163.06735229492188,72763000
2014-08-21,163.20671012933673,163.75595016629296,163.07554496894767,163.54281616210938,67791000
2014-08-22,163.41168635323186,163.6986086400792,162.91983565826607,163.28872680664062,76107000
2014-08-25,164.06743912435397,164.4363301363307,163.25586889112813,164.1166229248047,63855000
2014-08-26,164.2231903076172,164.62487884463184,164.18219963917147,164.2231903076172,47298000
2014-08-27,164.30517470108325,164.41995358704293,163.9034986346123,164.15762329101562,47874000
2014-08-28,163.6166171334536,164.17406289686724,163.4526669119555,164.06748962402344,58330000
2014-08-29,164.3215824995246,164.55111526686048,163.80514002731772,164.53472900390625,65907000
2014-09-02,164.74784358164632,164.7724354817768,163.83790575102998,164.45272827148438,72426000
2014-09-03,165.08399054366268,165.1085824498981,164.1330618072287,164.3625946044922,57462000
2014-09-04,164.64128988474678,165.24791934669594,163.6739750085389,164.12484741210938,85236000
2014-09-05,164.09206067828686,164.92822296284413,163.4690449123296,164.86264038085938,102177000
2014-09-08,164.70689432766434,164.94463276683356,163.9527133472987,164.43637084960938,64146000
2014-09-09,164.28880286757308,164.40356925501504,163.05915764129563,163.395263671875,88591000
2014-09-10,163.48542542215895,164.11664680652115,162.9443910298751,164.0100860595703,67251000
2014-09-11,163.35425311318605,164.22320029928198,163.23128110036706,164.1986083984375,66774400
2014-09-12,164.03468884391262,164.0510751084701,162.7722459914494,163.23951721191406,117409300
2014-09-15,163.26411057338487,163.39527574260777,162.62469600917206,163.11654663085938,76401000
2014-09-16,162.8132375853824,164.64130678172924,162.7230630954138,164.34619140625,116201000
2014-09-17,164.58391891376164,165.3298941809698,163.74775665397215,164.56752014160156,151266000
2014-09-18,165.06760537408363,165.46929405669965,164.85447133294468,165.4447021484375,94990000
2014-09-19,165.970947517806,166.28390522229688,164.95791613367513,165.29559326171875,121649000
2014-09-22,165.00738299827003,165.03208986083115,163.67314958461182,164.01905822753906,125553000
2014-09-23,163.42598659479492,164.10957210667482,163.03066442461005,163.080078125,111393000
2014-09-24,163.10480583374672,164.46374560358373,162.67654533088916,164.35667419433594,107276000
2014-09-25,163.92840143081136,163.93664542665618,161.6470515196939,161.70469665527344,150300000
2014-09-26,162.00119012406265,163.39306816711328,161.77058444951695,162.989501953125,103547000
2014-09-29,161.58942405843112,162.98130237347627,161.46588976830785,162.6930389404297,95112000
2014-09-30,162.81659323279968,163.31898698069193,161.92710860208533,162.26478576660156,131302000
2014-10-01,162.00122240576206,162.0588801194212,159.7033966311317,160.06578063964844,177798000
2014-10-02,159.92577072163286,160.6505387947143,158.4186019914925,160.0904998779297,157285000
2014-10-03,161.16113664392648,162.19887485739335,160.6669869600991,161.85296630859375,121569000
2014-10-06,162.5283060878484,162.7424489253752,161.0787827716009,161.6635284423828,104778000
2014-10-07,160.83168046096915,161.19406438405736,159.13507624566202,159.1680145263672,147913000
2014-10-08,159.25862202793914,162.18238790937954,158.4267952839968,161.9517822265625,186461000
2014-10-09,161.69651206835096,161.9188863804444,158.6080288278827,158.73980712890625,210705000
2014-10-10,158.69860946399393,159.4892540593955,156.88670198520697,156.92787170410156,221909000
2014-10-13,156.86194339649592,157.43021351394165,154.2593796135218,154.3499755859375,230939000
2014-10-14,155.18181097923474,156.33485183590665,154.04524554586172,154.5888214111328,215847000
2014-10-15,152.49693529139552,154.58063075749524,149.82848153106588,153.5428924560547,380715000
2014-10-16,150.76731082622248,154.4899640446781,150.62730117299904,153.4110565185547,270391000
2014-10-17,155.18185543321502,156.2772389056614,154.52297655023838,155.22303771972656,214625000
2014-10-20,154.94296356097414,156.85369782305813,154.89354986143837,156.73016357421875,130011000
2014-10-21,157.866769376241,159.94223342313626,157.70205280012183,159.83517456054688,154949000
2014-10-22,160.11517817501925,160.52697585816037,158.63270400229771,158.69859313964844,151822000
2014-10-23,160.28811398026255,161.58939606812112,159.99161916825597,160.54342651367188,154944000
2014-10-24,160.80704806856644,161.82831118223876,160.18111990880914,161.7788848876953,117927000
2014-10-27,161.2023202299979,161.795309909042,160.6258059773351,161.5564727783203,82954000
2014-10-28,162.10006266528663,163.41780784637902,162.02592952373897,163.40957641601562,106736000
2014-10-29,163.52492072203836,163.99436371311845,162.08362831778203,163.16253662109375,142557000
2014-10-30,162.72596100406872,164.67787784507095,162.57770731508273,164.20843505859375,113330000
2014-10-31,166.18507009713994,166.2180209489714,165.35324331087932,166.08624267578125,146903000
2014-11-03,166.30041419014978,166.73691883216944,165.79802039519328,166.1768798828125,93600000
2014-11-04,165.7320769749543,166.0368157783875,164.76847199203343,165.60031127929688,93343000
2014-11-05,166.81094147768343,166.85212374497368,165.91322585924803,166.64622497558594,91709000
2014-11-06,166.6874874912074,167.40401153217255,166.06979088566652,167.31341552734375,107089000
2014-11-07,167.329838953783,167.68399143244113,166.86862764237625,167.4698486328125,89540000
2014-11-10,167.50284429571937,168.04640773413132,167.29694543610404,167.9969940185547,66319000
2014-11-11,168.0628852141242,168.26878407625404,167.72520806413468,168.16171264648438,54499400
2014-11-12,167.4781056428116,168.2111049412021,167.4451547939701,167.98049926757812,90120300
2014-11-13,168.14523027856535,168.69703765700748,167.36281720665687,168.16993713378906,85357900
2014-11-14,168.09580250958976,168.41700416770215,167.78283228017423,168.2111053466797,80417500
2014-11-17,167.88997661921425,168.49119791898906,167.7252474371853,168.3182373046875,80441000
2014-11-18,168.37583247820055,169.59475005652524,168.37583247820055,169.29002380371094,76068100
2014-11-19,169.09237008184962,169.29003750260048,168.2605432494432,169.01824951171875,82373000
2014-11-20,168.22759108692355,169.42181446494942,168.1617019471859,169.3147430419922,72840300
2014-11-21,171.01137562338013,171.1760922162327,169.6442040252698,170.22071838378906,142327300
2014-11-24,170.62419793742055,170.8053898675238,170.4100677323276,170.6983184814453,65880800
2014-11-25,170.92896906086025,171.13486789312196,170.31951656028878,170.5748291015625,79108300
2014-11-26,170.72311958131596,171.11021050323376,170.50898925800718,171.01138305664062,62167800
2014-11-28,170.88777543080218,171.20073306643295,170.41008869876345,170.64892578125,57890100
2014-12-01,169.99005210983535,170.10535494048185,169.14999401529636,169.46295166015625,103968400
2014-12-02,169.5041182897445,170.76421788230812,169.47941144024836,170.55831909179688,74507200
2014-12-03,170.7313667786352,171.43141548357062,170.56665017553692,171.21728515625,68952000
2014-12-04,170.9289767829042,171.5302104485588,170.23715969134693,171.02781677246094,91316600
2014-12-05,171.20078989333257,171.69495221245316,170.9372458723195,171.307861328125,91025500
2014-12-08,170.91251496508642,171.4066646476086,169.60298877379267,170.1630401611328,108588200
2014-12-09,168.31818936881524,170.15481617538774,167.93934251901482,170.04774475097656,125180100
2014-12-10,169.58649637353557,169.64414150460772,167.13217354638763,167.3216094970703,159856400
2014-12-11,167.91462458509903,169.81712783973018,167.77461488314216,168.16993713378906,159012800
2014-12-12,166.89334863860122,167.8651976132051,165.41911860275877,165.45205688476562,202330200
2014-12-15,166.34978752888287,166.80276749093596,163.71428488657548,164.3155059814453,189965800
2014-12-16,163.54951839710824,166.69564518138193,162.9565289127416,162.99771118164062,259543800
2014-12-17,163.43429149852994,166.64630889158917,163.3107446344462,166.19332885742188,253910100
2014-12-18,168.6228955164108,175.40108088532574,167.9475413811925,170.3030242919922,257633900
2014-12-19,170.95313715116183,171.69847161813732,170.2740681156635,171.02767944335938,245084600
2014-12-22,171.21811443010589,171.8143768310547,170.97795915248048,171.8143768310547,148318900
2014-12-23,172.3941128745285,172.44379931339762,171.75644075737372,172.04629516601562,122167900
2014-12-24,172.2699014694839,172.53490002948,172.02145663194236,172.0628662109375,42963400
2014-12-26,172.5100134302211,172.95721655262864,172.46032700249276,172.61767578125,57326700
2014-12-29,172.43547794091472,173.05658353930826,172.369225160715,172.84954833984375,79643900
2014-12-30,172.42720926279756,172.55970219305735,171.84750056765225,171.9220428466797,73540800
2014-12-31,172.2450505225838,172.4106761947052,170.09187887571926,170.21609497070312,130333800
2015-01-02,170.91171340245012,171.32578382923276,169.08979341546532,170.12496948242188,121465900
2015-01-05,169.08157077807908,169.24719647462058,166.74621939305322,167.05262756347656,169632600
2015-01-06,167.3589659169749,167.88069864803924,164.68407475623997,165.47909545898438,209151400
2015-01-07,166.80418415106138,167.8807701425897,166.35699350286723,167.54122924804688,125346700
2015-01-08,168.9490503774883,170.72956120963863,168.9324966547846,170.5142364501953,147217800
2015-01-09,170.92834095694033,170.94490731936722,168.5350133617519,169.14784240722656,158567300
2015-01-12,169.2802746346781,169.43762341842782,167.21819936354106,167.82273864746094,144396100
2015-01-13,169.04012523018008,170.16639741804175,166.05053592069322,167.35072326660156,214553300
2015-01-14,165.33836728251805,166.53918199916947,164.44398600526128,166.34042358398438,192991100
2015-01-15,166.97805285767345,167.29273780529536,164.70066539430715,164.8166046142578,176613900
2015-01-16,164.60960440770086,167.13543720440362,164.42741236095966,166.97808837890625,211879600
2015-01-20,167.61571710165006,167.88072826145347,165.7689663888203,167.3341522216797,130991100
2015-01-21,166.87036904434433,168.65915618197872,166.40661222416333,168.1788330078125,122942700
2015-01-22,168.9324925342067,170.8123635660142,167.55777539756028,170.67987060546875,174356000
2015-01-23,170.42311807048108,170.67985237585975,169.6115434894433,169.74404907226562,117516800
2015-01-26,169.52873956995722,170.23265179616268,168.81653784693114,170.1415557861328,92009700
2015-01-27,168.0878077907268,169.04016504485415,167.06919772918775,167.8973388671875,134044600
2015-01-28,169.08150117396832,169.18087402369926,165.55362600784005,165.7440948486328,168514300
2015-01-29,165.9428918715796,167.53292102009297,164.5350421112368,167.2761993408203,173585400
2015-01-30,166.10028674764584,167.42530508736746,164.90776139639405,165.17276000976562,197729700
2015-02-02,165.66959643885335,167.30931195061558,163.85596577085477,167.2182159423828,163107000
2015-02-03,168.11263703970548,169.6447030722255,167.73997608586896,169.63641357421875,124212900
2015-02-04,168.8745240134986,170.08361552524215,168.534983145,168.99046325683594,134306700
2015-02-05,169.65298840028913,170.84551362122258,169.57845873308844,170.69644165039062,97953200
2015-02-06,171.0607829977601,171.6239253830581,169.70263242153572,170.224365234375,125672000
2015-02-09,169.57841785976186,170.2988964085735,169.05668504224863,169.4624786376953,87219000
2015-02-10,170.4976724628847,171.5245592115905,169.5038931575931,171.26783752441406,96164200
2015-02-11,171.10218898738265,171.7978242989837,170.4562401071207,171.3671875,91087800
2015-02-12,172.16221362577974,173.07317368320977,171.40032550339623,173.01519775390625,97545900
2015-02-13,173.1394439618939,173.77710343007948,172.88270963873737,173.7274169921875,93670400
2015-02-17,173.41271624816068,174.1746170702164,173.1642840631735,174.00070190429688,76968200
2015-02-18,173.62804566701706,174.09180260672233,173.3630344806547,174.01727294921875,80652900
2015-02-19,173.42101732802976,174.2574352250173,173.2802348683247,173.89305114746094,91462500
2015-02-20,173.47901733644892,175.011083631322,172.85791142821907,174.93655395507812,140896400
2015-02-23,174.68808050030484,174.91168212890625,174.30713004551836,174.91168212890625,74411100
2015-02-24,174.83708910260347,175.60726665036412,174.5389578964423,175.40850830078125,72472300
2015-02-25,175.28436470879203,175.764688108241,174.91998056876656,175.259521484375,73061700
2015-02-26,175.16844476537224,175.32579362831893,174.44795326853372,175.05250549316406,72697900
2015-02-27,174.95309965611298,175.21811089695592,174.40653608562948,174.4562225341797,108076000
2015-03-02,174.555530662391,175.61554995957928,174.50584423227698,175.55758666992188,87491400
2015-03-03,175.1269209600899,175.6072440992467,173.97580585231876,174.83706665039062,110325800
2015-03-04,174.24083431166872,174.31537659378927,173.13112857658436,174.1000518798828,114497200
2015-03-05,174.42302027492002,174.57209219757263,173.78536092416164,174.29052734375,76873000
2015-03-06,173.4292777790329,173.8599146150726,171.50799732884414,171.83924865722656,188128000
2015-03-09,172.03797885333026,172.9075166069959,171.8806300753752,172.55142211914062,89818900
2015-03-10,171.1850583639419,171.26786489499713,169.71095552856167,169.7523651123047,157121300
2015-03-11,170.00905368526062,170.18296884849192,169.27200872952477,169.35482788085938,110145700
2015-03-12,169.984236901948,171.5742662907018,169.9345504579917,171.50802612304688,93993500
2015-03-13,171.23464625176177,172.19527980495823,169.42101620099993,170.45619201660156,162410900
2015-03-16,171.18497766397894,172.8246927884757,170.4810529814841,172.7335968017578,136099200
2015-03-17,171.99661322656053,172.60115264266457,171.4086275328932,172.22021484375,94510400
2015-03-18,171.7481288907521,174.9613194046207,171.1104569035673,174.29052734375,228808500
2015-03-19,173.87654074133533,174.2988882256663,173.10636281528176,173.49559020996094,117917300
2015-03-20,174.44464805012606,175.53435314639842,174.26164278434246,175.0269317626953,177715100
2015-03-23,175.0352680996626,175.60923808051962,174.68589782714844,174.68589782714844,71784500
2015-03-24,174.5611681428874,175.01866878054568,173.63782767328215,173.70437622070312,77805300
2015-03-25,173.9122827238235,174.14519622246746,171.11730804726218,171.1588897705078,159521700
2015-03-26,170.49344462384173,171.6663260245403,169.79469137466845,170.75131225585938,153067200
2015-03-27,170.63485150385748,171.31695173779872,170.4435197163953,171.14227294921875,118939000
2015-03-30,172.17372636961676,173.52962558919126,172.15709875805342,173.23016357421875,96180400
2015-03-31,172.4066590414967,173.10541228273007,171.6580102671888,171.7162322998047,126768700
2015-04-01,171.6829941309399,171.7079482482188,170.11913508633242,171.10902404785156,137303600
2015-04-02,171.0424202482258,172.17371973980016,170.8594149854099,171.7245330810547,86900900
2015-04-06,170.8344874743749,173.39654885986658,170.70140310210584,172.8808135986328,114368200
2015-04-07,172.90579199409237,173.65444087797837,172.39005666043033,172.42332458496094,81236300
2015-04-08,172.64791585986887,173.4464729378044,172.2569511284169,173.00559997558594,89351900
2015-04-09,172.83917441828757,174.003741704266,172.34839339725607,173.7708282470703,85548900
2015-04-10,174.02040625954504,174.76074114299004,173.82077337860102,174.71914672851562,72722900
2015-04-13,174.5777722030921,175.2099769718649,173.87903158871407,173.92893981933594,74436600
2015-04-14,173.72932781242417,174.4447088207474,173.10544946886912,174.26170349121094,75099900
2015-04-15,174.72748944644854,175.55100054245278,174.6443006097776,175.0435791015625,99529300
2015-04-16,174.71084587168448,175.5010890339354,174.5112002831102,174.99366760253906,68934900
2015-04-17,173.8041757701656,174.04540312484284,172.19872236546422,172.98065185546875,191113200
2015-04-20,173.90398309355433,174.8938719621486,173.82080694137838,174.56114196777344,92189500
2015-04-21,175.24325497098113,175.4013061722621,174.05373309664378,174.3531951904297,72559800
2015-04-22,174.69419777111565,175.39295095352963,173.77085759101533,175.20994567871094,78264600
2015-04-23,174.81066901866583,176.29966545157106,174.6942122607432,175.6508331298828,102585900
2015-04-24,176.06675240287345,176.32462003232672,175.60923917666534,176.0584259033203,61327400
2015-04-27,176.62406528021913,176.74883583330077,175.13506898499944,175.32640075683594,79358100
2015-04-28,175.3014595076419,175.9336515110271,174.12856545128815,175.8837432861328,86863500
2015-04-29,174.9936870085861,175.7589761437368,174.35318113994506,175.16006469726562,125684900
2015-04-30,174.58608461209516,174.97704931085852,172.70612345816878,173.40487670898438,161304900
2015-05-01,174.18680399234466,175.32643023772877,174.08698753309534,175.2848358154297,103399700
2015-05-04,175.7090452606993,176.36620404488573,175.60091500840113,175.78392028808594,70927200
2015-05-05,175.54264597550952,175.90034265873737,173.62941741183232,173.7708282470703,113326200
2015-05-06,174.31989297658694,174.62766884021258,171.99074505712267,173.0554962158203,135060200
2015-05-07,172.955697863732,174.17018652430545,172.6229678516267,173.74594116210938,88244900
2015-05-08,175.41789564051606,176.2330928345655,175.33470681358264,176.033447265625,155877300
2015-05-11,175.99186793361127,176.25804933631173,175.11843601028733,175.19329833984375,75708100
2015-05-12,174.36150511096568,175.20998313991484,173.53798119820593,174.66928100585938,119727600
2015-05-13,175.07685427494943,175.70073245209886,174.46961640318415,174.70252990722656,94667900
2015-05-14,175.71737799269627,176.6157641176975,175.4428700634319,176.52426147460938,95934000
2015-05-15,176.715576171875,176.85698703625127,176.2331088560321,176.715576171875,76510100
2015-05-18,176.5491914027249,177.51411323339897,176.48264288115553,177.2645721435547,74549700
2015-05-19,177.3810513411224,177.65555926753893,176.9235381304282,177.20635986328125,72114600
2015-05-20,177.30620630998737,177.8302681393417,176.76551686494682,177.0816192626953,76857500
2015-05-21,176.94026567752033,177.8053716083321,176.77388792408223,177.597412109375,64764600
2015-05-22,177.214677429024,177.63059623069003,177.1065471717183,177.173095703125,57433500
2015-05-26,176.68234069195475,177.10658608628512,174.8523001010872,175.26821899414062,124308600
2015-05-27,175.7257225811501,177.16479831740622,175.31811751911465,176.931884765625,93214000
2015-05-28,176.62411105906452,176.84038430473933,176.04182717237333,176.7322540283203,74974600
2015-05-29,176.66565360922212,176.70723533026117,175.36798913054474,175.63417053222656,124919600
2015-06-01,176.2996734515906,176.63240343422953,175.2016416617787,175.9918975830078,93338800
2015-06-02,175.53436272853165,176.5076111354182,174.9104845682582,175.8171844482422,91531000
2015-06-03,176.34961434331944,176.9069441485281,175.79228453811078,176.28306579589844,87820900
2015-06-04,175.57595090371493,176.23309695766497,174.47791928810233,174.7940216064453,151882800
2015-06-05,174.64429253878083,175.16835426135324,173.83740909313252,174.49456787109375,121704700
2015-06-08,174.38644350417422,174.53618088064647,173.34664644724396,173.4215087890625,89063300
2015-06-09,173.39654541015625,173.93724746657017,172.76435340274276,173.39654541015625,105034700
2015-06-10,174.16184549668475,175.85880141825191,174.10362346119902,175.4761505126953,134551300
2015-06-11,175.91702581659672,176.42444729989205,175.6841122858548,176.04180908203125,73876400
2015-06-12,175.21826032451227,175.9170008174416,174.4196906948547,174.69419860839844,135382400
2015-06-15,173.55459196309474,174.22837837118564,172.84752494385896,173.945556640625,124384200
2015-06-16,173.795828110699,174.977048702538,173.6211493182285,174.89385986328125,85308200
2015-06-17,175.1766815185547,175.78393212058168,174.15352479896114,175.1766815185547,126708600
2015-06-18,175.7755955789997,177.46422483733193,175.2099521217295,176.99839782714844,165867900
2015-06-19,176.75594794810513,176.8311744094248,175.83647090562732,176.21261596679688,130478700
2015-06-22,177.13216924817195,177.70056420665657,176.90647701250222,177.11544799804688,70696000
2015-06-23,177.3243924337279,177.57516012975066,176.84794529040192,177.2407989501953,68476800
2015-06-24,176.97336226846414,177.34950751918117,175.92850726392928,175.95358276367188,92307300
2015-06-25,176.45507963075502,176.58045710201526,175.34335261880636,175.4185791015625,97107400
2015-06-26,175.77801604409242,176.02042951258704,174.83347592995116,175.38516235351562,104174800
2015-06-29,173.90560784580808,175.39347982436033,171.6320031417022,171.7072296142578,202621300
2015-06-30,173.24526734242642,173.2954310829794,171.59022103225652,172.06668090820312,182925100
2015-07-01,173.63815731665525,173.88892503517445,172.66017469354873,173.44590759277344,135979900
2015-07-02,173.92235874618385,174.08953296522503,172.86913693253123,173.28707885742188,104373700
2015-07-06,171.99987323456276,173.57132665488814,171.79925646077314,172.79396057128906,117975400
2015-07-07,172.99448903687573,174.00590112964602,170.61221548819293,173.88052368164062,173820200
2015-07-08,172.54318399105082,172.8273815068212,170.72931713393493,170.96336364746094,164020100
2015-07-09,173.0614046397183,173.32053937393576,171.16395728673342,171.27261352539062,144113100
2015-07-10,173.2703944715604,173.84715649134478,171.31442890804837,173.42921447753906,129456900
2015-07-13,174.69138011140603,175.45202476370065,174.64958336566815,175.34336853027344,106069400
2015-07-14,175.30157773974665,176.4133048903453,175.2430597428105,176.10401916503906,81709600
2015-07-15,176.14577315657752,176.6055117545682,175.56901134769592,176.04547119140625,97914100
2015-07-16,177.09870845121955,177.45814514160156,176.8563077450448,177.45814514160156,106683300
2015-07-17,177.44976158444834,177.6670995296128,177.040186696237,177.60858154296875,89030000
2015-07-20,177.834306013265,178.1937299807778,177.38293430331788,177.7005615234375,70446800
2015-07-21,177.56683862252422,177.82597338603733,176.69752484210574,176.99844360351562,77965000
2015-07-22,176.3130103817242,177.01516265266184,176.27958063290717,176.68080139160156,88667900
2015-07-23,176.81443721616608,176.91473915554414,175.3265655940648,175.6859893798828,90509100
2015-07-24,175.78636585916124,175.84487109283845,173.52948214791607,173.86383056640625,117755000
2015-07-27,172.9778072233487,173.4876968857565,172.40939956881726,172.8524169921875,132361100
2015-07-28,173.6883023863461,175.11766940495826,172.86078552440136,174.97557067871094,123544800
2015-07-29,175.10094767161476,176.40492445434515,174.95884894576088,176.1792449951172,105791300
2015-07-30,175.66933720699794,176.38819776364778,175.05077862187974,176.2210235595703,91304400
2015-07-31,176.72259451646022,176.74767001620285,175.66938526353704,175.95358276367188,103266900
2015-08-03,175.92014564608382,175.97865089150653,174.40718494905138,175.36009216308594,113965700
2015-08-04,175.28484070143256,175.74457936960462,174.53255033866034,175.01736450195312,81820800
2015-08-05,175.91181981418094,176.63068070561377,175.30998219555903,175.5941925048828,85786800
2015-08-06,175.77805272086593,175.8867217297326,173.57131932074043,174.1564483642578,116030800
2015-08-07,173.99757795629148,174.1480309207651,172.91928069259777,173.82203674316406,117858000
2015-08-10,174.9337723852112,176.09565043501362,174.9337723852112,176.01206970214844,80270700
2015-08-11,174.67464159643114,175.09258350334616,173.66321656968387,174.4238739013672,126081400
2015-08-12,173.119910497788,174.8167537499092,171.65711371116103,174.6328582763672,172123700
2015-08-13,174.47407837264055,175.1595094322887,173.87224082183005,174.4155731201172,89383300
2015-08-14,174.22325170871736,175.12600772977814,174.0811529953894,175.05078125,72786500
2015-08-17,174.45730997830594,176.0287628173828,173.99757134669795,176.0287628173828,79072600
2015-08-18,175.7529826800738,176.10405246434468,175.2848896343793,175.51893615722656,71692700
2015-08-19,174.77495378843668,175.543965411561,173.32052403028706,174.13133239746094,172946000
2015-08-20,172.61842508767967,174.10629780141434,170.43676702356183,170.4952850341797,194327900
2015-08-21,168.62282605901513,170.47013476666513,165.10376259857475,165.36288452148438,346588500
2015-08-24,156.71990209767756,165.07037543288203,152.46524267191543,158.4000244140625,507244300
2015-08-25,163.35679902216663,163.37352027293903,156.24343099047852,156.53599548339844,369833100
2015-08-26,160.55658221227628,162.82182045521694,157.45544730866962,162.54598999023438,339257000
2015-08-27,164.68577513633124,166.69189048804145,163.17282800168567,166.56651306152344,274143900
2015-08-28,165.92294751751413,167.04302883764254,165.43813334434464,166.57493591308594,160414400
2015-08-31,165.5969474230745,166.44955250791443,164.67747010073978,165.22915649414062,163298800
2015-09-01,161.42585968397782,162.8050754726631,159.4280981063428,160.29742431640625,256000400
2015-09-02,162.67968682752803,163.3818388515123,160.84074517949205,163.3400421142578,160269300
2015-09-03,164.05056268650245,165.54680194680597,162.96392386610506,163.45709228515625,152087800
2015-09-04,161.2002328982286,162.04447113818225,160.16373215689163,160.98289489746094,207081000
2015-09-08,163.78310551299384,165.17903019862646,163.1394712911374,165.028564453125,116025700
2015-09-09,166.60840462453442,166.73378212241914,162.45406013358513,162.82183837890625,149347700
2015-09-10,162.62958824462757,164.85304273540885,162.3704662465624,163.7078857421875,158611100
2015-09-11,163.3150100631362,164.51868499062053,162.60450360454212,164.45181274414062,119691200
2015-09-14,164.62730075288837,164.67745173677312,163.35675389132194,163.84156799316406,79452000
2015-09-15,164.34315114862494,166.33255911859737,163.79983165905676,165.88954162597656,113806200
2015-09-16,166.19041977275248,167.51947192594085,165.84770436080095,167.32720947265625,99581600
2015-09-17,167.19346322311608,169.59244538903175,166.57490468615245,166.9510498046875,276046600
2015-09-18,164.4413530496671,166.93682335451308,163.81118080217664,164.22288513183594,223657500
2015-09-21,165.0547555336759,166.09663235334227,164.02127639707803,165.07156372070312,105726200
2015-09-22,162.90364241611454,163.39097689366386,161.794533711165,162.92884826660156,153890900
2015-09-23,163.09693891729887,163.56746535756787,162.08866614231047,162.66842651367188,92790600
2015-09-24,161.45008912176417,162.54239000769567,160.11412732832267,162.08026123046875,159378800
2015-09-25,163.54225885128184,163.84474196466735,161.16440798067316,162.0382537841797,155054800
2015-09-28,161.13919557199506,161.2484294982135,157.66064631992091,157.97152709960938,178515900
2015-09-29,158.19000695761784,159.42514531239374,157.06408971646624,158.06396484375,159045600
2015-09-30,159.95447105725466,161.1812116552828,159.17306384836056,161.01316833496094,163452000
2015-10-01,161.39130504711446,161.73580226426947,159.49239074380048,161.43331909179688,131079000
2015-10-02,159.4503602620859,163.86996294011195,158.90420337928794,163.84475708007812,211003300
2015-10-05,165.07150392864102,166.9872262873507,164.96226998386578,166.76036071777344,126320800
2015-10-06,166.62591831272772,167.18887056699,165.52521966477568,166.18899536132812,110274500
2015-10-07,167.1216456398194,167.90306575672685,165.92852126535018,167.5501708984375,124307300
2015-10-08,167.16367967248007,169.34828180417875,166.8611964976431,169.06260681152344,153055200
2015-10-09,169.20543567372633,169.64234582106246,168.53324945051236,169.16342163085938,107069200
2015-10-12,169.23904625159292,169.5247212415479,168.81053376666046,169.3230743408203,56395600
2015-10-13,168.59203758650224,169.86079228825207,168.08790759835043,168.25595092773438,88038700
2015-10-14,168.19711395062006,168.77687428386866,167.15523770734023,167.44931030273438,99106200
2015-10-15,168.11313728403783,170.02885971648277,167.7434342144632,170.0204620361328,134142200
2015-10-16,170.42372354194652,170.81022186992658,169.65911174323114,170.79342651367188,114580100
2015-10-19,170.14646115682586,170.87745666503906,169.83558036751842,170.87745666503906,76523900
2015-10-20,170.4405872679463,171.2724064045467,170.18851581226352,170.65904235839844,78448500
2015-10-21,171.07914120680377,171.23037637356308,169.43228562818382,169.600341796875,102038000
2015-10-22,170.54979276262782,172.6755725270435,169.60034207656216,172.46551513671875,174911700
2015-10-23,174.13756301300612,174.72572109591775,173.33934755613427,174.35601806640625,144442300
2015-10-26,174.17959218678527,174.2384015897442,173.5578176903174,173.92752075195312,69033000
2015-10-27,173.25533115055208,173.9275173566874,172.91083395703598,173.5914306640625,77905800
2015-10-28,173.92750355326413,175.5911543452303,173.2637279006993,175.56594848632812,135906700
2015-10-29,175.0618423075851,175.83485200116365,174.94421067640764,175.46514892578125,90525500
2015-10-30,175.65838682947495,175.9776781596275,174.54929049565288,174.70892333984375,131076900
2015-11-02,175.03661055814953,176.96912809584242,174.91056844424497,176.77587890625,86270800
2015-11-03,176.42301665414217,177.84300678193358,176.19615106391433,177.2884521484375,95246100
2015-11-04,177.582518506089,177.70854780880495,176.21294025244424,176.7506866455078,96224500
2015-11-05,176.809481976939,177.2716107515993,175.68357755931885,176.57421875,78408700
2015-11-06,176.22972243760842,176.7170570376993,175.15422981012625,176.48178100585938,110471500
2015-11-09,175.86845501142494,176.0197030058444,173.88551264837628,174.83497619628906,131008700
2015-11-10,174.3560376162677,175.2718976132983,174.08717081431166,175.23828125,75874600
2015-11-11,175.50716237548625,175.55757409997923,174.48208124117488,174.54930114746094,67846000
2015-11-12,173.50737854535558,173.97790497820498,172.0957992468074,172.1125946044922,121315200
2015-11-13,171.70087966477533,171.9697464006647,170.09603846510834,170.1800537109375,153577100
2015-11-16,169.99521292019335,172.8267818048675,169.87756849991152,172.76795959472656,117645200
2015-11-17,173.07889073209276,173.96112150855294,172.1462354127648,172.6419677734375,121123700
2015-11-18,173.1209141875527,175.52397153745966,173.07891296109688,175.38113403320312,121342500
2015-11-19,175.2634619360227,175.64997313311568,174.9357729558091,175.2298583984375,88220500
2015-11-20,175.98608560962322,176.54903789817084,175.4903532269914,175.8684539794922,94011500
2015-11-23,175.92729348877955,176.43142360134627,175.20469545530196,175.6668243408203,64931200
2015-11-24,174.6585200725292,176.3053757035368,174.2720216423702,175.90206909179688,98874400
2015-11-25,176.02806619859052,176.22972587801155,175.61634916093726,175.8768310546875,51980100
2015-11-27,175.9692877723704,176.28018145811757,175.49036354328518,176.07852172851562,37317800
2015-11-30,176.23811424503617,176.35574584659562,175.23823922133926,175.34747314453125,112822700
2015-12-01,175.97763978675954,177.13716041004395,175.70036255854447,177.01951599121094,97858400
2015-12-02,176.9691350683328,177.2884263844097,174.96098705482348,175.2130584716797,108441300
2015-12-03,175.46513794700394,175.73400473534974,172.03699985461813,172.7595977783203,166224200
2015-12-04,172.75963542216795,176.4230375604336,172.75963542216795,176.1289520263672,192913900
2015-12-07,175.80126785502924,176.22138273206616,174.0956024799303,175.06187438964844,102027100
2015-12-08,173.4990148690273,175.0114178936216,172.90244621132328,173.88551330566406,103372400
2015-12-09,173.24693033755833,175.33909367995196,171.558060762313,172.53273010253906,162401500
2015-12-10,172.5998962164132,174.28875244447198,172.36463304496863,172.97799682617188,116128900
2015-12-11,170.8606878072256,171.52446352485714,169.31465565799652,169.62554931640625,211173300
2015-12-14,169.7851344173471,170.6085555105214,168.00383965016366,170.48251342773438,182385200
2015-12-15,171.99500051913554,173.17972735944812,170.4573787771975,172.27227783203125,154069600
2015-12-16,173.39810880326252,175.0953755033966,172.07895552796663,174.7928924560547,197017000
2015-12-17,175.1038630409515,175.17108295495487,172.1126473826835,172.12945556640625,173092500
2015-12-18,171.38732547637363,171.52255250194227,168.90234670875685,169.0629425048828,251393500
2015-12-21,170.23781010837587,170.63506931648848,169.12210010333064,170.4575653076172,99094300
2015-12-22,171.34500941773533,172.3001233488802,170.3560919647485,172.00428771972656,111026200
2015-12-23,173.01016544709367,174.17658720802717,172.91718961256726,174.1343231201172,110987200
2015-12-24,173.88070973162925,174.3963005270564,173.62713816225454,173.84689331054688,48539600
2015-12-28,173.15387128188237,173.49195822642517,172.3762609916817,173.44970703125,65899900
2015-12-29,174.54842035049876,175.63031358046268,174.51461682958066,175.30067443847656,92640700
2015-12-30,175.05557506677826,175.1401032204624,173.91450947796972,174.05819702148438,63317700
2015-12-31,173.38206059532405,174.0244308507707,172.3170623779297,172.3170623779297,114877900
2016-01-04,169.460186429951,169.91660500659725,167.85424151075537,169.9081573486328,222353500
2016-01-05,170.22932965082862,170.65194468263027,169.08827680327653,170.19552612304688,110845800
2016-01-06,167.642894864962,169.09669132121843,167.01743299467392,168.04861450195312,152112600
2016-01-07,165.0987695370902,166.8822052675258,163.62806476457075,164.01687622070312,213436100
2016-01-08,164.9804741804424,165.53832917185426,161.92919283899013,162.21656799316406,209817200
2016-01-11,163.13785340380966,163.4759531747563,160.44158027718976,162.3771514892578,187941300
2016-01-12,163.82246522096628,164.4394794360477,161.55724238502535,163.68722534179688,172330500
2016-01-13,164.35501770595138,164.7015651999245,159.2244768520257,159.60482788085938,221168900
2016-01-14,160.21339738466008,163.34919440769588,158.6159127188971,162.22503662109375,240795600
2016-01-15,157.86358138415784,159.5455805174858,156.8070440804357,158.74261474609375,324846400
2016-01-19,160.55990909796947,160.68668844906233,157.38183579391037,158.95396423339844,195244400
2016-01-20,156.39292313915038,158.4806425014782,153.00355510783967,156.91696166992188,286547800
2016-01-21,157.39034408166452,159.63864693842308,156.06332628423095,157.79605102539062,195772900
2016-01-22,160.40783475668354,161.23615699156855,159.64713250587795,161.03330993652344,168319600
2016-01-25,160.52607657353218,160.72047585810714,158.40455396249536,158.5989532470703,130371700
2016-01-26,159.2582327424634,161.041668532484,158.92014590624152,160.7627410888672,141036800
2016-01-27,160.23867271504818,161.91222416719484,158.1086899322901,159.01309204101562,185681700
2016-01-28,160.5599425643283,160.7627895683574,158.19329530553264,159.84149169921875,143798800
2016-01-29,160.61062728231084,163.873215985602,160.49229558414746,163.73797607421875,210529300
2016-02-01,162.7321489123667,164.4648731839327,162.14893808414905,163.67880249023438,136061600
2016-02-02,162.2503440754742,162.25879173184157,160.20487628226638,160.7289276123047,182564900
2016-02-03,161.78546543303634,162.09819638281363,158.14252646594213,161.69248962402344,205054900
2016-02-04,161.1938364326577,162.91810014463994,160.5599138640015,161.9460906982422,139531800
2016-02-05,161.43049912112437,162.00524939021113,158.22706986575446,158.86099243164062,180788300
2016-02-08,157.018430968407,157.3142538247798,154.50809603314428,156.72259521484375,191526700
2016-02-09,154.98135312452078,158.00727767795794,154.84611324681546,156.73097229003906,184513100
2016-02-10,157.559341187404,159.19062903955063,156.46898716953467,156.5957794189453,148214100
2016-02-11,154.11922316074063,155.6068360996528,153.0626857426202,154.55874633789062,219058900
2016-02-12,156.33376755034035,157.7621956092723,155.48853743639367,157.74530029296875,127632400
2016-02-16,159.55409807548358,160.43313175148,158.5905362261157,160.40777587890625,120250700
2016-02-17,161.57421807146912,163.39991851115798,161.44742579535205,163.02801513671875,136009500
2016-02-18,163.2984660129073,163.35763831536678,162.047528974448,162.36026000976562,102343000
2016-02-19,161.5826523475565,162.43633018840046,160.9740855847328,162.28419494628906,114793000
2016-02-22,163.86473349035154,164.77758342418423,163.79711354371364,164.63389587402344,103640300
2016-02-23,163.97463734194952,164.24511716120486,162.43631238860692,162.55465698242188,111455300
2016-02-24,161.12624219738512,163.57740469524649,160.0189926642714,163.29847717285156,150812200
2016-02-25,163.74642645005426,165.28475144889893,162.98572450597618,165.2762908935547,110728300
2016-02-26,166.14690025152532,166.23986318866883,164.7353545219734,164.8959503173828,129833700
2016-02-29,164.9128312909009,165.85948479522963,163.40832287272696,163.60272216796875,125918100
2016-03-01,164.82832871075618,167.5330755380809,164.35500188513095,167.44854736328125,141799700
2016-03-02,167.13580511906184,168.25150214787573,166.72163772583008,168.20079040527344,102415000
2016-03-03,168.0232336872021,168.8769240770986,167.44848358846886,168.86001586914062,95172200
2016-03-04,169.05448972261064,170.1871080063001,168.22616772771258,169.40948486328125,129293600
2016-03-07,168.4881705921291,169.95042799930107,168.41210297594696,169.54470825195312,100219000
2016-03-08,168.47127234562447,168.97840267520743,167.53306640412978,167.6936492919922,123974900
2016-03-09,168.50511021569557,168.86855304777137,167.71903934372293,168.5220184326172,94801200
2016-03-10,169.01220401027405,169.950409867992,166.83150896538407,168.65719604492188,156838700
2016-03-11,170.11100010344728,171.42110929799443,168.64030802842734,171.37884521484375,137964500
2016-03-14,170.8716673085282,171.61546079659328,170.54202818728086,171.15904235839844,73612000
2016-03-15,170.19552319451483,171.18444080425203,169.9335039428563,170.88015747070312,93169100
2016-03-16,170.39838752009268,172.27479931001204,170.3561234370934,171.86907958984375,129303200
2016-03-17,171.7845727975683,173.466572468125,171.38731361270996,172.95944213867188,134278500
2016-03-18,173.4606796292937,173.97892972183823,173.14633567541978,173.63909912109375,138372400
2016-03-21,173.37575207632625,174.11489086366146,173.14635925953976,173.885498046875,72926700
2016-03-22,173.11233332628754,174.36123079472495,172.9509222280759,173.79200744628906,97471900
2016-03-23,173.4097825298477,173.59669333149557,172.4752285216083,172.64515686035156,81052500
2016-03-24,171.61709783714622,172.60262487660995,171.39620920983543,172.56863403320312,84360900
2016-03-28,172.98493726222043,173.19733466011797,172.22031181527262,172.67059326171875,62408200
2016-03-29,172.26272987000317,174.3782119930276,171.9568771891286,174.26776123046875,92922900
2016-03-30,175.27030893947753,175.75456819261893,174.66709471626987,175.0324249267578,86365300
2016-03-31,174.93899016812185,175.36378494996055,174.44622666554395,174.60765075683594,94584100
2016-04-01,173.6136198276081,175.98396883290673,173.29926289671317,175.79705810546875,114423500
2016-04-04,175.7206077316629,175.92451389007496,174.92199148251703,175.22784423828125,63497000
2016-04-05,173.8854757083936,175.23631985781554,173.2227969572166,173.47767639160156,99662200
2016-04-06,173.47765747274903,175.43171563832263,173.29923799902537,175.3722381591797,91839800
2016-04-07,174.2848021043923,174.64162816452992,172.54314091080727,173.27378845214844,113859000
2016-04-08,174.45469511985496,174.88799403753805,173.2057975871912,173.7410430908203,95040600
2016-04-11,174.37825875022577,175.07492841823893,173.23981184092958,173.33326721191406,83757500
2016-04-12,173.5031190690029,175.22778422329228,173.06132902560913,174.94741821289062,115350600
2016-04-13,175.86499500274658,176.79954847085173,175.72905759580317,176.71458435058594,96336400
2016-04-14,176.77405448556934,177.2243357841263,176.3747464715729,176.7230682373047,65212900
2016-04-15,176.7230966456095,176.85903406875903,176.20484656309486,176.52769470214844,75761600
2016-04-18,176.52770580484832,177.80209005868852,175.86502702994795,177.7681121826172,82531000
2016-04-19,178.19293293404994,178.58373690257392,177.51325864008908,178.328857421875,88316100
2016-04-20,178.37139407083362,179.19549729780283,177.8956258086066,178.49884033203125,81100300
2016-04-21,178.5157649326934,178.62621573052118,177.26686716730248,177.5387420654297,85695000
2016-04-22,177.18191598441922,177.8106039998482,176.63817915187346,177.5387420654297,99251700
2016-04-25,176.9354876391209,177.2753311847621,176.32378222067248,177.23284912109375,66166500
2016-04-26,177.59819293499154,178.0060052508106,177.02047826647606,177.49624633789062,75864200
2016-04-27,177.11391414050013,178.25236089517963,176.75708812621428,177.86155700683594,77329400
2016-04-28,177.1054540237371,178.20991013466426,175.83106962155173,176.2473602294922,97216200
2016-04-29,175.62710041549644,175.97543513836212,174.19129243017042,175.29576110839844,142424100
2016-05-02,175.79709146933402,176.86756977751688,175.36380540824536,176.6891632080078,62188000
2016-05-03,175.45721991339903,175.69510392646424,174.40372431003428,175.1513671875,106422100
2016-05-04,174.15736446689803,174.88801198982688,173.6730922065313,174.17434692382812,92243800
2016-05-05,174.6416050052538,174.9984310180726,173.7155556174355,174.14035034179688,67619200
2016-05-06,173.3671751136362,174.8199783918651,173.21425527577145,174.77749633789062,89315000
2016-05-09,174.65013514745297,175.35528308660804,174.47171563267943,174.9219970703125,74374900
2016-05-10,175.6271073989464,177.11388872699033,175.55913869687703,177.09689331054688,77472200
2016-05-11,176.63815562661793,177.17338819499523,175.4402313232422,175.4402313232422,81727000
2016-05-12,176.11145360162732,176.28138192262313,174.4802428370118,175.4912567138672,89586300
2016-05-13,175.19387511574035,175.74610316393924,173.63912460988232,173.9619598388672,96474600
2016-05-16,174.131869695222,176.15388389072794,174.07239220761835,175.67811584472656,77486800
2016-05-17,175.4062459236203,175.69510322923796,173.51165209062506,174.0384063720703,114924900
2016-05-18,173.69006266404253,175.27029949983358,173.00189730975876,174.08937072753906,120062100
2016-05-19,173.36723352412886,173.77503285953244,172.27975998724793,173.48617553710938,115430500
2016-05-20,174.0978810763577,175.10040344068355,174.04690777987977,174.5821533203125,104990400
2016-05-23,174.59918112377932,174.8795472909322,174.15740379709337,174.3443145751953,58682600
2016-05-24,175.15987214221596,176.91852869488514,175.13438549336922,176.6041717529297,93537800
2016-05-25,177.28381295207498,178.21836644808795,176.60413886076603,177.80206298828125,76621400
2016-05-26,177.93802199444266,178.16741478288665,177.5387139034762,177.85305786132812,55280700
2016-05-27,178.01449203239846,178.62619752713854,177.96351873512137,178.61770629882812,64211200
2016-05-31,178.88952210957774,178.99997286768894,177.71708471948654,178.27781677246094,109879400
2016-06-01,177.66615276960985,178.82159501256743,177.47075081370213,178.6431884765625,69936200
2016-06-02,178.2438905040564,179.20391788196574,177.76812242939198,179.1869354248047,63044700
2016-06-03,178.6262009729401,179.00002244512663,177.4452720296459,178.6516876220703,101757100
2016-06-06,179.00848907654503,179.9175559829688,178.84706501176282,179.56072998046875,64887000
2016-06-07,179.7136617341384,180.40182713900128,179.68817508682545,179.84109497070312,60974800
2016-06-08,179.9770105373412,180.55473805490792,179.84957731625556,180.4272918701172,66170900
2016-06-09,179.696666493861,180.2998807295177,179.4248046010163,180.18093872070312,73786900
2016-06-10,178.80465183843867,179.14448252891103,177.92956253123813,178.4733123779297,113829200
2016-06-13,177.87002271241877,178.7281032690991,177.01194215573844,177.09689331054688,117751200
2016-06-14,176.71464882670367,177.34334984042636,175.7970904406122,176.74862670898438,125059300
2016-06-15,176.74860304695576,177.87006746772474,176.3153170464083,176.50222778320312,109124500
2016-06-16,176.5022198364116,177.1988894537725,174.66710339252674,177.02896118164062,149533100
2016-06-17,176.92477447777986,176.95039366641055,175.71208510180838,176.3696746826172,117055700
2016-06-20,178.3338969472471,179.00855730706354,177.42010243907166,177.50550842285156,82789600
2016-06-21,177.88980833850454,178.419288947969,177.44572068124083,178.00936889648438,72461700
2016-06-22,178.188718513434,178.91463034063102,177.57383186786404,177.71902465820312,95560500
2016-06-23,179.17934803869173,180.08459408836288,178.7181896283184,180.03335571289062,102731400
2016-06-24,173.90160498686507,180.06754207953452,173.1244547948989,173.56854248046875,333444400
2016-06-27,172.15939728623033,172.1679457025619,169.64861273576992,170.45993041992188,230775800
2016-06-28,172.06548362968255,173.5599972426327,171.75804030805926,173.5343780517578,159382400
2016-06-29,174.93491196423045,176.71978470349455,174.8324352231808,176.4892120361328,137328600
2016-06-30,176.95894904941898,178.9487756107237,176.40383620128068,178.8975372314453,165021900
2016-07-01,178.8975194598976,179.76007552914442,178.73525592088592,179.27328491210938,106055300
2016-07-05,178.4448925195293,178.55591768190934,177.38593139327895,177.98373413085938,109803700
2016-07-06,177.48846402279167,179.1708606339886,176.83087428884568,179.05130004882812,96021500
2016-07-07,179.23060609567406,179.8967311122073,178.17164480330044,178.94024658203125,85593800
2016-07-08,180.2382712197585,181.85234474579912,180.00768556429006,181.60467529296875,133971000
2016-07-11,182.0659201807459,182.81745119494929,181.86095362292923,182.2452545166016,73633900
2016-07-12,183.2102423357317,183.8678318111423,182.27082879943083,183.5689239501953,101275600
2016-07-13,183.98737673049743,183.99591211424055,183.0565116888073,183.5432891845703,87324100
2016-07-14,184.8072210373012,185.0378067150696,184.17526381610543,184.56809997558597,91230900
2016-07-15,185.13181569367885,185.32823384517283,183.87642314550487,184.3205108642578,107155400
2016-07-18,184.4399999975506,184.9780288901173,184.18379514246556,184.81576538085935,58725900
2016-07-19,184.39734395611424,184.6620842623495,184.1496874528655,184.6279296875,54345700
2016-07-20,184.6279132312971,185.6356359885821,184.6279132312971,185.39651489257807,58159500
2016-07-21,185.28552597358495,185.50756329594216,184.2521708690835,184.69625854492188,67777300
2016-07-22,184.81581496856785,185.57588132287665,184.55107465869187,185.52464294433597,62787500
2016-07-25,185.31961399241916,185.3708523537052,184.439987374023,185.0207061767578,55873100
2016-07-26,184.91827267280112,185.46483703945992,184.26068314332773,185.1061553955078,70080500
2016-07-27,185.48194314357417,185.550265326512,184.14114473677688,184.9097595214844,84083900
2016-07-28,184.71335785254297,185.41365056613023,184.2521993329832,185.123291015625,65035700
2016-07-29,184.85846883654585,185.78078546742796,184.57664479834065,185.42210388183597,79519400
2016-08-01,185.4819192659229,185.8747554783394,184.8157943569364,185.26841735839844,73311400
2016-08-02,185.0208218485916,185.17455005967744,183.2444967349223,184.0814208984375,92295500
2016-08-03,184.021551542253,184.67914103418707,183.7226567049169,184.61935424804688,53993600
2016-08-04,184.73035941879093,185.13174398449615,182.97110606159103,184.81576538085935,46585500
2016-08-05,184.81580834088703,186.37009556908544,184.81580834088703,186.327392578125,71892200
2016-08-08,186.51527976931249,186.61776955629065,185.95164458098853,186.2163848876953,39906500
2016-08-09,186.28470261828784,186.8227186047949,186.00287851529689,186.327392578125,51251700
2016-08-10,186.438409763508,186.5152673252711,185.51607992898232,185.86622619628903,57941100
2016-08-11,186.39572778023904,186.97645982940347,186.1309874613605,186.72879028320312,72504300
2016-08-12,186.42135079049208,186.78004552207213,186.16515888382693,186.5665435791016,61313500
2016-08-15,186.93376952519927,187.45471481198095,186.9252341382808,187.1045684814453,49813500
2016-08-16,186.68607547722425,186.7543846210953,186.13951110839844,186.13951110839844,53213600
2016-08-17,186.1736606336789,186.62628362850955,185.33673681715916,186.48963928222656,75134300
2016-08-18,186.4640087306862,186.94225088240444,186.3529966083296,186.90809631347656,52989300
2016-08-19,186.43842379150863,186.8141892743431,185.95164616592663,186.6348419189453,75443000
2016-08-22,186.3956960351544,186.8568674414081,186.0284790182505,186.62628173828125,61368800
2016-08-23,187.24119631915949,187.54010423953017,186.9422883987888,187.0020751953125,53399200
2016-08-24,186.85691334206635,186.95085472337053,185.62713999813016,186.0456085205078,71728900
2016-08-25,185.6612603054137,186.33593365509225,185.50754518135892,185.9174652099609,69224800
2016-08-26,186.10532017594304,187.1301266101356,184.67912915843092,185.5672912597656,122506300
2016-08-29,185.69540895608844,186.7458346232844,185.661241355704,186.4810943603516,70502200
2016-08-30,186.39571284425205,186.67753694435032,185.6185757536911,186.17367553710935,58114500
2016-08-31,185.8406136763452,185.9601742315293,184.86704543238255,185.64419555664065,85269500
2016-09-01,185.63564141776308,185.9430846974916,184.4912742775436,185.65272521972656,97844200
2016-09-02,186.50672308329248,186.91664309101935,185.9174557421788,186.48963928222656,79293900
2016-09-06,186.7714596195121,187.13014124798053,186.0540963625752,187.05328369140625,56702100
2016-09-07,186.89107511177937,187.21560226533907,186.42991660562276,187.0362548828125,76554900
2016-09-08,186.70316378265807,186.97645250829927,186.30177911132483,186.60922241210935,74102900
2016-09-09,185.2940827743111,185.345321159921,182.11717255524192,182.14279174804688,221589100
2016-09-12,181.3826693697938,185.1573813091356,181.3143471996687,184.7559967041016,168110900
2016-09-13,183.47503549824137,183.73977583540795,181.47666034241144,182.1000823974609,182828800
2016-09-14,182.15125303304183,183.3554067295064,181.47659284509885,182.0316925048828,134185500
2016-09-15,181.8694931310886,184.2350851766038,181.6901457728944,183.8507843017578,134427900
2016-09-16,183.23453738348095,183.41479072727432,182.45347448558053,183.1401214599609,155236400
2016-09-19,183.79240053228875,184.43614170473515,182.84824157392163,183.1744079589844,80250500
2016-09-20,184.03268045805436,184.18717201171825,183.14861053134865,183.1829376220703,69665300
2016-09-21,183.88684635353547,185.42323643914656,183.20018637179064,185.2429962158203,110284400
2016-09-22,186.2557714731034,186.7106808349363,186.00686399277765,186.41026306152344,76678700
2016-09-23,186.01545659349085,186.15279119157253,185.29446959898425,185.38888549804688,73630900
2016-09-26,184.5563766237358,184.73661688650716,183.6894631319932,183.8868865966797,89827300
2016-09-27,183.72375923728868,185.12281467748383,183.3546741024381,185.0284118652344,78494800
2016-09-28,185.2515541956856,186.1012973023667,184.2902381859078,185.94679260253903,87411000
2016-09-29,185.7407640748773,186.14417622049532,183.71512484683936,184.2644500732422,128070600
2016-09-30,185.0970057140412,186.3587392269053,184.84809826929475,185.6549224853516,117202900
2016-10-03,185.2430041443091,185.4318228778444,184.57350113816423,185.2086639404297,83512100
2016-10-04,185.3201949293644,185.54335380051515,183.67221925015588,184.2644500732422,119948100
2016-10-05,184.89107845869023,185.50907112348864,184.82241115182936,185.0799102783203,72816000
2016-10-06,184.85674888389272,185.4318228778444,184.31601509382048,185.2086639404297,62927400
2016-10-07,185.48330296661467,185.6549646671953,183.8439055676314,184.57347106933597,89788300
2016-10-10,185.5347900390625,185.99827791502383,185.38887694668676,185.5347900390625,51855000
2016-10-11,185.10562528979577,185.17429258419543,182.4619933916699,183.19155883789065,130367400
2016-10-12,183.32893828550317,183.95552258886428,182.831110102002,183.43194580078125,73866100
2016-10-13,182.10153487758865,183.3289286211248,181.28613188259507,182.8311004638672,101357000
2016-10-14,183.8095768470923,184.27307787424564,182.84826078625437,182.92550659179688,93346200
2016-10-17,182.8997758550404,183.1572749956163,182.11012142837117,182.29037475585935,58275700
2016-10-18,183.8868552776624,183.94693098937003,183.05428213764588,183.43194580078125,76869700
2016-10-19,183.69798368773056,184.2301388631813,183.3374902046561,183.921142578125,66519200
2016-10-20,183.56925874270436,184.13575421091855,182.9169389622136,183.57785034179688,73639800
2016-10-21,183.57787196667616,183.74953370840024,182.61654263850903,183.6636962890625,89089100
2016-10-24,184.5391485682308,184.81381777356532,184.09281765803647,184.4447326660156,60146600
2016-10-25,184.26447575355573,184.52197485427587,183.66365324984093,183.8267364501953,66542300
2016-10-26,183.00274747656863,184.0413092406965,182.7624053880732,183.4576568603516,75705500
2016-10-27,184.17866626831315,184.21299337259487,182.89118375808377,182.9684295654297,77220200
2016-10-28,182.9426715562345,183.62073988076529,181.71527791279635,182.42767333984372,140623200
2016-10-31,182.76240206363727,182.985574049549,182.2731655886529,182.43624877929688,61272500
2016-11-01,182.76243225979417,182.81394256294035,179.90423254029105,181.1144561767578,122781800
2016-11-02,180.80549225018305,181.19174755978847,179.58667679625674,180.02442932128906,103330800
2016-11-03,180.23893794516417,180.4535183218848,178.92570708738964,179.2003631591797,88939300
2016-11-04,179.31197176920767,180.15312328493232,178.85706236092147,179.0029754638672,109122100
2016-11-07,179.0029467138762,182.98555784474985,179.0029467138762,182.9512176513672,109794900
2016-11-08,182.55640778089457,184.341718129742,182.29033020287903,183.7752227783203,106772100
2016-11-09,182.28172484735904,186.34159479583775,182.25597625123305,185.72360229492188,258429000
2016-11-10,186.51325435585727,187.38015430848472,184.7279441619879,186.1870880126953,172113300
2016-11-11,185.46616934738677,185.99832465294227,184.8138495180944,185.75799560546875,100552700
2016-11-14,186.2815485129806,186.4875504259405,185.157149235758,185.9038848876953,94580000
2016-11-15,186.2901076912078,187.35443115234372,186.08411889656375,187.35443115234372,91652600
2016-11-16,186.73645534404272,187.2342834707186,186.61629083739328,187.0025329589844,65617700
2016-11-17,187.1570123357797,188.0239123666414,187.04542634579707,187.96383666992188,69797200
2016-11-18,188.0325235356012,188.20418524017103,187.3630206229664,187.54327392578125,86265800
2016-11-21,188.11830606399923,188.985205992581,187.9723929926704,188.9594573974609,72402600
2016-11-22,189.2684634563987,189.50879242128624,188.5989737546482,189.32855224609372,67429000
2016-11-23,188.81361739150404,189.4831073175899,188.61620705354295,189.43161010742188,56620200
2016-11-25,189.7749586795679,190.16977938047523,189.697699762476,190.1354522705078,37872300
2016-11-28,189.8264176025209,190.1010737177132,189.1397576691168,189.2427520751953,76572500
2016-11-29,189.2770715262414,190.06672577916044,188.976653745513,189.61181640625,69886700
2016-11-30,190.2298540943395,190.39293732273808,189.09686309511824,189.15695190429688,113291800
2016-12-01,189.45734364976184,189.45734364976184,188.10119380303743,188.46170043945312,79040500
2016-12-02,188.54752806520293,189.0453562275838,188.1956130215794,188.5561065673828,74840300
2016-12-05,189.38865385957408,190.03239505297432,189.19124356074343,189.68907165527344,67837800
2016-12-06,189.87791102034856,190.32424193270597,189.39725300563228,190.28990173339844,59877400
2016-12-07,190.13542041346932,192.83912844099024,190.0152559032895,192.779052734375,110738100
2016-12-08,192.7533140803448,193.72320871365824,192.48722334690305,193.25112915039065,99714400
2016-12-09,193.47425021520783,194.43556609303977,193.4399100213158,194.41839599609372,88005800
2016-12-12,194.32396392127012,194.80463491709315,193.77463873727504,194.1952209472656,102016100
2016-12-13,194.85616816380931,195.9891458355372,194.8389980651164,195.49131774902344,110477500
2016-12-14,195.1909318980728,195.8947488490547,193.43994837689505,193.8777008056641,142501800
2016-12-15,194.1180299970146,195.5342554988994,193.88627948139643,194.67593383789065,124972600
2016-12-16,195.1326615829621,195.1931045537914,193.9757346404409,194.2951812744141,156420200
2016-12-19,194.476516159919,195.14132303377676,194.3297430116391,194.71826171875,90341100
2016-12-20,195.25349996207288,195.6161313748941,195.020396706298,195.46934509277344,89838800
2016-12-21,195.33986456397216,195.5125380525151,194.92544555664065,194.92544555664065,67909000
2016-12-22,194.7787051975684,194.89957797729545,194.19159942879057,194.58876037597656,56219100
2016-12-23,194.6319137581081,194.88230155005348,194.44198211565435,194.8736724853516,36697800
2016-12-27,195.14131729197032,195.75431023591776,195.1240459885206,195.35716247558597,42672500
2016-12-28,195.6161315579945,195.63338968308497,193.63035371886235,193.7425842285156,64095000
2016-12-29,193.81173922469287,194.1657285527146,193.25917597998816,193.6995086669922,48696100
2016-12-30,194.0274937722048,194.1138370908359,192.3007327927097,192.99143981933597,108998300
2017-01-03,194.29513258285616,194.97721052258493,193.29362126334985,194.4678192138672,91366500
2017-01-04,194.79595036267492,195.77157477463183,194.7873212983205,195.6248016357422,78744400
2017-01-05,195.3571145832252,195.6247604374313,194.67503659269232,195.46934509277344,78379000
2017-01-06,195.58162597173967,196.6349514638088,195.03769192320487,196.16873168945312,71559900
2017-01-09,195.90969783980825,196.0478418995289,195.48663659721728,195.52117919921875,46939700
2017-01-10,195.5384373260769,196.37591757368716,195.1326473844866,195.52117919921875,63771900
2017-01-11,195.434839320652,196.07374572753903,194.7700325488776,196.07374572753903,74650000
2017-01-12,195.55570364013693,195.77154878764264,194.22610332812465,195.58160400390625,72113200
2017-01-13,195.7542904825439,196.3327539353642,195.7197610532733,196.03057861328125,62717900
2017-01-17,195.39162921079367,195.7974190797121,194.9513099202001,195.3398284912109,61240800
2017-01-18,195.59019920344295,195.81468654943316,195.0376362484626,195.77151489257807,54793300
2017-01-19,195.84923272080388,195.987376764899,194.61460490882425,195.0462951660156,66608800
2017-01-20,195.72838159242664,196.2550442913316,195.0981174360789,195.76292419433597,129168600
2017-01-23,195.7629293658233,195.8233591595471,194.49375878205151,195.25352478027344,75061600
2017-01-24,195.4693648574696,196.91985113299532,195.35713433657327,196.50543212890625,95555300
2017-01-25,197.45511831484976,198.20626831054688,197.291073911489,198.20626831054688,84437700
2017-01-26,198.0594837402296,198.3271427646296,197.72276586826823,197.99905395507807,59970700
2017-01-27,198.0767662974496,198.22353941160668,197.50693196662183,197.6882476806641,59711100
2017-01-30,196.99758739031424,197.02348775930912,195.4780419879859,196.46229553222656,79737300
2017-01-31,195.9701605318368,196.5054655595864,195.40033924457632,196.4450225830078,75880800
2017-02-01,196.44494296812536,197.36012409176385,195.93555168974387,196.52264404296875,79117700
2017-02-02,196.52269142412757,196.9371236048232,195.83199747125343,196.65220642089844,69657600
2017-02-03,197.5587268088348,198.18899086744997,197.24790931056123,198.00767517089844,80563200
2017-02-06,197.60193156698531,197.9990924755064,197.31701436233536,197.6537322998047,57790100
2017-02-07,198.0422889457671,198.2840345119611,197.47245446510476,197.6623992919922,57931200
2017-02-08,197.6623241701446,198.0508427414318,197.11839026585835,197.9213409423828,51566200
2017-02-09,197.9213980249341,199.39777165645472,197.9213980249341,199.09559631347656,65955200
2017-02-10,199.4409519254212,200.1057587872664,199.11286302687384,199.8812713623047,66015900
2017-02-13,200.3733814586604,201.22813303898968,200.34748109326944,200.9691162109375,55182100
2017-02-14,200.78782593570213,201.7807217067615,200.44247890394357,201.77207946777344,71109000
2017-02-15,201.556207822924,203.0153232127471,201.50440709237407,202.82537841796875,86785800
2017-02-16,202.85128382436127,203.0325995599349,201.90157300101112,202.6527099609375,84722400
2017-02-17,201.98789930143897,202.9721527099609,201.9706279997756,202.9721527099609,77204100
2017-02-21,203.3433974707437,204.3535511663621,203.33475523351055,204.18087768554688,88946100
2017-02-22,203.77509853439167,204.22404697342083,203.61105410799365,203.99957275390625,62115200
2017-02-23,204.5176001420342,204.53485826860089,203.37793142979876,204.13771057128903,74615900
2017-02-24,203.29158722240828,204.43987174441176,203.24841556069092,204.39671325683597,82381600
2017-02-27,204.3104117924004,204.8888752903316,204.06003718176973,204.71620178222656,56515400
2017-02-28,204.3363087591375,204.57805430129,203.7751165736,204.16363525390625,96961900
2017-03-01,205.82129435228447,207.48762570939044,205.80402305205783,207.0213928222656,149158200
2017-03-02,206.8314676509237,206.8401098889274,205.6659116708949,205.71771240234372,70246000
2017-03-03,205.6313685818276,206.0112581770802,205.25147898657505,205.8472137451172,81974300
2017-03-06,205.0528914316423,205.58818318512775,204.62983019715523,205.2342071533203,55391500
2017-03-07,204.9320333839673,205.28602261532427,204.41399971982815,204.6212158203125,65103700
2017-03-08,204.9147688890781,205.1737857297519,204.103188936234,204.2413330078125,78168800
2017-03-09,204.3621916313429,204.82842454711275,203.5333536075299,204.50033569335935,90683900
2017-03-10,205.45866443820472,205.50183609925148,204.26719509884924,205.2169189453125,81991700
2017-03-13,205.1565122041711,205.36372830929344,204.82843650540687,205.320556640625,57256800
2017-03-14,204.7765965790729,204.8284104793776,203.9218582491036,204.53485107421875,59880800
2017-03-15,205.1046957895022,206.72785555349796,204.87157933583111,206.30479431152344,96081800
2017-03-16,206.4429819669469,206.52068307653167,205.57097210860044,205.8990478515625,78344000
2017-03-17,206.1617234339801,206.3524945415205,205.53738403320312,205.53738403320312,89002100
2017-03-20,205.53738617631493,205.8235428406093,204.921726603114,205.3119354248047,52537000
2017-03-21,205.9189225650921,206.0403211557688,202.54576183330437,202.6758270263672,131809300
2017-03-22,202.7105512985133,203.4389429554005,202.086211812194,203.1527862548828,97569200
2017-03-23,203.1528346429944,204.0719976524916,202.56318789405628,202.93605041503903,100410300
2017-03-24,203.2395042669833,203.8118044338847,202.00817173901973,202.78858947753903,112504900
2017-03-27,201.11499654168367,202.8406032355756,200.8375196945119,202.58045959472656,87454500
2017-03-28,202.2769783542873,204.4794997138661,202.1642463510937,204.0546112060547,93483900
2017-03-29,203.7684772006866,204.4795224816916,203.543013169195,204.24539184570312,61950400
2017-03-30,204.18467623434705,205.0951723997049,204.01125154367315,204.89572143554688,56737900
2017-03-31,204.55750925954803,205.08646309053063,204.36673815778684,204.4187774658203,73733100
2017-04-03,204.47080292123812,204.6702406246721,202.83191535668945,204.0632476806641,85546500
2017-04-04,203.7771526650686,204.2800936083573,203.39561034730076,204.19337463378903,56466200
2017-04-05,204.86969271906057,205.84956133200996,203.3782166767564,203.5863342285156,108800600
2017-04-06,203.7250773247672,204.6789196571488,203.28282918541828,204.1586456298828,69135800
2017-04-07,203.90720203952503,204.6442735716667,203.4649670591141,203.9505615234375,74412300
2017-04-10,204.0892763689293,204.8696940380048,203.54297606170348,204.07192993164065,67615300
2017-04-11,203.69041754192983,203.93321477372265,202.33768632723948,203.82916259765625,88045300
2017-04-12,203.55172344427427,203.7424946233917,202.7105995812908,202.93605041503903,81864400
2017-04-13,202.59781914979595,203.33489064134773,201.61795043945312,201.61795043945312,92880400
2017-04-17,202.13828641834283,203.40431213378903,201.93884863306312,203.40431213378903,68405400
2017-04-18,202.66719125687615,203.3348902229056,202.11222429628785,202.79725646972656,83225800
2017-04-19,203.3609172502775,203.73377970706045,202.19894393259756,202.4244079589844,68699900
2017-04-20,203.04003523197187,204.5141780780443,202.71919891513377,204.07192993164065,92572200
2017-04-21,203.99389845187585,204.0459245342356,203.02270963061275,203.4215850830078,110389800
2017-04-24,205.6674495615396,205.8669005033984,203.39555593536755,205.6587829589844,119209900
2017-04-25,206.300501774306,207.20231814801264,206.2137828090746,206.85546875,76698300
2017-04-26,206.82080367281424,207.7052869575348,206.6820718338343,206.7254180908203,84702500
2017-04-27,207.04624588851576,207.2023241527077,206.36120044512217,206.8988342285156,57410300
2017-04-28,207.15889046024216,207.18490349495573,206.31776705396445,206.4478454589844,63532800
2017-05-01,206.9681854248047,207.39308717979225,206.55196350512597,206.9681854248047,66882500
2017-05-02,207.1069115564065,207.228310156534,206.63866359347344,207.0462188720703,57375700
2017-05-03,207.0462921872956,207.14167778056157,206.11844930448552,206.79481506347656,73137700
2017-05-04,207.09830358922895,207.17634273323728,206.187807214756,207.03759765625,61462700
2017-05-05,207.4104109596444,207.8699923112897,206.9681628138105,207.85264587402344,62001300
2017-05-08,207.8960628237304,208.04347450260823,207.39312185561013,207.81802368164065,48385700
2017-05-09,208.07812731096175,208.2775650461545,207.2803499072789,207.6272125244141,51363200
2017-05-10,207.58388483866509,208.00010681152344,207.37576723650693,208.00010681152344,54293800
2017-05-11,207.54919752591175,207.73996867965013,206.4912895757108,207.57521057128903,62358300
2017-05-12,207.3237333551271,207.61855669018183,206.95953748862587,207.2283477783203,53912700
2017-05-15,207.6532302608285,208.4943539331432,207.63588382171568,208.3729553222656,61918900
2017-05-16,208.66776910395944,208.6937821457131,207.7919658248568,208.1821746826172,51241800
2017-05-17,208.18218739791664,208.18218739791664,204.42748377516224,204.4881896972656,172174100
2017-05-18,204.41010595585504,206.1617255836018,204.14996233090972,205.3119354248047,107047700
2017-05-19,205.7975486306391,207.3150378116319,205.74552254718083,206.6473388671875,115011400
2017-05-22,207.15896046579584,207.8613523347789,207.08960117075563,207.69659423828125,61010600
2017-05-23,208.06945474087905,208.32093180101464,207.68791246443632,208.1561737060547,48341700
2017-05-24,208.39035130018516,208.745867382047,208.052155198641,208.64181518554688,46927700
2017-05-25,209.15339780863192,209.9164824423681,208.94529344049133,209.6389923095703,64071700
2017-05-26,209.44817144575288,209.76034115533864,209.37013232622007,209.59559631347656,46629900
2017-05-30,209.2747833846353,209.6649922820253,209.11870511826208,209.4135284423828,35201900
2017-05-31,209.70834537401865,209.74303825312643,208.6677839355453,209.3614959716797,91796000
2017-06-01,209.82110850826805,211.04377466478329,209.5349517547352,211.02642822265625,68962000
2017-06-02,211.0784072611607,211.88485124705332,210.7835839680196,211.728759765625,88666100
2017-06-05,211.5553616894408,211.8415184151761,211.373257143443,211.5727081298828,44698800
2017-06-06,211.0090352986697,211.56400224135808,210.81826417167156,210.8963165283203,50375400
2017-06-07,211.23450345653035,211.5119803176038,210.56680449890564,211.2865295410156,54144300
2017-06-08,211.38194313646613,211.86753763132825,210.8616557597095,211.3906097412109,65950700
2017-06-09,211.65940983280444,212.4571740689785,209.8037376846164,211.06976318359372,132256400
2017-06-12,210.82699044830008,211.07845431757883,210.1766377988505,211.02642822265625,86108100
2017-06-13,211.5640751831608,212.11037571077435,211.21722568619168,212.058349609375,60067000
2017-06-14,212.3270797150871,212.33574631822515,210.965668829472,211.7894592285156,78602300
2017-06-15,210.43673838470636,211.50332610496412,210.15926150737687,211.3819274902344,66464900
2017-06-16,211.54141287682805,211.59369268113136,210.54805670711647,211.4281311035156,84553100
2017-06-19,212.25589557507703,213.24925160382472,212.1600448487952,213.18826293945312,65123800
2017-06-20,212.831047445159,212.83975631459023,211.73313157754367,211.75054931640625,56906400
2017-06-21,212.142631804016,212.25590026777624,211.22769545036687,211.6982269287109,55977600
2017-06-22,211.7069593717487,212.20363077322855,211.4281160406863,211.60238647460935,44148100
2017-06-23,211.66337057155704,212.18618182919283,211.2799676717024,211.8550720214844,66986800
2017-06-26,212.5260250262087,212.9442900095876,211.7853723814404,211.99449157714844,56700500
2017-06-27,211.77660243453377,212.07287672157423,210.2691442896796,210.2865753173828,82247700
2017-06-28,211.30615128027748,212.3692183421497,211.07087885288385,212.16880798339844,70042600
2017-06-29,212.31688319202652,212.3691629853792,209.09283407414108,210.3040313720703,106949700
2017-06-30,211.11438810422223,211.48908210473476,210.50443504104103,210.69613647460935,86820700
2017-07-03,211.63728015050955,212.0729629483846,211.053466796875,211.053466796875,39153800
2017-07-05,211.41942171178204,211.7505315702116,210.60904485913684,211.5414123535156,54427600
2017-07-06,210.7745752931773,210.896565916886,209.42395626898556,209.60694885253903,65400800
2017-07-07,210.1820393304508,211.11439332953756,209.6156438823511,210.9662628173828,57972300
2017-07-10,210.9663055873796,211.56754992071063,210.6613223384201,211.1928558349609,36663300
2017-07-11,211.19280433836815,211.34965700689543,209.868338650255,211.0359649658203,50354600
2017-07-12,212.00322515843493,212.78744877653745,212.00322515843493,212.62188720703125,59610400
2017-07-13,212.63056990685791,213.09239246451185,212.4040064133811,212.97911071777344,39471600
2017-07-14,212.97913236566544,214.3297514132089,212.88328163852412,213.9724884033203,60262700
2017-07-17,213.89407029991372,214.2774732113337,213.77207967318748,213.94635009765625,33531900
2017-07-18,213.5368372225535,214.11194167030587,213.19700519360575,214.0596618652344,42742500
2017-07-19,214.37334130660176,215.22727576286687,214.364619142284,215.21856689453125,51034300
2017-07-20,215.47126201698129,215.59325265641056,214.7654580819989,215.31442260742188,47135200
2017-07-21,214.73926255324795,215.1488053000953,214.51269907015336,215.12266540527344,82340800
2017-07-24,215.04428137355856,215.2098429424349,214.59988976445536,215.0704345703125,46622300
2017-07-25,215.8197661496051,215.92433903415247,215.36666573516047,215.5932159423828,54915600
2017-07-26,215.8807720134695,215.9156207782958,215.34052973478933,215.6019287109375,47575400
2017-07-27,216.06372005804565,216.0985688156889,214.07699517695676,215.40147399902344,70766600
2017-07-28,214.92227071495785,215.2795337201983,214.469170279804,215.1488342285156,50088400
2017-07-31,215.54968205619747,215.64553279418223,214.8177382184862,215.02687072753903,65838700
2017-08-01,215.62810941083828,215.66295818011,214.98329416346337,215.5061187744141,55050400
2017-08-02,215.636811897246,215.7500936619952,214.67830457086475,215.6106719970703,47211200
2017-08-03,215.4973679738327,215.5235078713084,214.91355477024075,215.19239807128903,40856000
2017-08-04,215.68033862803355,215.9155976814008,215.20108506306107,215.58448791503903,60191800
2017-08-07,215.65424173012192,215.9853515625,215.5496688340189,215.9853515625,31995000
2017-08-08,215.6716530032204,216.8915725839997,215.0791308923132,215.4538116455078,61719400
2017-08-09,214.76543491687417,215.49737867450057,214.40817190565852,215.44509887695312,62632600
2017-08-10,214.6085755850124,214.73928837081584,212.3517424208677,212.40402221679688,120479500
2017-08-11,212.6305838418946,213.3102477749084,212.3953114663189,212.71771240234372,74869900
2017-08-14,213.99860635966488,215.04424208745883,213.96375759699623,214.82640075683597,73291900
2017-08-15,215.20983579521703,215.2272668271467,214.49532303787947,214.80029296875,55242700
2017-08-16,215.3231183249441,215.7239522848633,214.7480139330528,215.17498779296875,56715500
2017-08-17,214.5649991391246,214.8786911831752,211.8201904296875,211.8201904296875,128490400
2017-08-18,211.6546687551769,212.7787376647181,211.04471558130828,211.48912048339844,136748000
2017-08-21,211.4281433397622,211.9161059361441,210.72233934885384,211.6546936035156,65469700
2017-08-22,212.2384860666946,214.0247745773968,212.22105503506384,213.8679351806641,63140100
2017-08-23,212.90075540940424,213.5281396955525,212.7526248551725,213.1011657714844,50203800
2017-08-24,213.4845359909229,213.6413753903961,212.39532917464268,212.60446166992188,50741700
2017-08-25,213.39742687994783,214.01610229678263,212.95303521725265,213.1011657714844,64445900
2017-08-28,213.6326745952317,213.65881449613164,212.6915982748861,213.10986328125,40565600
2017-08-29,211.794084456064,213.6152350581632,211.680802692686,213.3538360595703,51135700
2017-08-30,213.33635836277287,214.6346973877078,213.1533658078037,214.36456298828125,62030800
2017-08-31,214.98326552211907,215.8982018213985,214.3994523187264,215.6542205810547,103803900
2017-09-01,216.02892408942537,216.38618712045303,215.8110827235766,215.95921325683597,62007000
2017-09-05,215.45382378294025,215.68038731715265,213.44097165164035,214.4081878662109,91398800
2017-09-06,215.087856916086,215.47125986359848,214.5563234290314,215.14013671875,57916900
2017-09-07,215.44509099583703,215.46252202637555,214.70442510172603,215.1139678955078,58034700
2017-09-08,214.82645079944172,215.32313553103205,214.6173315827576,214.8613128662109,63832800
2017-09-11,216.13344499147,217.23137378819132,216.1160272584276,217.1529541015625,71364800
2017-09-12,217.51896157813036,217.91978223945415,217.33596898336484,217.8849334716797,56896000
2017-09-13,217.5973596810883,218.0243334958429,217.4840779290966,217.98947143554688,59228000
2017-09-14,217.6670486896226,218.12016235619487,217.4927782935498,217.91973876953125,95446300
2017-09-15,217.7753203392943,218.3007262548045,217.6702418285857,218.21316528320312,95432400
2017-09-18,218.58090443441532,219.02750136678264,218.2919252327785,218.6772308349609,46235200
2017-09-19,218.92246408474065,218.9837687884284,218.57219348699175,218.8961944580078,47108100
2017-09-20,218.98372577564885,219.08880426194065,217.97667462148397,218.97496032714844,59574100
2017-09-21,218.817413818144,218.90497479789832,218.2131856013744,218.3883209228516,48211400
2017-09-22,218.09054938041223,218.59845107254785,218.06427975512648,218.43206787109372,51214000
2017-09-25,218.17815701834428,218.52844103370043,217.2411756714505,217.98550415039065,57064400
2017-09-26,218.414537340445,218.65972940317045,217.88036605480065,218.11680603027344,54082000
2017-09-27,218.81736664054645,219.35153794116275,217.93291141052936,218.9662322998047,81001400
2017-09-28,218.6859756766256,219.30772121627,218.5984147275532,219.2289123535156,44778800
2017-09-29,219.2201788575793,220.078364472535,219.03629148435007,219.99954223632807,85578000
2017-10-02,220.22723165186667,220.9540557861328,220.05208300305776,220.9540557861328,59023000
2017-10-03,220.95407426774327,221.45321054509424,220.87525202439983,221.42694091796875,66810200
2017-10-04,221.2780457190068,221.9348130334467,221.16420177534167,221.6896209716797,55953600
2017-10-05,222.02236175556584,223.02064748401892,221.72463046296645,223.00314331054688,63522800
2017-10-06,222.5565842123152,223.03821633289445,222.2938879301516,222.74923706054688,80646000
2017-10-09,222.9768540685953,223.0381453942836,222.11866861325328,222.38137817382807,35803100
2017-10-10,222.95062021490847,223.3446779380046,222.4076834727646,222.96812438964844,43057400
2017-10-11,222.8718252810262,223.3184356689453,222.70545542882476,223.3184356689453,47674300
2017-10-12,223.0031590161625,223.3534295777759,222.74920150132215,222.9856414794922,47065100
2017-10-13,223.42347852453145,223.53732246594643,222.98563365689205,223.2570953369141,54800400
2017-10-16,223.4848119173923,223.74750818213676,223.14329341125787,223.5548553466797,38221700
2017-10-17,223.502293026835,223.7562505391668,223.28337058749773,223.71246337890625,31561000
2017-10-18,224.08902950399124,224.13281666932104,223.73875890528632,223.9314117431641,40888300
2017-10-19,223.1520211020439,224.02771085402995,222.73169376244084,223.99267578125,61903800
2017-10-20,224.78959602390063,225.174901697254,223.9751975121371,225.1486053466797,89176400
2017-10-23,225.47262092500108,225.49889055023027,224.19409456669527,224.2729034423828,63915300
2017-10-24,224.7019967428637,224.9033882834358,224.30792566307667,224.66696166992188,66935900
2017-10-25,224.3342187766771,224.4480627327108,222.42522132237863,223.5548553466797,103715300
2017-10-26,224.16782533084225,224.43927365517973,223.72121500385936,223.84381103515625,69798000
2017-10-27,224.58814924304767,225.831640435457,223.8525730664973,225.6739959716797,85562500
2017-10-30,224.5881819289029,225.5777157573964,224.5356426746408,224.8333740234375,54285700
2017-10-31,225.209878631765,225.43756651350972,224.88587770708503,225.18360900878903,60304800
2017-11-01,225.9630450491088,226.30455023749693,225.11362471786865,225.4813995361328,54202700
2017-11-02,225.41130620582592,225.7090375198339,224.34296362077092,225.5689239501953,56449500
2017-11-03,225.7265778135099,226.3658410665388,225.31500248806788,226.3220672607422,59589700
2017-11-06,226.1906263856367,226.80361983150905,226.120582972016,226.6722717285156,49652600
2017-11-07,226.77742101945583,227.11018746689305,226.00680960937729,226.5147247314453,57502200
2017-11-08,226.33953582279315,226.99630315000863,226.05930868277116,226.89996337890625,50469600
2017-11-09,225.6915071533323,226.2694655395448,224.4917898632673,226.07681274414065,95085500
2017-11-10,225.6915089301286,226.18189300884933,225.3762467515636,226.0067443847656,59984700
2017-11-13,225.32375542754016,226.44463737783505,225.2887203504871,226.21694946289065,50228600
2017-11-14,225.41133166696056,225.7966373460059,224.6319548585489,225.69155883789065,61315200
2017-11-15,224.7194921258247,225.24491130367505,223.85256785292583,224.56187438964844,80811500
2017-11-16,225.50760693548452,226.8386724123831,225.4638331390832,226.4708709716797,67777000
2017-11-17,226.1206058309116,226.4446067590248,225.72653475816676,225.8053436279297,75756800
2017-11-20,226.0505717221622,226.3833113891138,225.80535292978027,226.19065856933597,48075500
2017-11-21,226.9612714170117,227.8544920984872,226.15565178250472,227.6705780029297,69176800
2017-11-22,227.6793647795018,227.8107129143955,227.3028245514952,227.46920776367188,45033400
2017-11-24,227.9595442662785,228.09965782216804,227.81943071038896,227.9945526123047,27856500
2017-11-27,228.0383550349063,228.3360863221846,227.67931905567784,227.8807373046875,52274900
2017-11-28,228.34487332791497,230.21883554215188,228.2485335566228,230.19256591796875,98971700
2017-11-29,230.3239214166953,230.85810609077183,229.60587609137824,230.05245971679688,77512100
2017-11-30,230.97196179174296,232.9772722931551,230.8931529126595,232.0665740966797,127894400
2017-12-01,231.84757702897917,232.32919559859693,228.34481878034157,231.58485412597656,164390900
2017-12-04,233.2049653139705,233.6340447952485,231.25216729855987,231.3047332763672,94040600
2017-12-05,230.47280883789065,232.1891534245384,230.3414607079821,230.47280883789065,77994500
2017-12-06,230.5690950319757,230.94566192575616,230.0524412985673,230.5165557861328,75898600
2017-12-07,231.243408203125,231.5586436985984,230.25387446911444,231.243408203125,77218600
2017-12-08,232.19791301203568,232.5131485158571,231.2083792518204,232.50440979003903,76563900
2017-12-11,233.2049102783203,233.26621496801627,232.47809962197297,233.2049102783203,83077500
2017-12-12,233.9930563011885,234.08939607247345,233.23997592537404,233.61651611328125,85195800
2017-12-13,233.86170216271307,234.29954703708705,233.5026661588548,233.5902404785156,102905400
2017-12-14,233.8879721162332,234.0018160595599,232.58320294041545,232.6357421875,100666700
2017-12-15,233.6400548355905,235.03951542888447,233.58724702909123,234.57302856445312,144610300
2017-12-18,235.97246388492812,236.41254679897668,235.8668482832412,236.06048583984372,83653600
2017-12-19,236.3069151541698,236.35091269837585,235.0834718431216,235.1539001464844,82382900
2017-12-20,236.12209781110093,236.1749056165912,234.73144749897185,235.03070068359372,76751500
2017-12-21,235.6556002695777,236.22772957066448,235.2683251398561,235.5147705078125,67032300
2017-12-22,235.5323366863719,235.5675508338231,234.9162099783356,235.453125,78720900
2017-12-26,235.04827268058256,235.39155024518007,234.90746978593316,235.1715087890625,45244400
2017-12-27,235.3387269866104,235.64679037704607,235.01306995063143,235.28591918945312,57751000
2017-12-28,235.7875942590208,235.8139981547031,235.4003192153301,235.7699737548828,45116100
2017-12-29,236.3509005390333,236.3684941837051,234.6874012899225,234.88101196289065,96007400
2018-01-02,235.74361651795525,236.5973784613616,235.35634139761444,236.56216430664065,86655700
2018-01-03,236.72944292457163,238.2081422378513,236.72944292457163,238.0585021972656,90070400
2018-01-04,238.70101473112751,239.54596651632667,238.12010198488656,239.06185913085935,80636400
2018-01-05,239.85396845853816,240.77813171842425,239.36107780519544,240.6549224853516,83524000
2018-01-08,240.55805572470305,241.25339406310965,240.26761289806453,241.094970703125,57319200
2018-01-09,241.51754145665623,242.2656879177006,241.23588189429276,241.64077758789065,57254000
2018-01-10,240.8838124768645,241.53515354969787,240.2149046152303,241.2710876464844,69574300
2018-01-11,241.825564426552,243.0313873291016,241.65833076818808,243.0313873291016,62361500
2018-01-12,243.2953675501125,244.78282258369904,242.99608763274207,244.61561584472656,90816100
2018-01-16,245.87435546460017,246.5256696509318,243.0842176757021,243.7795562744141,106555100
2018-01-17,244.71249925191756,246.49042451957703,243.77952564150397,246.1031494140625,113258800
2018-01-18,245.9887520557021,246.4112144568672,245.1965813324595,245.6894989013672,100728000
2018-01-19,246.2703511928904,246.8072662353516,245.6894654703297,246.8072662353516,140920100
2018-01-22,246.59610888178335,248.8141174316406,246.54327421248192,248.81411743164065,91322400
2018-01-23,248.85811672329496,249.63266707134613,248.53245961344012,249.34222412109372,97084700
2018-01-24,249.98465151374285,250.5831846015145,248.0658967414108,249.2453155517578,134816100
2018-01-25,250.1079392890964,250.20474464268864,248.5588387473728,249.3509826660156,84587300
2018-01-26,250.1871555817258,252.28195470890776,249.9318999513005,252.2379302978516,107743100
2018-01-29,251.66582012769325,252.10590306158304,250.40718938329576,250.56561279296875,90118300
2018-01-30,248.73481932492825,250.6183598580185,247.5201864240777,247.9954833984375,131796400
2018-01-31,248.84932718998903,249.35100136441292,247.04497088721436,248.1187744140625,108364800
2018-02-01,247.38830698919787,249.1398290377215,247.04502929658145,247.8371734619141,90102500
2018-02-02,246.5168725544824,246.6489189381392,242.4065125248929,242.4417266845703,173174800
2018-02-05,240.681381816374,242.7937746544456,231.75648648531623,232.30218505859372,294681800
2018-02-06,228.79034660524133,237.38077515096407,227.6989493872479,236.8790740966797,355026800
2018-02-07,236.32451994416607,239.7219470771252,235.5147555804733,235.593994140625,167376100
2018-02-08,235.89333078603283,236.034160588718,226.7219879826316,226.7572021484375,246449500
2018-02-09,229.5472489990059,232.0205129539918,222.6115510503879,230.1633758544922,283565300
2018-02-12,232.21415380783523,235.0131017383919,230.30420887774528,233.543212890625,143736000
2018-02-13,232.3374096823058,234.66984410567167,231.75649692507503,234.1241455078125,81223600
2018-02-14,232.63661551940828,237.6447609641241,232.62780526622583,237.2838897705078,120735700
2018-02-15,239.02662625448377,240.3204710197312,236.5621459651646,240.3116607666016,111200300
2018-02-16,239.68679883222927,242.32729669194248,239.64277441824743,240.38211059570312,160420100
2018-02-20,239.43152296154545,240.87500789598903,238.08487024125645,238.87701416015625,86369700
2018-02-21,239.31712469165865,241.79919920284223,237.59200689107456,237.68881225585935,98883700
2018-02-22,238.6129835706596,240.32929097882285,237.3279488630217,237.99685668945312,110511300
2018-02-23,239.22030528591495,241.79037475585935,238.74500816346077,241.79037475585935,92766400
2018-02-26,242.86407995006917,244.69483938258537,242.2743840584429,244.59800720214844,86491400
2018-02-27,244.78285691699728,245.49581580776731,241.4822357175162,241.5438537597656,99099200
2018-02-28,242.64405123096824,243.092944291714,238.78013813371223,239.09698486328125,121907800
2018-03-01,238.88587674472373,240.4349776262964,234.1241750735352,235.62046813964844,176855100
2018-03-02,233.9480940480836,237.39835632114156,233.0855486252185,236.8350372314453,139083200
2018-03-05,235.6468248058552,240.188484048624,235.5411823355784,239.5723571777344,97307400
2018-03-06,240.54929630838225,240.6285348656421,238.68334915728695,240.1796417236328,79213200
2018-03-07,238.0143900987688,240.44362885622,237.82075259500968,240.0915679931641,87063500
2018-03-08,240.76937164170076,241.37668826265545,239.774806735726,241.25347900390625,66901200
2018-03-09,242.66167225220465,245.4517822265625,242.344798661436,245.4517822265625,113625300
2018-03-12,245.7423320590852,246.3672423323109,244.7565236800756,245.143798828125,71924800
2018-03-13,246.3055454375072,246.8072462906102,242.95211655291016,243.55943298339844,91968900
2018-03-14,244.5189176685173,244.70374501010537,241.75521035804832,242.3096923828125,105895100
2018-03-15,242.82015876545825,243.4626626446098,241.54390753995625,242.0456085205078,83433000
2018-03-16,242.57321728158507,243.35971533877716,242.25510141672984,242.30812072753903,100343700
2018-03-19,241.55689557287,242.4847601640377,237.37702820732727,239.02952575683597,109208400
2018-03-20,239.42725065128056,240.0723548139247,238.75563683636935,239.43609619140625,59757300
2018-03-21,239.39185251338063,241.4861955710921,238.76443954354207,238.9765167236328,78709600
2018-03-22,236.74971067971012,237.59804667365603,232.7288995719325,233.00286865234372,148785900
2018-03-23,233.4446648554846,233.77162621271535,227.8420401470805,228.0364532470703,183534800
2018-03-26,231.6418870783982,234.55805609934143,229.2382468850488,234.2752685546875,141956100
2018-03-27,235.2120519554788,235.74224499591256,228.73458164104392,230.28988647460935,129941400
2018-03-28,230.42241304991515,232.0926018744316,228.50479184044528,229.60940551757807,146452300
2018-03-29,230.74938233105556,234.40787590041907,229.61825896543692,232.54327392578125,111601600
2018-04-02,232.0130486932908,232.52560454766385,225.04957315969892,227.5239105224609,186286300
2018-04-03,228.7610107378061,230.91721823665557,226.9671196677412,230.4400177001953,119956900
2018-04-04,226.8876752856015,233.6125511780007,226.7551270227763,232.90560913085935,123715300
2018-04-05,234.66409643463845,235.62734320129803,233.57717393944145,234.74365234375,82652600
2018-04-06,232.78187422548615,234.2752870709953,227.99225756873415,229.51220703125,179521200
2018-04-09,230.970332966311,234.036742088674,229.70666119589032,230.64337158203125,105442900
2018-04-10,233.5330469478276,235.09719751911547,232.3931047987183,234.31069946289065,103529000
2018-04-11,232.82604325409437,234.74366437925772,232.7553598478326,233.0823211669922,91140200
2018-04-12,234.4078811025094,235.94549479836687,234.23113211691503,234.99993896484372,68890500
2018-04-13,236.3078500612923,236.4227342239421,233.30330559064132,234.31069946289065,85079200
2018-04-16,235.9454391954948,237.0058789229403,235.1236132391809,236.23704528808597,63405300
2018-04-17,238.00446186422565,239.3653534220697,237.49193300036845,238.7644500732422,64682000
2018-04-18,239.20638076094764,239.74541946554865,238.48174748134844,238.9412841796875,57303900
2018-04-19,238.28726367597648,238.4905223067502,236.58174658331475,237.6156768798828,77655900
2018-04-20,237.5449917152264,237.7659144802581,234.71716953557635,235.60086059570312,99953100
2018-04-23,236.1753007969323,236.7320305255298,234.48744749700347,235.5655517578125,65558000
2018-04-24,236.5905520082252,236.8114747123485,230.89073545460303,232.3930206298828,112885500
2018-04-25,232.33119443053852,233.4092984846428,230.5107932033293,232.9674530029297,103840900
2018-04-26,233.9925082317588,236.16638017642003,233.5506628057973,235.3357086181641,67731900
2018-04-27,235.9455584764933,236.246010258604,234.6200216311197,235.5567321777344,57053600
2018-04-30,236.1752674598288,236.7319971098416,233.6744068047092,233.7451171875,82182300
2018-05-01,233.1794895687467,234.26643897285976,231.6241851143612,234.160400390625,74203400
2018-05-02,233.96604976962223,234.7790304291084,232.1986676791265,232.5874938964844,86368900
2018-05-03,231.75677437071465,232.72881274557488,228.92010728332005,232.07489013671875,136311500
2018-05-04,231.10288831433,235.75995770217372,230.7759269200338,235.0794982910156,91222100
2018-05-07,235.8482462145872,236.8467941469968,235.15894151389875,235.874755859375,55304900
2018-05-08,235.50359386424296,236.2370453487744,234.310605912586,235.874755859375,67499200
2018-05-09,236.5464000313064,238.4816854756761,236.02502557830903,238.15472412109372,59666100
2018-05-10,238.89702786848983,240.70861064610264,238.790989260651,240.38162231445312,72063900
2018-05-11,240.50531765222445,241.38016301005507,239.99276183006265,241.1150665283203,59871500
2018-05-14,241.5480657283191,242.2019883600813,240.68203894368625,241.22994995117188,54790600
2018-05-15,240.00164927713664,240.01931338963476,238.62309339518507,239.5686492919922,87036100
2018-05-16,239.60392001314463,241.035494696002,239.57738340158687,240.57595825195312,53942600
2018-05-17,240.31093789069183,241.45090685639772,239.59515032267203,240.372802734375,56536400
2018-05-18,240.0281285092887,240.39044503041083,239.4183796039987,239.7718505859375,64368000
2018-05-21,241.25646917116896,242.11365045107684,240.86764300493607,241.5745849609375,58025900
2018-05-22,242.09595749896323,242.35223541747547,240.5760080340291,240.9029693603516,52966400
2018-05-23,239.63046143928264,241.59225621956955,239.47137658934227,241.5657196044922,64694200
2018-05-24,241.16805130695332,241.44199328823933,239.28578565172225,241.07083129882807,76043800
2018-05-25,240.49647521972656,241.1238882133398,239.99276492981863,240.49647521972656,56374800
2018-05-29,238.870483330366,239.6304715224005,236.61708233856237,237.7305145263672,115908600
2018-05-30,239.03839445916907,241.3448148214591,238.96771105135883,240.9029693603516,69678400
2018-05-31,240.49647401844624,240.79692568949417,238.82631223407603,239.42721557617188,93519900
2018-06-01,240.72625291089187,242.0782989743515,240.65554253334344,241.77784729003903,71258400
2018-06-04,242.5996439304528,243.18288311790948,242.36105711344487,242.92660522460935,45385200
2018-06-05,243.05920808091656,243.4833894856977,242.29040119634027,243.10340881347656,51135000
2018-06-06,243.71311960206987,245.24188759157823,243.0945251880256,245.13584899902344,62732200
2018-06-07,245.62191560533927,245.9135217591233,244.1991591219225,245.1093597412109,72969400
2018-06-08,244.64985693869824,245.8870189359492,244.48195349248823,245.83399963378903,72139700
2018-06-11,246.054956864218,246.8767831309792,245.94007270406829,246.16099548339844,58892500
2018-06-12,246.57625799068668,246.84135445972845,245.83396090926507,246.47906494140625,72329000
2018-06-13,246.7176045726646,246.9738824224553,245.489261575478,245.6925201416016,79070600
2018-06-14,246.55866595330824,246.8414266135713,245.7191486091035,246.3112335205078,77097600
2018-06-15,245.52656619377487,246.334339402203,244.41699207602392,245.9970245361328,120041600
2018-06-18,244.5412563797542,245.6153436567138,244.0619398531836,245.49105834960935,52917600
2018-06-19,243.2185755347167,244.77197884561363,242.80137470479335,244.5500640869141,97531500
2018-06-20,245.2335567776329,245.6330141870954,244.62995512310675,244.9672698974609,53785500
2018-06-21,244.9583386991884,244.97610921400357,242.9344775218204,243.4315643310547,71061400
2018-06-22,244.69205483312163,244.80745482402028,243.65348200423352,243.8753967285156,54898500
2018-06-25,242.7215548654764,242.8813270339227,238.86911685407384,240.5556640625,137854200
2018-06-26,241.12367922456585,241.94031025150676,240.36916373350945,241.08816528320312,68547400
2018-06-27,241.67403316486272,243.10315106426856,238.9400284428324,239.0909423828125,105110700
2018-06-28,239.03773254071504,241.22136639578736,238.3275889896138,240.4579925537109,76650500
2018-06-29,241.54976851068503,242.91677098828745,240.68873817656709,240.80413818359372,97592500
2018-07-02,239.23309857574571,241.47887582123803,238.9934131956254,241.31907653808597,63554800
2018-07-03,242.21545529775335,242.31311185329525,240.0407074654489,240.46676635742188,42187100
2018-07-05,241.5941989427037,242.49071624932256,240.52011188401104,242.42857360839844,56925900
2018-07-06,242.45520341190883,244.8518665685956,242.07348943656189,244.47906494140625,66493700
2018-07-09,245.4820445369794,246.7336467682489,245.43767243008548,246.68038940429688,50550400
2018-07-10,247.1331100201025,247.6657107616075,246.84016742213515,247.56805419921875,51966800
2018-07-11,246.01470715904813,246.804736738426,245.45547760766024,245.7572784423828,77054700
2018-07-12,247.0177758664348,248.0385784243464,246.4141741734861,247.98532104492188,60124700
2018-07-13,247.80780137753868,248.48240386882597,247.35508657071247,248.18060302734372,48216000
2018-07-16,248.2250084465951,248.3670100667939,247.5148648995688,247.9586944580078,48201000
2018-07-17,247.18644318466008,249.3523336655348,247.13318580309817,248.96176147460935,52315500
2018-07-18,249.0416440665278,249.5919883944477,248.59781450024312,249.4854736328125,44593500
2018-07-19,248.8197278264112,249.20141474977132,248.0652121503039,248.5445556640625,61412100
2018-07-20,248.34044517236725,248.97070281148447,248.1007869013593,248.26055908203125,82337700
2018-07-23,248.0563777829698,248.92626647417543,247.71017768725451,248.7221221923828,47047600
2018-07-24,250.1334320169862,250.81691968072437,249.1037443475973,249.9736328125,68026900
2018-07-25,249.72508778052887,252.4235786523477,249.68071566741295,252.10403442382807,78882900
2018-07-26,251.3849581752447,252.19270376499892,251.2873016305045,251.50921630859372,57919500
2018-07-27,251.8376813933993,251.93533795198135,248.88178938152663,249.80496215820312,76768700
2018-07-30,249.8849598622265,250.04473202308336,247.9764708359993,248.50021362304688,63742500
2018-07-31,249.2635704143807,250.33763042964327,248.88188347107695,249.7251434326172,68570500
2018-08-01,249.92934046076945,250.43531274317849,248.65999421335957,249.30796813964844,53853300
2018-08-02,248.0030086694679,250.83461535976423,247.79883739044712,250.66598510742188,63426400
2018-08-03,250.79031061862077,251.79336968061608,250.61276797272257,251.7401123046875,53935400
2018-08-06,251.7756404593744,252.97395857459247,251.38506828772208,252.66329956054688,39400900
2018-08-07,253.32909609852103,253.8794405204031,253.19592553453344,253.4977264404297,43196600
2018-08-08,253.32908927357005,253.7906623367623,252.92963177079216,253.3912048339844,42114600
2018-08-09,253.453329072791,253.84390128604824,252.91186996621687,253.0450134277344,35717000
2018-08-10,251.6070076068513,252.14846670856605,250.63943525368703,251.34957885742188,77076000
2018-08-13,251.62476496774096,252.23725200833908,250.11573342932613,250.4086761474609,65732900
2018-08-14,251.13650491950173,252.24607870802964,250.7459327788036,252.0063934326172,43842000
2018-08-15,250.65708186839285,250.79911051893149,248.68647836211187,250.12448120117188,102925400
2018-08-16,251.56259447657288,253.0183684667841,251.52708052604876,252.14845275878903,69967900
2018-08-17,251.9442870366462,253.4799471329589,251.53597140871625,253.0361175537109,65618500
2018-08-20,253.4887891062725,253.8438472911981,253.0360743442006,253.5775604248047,39807500
2018-08-21,254.092370416195,255.0332867211678,253.6130270058048,254.17225646972656,67272000
2018-08-22,253.76397936567605,254.54512368185607,253.4976653910483,254.0214080810547,44993300
2018-08-23,253.84382361860813,254.70485385858763,253.3644802145988,253.68405151367188,49204900
2018-08-24,254.2609987165936,255.3528288351196,254.2077413536604,255.21080017089844,57487400
2018-08-27,256.40917185937667,257.33234482639574,256.24939973697053,257.225830078125,57072400
2018-08-28,257.68741586376615,257.7939577065519,256.8885281227042,257.3501281738281,46943500
2018-08-29,257.5631772420402,258.9656667527116,257.32351902828185,258.7348937988281,61485500
2018-08-30,258.2554620659012,258.628263604404,257.09263116619366,257.6873474121094,61229500
2018-08-31,257.2790577695256,258.14008800431367,256.7908561998748,257.6962585449219,66140800
2018-09-04,257.279161653732,257.6075912520232,256.24947364147147,257.2525329589844,57594400
2018-09-05,256.89743443569347,257.10160578959284,255.54820229775171,256.56011962890625,72452400
2018-09-06,256.6666156108415,256.9684164450401,254.75815402120665,255.787841796875,65909900
2018-09-07,254.74042715744764,256.26720194628166,254.50074185499372,255.290771484375,73524800
2018-09-10,256.3026610601894,256.56897502417314,255.539287293018,255.7345733642578,50210900
2018-09-11,255.08652888454355,257.02161874815994,254.7403560065421,256.5777893066406,50530500
2018-09-12,256.58672675418035,257.24358579269136,255.8499816506508,256.6399841308594,59810800
2018-09-13,257.70521020465293,258.3443258744238,257.42115277604205,258.15789794921875,51034200
2018-09-14,258.36207317292326,258.5484740117114,257.4211566296206,258.2023010253906,55079900
2018-09-17,258.14904193224044,258.1845287942073,256.560124459974,256.8352966308594,68244000
2018-09-18,257.0482802010348,258.8235981934395,257.02165151471684,258.2288818359375,61930400
2018-09-19,258.2822050674107,258.9213207912113,258.1579197734338,258.5041198730469,49080600
2018-09-20,259.76456338411145,260.91850934003577,258.52181901409443,260.59893798828125,100360600
2018-09-21,261.3417515575673,261.45767398484145,260.2004054619901,260.36090087890625,105479700
2018-09-24,259.78128445436346,259.9239561004905,258.9163563078542,259.4959411621094,53409600
2018-09-25,259.9506340298228,260.05763093211067,259.0143839229773,259.255126953125,44370000
2018-09-26,259.397888348233,260.58380737485373,258.0603721830128,258.4794616699219,79739700
2018-09-27,258.95199161647935,260.28950748207143,258.67557384787006,259.20166015625,59249500
2018-09-28,258.57739852836386,259.7276694510108,258.5417510417024,259.22833251953125,70091400
2018-10-01,260.4679039507607,261.1990860385844,259.4603312240821,260.12908935546875,62078900
2018-10-02,259.9774780273437,260.69080911051776,259.6029887328202,259.9774780273437,47258200
2018-10-03,261.0295876624094,261.448677055501,259.7634212147403,260.1200866699219,64694600
2018-10-04,259.63860706605675,259.69210553069195,256.4999125561794,258.08709716796875,111545900
2018-10-05,258.30988753086234,258.8270481680564,255.21576754916543,256.6424560546875,105951700
2018-10-08,255.95584741497797,256.99912137811305,254.5737590822715,256.6424560546875,87742200
2018-10-09,256.2591681367459,257.56990772534647,255.7063053186593,256.26806640625,74339000
2018-10-10,255.75972133955884,255.83107074359225,247.77922791122623,248.1537170410156,214731000
2018-10-11,247.06596305815177,248.68882246381915,241.07388981647085,242.68785095214844,274840500
2018-10-12,246.7895195822303,247.07486285260504,242.8661448559897,246.0583648681641,183186500
2018-10-15,245.7016471156396,247.03026467764224,244.58705059050632,244.6762237548828,102263700
2018-10-16,246.63797344614397,250.40085314985933,246.16538551421965,250.02633666992188,118255800
2018-10-17,250.06189056259475,250.69497358924752,247.49385654620625,250.07081604003903,110626000
2018-10-18,249.1346728395284,249.73210870124333,245.18454828665827,246.4596405029297,134557500
2018-10-19,247.1105165023744,249.04544086380105,245.63032902677745,246.32583618164065,139901600
2018-10-22,246.9945673475131,247.3155580556742,244.6851268243761,245.2201385498047,82415800
2018-10-23,241.5999793058806,245.09533914092464,239.51343044304284,243.9718170166016,146352700
2018-10-24,243.72215084103613,244.1055927711054,236.02699839773905,236.579833984375,177806700
2018-10-25,238.41670611178432,242.36683043885208,237.39128255040532,240.82421875,138061500
2018-10-26,237.11479754214852,241.64450544969924,233.8780051632289,236.58868408203125,201574600
2018-10-29,239.682810953948,240.97575372731768,231.70231665806764,235.2779235839844,160749100
2018-10-30,235.1085944648674,239.07654260883967,234.61815556268996,238.7644500732422,157116000
2018-10-31,241.3324142007696,243.6329564768185,240.8598264017095,241.3145904541016,128296300
2018-11-01,242.1795379011692,244.078814729794,241.09169060651135,243.8826446533203,99495000
2018-11-02,244.98837100355448,245.4163859611681,240.3873122535907,242.4381866455078,122634100
2018-11-05,242.92856098023867,244.3285008443668,241.95663600789743,243.77566528320312,65622500
2018-11-06,243.713259479327,245.47876321419287,243.6508355340776,245.3182678222656,60085900
2018-11-07,247.49399905196623,250.6505449489516,247.0659840655122,250.5702972412109,102752100
2018-11-08,249.7677265502672,250.757502547442,248.97414786812357,250.1154937744141,65584900
2018-11-09,248.80467666575584,248.9919212498932,246.26339131943897,247.67225646972656,98812600
2018-11-12,247.16407054496352,247.40481365630885,242.5273369952208,243.0445251464844,99673600
2018-11-13,243.50819415087165,245.50554295237572,241.86751089080235,242.5897674560547,98176600
2018-11-14,244.46226329188963,244.86350176859756,239.3707932895544,240.9312286376953,125335900
2018-11-15,239.66505152031465,243.90944467046296,238.0867923117476,243.4457550048828,135101400
2018-11-16,242.34894053649785,244.98829728465697,241.83175255019455,244.07879638671875,126668000
2018-11-19,243.4724721125767,243.7667408556487,239.03193664286545,239.9503631591797,103061700
2018-11-20,236.61551324060773,238.0778773089809,234.6449137106602,235.5098419189453,136021300
2018-11-21,237.0613225885116,238.21159396690376,236.30341862525125,236.31231689453125,75563700
2018-11-23,234.67160011270744,236.13396378953612,234.5735286819056,234.7340240478516,42807900
2018-11-26,236.99004105316456,238.74664678840992,236.59770078252237,238.5237274169922,79981400
2018-11-27,237.48931889071775,239.326171875,236.8829848828991,239.326171875,75502400
2018-11-28,240.39619560185264,244.83673095703125,239.2637480620135,244.83673095703125,127629600
2018-11-29,244.06097228083436,245.70165515408803,242.91962649023048,244.3017425537109,82346400
2018-11-30,244.1501496182544,246.3525935500648,243.82915886470985,245.79083251953125,98204200
2018-12-03,249.91938603374163,250.02638298730648,247.4494489828206,249.0455322265625,103176300
2018-12-04,248.21623087740545,248.64424582117104,240.66372229024648,240.97581481933597,177986000
2018-12-06,237.1149143885476,240.7261977080162,234.0118666094129,240.6102752685547,204185400
2018-12-07,240.27137469945745,241.840735566678,234.18123028122503,235.0194091796875,161018900
2018-12-10,234.8410554590328,236.43716550863465,230.60558811608783,235.4652404785156,151445900
2018-12-11,238.6663422202357,238.85358682830295,234.0474604757036,235.5187225341797,121504400
2018-12-12,238.4969156038437,239.8611807104896,236.62438793288277,236.7046356201172,97976700
2018-12-13,237.6498130529745,238.51474108187907,235.50979307571671,236.6243896484375,96662700
2018-12-14,234.47547116758972,235.4295724744489,231.70236763728903,232.2552032470703,116961100
2018-12-17,231.30111650527016,232.41571327641336,226.0669744218753,227.69874572753903,165492300
2018-12-18,229.3394468323665,230.0082049076415,225.8440593190549,227.44908142089844,134515100
2018-12-19,227.52927740072613,231.30106827818616,222.33972299140083,224.04281616210935,214992800
2018-12-20,222.79450353410616,224.3638507742223,218.1488585473539,220.39588928222656,252053400
2018-12-21,221.29720827149407,223.96095539021064,215.2342624349208,215.8800201416016,255345600
2018-12-24,214.39122646068463,216.0056210086188,210.11309801537053,210.1758728027344,147311600
2018-12-26,211.63781597827943,220.7949981689453,209.65569540447515,220.7949981689453,218485400
2018-12-27,217.5572333476557,222.68739900328916,214.31948044557623,222.49009704589844,186267300
2018-12-28,223.84440983280516,225.4767323217771,221.0371572860196,222.2031097412109,153100200
2018-12-31,223.8265350353567,224.39157675420097,221.95204936809023,224.1494140625,144299400
2019-01-02,220.61565601651063,225.30637202904512,220.58875057505512,224.382568359375,126925200
2019-01-03,222.633586997628,222.9385380619332,218.5437967601723,219.0281219482422,144140700
2019-01-04,222.05957672065173,227.01038180312375,221.6828869633961,226.3646240234375,142628800
2019-01-07,226.63370784391665,229.55754588854347,225.7368234968738,228.14944458007807,103139100
2019-01-08,230.3378446485981,230.77730922015044,227.80862422016872,230.29298400878903,102512600
2019-01-09,231.0015977562067,232.2123974527776,229.7728702209204,231.36932373046875,95006600
2019-01-10,229.83559218804427,232.43655132774697,229.15395132370932,232.1854248046875,96823900
2019-01-11,231.1091802680457,232.3020519232504,230.52621084525185,232.275146484375,73858100
2019-01-14,230.37375268147704,231.6652686248545,229.9701710558868,230.8580780029297,70908200
2019-01-15,231.23468358024363,233.8177143725329,231.22570597989744,233.50379943847656,85208300
2019-01-16,233.93430838009064,234.95676956958087,233.72804251854237,234.06886291503903,77636700
2019-01-17,233.1988886029791,236.70570939522244,233.15402796688343,235.8446807861328,96118400
2019-01-18,237.65637832912304,239.4501466774939,235.880537810772,238.98374938964844,127900300
2019-01-22,237.5129178991888,237.72816138252549,234.14062401631128,235.7550048828125,115531200
2019-01-23,236.7864882309007,237.48605705383304,233.78191964841497,236.24835205078125,86030300
2019-01-24,236.06894867955305,236.95688289813077,235.05546487062307,236.37388610839844,59204100
2019-01-25,238.221418997408,239.1990469428008,236.47251108468168,238.3739013671875,96883400
2019-01-28,236.2303672736313,236.62497118181184,234.79534692945444,236.5622100830078,85613700
2019-01-29,236.70577190949425,237.2707861593394,235.4142560255048,236.24835205078125,66136300
2019-01-30,237.76408624411584,240.8314159041773,237.0017289455445,239.98834228515625,92473700
2019-01-31,239.9255633017009,242.5803335581487,239.71029242579277,242.09600830078125,104012100
2019-02-01,242.2933017562561,243.23504674650184,241.4233228416469,242.21258544921875,85782500
2019-02-04,242.2574453074274,243.97947549210747,241.5847819708829,243.91668701171875,60744800
2019-02-05,244.3472009297113,245.24408537670905,243.8449478290519,244.93914794921875,79552800
2019-02-06,244.66107157415604,245.1543469822188,243.8807866261451,244.6162109375,58347800
2019-02-07,243.00187466224952,243.54896103786973,240.62513634791188,242.2843780517578,95482000
2019-02-08,241.03771034218343,242.6789969406424,240.21256455574564,242.58035278320312,75788900
2019-02-11,243.2350673035352,243.4951440801677,242.18570048188565,242.71485900878903,68021400
2019-02-12,244.329330432313,246.21276631641123,244.2575643320964,245.83609008789065,72270200
2019-02-13,246.6700993460601,247.47728977925644,246.24856261072875,246.63421630859372,65277200
2019-02-14,245.54897638613903,247.2171953749836,244.73280840916888,246.0871124267578,83234400
2019-02-15,247.86299772149064,248.80474290860056,247.6567317950785,248.76885986328125,97088700
2019-02-19,247.9705528137229,249.8539877321554,247.9615752131119,249.19927978515625,59120800
2019-02-20,249.163402081706,250.1589577951444,248.6611491099524,249.7015380859375,76610800
2019-02-21,249.0648167306851,249.4235650279196,247.8540172781206,248.81369018554688,64214700
2019-02-22,249.43256684905373,250.55367261649744,248.79578643695467,250.35638427734372,78114600
2019-02-25,251.78242414751315,252.3026051734924,250.6164577425833,250.6971740722656,69030700
2019-02-26,250.3473967472809,251.3967363763881,250.1411034407813,250.51780700683597,56844100
2019-02-27,249.80028444877328,250.75995752250373,248.8675441884748,250.41018676757807,56921600
2019-02-28,250.19480628825175,250.6342981539944,249.62081463872272,249.9436798095703,69268300
2019-03-01,251.5222308107317,251.91686208537595,250.06928264987644,251.5043029785156,78880500
2019-03-04,252.56264940183237,252.80479833338205,248.2934709518045,250.5894927978516,106494600
2019-03-05,250.7150698851285,250.91238554563276,249.70158614575405,250.2486724853516,59114600
2019-03-06,250.3652000697248,250.37417766968235,248.4099992301901,248.7328643798828,75039800
2019-03-07,248.2844539125946,248.4279586765212,245.80907200438315,246.6521453857422,94885100
2019-03-08,244.795604959658,246.3292694609308,244.32923497345007,246.1588592529297,85795800
2019-03-11,246.87645973005192,249.88997879896743,246.8495542873204,249.72854614257807,65098900
2019-03-12,250.28455806959337,251.1904200707652,250.09622000970504,250.6702117919922,79667500
2019-03-13,251.5581450725677,253.2622199496616,251.3966850796353,252.32945251464844,80639200
2019-03-14,252.3564136623262,252.7779505160485,251.72861086940185,252.16807556152344,67518400
2019-03-15,252.72023115792376,254.2246100494532,252.53103603472823,253.4138641357422,81309000
2019-03-18,253.63000687161,254.6299477159504,253.40479818943265,254.3326568603516,62199800
2019-03-19,255.395708234402,256.16139589718296,253.50394946882147,254.3957672119141,90268100
2019-03-20,254.17963540143415,255.386751137838,252.52210211452268,253.63011169433597,84609200
2019-03-21,252.8102189303534,256.8999879551647,252.76516070850388,256.49462890625,79550400
2019-03-22,255.13446697482516,255.65693913191063,251.4950862028465,251.5581512451172,122659300
2019-03-25,251.21584925143236,252.4049580360916,250.10783980821537,251.36900329589844,85575200
2019-03-26,253.12556285808583,254.1975584744856,251.83737568587324,253.24267578125,68125900
2019-03-27,253.23368353605088,253.81924820944928,250.36903517466789,251.91847229003903,72224700
2019-03-28,252.5490189713932,253.3237236339167,251.3959516307182,252.8733062744141,56238500
2019-03-29,254.3868083981224,254.7921676526275,253.26076465010416,254.46788024902344,82186800
2019-04-01,256.4677058809414,257.78291713150287,256.19743891736897,257.4856262207031,77617900
2019-04-02,257.67485093654506,257.8460117857423,256.8190466905588,257.6117858886719,40070400
2019-04-03,258.82792742524794,259.224297037764,257.41360983019285,258.0171813964844,68243200
2019-04-04,258.34142325877013,258.95398437326423,257.64779030482515,258.7017517089844,48997500
2019-04-05,259.3683813046049,260.00796634856,259.0801075555865,259.95391845703125,58621700
2019-04-08,259.5305518187939,260.2602259211894,258.8729324154557,260.1521301269531,53566300
2019-04-09,259.18822378928195,259.51251116404137,258.2693820694969,258.8188781738281,66142300
2019-04-10,259.2332084875261,259.791749130335,258.81883219628924,259.70166015625,52601500
2019-04-11,260.1881519539477,260.1971691008526,259.0621082428974,259.629638671875,55093100
2019-04-12,261.2420936009112,261.6654870591576,259.6746498365206,261.38623046875,69727800
2019-04-15,261.4583034082265,261.5574095392261,260.4133316619226,261.215087890625,49596700
2019-04-16,262.09789766267414,262.15194555170166,260.791676198151,261.38623046875,52153200
2019-04-17,262.5033465958171,262.5303705495719,260.3323306731585,260.7467346191406,58268300
2019-04-18,261.3322140241784,261.53039880489104,260.0350095488409,261.2601318359375,68708500
2019-04-22,260.4945159124234,261.6385666713837,260.4044268979548,261.48541259765625,40160100
2019-04-23,261.8546696519358,264.07074319403506,261.62047128318324,263.8365173339844,52246600
2019-04-24,263.75547245228483,264.0887769848535,263.1068701892618,263.2510070800781,50392900
2019-04-25,263.151932239352,263.7464866754476,261.8997858066131,263.0888671875,57770900
2019-04-26,263.1338429715897,264.3859890119185,262.3591107705115,264.3139343261719,50916400
2019-04-29,264.40410613029644,265.25089328238977,264.3140171264198,264.7283935546875,57197700
2019-04-30,264.3859925010435,265.1517075672727,262.9717027806485,264.8634338378906,81111700
2019-05-01,265.4940523837412,265.7012542994581,262.8636024830452,262.87261962890625,71671900
2019-05-02,262.7554710821664,263.67434011390185,260.8096647395023,262.3050537109375,65030200
2019-05-03,263.78246458162147,265.15172364225464,262.4131780296907,264.8724670410156,56543700
2019-05-06,260.5664233591096,264.2238098506895,260.25112573232684,263.78240966796875,107198100
2019-05-07,261.3772656569941,261.97182004663614,257.46764511719874,259.3774108886719,144729900
2019-05-08,259.0169982910156,260.7285787101996,258.42244409442253,259.0169982910156,91568300
2019-05-09,256.94515008492795,258.83688139411777,255.20651782330077,258.2333374023437,103471100
2019-05-10,257.2964978336447,260.28727674235887,254.3057189249305,259.53057861328125,112429300
2019-05-13,254.4138730361504,255.3777457452137,252.1707748372797,253.008544921875,127290500
2019-05-14,254.02640467494984,256.82801528908266,253.90030209434332,255.2965850830078,77003200
2019-05-15,253.666094011716,257.4315772634387,253.4588920896291,256.7919921875,73956400
2019-05-16,257.49469006251053,260.5304998138744,257.4226353539373,259.1702575683594,76749600
2019-05-17,256.8640610092583,259.9809418767313,256.84602671792,257.49462890625,100353000
2019-05-20,255.89111659043127,257.60269711519743,255.04432972710484,255.7920379638672,62877600
2019-05-21,257.4856778560646,258.4766019386151,257.23344513426133,258.0982666015625,46847100
2019-05-22,257.143245775336,258.2602718743422,256.8279481692742,257.3053894042969,49482500
2019-05-23,255.0803864030303,255.12541714671232,252.74722755959448,254.1615447998047,98733800
2019-05-24,255.60290728268083,256.0173111653613,254.1165350706013,254.7381134033203,55268100
2019-05-28,255.0174150151853,255.97229805878223,252.35095071370537,252.36895751953125,70029400
2019-05-29,251.2519322069359,251.6572915251689,249.27008390232973,250.6753845214844,104972900
2019-05-30,251.4320095280315,252.2698068577096,250.26093518349904,251.3599548339844,62523800
2019-05-31,248.8106214844701,249.63937423434135,247.9458001481252,247.9728240966797,86862800
2019-06-03,248.0087718937111,249.12579800215124,246.0089179791,247.3421630859375,96428000
2019-06-04,249.6393920119291,252.84636242817595,249.18897450974492,252.71124267578125,77231900
2019-06-05,254.3326771964583,254.9272314639016,252.52201794105451,254.90020751953125,71169700
2019-06-06,255.1974974080596,257.2333653557435,254.548895254394,256.5577392578125,69430400
2019-06-07,257.5758064709088,260.2062573953328,257.40464558072483,259.125244140625,74272200
2019-06-10,260.67456793234,261.98078942020163,260.2241505215321,260.3142395019531,60799100
2019-06-11,262.1339625158368,262.5033081572733,259.6026184166782,260.251220703125,58641300
2019-06-12,260.016987279534,260.57550049432666,259.2782960961573,259.7917785644531,47096300
2019-06-13,260.70162584014724,261.2241254998792,259.99897568740136,260.86376953125,48945200
2019-06-14,260.5755310058594,261.1790750378197,259.8098157866652,260.5755310058594,52324700
2019-06-17,260.8096192012361,261.44021440737026,260.50333874123345,260.67449951171875,39205700
2019-06-18,262.4942892335855,264.4581026767264,262.1339332880597,263.40411376953125,85434800
2019-06-19,263.539222658832,264.5301464856538,262.5663331233237,263.9986572265625,78674400
2019-06-20,266.6831978027144,266.9264133528406,264.0617646861457,266.5210266113281,116570000
2019-06-21,266.2512274399704,267.5094635084424,265.91630188847074,266.133544921875,83309500
2019-06-24,266.34178300435536,266.6585865868795,265.65380982514523,265.8077087402344,47582700
2019-06-25,265.8620523837093,265.8892077691413,263.0920925696,263.2007141113281,82028700
2019-06-26,264.09675515261887,264.60367387795907,262.8294583392684,262.9380798339844,51584900
2019-06-27,263.6984901357934,264.37740218570366,263.3183148578448,263.8704833984375,40355200
2019-06-28,264.8481600545442,265.72622092796087,264.33220778357355,265.2283630371094,59350900
2019-07-01,268.55957168945,268.7768423916626,266.43230780847284,267.6362609863281,78705600
2019-07-02,267.59093754948606,268.38753219550205,266.7490931451758,268.3332214355469,61504500
2019-07-03,269.01219161006856,270.4967597025448,268.8673536772652,270.4786376953125,40898900
2019-07-05,269.24755717482327,270.33382786024254,267.9531044059566,270.1708679199219,51677300
2019-07-08,268.8583031221058,269.9898235013948,268.1431745073926,268.6863098144531,45841800
2019-07-09,267.52772987645847,269.32004111923186,267.4734190887998,269.0213317871094,41101300
2019-07-10,270.08936704826425,271.2571037412516,269.55529277783,270.3066101074219,58448500
2019-07-11,270.94927706503216,271.1846144550714,269.9354395002428,270.9402160644531,50826100
2019-07-12,271.4290973293695,272.2256920471457,271.12132712023003,272.1532592773437,40326000
2019-07-15,272.587791549062,272.587791549062,271.7368860086016,272.2438049316406,33900000
2019-07-16,272.15331757540326,272.36152730192515,271.05801341633924,271.36578369140625,36650100
2019-07-17,271.3386284093714,271.50156073888,269.5191345214844,269.5191345214844,36036300
2019-07-18,269.02125784351875,270.8860013739702,268.57771065788086,270.5057983398437,51392600
2019-07-19,271.60114051557616,271.62829590298804,268.83118049951213,269.003173828125,58678600
2019-07-22,269.40141995777003,270.2070757552025,268.88546764229045,269.6639404296875,43638100
2019-07-23,270.7864433136411,271.5920715332031,269.953632082453,271.5920715332031,44564500
2019-07-24,270.8316714943785,272.868408203125,270.7411443378768,272.868408203125,47213200
2019-07-25,272.4157246465236,272.4700354003906,270.7591637785733,271.5648193359375,55394100
2019-07-26,272.2527574085502,273.5834259573451,272.1260139158086,273.38427734375,45084100
2019-07-29,273.2666775777019,273.384360106589,272.3343059738363,272.886474609375,38126500
2019-07-30,271.48342130098905,272.62400266829127,271.10321830355207,272.2166442871094,45849000
2019-07-31,272.46109378208786,272.6512091289259,267.2199103624136,269.238525390625,104245200
2019-08-01,269.3923570646518,272.3524042081393,266.09735670920367,266.8939514160156,142646600
2019-08-02,265.9978867423525,266.2422852640087,263.32748688992564,264.88446044921875,116749700
2019-08-05,260.7837200874932,260.89234160663744,255.01749757121053,256.91845703125,178745400
2019-08-06,258.81039579143163,260.73851093150165,257.33488880161246,260.521240234375,120711700
2019-08-07,257.4434814036897,261.4445491572325,255.30718443460785,260.67510986328125,140572300
2019-08-08,262.1687766333647,265.7896423339844,261.61660787402644,265.7896423339844,87713900
2019-08-09,264.8482482069673,265.4456944498486,262.19597032381057,263.979248046875,93730000
2019-08-12,262.47653060747723,263.9701320912524,259.8151922727457,260.76568603515625,65527600
2019-08-13,260.46689624662304,266.2693353078018,260.1229096763027,264.82098388671875,94299800
2019-08-14,260.7656080106551,261.3720873263827,256.8641288378296,256.9908447265625,135622100
2019-08-15,257.87807057147774,258.5660439238212,255.6240904171086,257.6698608398437,99556600
2019-08-16,259.3263521875103,261.90619630989795,257.7241018009672,261.4717102050781,83018300
2019-08-19,264.4952017841978,265.3008300750685,263.81628943373863,264.6219177246094,53571800
2019-08-20,264.114933907976,264.6490081776248,262.467461336774,262.5941772460937,51596400
2019-08-21,264.7576546496577,265.1016136143309,264.0696814702971,264.7304992675781,49524700
2019-08-22,265.4365786995359,266.0702135180724,262.87480116707053,264.6490173339844,51666400
2019-08-23,263.34552999656404,265.01112462198813,256.60165772038295,257.8508605957031,149161500
2019-08-26,260.0414222841468,260.7022399902344,258.51160484642605,260.7022399902344,72423800
2019-08-27,262.0962910754054,262.4674330108714,258.91897355776075,259.6793518066406,66668900
2019-08-28,259.0186201208558,261.67089740118485,258.21296430788306,261.5079650878906,59696700
2019-08-29,264.0696718566362,265.37318539901827,263.0648675062555,264.84814453125,57899400
2019-08-30,266.33272206029176,266.3508164400091,263.7981276495006,264.7304992675781,62901200
2019-09-03,263.0287458637237,263.94299567707674,261.8519479244874,263.1826171875,69101400
2019-09-04,265.35508026239984,266.18786366543446,264.60373537433054,266.1697692871094,46887300
2019-09-05,268.65915054275484,270.50577188502655,266.133589357725,269.5915222167969,83258100
2019-09-06,269.90836229817734,270.4424366119935,269.2294500581553,269.7997131347656,49584300
2019-09-09,270.7864219040724,270.8769214356232,268.99408365421084,269.9355163574219,51260300
2019-09-10,269.1750971388404,269.93550311664103,267.9168608869009,269.87213134765625,57947100
2019-09-11,270.17988445721164,271.87263435713766,269.5281276782288,271.7911682128906,68821100
2019-09-12,272.69641910988423,273.791723132966,271.9360407085292,272.7326354980469,72908700
2019-09-13,273.1762373442292,273.5292850432161,272.1804936580021,272.5516357421875,62104800
2019-09-16,271.420010477692,272.59680806233507,271.0669905398025,271.7096862792969,58191200
2019-09-17,271.5105831463322,272.4882046094224,271.33858983685184,272.397705078125,41475500
2019-09-18,272.0084421096551,272.6692599657147,269.97170539749584,272.5606384277344,73375800
2019-09-19,272.9498693706403,273.9456128239517,272.20758537589813,272.5425109863281,76560500
2019-09-20,273.1463852597346,273.4283237750673,270.4636815896256,271.2548522949219,89565000
2019-09-23,270.5909570013887,271.90959322004414,270.336327054296,271.191162109375,43476800
2019-09-24,272.2823505185904,272.6733842684167,268.0991219726312,269.0630798339844,94869400
2019-09-25,269.14503076538426,271.1002280559697,267.66270975241423,270.6546325683594,71854000
2019-09-26,270.6636835101628,270.87282694256567,268.6812058097561,270.0907592773437,56179700
2019-09-27,270.8455384312587,270.95468931981696,267.0806514770453,268.6357116699219,84746600
2019-09-30,269.1541161265272,270.5909505610847,269.1086573970001,269.8816223144531,51662400
2019-10-01,270.7638253755385,271.4185922566658,266.4532929304619,266.6715393066406,88242400
2019-10-02,265.0891423486225,265.09824519659725,260.6694876361952,261.9608154296875,122539500
2019-10-03,261.7334246319195,264.1342448983291,259.01433776802537,264.1069641113281,85278800
2019-10-04,264.7616320021591,267.93541596737776,264.7070426959368,267.6807861328125,65091200
2019-10-07,266.88055681577515,268.5083841071053,266.24396824858513,266.52587890625,59610500
2019-10-08,264.67077779882845,265.40738677887896,262.35179996128653,262.38818359375,95708100
2019-10-09,264.407037132498,265.81659063182866,263.7795513160013,264.8799133300781,62359400
2019-10-10,264.7981839041969,267.5536554138178,264.63449912206283,266.6715393066406,55296300
2019-10-11,269.4269933421255,271.6732046599202,269.308795064422,269.43609619140625,98720400
2019-10-14,269.11768908445055,269.7906613399473,268.790319678461,269.1358947753906,40394800
2019-10-15,270.1816904704129,272.54612678764573,270.06346449166466,271.8004150390625,46754500
2019-10-16,271.3366108185202,272.0550417754018,270.9273990728866,271.3638916015625,48928200
2019-10-17,272.5280292964442,273.03728928971805,271.4731256667803,272.1642761230469,45736600
2019-10-18,271.6275752651865,272.27323884892064,270.11797412023844,270.9728088378906,64304000
2019-10-21,272.2915709810018,273.0099743891221,271.85505057590547,272.8099060058594,39048600
2019-10-22,273.34637146465167,273.6373849879232,271.82769494162426,271.91864013671875,48594700
2019-10-23,271.6640079961112,272.76436991569955,271.45483682438083,272.7098083496094,34352200
2019-10-24,273.64656905775985,273.79207586258536,272.32793271893104,273.1554870605469,35453100
2019-10-25,272.58249491439386,274.8196302606869,272.52793334522363,274.27398681640625,45205400
2019-10-28,275.49260735291523,276.3201615866077,275.4653265651048,275.8199768066406,42147000
2019-10-29,275.54716315144003,276.66573093338,275.419834309273,275.7381286621094,44284900
2019-10-30,275.93814036739496,276.9566598852974,274.6286073436417,276.5838317871094,49643900
2019-10-31,276.5747934558149,276.5747934558149,274.39224715798696,275.8472595214844,69053800
2019-11-01,277.2932145171296,278.4481381708568,277.1295020424609,278.4026794433594,71141500
2019-11-04,279.95779117686374,280.0941951369652,279.1484147592851,279.5212707519531,60606900
2019-11-05,279.7212960070464,280.02141242557303,278.9210225610841,279.2120361328125,42933200
2019-11-06,279.2120008688192,279.5484731268798,278.3298851708271,279.2756652832031,46487100
2019-11-07,280.61245990736666,281.5945958295788,279.7849058350717,280.2577819824219,54272300
2019-11-08,279.91218840296824,281.0034751355925,279.2119631969552,280.94891357421875,49032100
2019-11-11,279.56674332282523,280.5852631776595,279.4303116169297,280.4124755859375,35797300
2019-11-12,280.7762213895236,281.9038643775972,280.230577837926,281.0035705566406,46484600
2019-11-13,280.01229829459345,281.4946191287311,279.7849491544516,281.094482421875,53917700
2019-11-14,280.8125701165942,281.585562739211,280.17598142677315,281.5036926269531,51219900
2019-11-15,282.8405792305761,283.58629125793124,282.1494565429236,283.54083251953125,62023600
2019-11-18,283.30437394705217,283.9864215228647,282.8496755631772,283.7499694824219,49228000
2019-11-19,284.3501383088859,284.35924115622686,283.0224269685197,283.6680908203125,67804700
2019-11-20,283.07692973881234,283.5952923830595,281.0580684819456,282.6131286621094,79406200
2019-11-21,282.72229641818564,282.8314195597847,281.35820164303874,282.158447265625,54664700
2019-11-22,282.9041757015737,283.0405796365916,281.7765328353182,282.78594970703125,44850200
2019-11-25,283.713553290501,284.97760009765625,283.713553290501,284.97760009765625,48647200
2019-11-26,285.0139498893716,285.80512037479554,284.69565557558855,285.62322998046875,37569000
2019-11-27,286.10528592426454,286.896484375,285.8870395944535,286.896484375,44444600
2019-11-29,286.33264612293493,286.5782010060089,285.60513982717293,285.8324890136719,36592700
2019-12-02,286.08709192303365,286.15075634985016,282.976970887455,283.4043884277344,75767800
2019-12-03,280.6852412775978,281.585562739211,279.30296850429954,281.5036926269531,73941700
2019-12-04,282.5495999524481,283.84092788112747,282.20402472425303,283.24072265625,49080000
2019-12-05,283.94096278551194,283.95914072993565,282.4404359166549,283.7499694824219,40709000
2019-12-06,285.65953608718905,286.74171980882033,285.65043324416973,286.3415832519531,48927000
2019-12-09,285.95066612044394,286.62361071654885,285.3686389813186,285.44140625,34838500
2019-12-10,285.3868101426187,286.0506518116673,284.4683108165804,285.1230773925781,52649800
2019-12-11,285.5778171170683,286.1871250585876,285.04127644599606,285.9324951171875,53429100
2019-12-12,285.9415300114766,289.178979276665,285.7051057972178,288.3969116210937,96389600
2019-12-13,288.1604930993886,289.79742361331523,287.387500447194,288.5697326660156,81503900
2019-12-16,290.2976161274645,291.1433483991358,288.506103515625,290.55224609375,82749700
2019-12-17,290.93420015250655,291.2342888479106,290.5340633902449,290.61590576171875,61097700
2019-12-18,291.0068585533776,291.2342076616224,290.57944111977423,290.6340026855469,48133000
2019-12-19,290.8249757300014,291.89808464078646,290.5703458322475,291.8253173828125,85310500
2019-12-20,292.85803523538505,294.237984386414,291.8802179923732,293.10479736328125,147142100
2019-12-23,293.8906778189208,293.9455076437393,293.40632910700657,293.55255126953125,52990000
2019-12-24,293.78099530759755,293.8266775283828,293.2600841233324,293.5616760253906,20270000
2019-12-26,293.94546230106056,295.1335067299267,293.9363425910148,295.1243591308594,30911200
2019-12-27,295.8554774530982,295.91030727604016,294.52123861313635,295.05126953125,42528800
2019-12-30,295.1335161748802,295.2705907201687,292.9402118941739,293.424560546875,49729100
2019-12-31,292.9219585916766,294.38415221906047,292.5746844676578,294.13739013671875,57077300
2020-01-02,295.6727822642302,296.90650931546975,294.7497669040605,296.8882141113281,59151200
2020-01-03,293.497710709038,295.76411231173057,293.442880886225,294.6400451660156,77709700
2020-01-06,292.88548476831755,295.8464354298381,292.76667749107014,295.7641906738281,55653900
2020-01-07,295.19752718117184,295.67275622250656,294.4847115081981,294.9325256347656,40496400
2020-01-08,295.12441496646585,297.7197956916485,294.87768074616207,296.5043640136719,68296000
2020-01-09,298.0670453650865,298.58795656529105,297.4821567426061,298.51483154296875,48473300
2020-01-10,299.0997799160431,299.2551218137174,297.1897996894312,297.6558532714844,53029300
2020-01-13,298.27721930830376,299.711970052035,297.8477004784038,299.7028503417969,47086800
2020-01-14,299.264269511989,300.31521183370324,298.68852837435486,299.2460021972656,62832800
2020-01-15,299.1545348144793,300.6806779375008,299.0722900853066,299.92218017578125,72056600
2020-01-16,301.30219453828755,302.4171142578125,301.0737276112458,302.4171142578125,54050300
2020-01-17,303.1299315092865,303.56857016247767,302.3531383755547,303.3583984375,95846000
2020-01-21,302.39877129641013,303.5685206625626,302.32567416247394,302.7643127441406,77742400
2020-01-22,303.6233480257216,304.2722140708887,302.64553093599403,302.8008728027344,48914900
2020-01-23,302.1521113343028,303.5594755373367,301.037191516918,303.1482238769531,51963000
2020-01-24,303.80617720247466,303.8884219479204,299.16371371777205,300.4522705078125,87578400
2020-01-27,295.2066505448216,297.116630487524,294.8685239941124,295.6361694335937,84062500
2020-01-28,297.0617682289767,299.6114663707145,295.72752948381543,298.7341613769531,63834000
2020-01-29,300.0958119531496,300.32427882650586,298.28634427612,298.4873962402344,53888900
2020-01-30,296.42218956000465,299.66643745775275,295.6728390501093,299.45623779296875,75491800
2020-01-31,298.834687651797,298.9900574058448,293.10474817632047,294.01861572265625,113845600
2020-02-03,295.49906033977834,298.0670257718115,295.38025310308274,296.2027282714844,69083000
2020-02-04,299.81259553758144,301.5855011806518,299.4927362514343,300.7173156738281,62573200
2020-02-05,303.65082382168174,304.4002020615823,302.1886577494263,304.19000244140625,65951100
2020-02-06,305.1495540644969,305.40543589404376,304.1351464583818,305.2135314941406,50359700
2020-02-07,304.1535076731091,305.2227174507982,303.0385877690276,303.5869140625,64139400
2020-02-10,302.70032346619564,305.91712682849703,302.6637609595158,305.8531494140625,42070000
2020-02-11,307.2056843530726,307.9915969708209,305.85315049136426,306.3832092285156,54864500
2020-02-12,307.8180323066308,308.5674104828042,307.4524908196525,308.35723876953125,43992700
2020-02-13,306.9316372388718,308.99698746751847,306.6574880443758,308.0282897949219,54501900
2020-02-14,308.43954479154826,308.6405968326844,307.24238014765734,308.52178955078125,64582200
2020-02-18,307.52566305583684,308.5857530531176,306.3376181795073,307.7267150878906,57226200
2020-02-19,308.6952600894678,309.8741288913484,308.41196344197544,309.1978759765625,48814700
2020-02-20,308.64957801451567,309.4720810157457,304.9392784662439,307.9276428222656,74163400
2020-02-21,306.57521018265294,306.88592186587607,303.9341190417113,304.7566223144531,113788200
2020-02-24,295.3071862193686,304.82967088286625,293.5708154883239,294.6492004394531,161088400
2020-02-25,296.0382446469935,296.6505202633772,284.84336760311373,285.7206726074219,218913200
2020-02-26,287.11892786401404,290.7104209886197,283.93868633219154,284.6697692871094,194773800
2020-02-27,279.1499964992916,284.72459458112405,271.884765625,271.884765625,284353500
2020-02-28,263.833624362164,272.23207101783856,260.9457989935452,270.7424621582031,384975800
2020-03-02,272.5245501117238,282.5314151931998,269.09754534259315,282.4674377441406,238703600
2020-03-03,282.84209424548885,286.8082772930712,271.9396576937883,274.3796691894531,300139100
2020-03-04,279.7530793720431,286.1318837579784,277.203381559532,285.9125366210937,176613400
2020-03-05,278.71135042930734,281.9007394258582,274.1694273459628,276.40838623046875,186366800
2020-03-06,267.9002831419246,273.0453622263488,265.23180535005173,271.83905029296875,228667200
2020-03-09,251.5877108251812,259.71200626207275,249.89707826656843,250.60989379882807,309417300
2020-03-10,260.1232493248857,263.6690316718568,249.94275235063745,263.5776672363281,276444100
2020-03-11,256.52265940769087,257.65584636432993,247.54847242990883,250.7287139892578,255316300
2020-03-12,233.95011542645676,243.69194779831977,226.3467299817304,226.7397003173828,392220700
2020-03-13,240.42941305337604,248.09677526977265,227.11436995312613,246.1228179931641,329566100
2020-03-16,220.4066245032689,234.7726271214884,216.91565683455983,219.19119262695312,297240000
2020-03-17,223.9341641559976,234.10553138476908,216.65065047000016,231.0257873535156,262070500
2020-03-18,215.90124320983887,226.97731522464505,208.38011597518343,219.3282470703125,327597100
2020-03-19,218.64284326233184,226.0725919909202,212.21835456333,219.7943115234375,289322000
2020-03-20,222.94363004147445,224.7269607170748,210.0466734873275,210.32244873046875,347158800
2020-03-23,209.7617312782584,211.13139220908928,200.63365540430695,204.9449005126953,326025200
2020-03-24,215.48854656490403,224.38680975426712,214.91862144024043,223.51351928710935,235494500
2020-03-25,225.0946316027737,235.64753271475615,220.3881202388159,226.8595733642578,299430300
2020-03-26,229.3690894539827,241.57659857512195,228.9370449277361,240.1058349609375,257632800
2020-03-27,232.8162972428731,239.74737193984004,230.77558000293203,232.9541778564453,224341200
2020-03-30,235.05001734341477,241.23650788451303,233.0552652380832,240.51950073242188,171369500
2020-03-31,239.517575786038,242.06386477792157,235.52807082936067,236.93450927734372,194881100
2020-04-01,227.9535149843628,236.85178045649488,224.20300778799435,226.27130126953125,189554600
2020-04-02,225.38879163266063,232.27390045217555,224.83724120524903,231.4925537109375,177660400
2020-04-03,230.50897330571124,232.86224312191504,225.41638201331432,228.1465301513672,135561200
2020-04-06,237.0171961738574,245.43745065637108,228.1281336328922,243.4702606201172,188061200
2020-04-07,252.0651590767528,252.8189437055567,243.49785113917028,243.7184600830078,201427200
2020-04-08,246.3200365845709,253.71074886281568,243.82889904297772,251.89984130859372,153774500
2020-04-09,255.1630027285368,258.4906799949257,253.2234169368293,255.7329559326172,189999200
2020-04-13,254.7586045942313,255.09871946317557,249.49134066253836,253.3981170654297,114839100
2020-04-14,258.2885153744186,261.89192674380104,253.260262690421,260.87158203125,134143400
2020-04-15,255.1538941002778,261.0094585224513,253.2142797636476,255.32855224609372,121775000
2020-04-16,256.60628411021946,257.4152211975013,253.490069709244,256.5603332519531,131798300
2020-04-17,262.3331711725406,264.09809932728353,259.5938211171872,263.4914245605469,146684800
2020-04-20,259.7868595128614,263.6293107862759,258.62863415329286,258.8492431640625,100109300
2020-04-21,254.38170360611176,255.5859076947366,250.0520560584676,250.9897003173828,126385700
2020-04-22,255.87090205979612,258.3068866614787,254.5471919266126,256.5603332519531,92951600
2020-04-23,257.8380651634286,261.0094598770433,256.2385937703153,256.5419311523437,104709700
2020-04-24,258.0586450832086,260.7887931290741,256.00872668784143,260.11773681640625,85063200
2020-04-27,262.09412629154366,264.98973134296574,261.6345055515394,263.8682556152344,77896600
2020-04-28,267.51764391278255,267.86696016171067,262.35151131258954,262.6548767089844,105270000
2020-04-29,267.9864429070405,271.0659071925588,266.9568970325676,269.53076171875,118745600
2020-04-30,268.1519197995434,269.6319131452093,265.2838909183048,267.0212707519531,122901700
2020-05-01,262.2687486221893,267.1866954796315,258.78481603360234,259.9522705078125,125180000
2020-05-04,258.0678424422392,260.9726488665371,256.58787713450204,260.6693115234375,80873200
2020-05-05,263.4913676039255,265.8905741855777,260.79796898937275,263.07769775390625,79569900
2020-05-06,264.7783363053678,265.1644020355753,260.86235843797067,261.2944030761719,73632600
2020-05-07,264.51171080796263,266.3777697134358,263.9417856328459,264.4473571777344,75250400
2020-05-08,267.5819556045888,269.29175906737254,266.45127866866704,268.82293701171875,76452400
2020-05-11,266.8925176860717,270.25694423577727,266.4696745397316,268.8780822753906,79514200
2020-05-12,270.0639458677684,270.47758767684087,263.3810427599695,263.5189514160156,95870800
2020-05-13,262.95823845859854,263.9969859100772,256.43161777077114,258.8584289550781,144721100
2020-05-14,256.4224143490226,262.08491700872327,250.94371509495167,261.95623779296875,121977900
2020-05-15,259.5661635119153,263.2063512347929,258.61934608730513,263.160400390625,111146300
2020-05-18,269.383615942956,272.78481952214645,269.0619039731258,271.1761474609375,119703800
2020-05-19,270.5787601052246,272.2885359496412,268.3725859611599,268.3909606933594,95189300
2020-05-20,271.9300337939139,273.81446769296434,271.7002234133943,272.95037841796875,85861700
2020-05-21,272.82167247031106,273.6306094189908,269.97201842037936,271.06591796875,78293900
2020-05-22,270.7809833540963,271.755377128521,269.5400016819818,271.5807189941406,63958200
2020-05-26,277.54650948578575,277.7855211925788,271.5990173560349,274.9266662597656,88951400
2020-05-27,277.72116990088165,279.05408097269293,272.89515320041767,279.0173034667969,104817400
2020-05-28,280.0469129571108,282.0600540546706,277.8315376106127,278.5025939941406,90405200
2020-05-29,278.03375713092686,280.3318607230198,275.28523421175083,279.7435607910156,119090800
2020-06-01,279.100077323199,281.48090925059915,278.58530436878937,280.87420654296875,55758300
2020-06-02,281.79339112536235,283.24580799540894,280.4605081581099,283.1998291015625,74267200
2020-06-03,285.1854499138464,287.92479945173847,284.9096887083299,286.9687805175781,92567600
2020-06-04,285.9851859818692,287.7225657388418,284.119127013096,286.2149963378906,75794400
2020-06-05,291.61095127500704,295.32466622909004,291.54659764607965,293.550537109375,150524700
2020-06-08,294.3595573009957,297.2919403590866,293.8172081030423,297.0989074707031,73641200
2020-06-09,294.43309742484524,297.1724477167715,293.56900800568155,294.883544921875,77479200
2020-06-10,295.462583123064,296.3542484031599,292.5209994219378,293.2380065917969,95000800
2020-06-11,286.3068725624546,286.9411512707297,275.7815770563141,276.3330993652344,209243600
2020-06-12,283.3469055073033,284.11906476800726,274.4854347080679,279.6423645019531,194678900
2020-06-15,273.9523032994072,283.38372874328377,272.7756754665918,282.2530517578125,135782700
2020-06-16,290.0022973807095,290.14937937635153,282.82302403325144,287.685791015625,137627500
2020-06-17,288.70622038220927,289.0003844313553,285.7554346036974,286.4908447265625,83398900
2020-06-18,284.9740877759043,287.0791307706854,284.5144669914152,286.60113525390625,80828700
2020-06-19,290.0690318089014,290.2629141511341,283.0151069995311,284.9632568359375,135549600
2020-06-22,284.36304192298934,287.18829677421513,283.2181755111513,286.7912902832031,74649400
2020-06-23,289.4411072237713,290.3736357062622,287.7053239074985,288.111572265625,68471200
2020-06-24,286.07119804236737,286.6898126377775,278.92496674442594,280.7622985839844,132813500
2020-06-25,280.1898292059112,284.0399473243526,278.1678289833196,283.7721862792969,89468000
2020-06-26,282.67336854921115,282.8857345654477,276.45042720889734,277.0320739746094,127961000
2020-06-29,278.2878382488589,281.24233868339707,275.9980771665016,281.1038513183594,79773300
2020-06-30,280.66989282570773,286.4035230684894,280.5129498778858,284.70465087890625,113394800
2020-07-01,285.8218691543317,287.96390105074033,285.360225806475,286.698974609375,72396500
2020-07-02,290.1335270962249,291.4815456098737,287.61297310272624,288.2777404785156,69344200
2020-07-06,292.10019917073765,293.3097024538688,291.3523392224344,292.72802734375,61713800
2020-07-07,291.1861264698139,293.1619451017001,289.3303114252415,289.7088623046875,82910000
2020-07-08,290.4752073276655,292.0355640626978,288.71175457352604,291.9247741699219,54638600
2020-07-09,292.5342480887873,292.7743117239406,286.8467968189116,290.2629699707031,83354200
2020-07-10,290.19824424631554,293.4943845710968,288.7671611130503,293.22662353515625,57550400
2020-07-13,295.57175522796825,297.95382235069326,290.03203541314804,290.68756103515625,102997500
2020-07-14,289.2657551792314,295.2302084419288,288.0654935599894,294.45465087890625,93657000
2020-07-15,297.6768588380392,298.2585339487308,294.777725167758,297.1598205566406,87196500
2020-07-16,295.2578960538468,296.6335843805212,294.6115840180191,296.1811828613281,54622500
2020-07-17,297.18755470615184,297.8246248415815,295.2117074625928,297.0398254394531,62774900
2020-07-20,296.7720261466081,300.1881980797464,296.02416620162734,299.4403381347656,56308800
2020-07-21,301.40683560310646,301.84999501136986,299.0893778836988,300.0773010253906,57292200
2020-07-22,299.7173083426101,302.09940368262994,299.6065184526506,301.78546142578125,57792900
2020-07-23,301.42534546893273,302.12705222700146,296.8181548399038,298.1846008300781,75738000
2020-07-24,296.32888854271727,297.28908645899844,294.75928982435465,296.2642517089844,73766600
2020-07-27,296.95669073754914,298.60013985296814,296.1626495641368,298.4247131347656,48293000
2020-07-28,297.6953350650081,298.8125323008997,296.2365544220368,296.5320129394531,57495000
2020-07-29,297.4091253277657,300.7422051686178,297.37218596811334,300.1789855957031,48454200
2020-07-30,297.2059723944225,299.5234309444589,295.1193636875488,299.1079406738281,61861700
2020-07-31,300.8991548415424,301.57316433195354,296.67972751036586,301.4715881347656,84986800
2020-08-03,303.1334979689309,304.33375941571626,302.5887621937607,303.56744384765625,53077900
2020-08-04,302.7088089568506,304.74005126953125,302.7088089568506,304.74005126953125,41917900
2020-08-05,306.0418321331255,306.8912682630136,305.7740711107244,306.6327209472656,42697700
2020-08-06,306.05108949352723,308.8024658628492,305.72793350897297,308.68243408203125,43679400
2020-08-07,307.71300494507875,309.19026937092656,306.80817379233406,308.904052734375,57308300
2020-08-10,309.356415827872,310.0119414454086,307.4175082706169,309.8273010253906,44282100
2020-08-11,311.0091648796552,311.64623502713425,306.54046013928667,307.26983642578125,69601100
2020-08-12,309.70729014184826,312.3294209653016,309.67959266815404,311.5538635253906,53774400
2020-08-13,310.78750691268493,312.3017105491452,310.0673444500074,310.9906311035156,41816100
2020-08-14,310.6029019033432,311.5354305461862,309.87349747449144,310.9999084472656,47260400
2020-08-17,312.0154904409857,312.3847994629521,311.0091113811264,311.98779296875,35481000
2020-08-18,312.38480129876183,313.0865081681524,310.7875052531915,312.66180419921875,38733900
2020-08-19,313.0403457388199,313.5573840389721,310.7967658103232,311.3599853515625,68054200
2020-08-20,309.6333973234677,312.8095056526026,309.5041518442734,312.32940673828125,42207800
2020-08-21,311.99708331433936,313.6589882595692,311.65544353506925,313.4374084472656,55106600
2020-08-24,315.8747876973416,316.68728436371094,313.4096284054614,316.6134338378906,48588700
2020-08-25,317.176608343536,317.8044363974734,316.01325834394123,317.7213439941406,38463400
2020-08-26,318.3122748541858,321.1744405717904,317.7675391796588,320.9067077636719,50790200
2020-08-27,321.7747030342196,323.0580570797185,319.9465849622059,321.6084899902344,58034100
2020-08-28,322.6332894034035,323.81509518897934,321.4422417348515,323.6858215332031,48588900
2020-08-31,323.473470596124,324.3505759728523,322.2824229755876,322.51324462890625,66099200
2020-09-01,323.3441739119168,325.6523902806764,322.4485848337792,325.55084228515625,54908700
2020-09-02,327.46205589368293,331.2290526523332,326.31716140186785,330.2596130371094,69540000
2020-09-03,328.57000776099846,329.04089295769626,316.30876246960275,318.8939819335937,148011100
2020-09-04,319.57715026354145,321.14672035614166,309.1809355983136,316.2902526855469,139156300
2020-09-08,310.87991099506087,316.355023493456,307.3437347160238,307.6484069824219,114465300
2020-09-09,311.65542088332745,316.18876205705584,310.78752911291656,313.7236022949219,91462300
2020-09-10,315.5978714825398,316.2533971603592,307.3159885272084,308.2762145996094,90569500
2020-09-11,310.05812950649084,311.1199035184948,305.6078810919823,308.4331359863281,84680200
2020-09-14,311.6000162516437,314.2683283126777,308.58087891635495,312.49560546875,65605700
2020-09-15,314.9514765797402,315.7824287686118,312.5047730661032,314.0743713378906,52920900
2020-09-16,315.3116771386732,316.74276037655795,312.55103050748136,312.8280334472656,82096000
2020-09-17,307.9714762809404,311.79389633261354,307.44519615617884,310.0765686035156,91523300
2020-09-18,310.8821336756627,310.99336705552685,304.0224684545028,306.5067749023437,105877900
2020-09-21,301.9182014330189,303.2437795741085,298.2380798999571,303.095458984375,99450800
2020-09-22,304.57862001536944,306.73847660305466,302.0664772931383,306.1822814941406,63612100
2020-09-23,306.73842780789187,307.0165394627368,298.5809951390103,299.0815734863281,93112200
2020-09-24,297.7653262008505,302.93787621508653,296.4489985751981,299.8788452148437,76681300
2020-09-25,299.0260243217955,305.51490229744024,298.1546867340451,304.7269897460937,71069400
2020-09-28,308.88915578763124,310.5020965252997,307.8972775754779,309.788330078125,64584600
2020-09-29,309.5843740782885,310.3259488282698,307.40595935248126,308.1011962890625,51304000
2020-09-30,308.7685789335807,313.5888989589638,308.5739205412977,310.4371643066406,104081100
2020-10-01,313.03276987437926,314.0060903303923,310.54846318932005,312.43023681640625,88698700
2020-10-02,307.4801088158208,312.40238366370073,307.0073386847976,309.4638366699219,89431100
2020-10-05,311.5217221973405,315.1369481213368,311.47538439020013,314.9515686035156,45713100
2020-10-06,315.0905023311096,317.18549101826767,309.96429223288845,310.47412109375,90128900
2020-10-07,313.43135342172144,316.6850714131168,313.4035450751824,315.87860107421875,56999600
2020-10-08,317.81598305879504,318.7429656383515,316.89825106833507,318.6780700683594,45242500
2020-10-09,320.32811028649445,321.9874170889095,319.7070477762188,321.52392578125,59528600
2020-10-12,324.0638146970355,328.1703404575897,323.5725150946358,326.6964416503906,80388500
2020-10-13,326.55742954167613,326.7335584990035,323.6003527814088,324.5644226074219,73255500
2020-10-14,325.1390911694356,326.2329236603553,321.7926981363864,322.5249938964844,57727900
2020-10-15,318.61313237555913,322.608424502102,318.0754949977716,322.1264038085937,60357700
2020-10-16,323.4797463109728,325.1390526044861,321.7555727541224,321.93170166015625,89501900
2020-10-19,323.19250376305786,323.8228451922091,316.13817918991043,317.037353515625,68425600
2020-10-20,318.381366603576,321.55165885307974,317.6212625367953,318.3072204589844,60051900
2020-10-21,318.26087876428136,320.43004263717467,317.39879185718223,317.7047119140625,63575000
2020-10-22,317.9178420388924,320.0313605536615,315.77651518666266,319.4473571777344,55399300
2020-10-23,320.6710851896819,320.7267018827422,318.0755452159894,320.53204345703125,49143900
2020-10-26,317.14853512100905,317.9364759234132,311.1138698437013,314.6086120605469,91473000
2020-10-27,314.9515782824497,315.2852783983385,313.3108011782151,313.5240173339844,65994100
2020-10-28,307.85086148317663,313.5517975998681,302.3167754094889,302.8080749511719,127094300
2020-10-29,303.0397777544152,309.0558836435642,301.35266323095533,305.8856201171875,90597700
2020-10-30,304.3098400497384,305.6168888814722,299.0445857878949,302.6968994140625,120287300
2020-11-02,306.0896911621094,308.0919488492275,303.3458020708051,306.0896911621094,86068300
2020-11-03,309.32476105094173,313.5517985554668,306.1730265311478,311.493896484375,93294200
2020-11-04,315.9712924400372,322.5343454427772,314.79403465889675,318.45562744140625,126959700
2020-11-05,323.7393992214774,326.4740092498404,323.38714130170024,324.6663818359375,82039700
2020-11-06,324.37894694815776,325.84359499345544,322.26542819140275,324.5921630859375,74973000
2020-11-09,337.3938067723991,337.7738729753437,328.20740720794697,328.6708984375,172304200
2020-11-10,327.6790464420353,329.24564918548936,324.9166565996286,328.1889038085937,85552000
2020-11-11,330.3765581914952,331.4518612889709,329.1344050330131,330.6268615722656,58649000
2020-11-12,329.6164079973696,330.67318157201504,325.6118653025927,327.4194641113281,67546200
2020-11-13,329.32910745648184,332.69405891618226,328.8099994489029,331.9524841308594,62892200
2020-11-16,334.622140095063,336.2906972148393,333.33362089104185,336.0960388183594,74541100
2020-11-17,333.6858582065338,335.49348521603423,332.17487235671945,334.28839111328125,66111000
2020-11-18,334.5574078424777,335.1043243685877,330.2283851744468,330.2654724121094,70591300
2020-11-19,329.6350378724161,332.0266406757399,328.29090170656616,331.6558532714844,59940900
2020-11-20,331.3962385127505,331.600175791098,329.3105279207122,329.3846740722656,70417300
2020-11-23,331.1923113139346,332.6198723058136,328.9582800615384,331.3591613769531,63230600
2020-11-24,333.9083212958037,337.2454635827896,333.05551333256483,336.69854736328125,62415900
2020-11-25,336.61518733680583,336.64299568251425,335.0856717443146,336.17950439453125,45330900
2020-11-27,337.27326330014586,337.5884339123508,336.1052564572485,337.1156921386719,28514100
2020-11-30,336.3369962113714,336.60582901594785,332.9442656786078,335.62322998046875,83872700
2020-12-01,338.8770337417267,340.8329534365879,338.2837513026085,339.2941589355469,74231400
2020-12-02,338.18174747696014,340.1654752287768,337.6070228786699,340.0079040527344,45927000
2020-12-03,339.90594329021474,341.3056959465208,338.81211070717654,339.91522216796875,62882000
2020-12-04,340.499217834335,342.844482421875,340.40651392671566,342.844482421875,50749900
2020-12-07,342.07508856328803,342.6312837481267,340.8700225705228,342.1399841308594,48944300
2020-12-08,340.8700252302088,343.7065895768302,340.8236874183033,343.1411437988281,42458900
2020-12-09,343.79924510819586,343.9568162779101,339.2292285583469,340.0635070800781,74098300
2020-12-10,338.6916205245105,340.99979809475724,337.82025463669373,339.95233154296875,57735400
2020-12-11,338.2559713720657,339.9616160939201,336.7357345003271,339.5537414550781,57698600
2020-12-14,341.7228787095807,342.7981536293505,337.8573488263368,338.0334777832031,69216200
2020-12-15,340.57342135002625,342.603515625,339.20150512752514,342.603515625,63865300
2020-12-16,342.8166942477022,344.058847472952,341.93604950739774,343.1411437988281,58420500
2020-12-17,344.78185310544035,345.26387379305515,343.9568251499501,345.0599365234375,64119500
2020-12-18,345.3486003375375,345.51616164558806,341.67139953282106,343.6822204589844,136542300
2020-12-21,339.7629240860184,352.3212124729903,337.0259763287473,342.45330810546875,96386700
2020-12-22,342.7792278925102,342.8909354359635,340.7497984268332,341.876220703125,47949000
2020-12-23,342.8444575466896,344.0919060073756,341.8576695343581,342.1835021972656,46201400
2020-12-24,342.6581462095984,343.542544801245,342.0716817018129,343.5146179199219,26457900
2020-12-28,346.06540553732583,346.8567051409463,345.4416956497775,346.4657287597656,39000400
2020-12-29,347.9923877771309,348.16926748527214,345.2181946161471,345.8046875,53680500
2020-12-30,346.62395879952305,347.33147772383484,345.90714985399984,346.2981262207031,49455300
2020-12-31,346.10271074887504,348.78380575179136,345.5907083102009,348.05767822265625,78520700
2021-01-04,349.38886325350404,349.51920765992713,339.6233739583343,343.3191833496094,110210800
2021-01-05,342.6767868774276,346.7728905061342,342.6302231348059,345.6836853027344,66426200
2021-01-06,344.1754624309796,350.9433680648046,343.6262150015907,347.750244140625,107997700
2021-01-07,350.12416064654053,353.66169724555374,349.94728097560574,352.9169616699219,68766800
2021-01-08,354.30414871589034,355.14198358914405,351.05519832067495,354.9278869628906,71677200
2021-01-11,351.7533887862446,354.29482021588973,351.632362830576,352.5353698730469,51034700
2021-01-12,352.7215686990142,353.6245473333701,350.3662785938468,352.6098327636719,52547700
2021-01-13,352.5354151126377,354.55552607698144,351.7534339254866,353.5594482421875,45303600
2021-01-14,354.30409104661976,354.8068032526865,351.9860749789511,352.3211975097656,49989100
2021-01-15,350.7014344796534,351.5020240301078,347.8900242126763,349.7518920898437,107160000
2021-01-19,352.2095511727949,353.0380960342888,350.72936958492306,352.4981384277344,51233300
2021-01-20,354.7882275407677,358.21408610198193,354.39725118743416,357.3762512207031,61836100
2021-01-21,357.93482091297085,358.36307102761856,356.780471791413,357.7020874023437,47840100
2021-01-22,355.8495421566286,357.59970272379945,355.46785578529006,356.43603515625,52860500
2021-01-25,357.1714012989788,358.19540580199936,352.3212155048195,357.8416748046875,70402000
2021-01-26,358.79125051568155,359.2008637189769,357.0504086066009,357.2831420898437,42665300
2021-01-27,353.95971902424606,354.05281810421934,346.3167590029396,348.5509948730469,123351100
2021-01-28,350.36627971281166,355.55158851320573,349.9287680398475,351.548583984375,94198100
2021-01-29,349.6867328043069,350.65491209093165,342.83504399028214,344.5107421875,126765100
2021-02-01,347.90858629226074,351.27856215518443,344.7992707610039,350.2452392578125,75817600
2021-02-02,353.42907659511883,356.75251769171075,350.32907897038325,355.1978454589844,64450700
2021-02-03,356.0264205321538,357.199406526891,354.2017977480035,355.4771728515625,52427100
2021-02-04,356.5104377825251,359.56389983293474,355.5888223142449,359.5173645019531,47142600
2021-02-05,361.3885499748435,361.639891899346,359.47082842089645,360.932373046875,48669800
2021-02-08,362.3846241257551,363.58553679527535,361.52818085884974,363.53900146484375,38365200
2021-02-09,362.7011247326708,363.89274733764177,362.2915399745202,363.29693603515625,35551100
2021-02-10,365.0378156036463,365.18676844469576,360.7369053040488,363.1387023925781,59154400
2021-02-11,364.2186136163288,364.6375452854998,361.2954955929545,363.7252197265625,42913300
2021-02-12,362.92462830443,365.7639656617887,362.8501376743546,365.5219421386719,50593300
2021-02-16,366.7507677394015,366.94628434358594,364.4886048325737,365.2054138183594,50972400
2021-02-17,363.4552435609881,365.54052650809217,362.44050055956217,365.2891845703125,52290600
2021-02-18,362.68259806906747,364.47929399166895,360.9603643711448,363.7345581054688,59712800
2021-02-19,364.99130695342166,365.2798942259746,362.645335047699,363.0921936035156,83241000
2021-02-22,360.3272738044918,362.71046232062,360.02936813751376,360.2993469238281,67414200
2021-02-23,358.0929983452324,362.0867122956101,353.94104155862044,360.7368469238281,107284100
2021-02-24,359.64766215783163,365.1401946066292,358.6608745485557,364.7119445800781,72433900
2021-02-25,363.4460056039133,364.8144799434178,354.48110517673695,355.9240417480469,146670500
2021-02-26,357.8044726689712,358.9495032557424,352.1071613879296,354.09002685546875,152701600
2021-03-01,358.9588912031776,363.9207860729494,354.2856120535268,362.6733093261719,105348800
2021-03-02,362.8967550944585,363.12948863062655,359.34057984344565,359.8432922363281,79595300
2021-03-03,359.1449892511198,360.1131400305049,354.9743952442966,355.0768127441406,119940200
2021-03-04,354.89061115902405,357.4786061819684,346.19569221992555,350.68280029296875,183433000
2021-03-05,354.1830824863514,358.18611506318695,346.90320141461257,357.1341552734375,152039600
2021-03-08,358.09305771331407,360.9044680233819,355.0768407972248,355.3561096191406,123149200
2021-03-09,359.20081753054825,362.9804065396195,358.6981053166281,360.4296569824219,113633600
2021-03-10,362.7757268545739,364.3676162773064,361.3607171910178,362.6733093261719,109899400
2021-03-11,365.1402001712224,368.3239780806596,364.6840232585831,366.3504028320313,86245000
2021-03-12,364.9913223888349,366.9835064968317,364.1814143051709,366.8438720703125,64653600
2021-03-15,367.0951965209388,369.2922155627964,364.95405965687513,369.0315551757813,73427200
2021-03-16,369.645957368341,370.353447865086,367.7933794539433,368.5660705566406,73722500
2021-03-17,367.2813854421712,370.62343505257456,366.1363264084717,369.8228454589844,97959300
2021-03-18,367.23481832610025,369.3201011892704,363.7624246210463,364.4420166015625,115349100
2021-03-19,364.141257136667,365.71969051583625,361.591473561956,363.7676696777344,113624500
2021-03-22,364.2813388885478,368.0546376770292,364.2253021963882,366.6723327636719,73778600
2021-03-23,366.0372793939017,367.4849416365864,363.0018346568089,363.786376953125,90686600
2021-03-24,365.18737456445785,366.821844910974,361.8904155198871,361.9371032714844,97588600
2021-03-25,360.4987572580339,364.76703777153006,358.556056717537,363.9731750488281,116128600
2021-03-26,365.1219613549917,370.2401983720078,364.5242270663124,369.8385925292969,114409100
2021-03-29,368.362923730932,370.557789685478,366.87789404327793,369.6518249511719,108107600
2021-03-30,368.3815491232856,369.3435503732095,367.07395025683695,368.6710815429688,76262200
2021-03-31,369.2408627097128,371.7252610911223,369.2128443577868,370.1654968261719,112734200
2021-04-01,372.0987477567497,374.2189069884312,371.8932703973553,374.162841796875,99682900
2021-04-05,376.8247498461712,380.0750207457854,376.7500437520767,379.5332946777344,91684800
2021-04-06,378.9730143644943,380.3552911930234,378.636765606944,379.3092346191406,62021000
2021-04-07,379.141055188101,380.0937075716996,378.6834126464064,379.7481384277344,55836300
2021-04-08,380.99973461896406,381.6068179580441,380.06575148102456,381.55078125,57863100
2021-04-09,381.429291282708,384.4927540631885,381.30786894490393,384.3246154785156,61104600
2021-04-12,383.7268976917543,384.7355867285504,383.11981447960585,384.4647521972656,56704900
2021-04-13,384.3620022296352,386.2299681294225,383.979065799831,385.6041870117188,56551000
2021-04-14,385.5761343766993,386.6315395766929,383.7455359385016,384.2872619628906,61659900
2021-04-15,386.4261085208996,388.6863598708306,386.3794207731198,388.4154968261719,60229800
2021-04-16,389.7043656496677,390.32079778500326,388.28472190043465,389.7137145996094,82037300
2021-04-19,388.7797409196178,389.228034481116,386.4728019580856,387.7990417480469,78498500
2021-04-20,386.5848684516852,387.6869614412357,383.4840383597904,384.9597473144531,81851800
2021-04-21,384.343304744254,388.80774177837327,384.20318450969165,388.6022644042969,66793000
2021-04-22,388.4341732421304,389.26540322576255,383.9884053881031,385.0531311035156,97582800
2021-04-23,385.6135180559668,390.6383506535276,385.5388119647193,389.22802734375,73209200
2021-04-26,389.8818882565418,390.61039389838606,389.2934743721866,390.0406494140625,52182400
2021-04-27,390.3394793906885,390.53563632822335,388.8170826531687,389.95654296875,51303100
2021-04-28,390.22741885643023,391.3482098113674,389.37749094113417,389.844482421875,51238900
2021-04-29,392.5717326349584,392.94532012603673,388.9478741154117,392.3288879394531,78544300
2021-04-30,390.0592984459928,390.9092263388061,388.8544524767412,389.7510681152344,85527000
2021-05-03,391.7404555728437,392.12339199652814,390.0966649892705,390.5916748046875,68128300
2021-05-04,388.6023105837801,389.0973204297574,384.49279111679294,388.1820068359375,101591200
2021-05-05,389.82580250833166,390.05929824240366,387.7430102993665,388.3034057617188,60162200
2021-05-06,388.378142026792,391.5350091571525,386.37008425835495,391.4042663574219,74321400
2021-05-07,392.17016567934985,394.90672923888695,391.4883477759264,394.2529296875,67733800
2021-05-10,394.6077448156846,394.8318915734704,390.227363072292,390.3487854003906,81852400
2021-05-11,385.8283743617133,387.85510146471046,382.9890581244751,386.8650817871094,116888000
2021-05-12,384.0818760668067,385.3520793868384,377.3291680702474,378.6460876464844,134811000
2021-05-13,380.1963812322004,385.1278092241434,380.1496649909566,383.1944580078125,106394000
2021-05-14,385.9311255020592,389.9285717889335,385.90310715086446,389.0786437988281,82201600
2021-05-17,387.9672597019787,388.9012428166916,386.07124661632497,388.0886535644531,65129200
2021-05-18,388.3501253478743,388.5929700521469,384.5861749461466,384.7449645996094,59810200
2021-05-19,380.0563395991648,383.9136650884359,378.5712816845553,383.7362060546875,106467100
2021-05-20,384.6142002311314,389.1253542262279,384.4928063797059,387.8644714355469,78022200
2021-05-21,389.3494551944162,390.59166843930177,387.089232490251,387.546875,76578700
2021-05-24,389.78838459822936,392.5716636480173,389.5455399453994,391.4975891113281,51376700
2021-05-25,392.5810186375285,392.9359366989268,390.0499329669356,390.6289978027344,57451400
2021-05-26,391.2174583544931,391.9085966601107,390.18075089606674,391.4042663574219,43088600
2021-05-27,392.4316202322079,392.9452994425397,391.3294987126263,391.6097106933594,56707700
2021-05-28,393.1788390804018,393.4403531898839,392.07674594064906,392.3102416992188,58520200
2021-06-01,394.67320566118025,394.81329741149153,391.525687491623,391.9646606445313,54216600
2021-06-02,392.6183914671472,393.4216315915621,391.609702465234,392.5810241699219,49097100
2021-06-03,390.26474464836855,392.263453151856,388.79838471410426,391.1239929199219,58138800
2021-06-04,392.9732674576829,395.0000226974305,391.18935686955393,394.7011413574219,55938800
2021-06-07,394.6919163983461,394.869375468293,393.38434575366006,394.3183288574219,51555000
2021-06-08,395.1775371058986,395.2709411073429,392.57174503387,394.40234375,47134300
2021-06-09,395.2428659487349,395.3176005403084,393.5897265220856,393.8138732910156,48436300
2021-06-10,395.0374784616624,396.5972427580908,393.720558888761,395.6445617675781,51020100
2021-06-11,396.1956153911513,396.4104132476396,394.9067142406208,396.29833984375,45570800
2021-06-14,396.4102642494885,397.2882102538316,395.1680798194103,397.18548583984375,42358500
2021-06-15,397.3350997073947,397.372438509001,395.5792069332303,396.4571533203125,51508500
2021-06-16,396.59721625461583,396.8213630595682,392.1981641900248,394.2435607910156,80386100
2021-06-17,393.832670472112,395.0935248680887,391.6378044633818,394.1128540039063,90949700
2021-06-18,390.8294393593685,391.5228387958726,388.5899319002041,388.7960815429688,118676300
2021-06-21,390.5577464773573,394.54954077381126,389.7425273258064,394.3621215820313,72822000
2021-06-22,394.352679752593,397.3043454678535,393.6311417670724,396.4703674316406,57700300
2021-06-23,396.5452808624093,397.35112015635656,395.9081016165707,395.992431640625,49445400
2021-06-24,398.13840443183886,398.7568248363498,397.8853856702041,398.3351745605469,45110300
2021-06-25,399.0847715734761,400.1998499000936,398.75680231338544,399.75006103515625,58129500
2021-06-28,400.274777553691,400.72453776466034,399.07536933086,400.5558776855469,53159600
2021-06-29,400.9400528954754,401.57723223614346,400.237273994288,400.7713928222656,35970500
2021-06-30,400.3122151579501,401.7833724865312,400.284105146404,401.1087036132813,64827900
2021-07-01,401.8677508401516,403.4888379572731,401.8021512732748,403.32952880859375,53441000
2021-07-02,404.49140558885847,406.76840218909126,403.4137884803365,406.4123229980469,57697700
2021-07-06,406.4686076794865,406.6841368547064,402.9359824093808,405.672119140625,68710400
2021-07-07,406.3560935766128,407.3868415804875,404.3414666485789,407.105712890625,63549500
2021-07-08,401.7833895422592,404.5476647115918,400.6027118149156,403.7886657714844,97595200
2021-07-09,405.2972933549247,408.3988887478352,403.59187628680496,408.0990295410156,76238600
2021-07-12,408.0146527470128,409.8137791856225,407.5836230591932,409.5607604980469,52889600
2021-07-13,408.7737117077264,410.2729791942714,407.90227266855015,408.1646423339844,52911300
2021-07-14,409.8606497735151,410.3479281135863,407.5274329705168,408.773681640625,64130400
2021-07-15,407.4338445528836,408.1085136430172,405.4754368625603,407.3776245117188,55126400
2021-07-16,408.5581415441631,408.60498202795424,403.7886192907794,404.1821594238281,75874700
2021-07-19,399.35644496226297,404.247787129505,395.40214130525,398.2132568359375,147987000
2021-07-20,398.87858854389634,405.1942482191287,398.0821000063619,403.91986083984375,99608200
2021-07-21,405.1193075123585,407.3307337110052,403.8730586255544,407.1901550292969,64724400
2021-07-22,407.3681472338477,408.28645534613815,406.3842681533673,408.0428161621094,47878500
2021-07-23,409.9731072389194,412.5780733348413,409.2890873803712,412.2407531738281,63766600
2021-07-26,411.6503882088871,413.26209560038063,411.6035477215418,413.2527160644531,43719200
2021-07-27,412.2127139090476,412.2408239272899,408.5395094805176,411.369384765625,67397100
2021-07-28,411.99714163798257,412.5781010183634,409.77636464052375,411.2006530761719,52472400
2021-07-29,412.12830695326727,413.9836250033735,412.11892741688575,412.9060363769531,47435300
2021-07-30,410.338588975124,412.35321630587856,410.20738984106623,410.90081787109375,68951200
2021-08-02,412.6155523054972,413.16840161930367,409.6826170641352,410.0386962890625,58783300
2021-08-03,410.8352364844253,413.4964228738861,408.6425694296475,413.3746032714844,58053900
2021-08-04,412.090805913224,413.346434118997,411.10692688961086,411.3411865234375,46732200
2021-08-05,412.5030891792091,414.0304665079831,412.1844995210822,413.9461364746094,38969700
2021-08-06,414.26472732503214,415.0518362349307,413.9835986168319,414.6301574707031,46930000
2021-08-09,414.60205680992107,414.92064647615,413.5244682278816,414.2928466796875,41222600
2021-08-10,414.7426584888019,415.5204165734043,414.05863858352615,414.8082580566406,43339300
2021-08-11,415.87641776811984,415.9326377882429,414.7519601733688,415.83892822265625,44034300
2021-08-12,415.68902682349017,417.2257837341095,414.7894778443805,417.085205078125,38909400
2021-08-13,417.5349995492506,417.86296875743454,417.0477498031309,417.84423828125,39470300
2021-08-16,416.5417182820602,418.95926500085824,414.98623095911614,418.8280944824219,73740000
2021-08-17,416.2700321700211,416.94470112800127,413.0934860818038,416.0826416015625,92673900
2021-08-18,415.0705996443618,416.6354666486862,411.2849843863083,411.5285949707031,89351900
2021-08-19,408.80177618265736,413.36517769933806,408.6612261268582,412.1657409667969,92812200
2021-08-20,412.5124973678688,415.7733732693985,412.0252190130029,415.4454040527344,72008700
2021-08-23,417.1320365493111,420.0087514312363,415.52032928415485,419.0998229980469,54973000
2021-08-24,419.76507568359375,420.2991944123901,419.2497160235463,419.76507568359375,38744700
2021-08-25,419.9525966891945,421.1613558788416,419.5777583769661,420.64599609375,40529700
2021-08-26,420.3648288832704,420.599088508897,418.06910170981706,418.1628112792969,57829600
2021-08-27,418.9687063675384,422.2764515773078,418.9124863376052,421.9016418457031,77235100
2021-08-30,422.5763107047628,424.544097540426,422.332671511008,423.7569885253906,48357400
2021-08-31,423.66320814660753,424.0005282697617,422.5293996044798,423.1290893554688,59300200
2021-09-01,424.06619292133183,424.5815527206417,423.1197747702965,423.3540344238281,48721400
2021-09-02,424.7783442513679,425.4623641266029,423.45711639620544,424.6565246582031,42501000
2021-09-03,423.5226862527916,425.068794112329,423.1197379507082,424.5534057617188,47170500
2021-09-07,424.20663733137576,424.3003468886767,422.3606705775006,423.0353393554688,51671500
2021-09-08,422.5013500889307,423.23223905655976,420.5991342695839,422.5200805664063,56181900
2021-09-09,422.3232551840981,424.0755125696742,420.467908695529,420.7115478515625,57970400
2021-09-10,422.6419229191683,423.0635731561892,417.2726811318991,417.3945007324219,89948200
2021-09-13,420.3929721292917,420.65534176904265,416.1481602138,418.462646484375,83738600
2021-09-14,419.9057224766755,420.1118721074256,415.3142391694053,416.2044372558594,78197100
2021-09-15,416.62609222178327,420.1774764755252,415.52039355154807,419.6808471679688,78792200
2021-09-16,419.1560835080076,420.1305829932493,416.063839190952,419.0155334472656,77786700
2021-09-17,418.2427985470541,418.66579952568367,414.5766179390553,414.933837890625,118425000
2021-09-20,408.8047671995821,410.3840281612463,403.1457057219849,408.01513671875,166445500
2021-09-21,410.3558724154265,411.6531328768098,407.1033403647797,407.6297607421875,92526100
2021-09-22,409.9046386502538,413.64601007748894,407.74255702757415,411.6061096191406,102350100
2021-09-23,413.47685522277226,418.2146677828106,413.2418450775607,416.607177734375,76396000
2021-09-24,414.9714643868074,418.0078054106592,414.7552447526697,417.2933654785156,62094800
2021-09-27,416.25927810404113,417.4249189944068,415.4038379162627,416.0994873046875,61371100
2021-09-28,413.32646012046985,413.655480073126,406.981185972043,407.7144165039063,130436300
2021-09-29,409.0962861729036,410.8353670849182,407.8366351647438,408.4006652832031,82329200
2021-09-30,409.8765131803405,410.5815436666277,403.0706280661324,403.4090576171875,140506000
2021-10-01,405.1387340260019,409.88592788450086,401.6135815505529,408.2032470703125,129240100
2021-10-04,407.03752756364304,407.9399583912579,400.7956450105568,402.93896484375,128570000
2021-10-05,404.4430910647676,409.378304611359,403.64407944076936,407.1316223144531,90682500
2021-10-06,403.53117578451554,409.0304184562949,401.9049240769528,408.8236083984375,113032200
2021-10-07,412.10435369862415,415.197066176869,411.9257437150467,412.358154296875,72437500
2021-10-08,413.1289992900791,413.5144193283019,410.9762985644965,411.6061096191406,74557400
2021-10-11,410.9481526531211,413.8622842543227,408.5604414935577,408.6262512207031,65233300
2021-10-12,409.5474922480039,409.951702812476,406.8307612007708,407.6203918457031,71181200
2021-10-13,408.64503280690064,409.9046837425177,405.6651202312037,409.08685302734375,72974000
2021-10-14,412.7529748558683,416.1183359496485,412.2829546004724,415.9679260253906,70236800
2021-10-15,418.0830234599393,419.50249383265776,417.4625932709582,419.1358642578125,66260200
2021-10-18,417.34980775714325,420.715140332768,416.6917678913216,420.3767395019531,62213200
2021-10-19,422.0030022074686,423.6856540804756,421.39195292020696,423.619873046875,46996800
2021-10-20,424.0804408117706,425.5845112268091,423.96764055100016,425.28369140625,49571600
2021-10-21,424.6820942267509,426.618575397613,424.2496836213109,426.3929748535156,41305400
2021-10-22,425.9605509423853,427.40822132656245,424.0052506620859,425.9511413574219,58845100
2021-10-25,427.0416324269042,428.5644935725112,425.26497065295007,428.2354736328125,45214500
2021-10-26,429.7865193132876,430.9991508783796,428.2448391545924,428.620849609375,56075100
2021-10-27,429.0814956872959,429.7489164065924,426.6467655584889,426.7219848632813,72438000
2021-10-28,428.1508248045862,430.91454608380144,428.1414439075538,430.83935546875,51437900
2021-10-29,428.5363419803998,432.0050943990197,428.24493166341136,431.7136840820313,70162400
2021-11-01,432.70065934906575,433.07669852419264,430.7265971184563,432.4562683105469,48433600
2021-11-02,432.6254811267831,434.514971891236,432.4938616741639,434.2047424316406,48908400
2021-11-03,433.6407610913826,437.2599235043768,433.19894081725977,436.855712890625,52509800
2021-11-04,437.4572266750685,438.9989068418108,437.1094162853852,438.914306640625,52847100
2021-11-05,441.1421640991866,442.4300148756388,438.9236824934528,440.4371337890625,66390600
2021-11-08,441.5370820452728,442.0353024166088,440.1270211428771,440.813232421875,50405200
2021-11-09,441.17988231787126,441.4148924790794,437.9461402046262,439.356201171875,51149100
2021-11-10,437.6640350330447,439.35612511347824,434.3363123816006,435.8215637207031,69429700
2021-11-11,437.3162461048895,437.3914654122936,435.9437949662479,435.9625854492188,34848500
2021-11-12,437.2316954723227,439.8073976316151,436.2822452510813,439.2527770996094,53466700
2021-11-15,440.5406069013292,440.7003977259758,438.2751057858588,439.4031372070313,46980500
2021-11-16,439.1398906471806,442.2796223088453,439.0647000337654,441.1421813964844,48857500
2021-11-17,440.8790082432791,441.0576182388675,439.4501569663317,440.0705871582031,47858300
2021-11-18,441.1046377023812,441.828487317556,438.3785257262708,441.5652770996094,50625600
2021-11-19,441.45249756177424,442.7027677528389,440.40906615914463,440.7756958007813,57315600
2021-11-22,442.6557317147905,445.1468335661726,439.32797995964046,439.5347900390625,72762000
2021-11-23,439.2057742084264,440.9730551422776,436.6018720507277,440.11761474609375,73206500
2021-11-24,438.1152611459688,441.4148123907597,437.29743052339023,441.2926025390625,61858800
2021-11-26,434.6183102320528,436.0847710795946,430.32231837166336,431.4503784179688,112669600
2021-11-29,436.2446690099577,438.5853610359219,434.0449773431906,436.7428894042969,86268800
2021-11-30,434.29873651759567,436.207017697208,428.0004533224309,428.244873046875,148559600
2021-12-01,433.9602845358961,436.8086059350029,423.290819754086,423.48822021484375,131939200
2021-12-02,423.7044938415965,431.54442870471775,423.3096641820062,429.97454833984375,127637800
2021-12-03,431.63844870413465,432.70067046910617,422.00303269299377,426.2332153320313,137331600
2021-12-06,428.78067779267633,433.1612699645703,426.3647668229655,431.28118896484375,98977500
2021-12-07,436.5641964227451,440.766178454865,431.149554156454,440.2021484375,95484700
2021-12-08,440.5969864571496,441.8190276116101,438.8390866538285,441.3677978515625,72238800
2021-12-09,440.07997042228766,441.4712407407317,438.1905084559045,438.3879089355469,61272600
2021-12-10,441.0952068137605,442.665058357532,438.5382955487335,442.5146484375,77159800
2021-12-13,441.9976995198621,442.3455099577305,438.3127276826282,438.5947570800781,87724700
2021-12-14,435.32340883194223,437.814510746309,432.6536969041149,435.57720947265625,97264100
2021-12-15,435.63366301970495,442.6275392616218,433.1143322034432,442.3831481933594,116899300
2021-12-16,444.2349463510645,444.5169470262026,436.93081329963405,438.4819030761719,116568600
2021-12-17,435.39999504107936,438.4092618245341,432.1077368438548,433.815185546875,135511600
2021-12-20,428.73056845563246,429.5984279577143,425.5798060591172,429.2022399902344,107134800
2021-12-21,432.6266349393668,436.9660196558573,430.4569569753972,436.8245239257813,69806300
2021-12-22,436.56976321936594,441.3053352382026,436.3716404397457,441.192138671875,58890200
2021-12-23,442.1921566096463,445.4372597527031,442.0884026687335,443.9373474121094,56439700
2021-12-27,445.314514331637,450.2670653046749,445.2673586949308,450.2199096679688,56808600
2021-12-28,450.65392880170833,451.68216946735913,449.0879755859266,449.8520812988281,47274600
2021-12-29,449.9557881814939,451.4462575660911,448.9558468297353,450.4274597167969,54503000
2021-12-30,450.85198851964896,451.8613726077948,448.72005255913206,449.1822814941406,55329000
2021-12-31,448.6917271226337,449.8425780707584,447.7766831616036,448.05023193359375,65237400
2022-01-03,449.3142919985144,450.77649102777576,447.0031187538817,450.6444091796875,72668200
2022-01-04,452.0688648240115,452.7858147658463,448.63508224842974,450.4934692382813,71178700
2022-01-05,450.125599405492,450.89914766079016,441.7487080275002,441.8430480957031,104538900
2022-01-06,441.3807618467668,444.14474987590535,439.06011738234776,441.4279174804688,86858900
2022-01-07,441.4374335019172,442.61661242591146,438.3243838694435,439.6828002929688,85111600
2022-01-10,436.4848588573848,439.35260112059655,430.73046025596256,439.1356506347656,119362000
2022-01-11,438.8715364116939,443.2297770827889,435.8716833675285,443.1354370117188,74303100
2022-01-12,444.8712086177971,446.3900061138433,442.37135493830107,444.33349609375,67605400
2022-01-13,445.4372244689905,446.0881335750446,437.1829715327748,438.2112121582031,91173100
2022-01-14,435.0604719206195,438.7395048053525,433.843551078094,438.3904724121094,95890900
2022-01-18,433.6925435130348,433.9000801446297,429.51354052849086,430.6266784667969,109709100
2022-01-19,432.1737455201367,433.56987477528105,425.8816348637501,426.15521240234375,109357600
2022-01-20,428.04193941787696,432.749212360242,419.3160155840139,421.43853759765625,122379700
2022-01-21,420.31596407281415,422.6743219055185,413.1371366485651,413.1654357910156,202271200
2022-01-24,407.5525662882195,415.42948785761394,396.9210986643511,414.9200744628906,251783900
2022-01-25,408.52416133637433,414.8068298485873,402.9490001504662,409.8542785644531,167997300
2022-01-26,415.7502159505603,418.8821222815148,404.5621506367216,408.8260803222656,186391100
2022-01-27,413.4295996947917,416.5709198811738,405.1187484129023,406.8073120117188,149878300
2022-01-28,408.16568303658295,416.9576475826447,403.5810494178644,416.9104919433594,164457400
2022-01-31,416.2407572007058,424.7685880526655,414.89178329232885,424.4195556640625,152251400
2022-02-01,425.1459154640567,427.92878947837016,421.617821033728,427.2873229980469,123155400
2022-02-02,429.6927977248774,432.1643521308704,427.38159553014776,431.43798828125,117361000
2022-02-03,425.40063739567904,427.3061803398797,420.4574993371218,421.2970886230469,118024400
2022-02-04,421.0612140470099,427.12690349554987,418.68397092224063,423.278076171875,118454400
2022-02-07,424.04216920738406,425.4382985809669,420.5895299814033,421.9196472167969,84472900
2022-02-08,421.4196471387826,426.3155998254575,419.995189934305,425.39111328125,81012000
2022-02-09,429.4286854386847,431.9379817631401,429.2305914308077,431.61724853515625,92589900
2022-02-10,425.76845767621467,431.7775484247765,421.86303233721947,423.8629150390625,140103700
2022-02-11,423.9478148503631,426.0231523425291,414.0710117021737,415.5048828125,153214600
2022-02-14,414.9955162101405,416.5803257355876,410.674988617769,414.146484375,123006300
2022-02-15,418.5896597934599,420.99517327307245,418.0708037959125,420.8253784179688,88482700
2022-02-16,418.7783495538221,422.6743616661116,416.90110575473415,421.2970886230469,84863600
2022-02-17,418.1084816308631,421.2686864084845,411.6937608073531,412.2974853515625,102259100
2022-02-18,412.55223985255054,413.806902341528,407.3544387638589,409.6278991699219,132642900
2022-02-22,407.4204966635997,410.8259516984403,401.7321096953835,405.23193359375,124391800
2022-02-23,408.1468368692283,408.71284849771104,397.477628508236,398.0436401367188,132578000
2022-02-24,387.7329054308326,404.4678331044579,387.3744592030102,404.0338745117188,213942900
2022-02-25,405.26965885180056,413.0333837616076,403.61880824968927,412.948486328125,121804500
2022-02-28,407.5525226744369,413.37296233027865,406.29788900505855,411.8919067382813,145615000
2022-03-01,410.3920584724992,412.40138421552143,402.9113245672604,405.6187438964844,137785900
2022-03-02,407.8732634005898,414.8068411449072,407.1186004140651,413.0805358886719,117726500
2022-03-03,415.5144014402512,416.1181261486952,409.2222893115189,411.0240783691406,105501700
2022-03-04,407.2884145484183,408.81662588103086,403.63768107861074,407.68463134765625,113978200
2022-03-07,407.09966398019566,407.807171236879,395.600310398485,395.6663513183594,137896600
2022-03-08,395.8456573433794,403.005628566312,391.6006130681472,392.6665954589844,164772700
2022-03-09,401.05283573374976,405.175239820648,398.8642731796688,403.1942138671875,116990800
2022-03-10,398.5813104458791,402.2697853678107,396.61916949340304,401.3736267089844,93972700
2022-03-11,403.8640420157582,404.4772092709991,395.7607282684723,396.2701416015625,95636300
2022-03-14,397.0437338622443,400.4963446455009,392.2326777773157,393.3741149902344,95729200
2022-03-15,395.9871774625465,402.6566210107506,394.71368713234256,402.0245971679688,106219100
2022-03-16,405.5337798825797,410.9957157146693,400.7321381601262,410.9391174316406,144954800
2022-03-17,409.02416595069127,416.0803833007813,408.6468344364112,416.0803833007813,102676900
2022-03-18,414.467909206015,420.9593333746132,413.72981682419214,420.6376037597656,106345500
2022-03-21,420.4672258759616,422.4733213729706,417.00386088702027,420.5145568847656,88349800
2022-03-22,421.90556943878335,426.37198236705336,421.90556943878335,425.4351806640625,74650400
2022-03-23,422.8991638853642,424.3942635584215,419.8710766291218,419.9562377929688,79426100
2022-03-24,421.9813008840571,426.2963066948586,420.8647048360825,426.2868347167969,64736900
2022-03-25,426.92085470819296,428.64307980821,424.33751705816746,428.36865234375,77101300
2022-03-28,427.7724898649088,431.4156494140625,425.8799424500739,431.4156494140625,68529800
2022-03-29,435.3048877060892,437.2447664326232,432.6174734274144,436.752685546875,86581500
2022-03-30,435.6077213391448,436.4215319053612,431.9456459861392,434.0558471679688,79666900
2022-03-31,433.2893334473063,434.1125870505063,426.9209002404847,427.3751220703125,121699900
2022-04-01,428.9553048993876,429.09724017093697,425.0093599604166,428.5862731933594,89048800
2022-04-04,428.7850344820085,432.3619481479705,427.9617809293799,432.2578430175781,59601000
2022-04-05,430.7627101143962,433.23247058270414,425.6528379663949,426.7978210449219,74214500
2022-04-06,422.8803274607899,424.8107052896492,419.6440582427848,422.5301818847656,106898000
2022-04-07,421.65006696641547,426.4760682966739,419.7007455820255,424.6592102050781,78097200
2022-04-08,423.902215849486,426.4193072695884,421.9812814601947,423.5237121582031,79272700
2022-04-11,420.2495891457632,421.09178658035466,415.7832051098399,416.2847290039063,89770500
2022-04-12,419.2750015198809,421.8015653862198,413.1904676419976,414.7423706054688,84363600
2022-04-13,414.4962904899716,420.2496221966037,414.3164961668285,419.49261474609375,74070400
2022-04-14,419.7196818328597,420.8363067294956,414.16505991706254,414.2691650390625,97869500
2022-04-18,413.341833148195,416.1238802748247,412.2062931005156,414.43951416015625,66002500
2022-04-19,414.33531178020064,421.8487258786691,414.16498947642106,421.1295776367188,77821000
2022-04-20,422.9086685500845,423.5237406996165,419.65348460531936,420.8173828125,65224400
2022-04-21,424.4416483063958,425.8326719146392,413.6162739800087,414.5246887207031,85417300
2022-04-22,413.43647336370464,414.54359749502777,402.5827121441921,403.1504821777344,132471800
2022-04-25,400.9078312682018,405.6581153210633,396.33731266857023,405.48779296875,119647700
2022-04-26,402.95179425625525,403.1505325635227,393.716180809768,393.74456787109375,103996300
2022-04-27,394.82323647876274,400.1980931391152,392.7130645715548,394.85162353515625,122030000
2022-04-28,399.601987737978,406.55710623337256,395.1639611208208,404.8254089355469,105449100
2022-04-29,400.8321798006977,402.9896832558064,389.1173036562605,389.8648681640625,145491100
2022-05-02,389.93108536644223,393.5742455866184,383.2598371736033,392.2116088867188,158312500
2022-05-03,392.7130700591638,396.4224469103301,391.1516953017573,394.0094604492188,100028200
2022-05-04,394.67186907445193,406.57600980928174,391.4829309462933,406.00823974609375,144247900
2022-05-05,401.740453562189,402.1662882421076,387.4422730345877,391.5774841308594,172929100
2022-05-06,389.013137919738,392.5143334096191,383.9316525873715,389.240234375,151770800
2022-05-09,383.3355021930368,384.5751184962438,375.1975421612319,376.77783203125,155586100
2022-05-10,382.7582487909865,384.2628205444741,373.6077980656533,377.64837646484375,132497200
2022-05-11,376.6832006420824,382.3324561154293,370.9014529815829,371.6490173339844,142361000
2022-05-12,368.45055253884505,374.5350849474075,364.4572767318207,371.260986328125,125090800
2022-05-13,375.396274457315,381.5186671529909,374.35536749244255,380.1371154785156,104174400
2022-05-16,378.490650293456,382.2662739671219,376.2385137589928,378.5947265625,78622400
2022-05-17,384.68872998122526,386.61913683595503,380.9509365000654,386.382568359375,83029700
2022-05-18,381.82143279357103,382.1053033485448,369.5671769928699,370.8067932128906,117674500
2022-05-19,367.7409001168937,372.96434969897865,366.3120175133911,368.5357666015625,98510700
2022-05-20,372.1221617156701,375.69907542713753,360.09503013105126,368.6966552734375,131432200
2022-05-23,371.7246858472709,376.3614500919125,369.4063326029317,375.594970703125,76414900
2022-05-24,371.469222937356,373.9200684973476,366.17008413397616,372.727783203125,91448800
2022-05-25,371.2325795128448,377.9889866199644,370.83516078770685,376.0207214355469,91472900
2022-05-26,377.2509375219795,385.1712435361306,377.0427561590206,383.5341796875,82168300
2022-05-27,385.9944981924295,393.0631636990263,385.7957888065358,392.9496154785156,84768700
2022-05-31,391.33149711527295,394.08515718858496,388.00062391684565,390.7448120117188,95937000
2022-06-01,392.8644208255554,393.8769116241252,385.0671067720199,387.5841979980469,86585800
2022-06-02,387.42340710258367,395.0125120967157,385.1712709822698,394.9652099609375,79609600
2022-06-03,390.2432705636919,391.795173302903,387.5085545700082,388.4832153320313,71874300
2022-06-06,392.49542593941146,394.2270942003177,388.4926775699303,389.66607666015625,57508900
2022-06-07,386.17435264332806,393.85809145966977,385.71065883338656,393.4038696289063,59272400
2022-06-08,391.6910721501235,393.4795433339592,388.3318120110861,389.1266784667969,64350000
2022-06-09,387.3476880954644,389.61873928900354,379.87213134765625,379.87213134765625,86289800
2022-06-10,373.6645386433497,374.5161791416106,368.8101502618891,368.8574523925781,132893900
2022-06-13,359.4420637467876,361.2967520769685,353.2439538052529,354.8526306152344,170004900
2022-06-14,356.6032618315241,357.6346967344851,350.6795790257293,353.7833557128906,104011800
2022-06-15,357.08582684228884,363.27446487884,352.1273619331276,358.8269958496094,125666800
2022-06-16,350.6038642674316,351.01075501197846,344.51930266450194,346.95123291015625,134473300
2022-06-17,347.36664594017265,351.04454035549736,344.1924419666906,347.6992492675781,111113900
2022-06-21,353.4298843377524,357.839545770176,353.35383919081494,356.4520263671875,76811900
2022-06-22,352.2229054186672,359.9208378596493,351.8047441204501,355.8057861328125,90059400
2022-06-23,357.944112743824,360.0253774175742,354.380257681737,359.2936096191406,79292100
2022-06-24,362.4677899153683,370.7264318390768,362.4392802368001,370.7169189453125,98050300
2022-06-27,371.6387840560035,371.9333937461517,368.20799359853146,369.3009033203125,66009600
2022-06-28,370.859544492515,373.64409647087297,361.64102718888944,361.7550659179688,86548900
2022-06-29,362.3062541919747,363.2946090766125,359.6357412197438,361.4604187011719,65676000
2022-06-30,357.56389907239446,361.7645084605366,354.0665767146873,358.5237731933594,112508300
2022-07-01,357.86802077080847,362.7528913914141,355.2450145074344,362.3157043457031,74839700
2022-07-05,357.221845993929,363.0190563072348,354.38975859425415,363.0000305175781,81438000
2022-07-06,363.14252639295074,366.715894004098,360.7571393570924,364.2259521484375,70426200
2022-07-07,366.0031669220348,370.47936086312,364.2449925833958,369.6810607910156,64525900
2022-07-08,368.0464848680788,371.2492274610429,366.5164167860133,369.37701416015625,72397800
2022-07-11,366.69686807289065,367.6662260380733,364.4635134934426,365.15728759765625,58366900
2022-07-12,364.606050804625,366.9914665812052,360.17736434820023,361.926025390625,62219200
2022-07-13,356.48056122161495,362.962032826289,356.06239989210513,360.025390625,84224600
2022-07-14,355.06452096685234,360.2344894812079,352.6221141267699,359.1510925292969,89704800
2022-07-15,363.560746627553,366.1267340415248,361.650539910931,366.0126953125,79060400
2022-07-18,369.1014183069745,369.776166877345,361.7646260826866,362.9906005859375,63203600
2022-07-19,366.9155390614631,373.3685014841232,366.2598163377438,372.79827880859375,78506000
2022-07-20,372.9883138341461,376.5901914099878,371.619791193265,375.1741333007813,71843800
2022-07-21,374.59442084284586,379.0421048535145,372.1900078667484,378.9945983886719,64903900
2022-07-22,379.1182334123545,380.3156692154652,373.2544900249175,375.4783325195313,72197300
2022-07-25,376.1054757940071,376.7897370743224,373.6915500269605,375.9344177246094,53631500
2022-07-26,374.2903039017584,374.4993845551237,370.59341339787153,371.48675537109375,52946400
2022-07-27,374.78449853292,382.8815960228277,374.4898888264092,381.1329345703125,82342100
2022-07-28,381.9407350618802,386.60698374585616,378.38636390787866,385.9132385253906,73966600
2022-07-29,387.3482705951752,392.52775161157655,386.5784802133014,391.5393676757813,87003700
2022-08-01,388.8403934093861,392.8889425916025,388.1276222999948,390.3799743652344,69997500
2022-08-02,388.8118546493413,392.49926155328086,386.6260350117583,387.8044738769531,63435400
2022-08-03,389.9332658563709,395.0462147637368,389.6481690410905,393.8772888183594,67820600
2022-08-04,393.8012609389681,394.4855223283824,391.9670703405135,393.6112060546875,45656600
2022-08-05,389.3250180600784,393.59213106467,389.2679987016488,392.9458923339844,56814900
2022-08-08,394.6375414583589,396.8898931653189,391.387292955347,392.4897155761719,53886100
2022-08-09,391.75793150673337,392.2616218295309,389.8572089297277,390.9311218261719,44931800
2022-08-10,397.9923437821938,399.28485036063125,396.03460162898654,399.1422729492188,68665700
2022-08-11,401.993357133819,403.85608634972215,398.40099222133176,399.1422729492188,59489700
2022-08-12,401.0810138483799,406.0038788583054,400.130652464098,405.89935302734375,61694500
2022-08-15,403.68498595264106,408.0946766008056,403.6279665910464,407.5719604492188,54048300
2022-08-16,406.4980568196023,410.299502090017,405.69024389909407,408.3702697753906,59289000
2022-08-17,404.7684215424708,408.1802154391552,403.4664310836019,405.4716796875,63563400
2022-08-18,405.6712464163247,407.3343788381746,404.3787688555106,406.650146484375,49023200
2022-08-19,403.884538856435,404.1506388492187,400.3111712367189,401.1855163574219,68016900
2022-08-22,396.34816754384633,396.5192546194772,391.9289933107648,392.8318481445313,77695600
2022-08-23,392.4041873745743,394.7991164880296,391.3302744311885,391.8815002441406,49105200
2022-08-24,391.6533655600833,394.50444934461694,390.9691332944103,393.1359558105469,49177800
2022-08-25,394.6280649029338,398.73363317866927,393.53515507562247,398.6861267089844,50942300
2022-08-26,398.5720838369905,399.1137677961376,385.13395963978553,385.1909790039063,103087000
2022-08-29,382.2353030427063,385.6946028813485,381.284941800932,382.6439514160156,65370800
2022-08-30,383.8034109464827,384.0410012678557,376.34306905482566,378.443359375,85652400
2022-08-31,380.0779671510677,381.3229380663818,375.4307157273297,375.5637512207031,76029700
2022-09-01,373.38753471575,377.0844257808097,370.6789987050582,376.7423095703125,78740100
2022-09-02,380.4106274783638,381.62708880615634,370.954520756476,372.7697143554688,99632100
2022-09-06,373.61560273606375,374.556451293856,369.1394084122668,371.3632507324219,76637400
2022-09-07,371.04956742201074,378.80451936163286,370.8310028776724,378.0347290039063,70964200
2022-09-08,375.7634126219765,380.9618617031352,374.5564350669581,380.5057067871094,80821700
2022-09-09,382.7485514835943,387.2817940480387,382.4824514443837,386.4169616699219,76706900
2022-09-12,388.488713636019,391.2922912350759,388.1845910416869,390.5700073242188,69256300
2022-09-13,381.883702988719,383.0906805107276,372.4656471755256,373.5870666503906,122947100
2022-09-14,374.8890521407821,376.5331877578143,371.7053357392143,375.0126037597656,85023700
2022-09-15,373.4539971854713,376.3050813057856,369.4814936051546,370.7549743652344,87633800
2022-09-16,366.5715037074268,368.5849896074333,364.6343170995525,367.9265441894531,103084800
2022-09-19,364.77750717597377,370.7798156738281,364.70114963446014,370.7798156738281,73278500
2022-09-20,367.4493811490609,368.4609000016925,363.7659311992638,366.5237426757813,77274900
2022-09-21,368.4513844953901,371.5050452988248,360.1206665332533,360.1302185058594,106746600
2022-09-22,359.3571850053135,360.9985223543948,356.3608073472819,357.1051330566406,89472600
2022-09-23,353.63154945078173,353.6697282090651,346.67497780988714,351.1218566894531,122346900
2022-09-26,349.6523393463072,353.27853570562985,346.42691809015844,347.6483764648437,92581200
2022-09-27,351.1886701822386,353.4598260291323,344.3656797923764,346.7608947753906,108294100
2022-09-28,347.71519752115427,355.27296245080464,346.01660643811806,353.5839233398437,110802200
2022-09-29,350.034073262893,350.32034122123895,343.2492605532847,346.19793701171875,112952300
2022-09-30,345.25309083505823,349.17513541791743,340.71080890264614,340.8443908691406,153711200
2022-10-03,344.56611454293574,351.6944777642895,342.7816430249758,349.8432006835937,89756500
2022-10-04,355.36842016959133,360.71231209913736,349.8050658415785,360.6836853027344,103602800
2022-10-05,356.3131081925854,362.10547600581526,353.9846987017383,359.8438720703125,88065700
2022-10-06,358.44114174816866,361.3993701215644,355.6355993235401,356.1318359375,82333500
2022-10-07,352.09528992858685,356.21772325997466,344.43254027693825,346.19793701171875,107789500
2022-10-10,347.3143419995389,347.5529082912699,341.31203506732743,343.5545349121094,76042800
2022-10-11,341.85591672497,346.4268546628964,339.4416272107152,341.3787841796875,92482800
2022-10-12,341.7891897787711,343.36372158176107,340.0046893387279,340.2528076171875,76991800
2022-10-13,333.23895758959026,350.7020290219594,332.18925999717504,349.2324523925781,147254500
2022-10-14,351.6944557677686,353.32627035722425,340.6345247152281,341.2738952636719,123737000
2022-10-17,347.3621566992135,351.1505914925585,340.9399400894957,350.04364013671875,93168200
2022-10-18,357.97349374132114,358.2788655814361,350.711520738244,354.15643310546875,97162900
2022-10-19,352.1143397058649,354.8435535760599,348.8316647816131,351.6467590332031,79746900
2022-10-20,351.198198573637,355.6260028050626,347.934598978762,348.6980285644531,88283100
2022-10-21,348.4213409562037,357.65862205185954,346.91361459894165,357.1719665527344,131038400
2022-10-24,358.698788584184,362.6780584769711,356.0459031598392,361.54248046875,85436900
2022-10-25,361.4661752393635,367.63072116367647,361.351668058396,367.3158264160156,78846300
2022-10-26,364.1667310883198,369.8541443090124,363.9090899327288,364.5484313964844,104087300
2022-10-27,365.55036040862007,367.3920851710098,361.9813889212359,362.6016845703125,81971800
2022-10-28,362.49674993223925,371.70540412790007,362.3154371979505,371.228271484375,100302000
2022-10-31,368.7661833369749,370.6365346559273,367.64015758222814,368.5466918945313,96631300
2022-11-01,372.2970774702504,372.5356437948338,365.7603543522941,366.93408203125,85407600
2022-11-02,366.34241671143474,370.85610174230845,357.62044763501416,357.72540283203125,126990400
2022-11-03,354.4809460886305,357.0861009438969,351.9235219733596,354.0419921875,87100100
2022-11-04,359.7580535469761,361.5425251743016,353.0781957888094,359.1377868652344,103505200
2022-11-07,360.43554599672575,363.1647599563083,358.3552545876023,362.5731201171875,68286900
2022-11-08,363.679986890698,367.5065995617063,360.4450430905944,364.529296875,84641100
2022-11-09,362.5539832992573,363.7086651999319,356.52302003221314,357.0192565917969,78495500
2022-11-10,370.3025814136696,376.9729146439448,368.0028280194402,376.638916015625,141455800
2022-11-11,377.49783406496215,381.0858811736513,375.608378149284,380.2843017578125,93839900
2022-11-14,378.5188625471577,381.8778657875463,376.7725408084033,377.0492858886719,71903500
2022-11-15,382.8035164099832,383.91046764433503,376.4481060648525,380.2651672363281,93194500
2022-11-16,378.6333567193718,379.5876219491824,376.7343782310451,377.36419677734375,68508500
2022-11-17,372.6024423322201,376.88711357873,372.2970995512615,376.2095642089844,74496300
2022-11-18,379.549479637366,379.6162851991159,375.06445009963727,377.9176940917969,92922500
2022-11-21,376.5912488015893,377.7172747970653,374.7017931399619,376.5435180664063,51243200
2022-11-22,378.4901896758474,381.7728641092099,377.07786677530646,381.6106262207031,60429000
2022-11-23,381.2766761134872,384.5020973782574,381.0476617682043,384.0154418945313,68261600
2022-11-25,383.45237179541095,384.4829945177539,383.1756558556624,383.9295043945313,30545400
2022-11-28,380.837748913633,382.4790864541177,377.0397623978261,377.8031921386719,67881600
2022-11-29,377.93677231301285,379.12960397556105,375.3125426554069,377.154296875,52310000
2022-11-30,377.4023849238339,389.0348815917969,375.4843314190897,389.0348815917969,144566700
2022-12-01,390.0750097932602,391.2487665768624,386.2388738341099,388.7485961914063,76398200
2022-12-02,383.8532600881966,389.206675044677,383.74830487189024,388.3001403808594,85342700
2022-12-05,385.4755232109301,386.4106846727753,379.9598703175565,381.3149108886719,77289800
2022-12-06,381.15263615766594,381.6965452135378,373.72845373229296,375.8182678222656,77972200
2022-12-07,374.96895454275847,377.5454821251701,374.0433161720851,375.1788940429688,65927900
2022-12-08,377.06834311332335,379.1867837767733,375.2838428310427,378.1180114746094,60737900
2022-12-09,376.8775102817556,379.4349340954439,375.1693673749268,375.2934265136719,81447700
2022-12-12,376.0854928029924,380.70416259765625,375.4175245494192,380.70416259765625,75405800
2022-12-13,391.4586867415021,391.7163278716569,380.8186351718438,383.58599853515625,123782500
2022-12-14,383.24246302501166,386.95456892239247,378.18486871743545,381.133544921875,108111300
2022-12-15,376.2667351726121,377.1732987094628,370.1499212179962,371.8103332519531,117705900
2022-12-16,369.2517350620785,370.5938353403458,365.2829507209457,367.4207153320313,119858000
2022-12-19,367.6125210258833,367.9480534682601,362.6371386607899,364.30517578125,79878100
2022-12-20,363.5478242860952,366.42376617165866,362.224886337841,364.80364990234375,74427200
2022-12-21,367.40155201274337,371.38952801231983,366.86471190276114,370.2583312988281,78167400
2022-12-22,367.2097701866978,370.23909861779407,359.2721731477049,364.9761352539063,100120900
2022-12-23,363.95045341487634,367.2194443247234,362.3974494193303,367.0756530761719,59857300
2022-12-27,366.960616093891,367.30571508666856,363.9504494641128,365.6280822753906,51638200
2022-12-28,365.5609112966341,367.5357513756724,360.85397945187947,361.08404541015625,70911500
2022-12-29,363.9312659767522,368.4560822388192,363.40399242752494,367.5837097167969,66970900
2022-12-30,364.89952091921486,366.7592697589564,362.7808893302895,366.615478515625,84022200
2023-01-03,368.4751456239055,370.4499561190804,362.2055860027469,365.0719604492188,74850700
2023-01-04,367.3344101610025,369.9227691840596,364.2859192267099,367.8904418945313,85934100
2023-01-05,365.93482035409846,366.0498533403474,363.0972327561213,363.6915893554688,76970500
2023-01-06,366.7880279535868,373.153460042991,363.72037415912655,372.0318298339844,104189600
2023-01-09,374.2271369047477,377.4194487549502,371.6388067821009,371.8209228515625,73978100
2023-01-10,371.2361840133922,374.4955791323068,370.2966990841329,374.428466796875,65358100
2023-01-11,376.0102861562455,379.24092326423306,375.1954300022919,379.1642150878906,68881100
2023-01-12,380.2666605468767,382.011376504994,376.19240927348505,380.5446472167969,90157700
2023-01-13,377.3427920127603,382.5961903957007,377.0743719059296,382.02099609375,63903900
2023-01-17,382.00176656830166,383.6793992551705,380.6404746013532,381.3211059570313,62677300
2023-01-18,382.5098268846119,383.5739112290624,375.099473530486,375.30078125,99632300
2023-01-19,373.2588930285292,374.9077675297641,371.2457571335137,372.5686950683594,86958900
2023-01-20,373.968357562734,379.6627254739764,372.3194828602261,379.5093383789063,91806400
2023-01-23,380.314551818449,385.9993231933154,379.3559045340968,384.0628662109375,84178800
2023-01-24,382.3852133953482,384.56133208460926,381.19650018692624,383.650634765625,59524900
2023-01-25,379.5764217138024,384.1299965276801,377.28524055423935,383.7944641113281,84800300
2023-01-26,386.4594474008895,388.175434067063,383.4876352529639,388.012451171875,72287400
2023-01-27,386.967595605409,391.2815087115536,386.7566920166625,388.904052734375,68346200
2023-01-30,386.1431078861568,388.3767724039486,383.7273273025726,384.0245056152344,74202000
2023-01-31,384.5421906397612,389.7188801347345,384.1970624037799,389.67095947265625,86811800
2023-02-01,388.4533914496531,396.5635671519253,385.7116747281049,393.8122253417969,101459200
2023-02-02,397.704397771963,401.01174260046105,395.8062948752539,399.5450134277344,101654500
2023-02-03,394.5695755451013,399.7271018745294,394.0902519718175,395.2981567382813,94736800
2023-02-06,392.844029913755,394.28200066117023,391.2239138645533,392.8823547363281,60295300
2023-02-07,391.9621243970152,399.2670122823971,390.7158945853212,398.0207824707031,90990700
2023-02-08,396.0460046657352,397.3881051733377,392.9783212864178,393.6685485839844,76227500
2023-02-09,397.2730117017424,397.42639877292254,389.02863947326034,390.2557067871094,78694900
2023-02-10,389.0765088651331,391.5498348355642,388.26168221177215,391.1663818359375,70769700
2023-02-13,391.8182749307163,395.8925254285683,391.35811375424055,395.75830078125,64913500
2023-02-14,394.2341337099117,397.8865778364983,391.6170451224685,395.5762634277344,88389300
2023-02-15,393.38091503799455,396.9374882356896,392.5373007553342,396.8608093261719,61555700
2023-02-16,391.8854343728946,395.83505653186137,391.2623194847148,391.3965148925781,76431500
2023-02-17,389.2682823043391,390.6583324559055,387.34139205761664,390.4186706542969,89257800
2023-02-21,386.39237880681736,387.44689668905306,382.3277236123021,382.5865478515625,82655900
2023-02-22,382.9987818589444,384.5422193179231,380.6021634644275,382.059326171875,83742300
2023-02-23,384.95435986418846,385.5679081030341,379.8639456708509,384.0915832519531,96242400
2023-02-24,379.0683541815199,380.82266598812186,377.3619630409599,379.9886474609375,108194400
2023-02-27,383.33429643374495,384.6955884908984,380.3433214975704,381.2828063964844,80444700
2023-02-28,380.8034546692743,382.7686698141573,379.7680992642455,379.8735656738281,96438600
2023-03-01,379.058688324708,380.2857555557943,377.1126357022291,378.4163818359375,99706800
2023-03-02,376.4416013971857,382.20308082772186,376.1060690029621,381.3594665527344,85127800
2023-03-03,383.1808966203792,387.7249046275864,382.5290234904316,387.47564697265625,90120000
2023-03-06,388.3001127198744,390.6008898550344,387.303140500608,387.7441101074219,72795900
2023-03-07,387.6960878154249,387.9357495995497,381.18686556703113,381.8003845214844,108310600
2023-03-08,381.91547162159134,383.1808636899206,380.1898891101756,382.4235534667969,74746600
2023-03-09,383.2096475110798,384.8777136423342,374.3805144113086,375.367919921875,111945300
2023-03-10,374.8214838248375,376.901761257044,368.4273229667233,369.9515686035156,189253000
2023-03-13,366.0210998932848,374.2463095850396,364.90906558564376,369.4242858886719,157790000
2023-03-14,374.3517676052174,377.1797888194533,371.0444227448801,375.5309143066406,149752400
2023-03-15,369.9324213189262,373.3835282007877,367.8425479668376,373.1822204589844,172996900
2023-03-16,370.8239247170232,380.074864540284,370.3158428605711,379.729736328125,143254200
2023-03-17,378.3979622867853,379.5334763060183,373.9039803951704,375.2897033691406,140553400
2023-03-20,376.06910344638334,379.31209873462535,375.3666389914417,378.8982849121094,93055800
2023-03-21,382.2664406357319,384.3546576570402,380.6690090906792,383.8735046386719,91524200
2023-03-22,383.7002940562463,387.318544760657,377.29133237000224,377.3298034667969,111746600
2023-03-23,380.1974645439356,384.2391613901428,375.636143615093,378.349853515625,119351300
2023-03-24,377.0699607694,380.9191845780308,374.7219318967555,380.8325805664063,107682400
2023-03-27,383.1132104927744,383.8830728135966,380.64970980063305,381.5446472167969,74010400
2023-03-28,380.8518079845922,381.5446694300476,378.8502245684134,380.688232421875,62871700
2023-03-29,384.8550092196648,386.46207306808367,383.6521267894026,386.2214965820313,77497900
2023-03-30,388.85819419263817,389.10840312839423,386.6160343292529,388.48291015625,69840000
2023-03-31,389.4067476454537,394.25677808538353,389.3008787149844,393.9584655761719,112062600
2023-04-03,393.4388073224312,395.8638078292274,393.0442583450311,395.4596557617188,67391100
2023-04-04,396.1044102172239,396.3931196515644,391.8895050342017,393.265625,66601500
2023-04-05,392.534243907046,393.2944738697264,390.5807639021192,392.2359313964844,65200200
2023-04-06,391.437167451645,394.0450376322365,390.3882575257403,393.7659606933594,63743300
2023-04-10,391.2832175790923,394.2471364215444,390.6673570273508,394.1701354980469,63681000
2023-04-11,394.7956849780574,395.6809900883233,393.50619840980073,394.2760314941406,59297900
2023-04-12,396.34496122221753,396.6336706379783,392.0819527581082,392.6689453125,86420400
2023-04-13,393.7563125926208,398.2406615136449,392.6111662470231,397.8846130371094,85814800
2023-04-14,397.2495326959301,399.443589174648,394.6031912280039,396.9127197265625,78161500
2023-04-17,396.82611712486937,398.356180127704,395.59436663010166,398.3369445800781,66436400
2023-04-18,399.9151257985286,400.04986273859487,397.2206806696972,398.5967712402344,63560000
2023-04-19,396.6818088890477,399.4339901497687,396.6240728742949,398.5294494628906,55227300
2023-04-20,395.7098258250606,398.1059876366196,394.80525587274064,396.3545837402344,75840400
2023-04-21,396.6528736469394,397.1243941432459,394.7090262895011,396.6625061035156,73457400
2023-04-24,396.4604040641478,397.4997108968018,395.1228141148149,397.0762939453125,64332100
2023-04-25,395.103539346267,395.661693208056,390.7154268377835,390.7731628417969,97766700
2023-04-26,391.3890687387205,392.46684668077467,388.559886957205,389.1180114746094,80447000
2023-04-27,391.6584847650015,397.134007454216,391.4082758440462,396.8645629882813,92968400
2023-04-28,395.97928167060974,400.26155506482286,395.9215456607,400.2519226074219,89433100
2023-05-01,399.8092778572073,401.8782298985706,399.6168049089298,399.8477783203125,62122300
2023-05-02,399.1356149746384,399.1837478908785,392.4476064659251,395.353759765625,103998500
2023-05-03,395.8541741351487,398.26957154429016,392.3994991884123,392.64007568359375,91531800
2023-05-04,391.5911170748567,391.9182975436162,388.5213590280541,389.8589782714844,94901900
2023-05-05,393.4965147709688,398.12520386737816,393.23670274642825,397.0762939453125,87891800
2023-05-08,397.40353090526224,397.6633429667236,395.77723133030975,397.1821899414063,50046800
2023-05-09,395.63290265005054,396.5567082623412,395.2094856262401,395.4404296875,49220100
2023-05-10,398.2791988750433,398.914324338217,393.4580365761441,397.28802490234375,96142900
2023-05-11,396.4219762908843,396.8838643849846,394.5165998009732,396.5951843261719,70157100
2023-05-12,397.8365981203093,398.0483066355821,393.650560739882,396.0755615234375,70481500
2023-05-15,396.6817561677767,397.8461381335402,394.7667767427343,397.4419860839844,54289400
2023-05-16,396.3353092048242,397.2591440489676,394.7763782852964,394.7860107421875,57705500
2023-05-17,396.8068622851723,400.1845361823176,395.1613273420889,399.5783081054688,87287000
2023-05-18,399.26074988190857,403.850968255046,399.0394382989679,403.4275512695313,97177200
2023-05-19,404.3321069908471,404.8613635204508,401.6183971431854,402.8405151367188,103793300
2023-05-22,402.8597493463277,404.54378464321184,401.6183665332245,403.0040893554688,60745400
2023-05-23,401.3585475631552,402.9367433972177,398.0867132485157,398.4812622070313,86383500
2023-05-24,396.8742743622671,397.25919090910776,394.4300087705914,395.5943908691406,89213700
2023-05-25,399.106745609804,400.4732329300767,396.86458575045214,399.0201416015625,90961600
2023-05-26,399.6745569554337,404.9095041923272,399.5975853933837,404.1877746582031,93830000
2023-05-30,406.1219771957275,406.6512337191027,402.955982410714,404.3417053222656,72216000
2023-05-31,402.5133634004825,403.4179334143472,400.53101533620446,402.0995788574219,110811800
2023-06-01,402.3304796935779,406.9784337458306,401.0794937409788,405.9198913574219,88865000
2023-06-02,408.4988787329244,412.5790465929496,407.9696222034908,411.78997802734375,91426200
2023-06-05,412.13642960632063,413.4259161757562,410.29842154598526,411.00091552734375,65460200
2023-06-06,410.5871214183071,412.4251000685976,409.93273100728186,411.8958435058594,64022200
2023-06-07,412.2903604628489,413.4258744271593,410.0481711705742,410.4715881347656,85373300
2023-06-08,410.5389787763912,413.40666121292,409.7691457275,412.9543762207031,61952800
2023-06-09,413.7530485062901,415.7065283650919,412.70413856902655,413.6953125,85742800
2023-06-12,414.6769171108834,417.5253346663892,413.9551876062376,417.4483337402344,76104300
2023-06-13,418.9110140981565,420.8452289997208,418.2470206735575,420.2005004882813,95899700
2023-06-14,420.5373216552151,422.5100370544421,417.2462224703346,420.7008972167969,100612100
2023-06-15,419.8829487810575,427.1676119841462,419.7867416783568,425.9166259765625,110303100
2023-06-16,427.904413934663,428.474279953013,423.9926092848296,424.46588134765625,114165800
2023-06-20,422.52444796434224,423.41304154167295,420.1870041214196,422.2636413574219,76160400
2023-06-21,421.2784119248558,422.080079712244,419.510834231047,420.10003662109375,76982300
2023-06-22,419.1438643349352,421.7227488220665,418.8058002569503,421.6165161132813,70637200
2023-06-23,418.1586622892244,420.2159925909701,417.714365486568,418.4291076660156,92074500
2023-06-26,417.8592143297431,419.78130707914215,416.47801229853,416.719482421875,72823600
2023-06-27,417.59847607026,421.9062952182516,417.1445110170716,421.28814697265625,72813700
2023-06-28,420.2063349514927,422.514803688603,419.5881867073799,421.5006408691406,75636000
2023-06-29,421.08528892018165,423.3261389375307,420.67963558379535,423.1619262695313,67882300
2023-06-30,426.3783313417032,429.1407356891044,426.05957423925753,428.1555480957031,104964000
2023-07-03,427.8078514299053,428.9282469948695,427.5277378004959,428.6481628417969,32793400
2023-07-05,426.83224475721846,428.7446987114959,426.8225765200303,428.0106201171875,58418400
2023-07-06,424.4272557113554,425.0840474287703,422.1477622241082,424.6590576171875,80658300
2023-07-07,423.6641704920447,427.5373607483118,423.3454134187473,423.5868835449219,86134200
2023-07-10,423.2295437531058,424.8329090465616,422.659677750378,424.6590576171875,62443500
2023-07-11,425.4220950342892,427.8561033801802,424.4465462578362,427.3634948730469,64463800
2023-07-12,431.1594941202587,432.2123005321763,429.7299800916794,430.8020935058594,91924500
2023-07-13,432.6179176155548,435.0133121303779,432.1832890285731,434.2212829589844,72425200
2023-07-14,435.109843497716,435.9597935487755,433.1877213239847,433.9507751464844,69815800
2023-07-17,433.8059330908804,436.5103868213516,433.7576213779186,435.4575805664063,52680200
2023-07-18,435.1291664096603,439.3403912522435,434.6945083929684,438.6932678222656,80668200
2023-07-19,439.4853035858035,440.85683741354967,438.61598753921226,439.6688232421875,65891700
2023-07-20,438.6739839174844,439.5722457578469,436.0371193951603,436.7518615722656,70591600
2023-07-21,438.47112777830426,438.6739839174844,436.74222281063936,436.7518615722656,71275600
2023-07-24,437.9012445599851,439.5142779903244,436.867745334165,438.7029418945313,54023400
2023-07-25,438.4325069587421,441.1562676750072,438.3841952460214,439.900634765625,55191200
2023-07-26,438.9637376866275,441.3977460774992,437.9109314172146,439.96826171875,71052900
2023-07-27,443.35846818342566,443.7641509737044,436.1433394792144,437.05126953125,92194400
2023-07-28,440.3256151682766,442.16078225681895,437.0512660643136,441.33013916015625,80011800
2023-07-31,441.8033708767588,442.5277811990183,440.48975816470266,442.17041015625,62040400
2023-08-01,440.70232573811046,441.6488993268256,439.9489400577327,440.9051818847656,55291500
2023-08-02,437.7853626915781,438.0461398306252,434.0184344125547,434.7718200683594,93933400
2023-08-03,432.7531252299224,435.4092967139093,432.10597229878186,433.52581787109375,64276100
2023-08-04,435.3416597654818,437.44727217935485,431.0434797536367,431.5650634765625,100128900
2023-08-07,433.4002093110776,435.4865146243049,432.7047742066685,435.33197021484375,58357500
2023-08-08,432.7917508600607,435.3223827020289,430.07762882885913,433.43890380859375,71361300
2023-08-09,433.7093468244431,433.8735594892863,429.77820586959297,430.541259765625,78789600
2023-08-10,432.8979765886809,436.2882265207825,429.52706313111736,430.6957702636719,93005500
2023-08-11,428.82196893936987,431.4588333292262,428.22312774254544,430.4446411132813,68690900
2023-08-14,429.5271128527488,432.82073974609375,429.2180239876929,432.82073974609375,47867400
2023-08-15,431.0434905199487,431.40089107368914,427.2089436634091,427.7788391113281,75707500
2023-08-16,427.3635314579317,429.0248473056636,424.5335083117714,424.6397705078125,80107200
2023-08-17,426.1078247958852,426.368601907091,420.8824080004751,421.4039916992188,95711300
2023-08-18,418.5836313326181,422.6403412596287,418.2359284981317,421.6068420410156,98852000
2023-08-21,422.6210410735604,425.0936930300052,420.4671462190992,424.3499755859375,68719000
2023-08-22,426.1271477129419,426.1271477129419,422.6403332909712,423.2005310058594,64994200
2023-08-23,424.2630654264281,428.5322707675245,424.1181892276399,427.9140930175781,68441000
2023-08-24,429.51746935310535,430.0293849194416,421.9546073437118,421.9836120605469,88517300
2023-08-25,423.71247141677657,426.24307373449807,420.1580380770201,424.9584655761719,102325100
2023-08-28,427.1510130346192,428.27143803085545,424.95847475635645,427.6532897949219,61595400
2023-08-29,427.5470684062289,434.1150745823747,427.3635487226564,433.8349609375,83081900
2023-08-30,434.1729444153236,436.2592497912926,433.4678410527647,435.6217651367188,69053900
2023-08-31,436.23991629050073,437.3796481914474,434.80076379653127,434.9842834472656,66084600
2023-09-01,437.7080777747482,438.1910180232257,434.3371347964679,435.7956237792969,58944100
2023-09-05,435.35138309753785,435.6701107330132,433.8446116862524,433.9122009277344,55166200
2023-09-06,433.1008212089274,433.20708339429626,428.6674331394679,430.9952087402344,70758500
2023-09-07,427.9912839614794,430.3480346831722,427.6435811384425,429.67193603515625,70355400
2023-09-08,429.7202810475146,431.8548689598933,429.36290993507305,430.3191223144531,61659700
2023-09-11,432.946283268193,433.4581987746905,431.23668532604137,433.1491394042969,60180100
2023-09-12,431.7003378706483,433.2264162204621,430.1935665209915,430.7730712890625,67565400
2023-09-13,430.9952159797128,432.4343685526933,429.8940980148542,431.27532958984375,60199300
2023-09-14,433.747962382289,435.6893621396805,432.4440178145085,434.9939270019531,83430800
2023-09-15,433.40728505412073,433.7368392986662,429.31689007252186,429.7530517578125,111848900
2023-09-18,429.4428320631367,431.3038771522312,428.9678906350114,430.0050354003906,55752200
2023-09-19,429.0842038068295,429.6754845917088,426.4283653962231,429.11328125,66514600
2023-09-20,430.3733429544115,430.7901294710478,424.96470225740006,425.1682739257813,82562600
2023-09-21,422.3185875705256,422.5802845540439,417.98587113932,418.1409606933594,104095800
2023-09-22,419.16839709834846,420.7677155797648,416.7839285170148,417.2007446289063,100829700
2023-09-25,415.9891218304828,418.993889361631,415.55293063128704,418.95513916015625,70874500
2023-09-26,415.91157553365485,416.6191660672769,411.9665682552368,412.8001708984375,96168400
2023-09-27,413.97300260416256,414.5352059296986,409.3204343488608,412.9649353027344,104705800
2023-09-28,412.4124571151363,417.035947852058,411.8211763569914,415.3590698242188,92258300
2023-09-29,418.4123916323294,418.5868563011905,412.8292855862936,414.35107421875,115111300
2023-10-02,413.5174684907983,415.4366685752328,411.42380373877234,414.186279296875,83798600
2023-10-03,412.0053970277405,414.2444490832808,407.2752686675357,408.6419677734375,103760600
2023-10-04,409.107224446792,412.3640165843667,407.6435907050373,411.61767578125,87453000
2023-10-05,411.3268404794052,412.3058303467078,408.23484048426144,411.4625549316406,70142700
2023-10-06,409.01029452111743,417.8889725902115,407.6823752264937,416.3478088378906,113273300
2023-10-09,414.4479100125144,419.5851511856649,413.89543865350254,419.0132751464844,80374400
2023-10-10,419.643378299873,423.7919280682824,419.2459668319729,421.1942443847656,78607300
2023-10-11,422.2604167519184,423.17151977952034,419.8759482263836,422.9195251464844,62451700
2023-10-12,423.5301811699864,423.9081879098467,417.9858555363506,420.3412170410156,81154200
2023-10-13,421.8436377363804,423.0455744454242,416.6773479708049,418.2475891113281,95143100
2023-10-16,420.4963432402705,423.7143850912576,420.25402134631616,422.6481628417969,75433200
2023-10-17,419.5173185664215,424.683637482476,419.1683892665842,422.6287231445313,75324700
2023-10-18,420.85496751569167,421.81455273319096,415.9115950498216,416.9971923828125,93559800
2023-10-19,417.7143886009459,419.52695118346526,412.6547075320551,413.3331909179688,121323000
2023-10-20,412.8971069121286,413.4399055549237,408.1475744172104,408.2542114257813,123919900
2023-10-23,406.7227305341648,411.4141082592817,404.9683224528733,407.546630859375,92035100
2023-10-24,409.6693503095015,411.7727171708306,407.8180076603951,410.6192626953125,78564200
2023-10-25,408.9327472697519,408.9618247136512,404.2122919545002,404.72601318359375,94223200
2023-10-26,403.659822847272,404.512771066671,398.9587721877273,399.8795776367188,115156800
2023-10-27,401.46919469761593,401.8666061249316,396.6421322661676,398.0669860839844,107367700
2023-10-30,400.85854988329856,403.88272225418063,399.5597081383843,402.8262023925781,86562700
2023-10-31,403.39809925222016,405.67593098866274,401.4886015302207,405.3560791015625,79665200
2023-11-01,406.3253202588687,410.493244558032,405.7921944008693,409.6790466308594,98068100
2023-11-02,413.4786596174057,417.68539350879695,413.4592845158063,417.5303039550781,94938900
2023-11-03,419.8372157670484,422.8904655764815,419.71120365505175,421.339599609375,100167800
2023-11-06,422.0955934752631,422.7547018208165,420.360560713014,422.308837890625,67831700
2023-11-07,422.308896123232,424.1505365569555,421.1651439105342,423.51080322265625,64256100
2023-11-08,424.1117277828973,424.635151307966,421.51404441898217,423.8209533691406,61746000
2023-11-09,424.9647121167065,425.0034918992464,420.0891971681386,420.51568603515625,83174400
2023-11-10,422.5900126284226,427.3879684336076,420.5060206531149,427.0777893066406,89462200
2023-11-13,425.7402075090933,427.7756878254619,424.9550869115658,426.6707153320313,52236100
2023-11-14,432.612438681597,436.23756475568536,432.3894918898645,434.9484252929688,97176900
2023-11-15,436.28601873814944,437.5170328970021,435.0162543738927,435.8692321777344,77327600
2023-11-16,435.4233538600024,436.7221956257719,434.3571316402488,436.40234375,66665800
2023-11-17,436.41200351038174,437.55578526494025,435.4911981146269,436.9451293945313,83133200
2023-11-20,436.6931100934176,441.1518386514175,436.6834077524104,440.3085632324219,69936200
2023-11-21,439.2617056622207,440.1825406267048,438.0791737195552,439.3489379882813,49244600
2023-11-22,441.00641581534256,442.36341233286754,439.9498960416872,441.045166015625,59394900
2023-11-24,441.0937026627971,441.5104892196469,440.7641484378246,441.3166198730469,29737400
2023-11-27,440.68655185927656,441.5007498020653,440.1340508901427,440.5217895507813,50506000
2023-11-28,440.13404650216097,442.2567884526749,439.5718727783306,440.95794677734375,62115000
2023-11-29,443.10979527762873,444.2438747206066,440.2504147680835,440.6477966308594,63146000
2023-11-30,441.4911150141487,442.7318019261052,439.41682540648986,442.3828430175781,79752700
2023-12-01,441.7722250179134,445.5330658619319,441.1809737453773,444.9999694824219,89183400
2023-12-04,441.6073900887256,445.019271433423,440.3860783753154,442.6639099121094,72430900
2023-12-05,441.2778489374918,443.5362758597069,440.8998126034742,442.5766906738281,69793500
2023-12-06,444.7187848215884,444.74786226267736,440.35699117640615,440.7931823730469,69124700
2023-12-07,442.877180057356,444.80605282503006,442.27622650644105,444.1566467285156,66995400
2023-12-08,443.4102333183171,446.5991973452758,443.1679114532356,446.0661010742188,83194400
2023-12-11,445.57182828523526,447.97567223110514,445.3585838256798,447.8011779785156,65002200
2023-12-12,447.4522026362831,449.943278662212,446.4538376737931,449.8463439941406,68327600
2023-12-13,450.2243166322346,456.30176785417245,449.8656850098202,456.04974365234375,93278000
2023-12-14,457.9883386207796,459.1805728813377,454.83815428105993,457.5133972167969,119026000
2023-12-15,456.9158196636758,458.0934340813363,454.9109942306135,456.7601013183594,141553700
2023-12-18,458.3659614924249,460.3123963762856,457.3051580447496,459.3294372558594,70375300
2023-12-19,459.8744287176748,462.2004326198957,459.796584391768,462.12255859375,55761800
2023-12-20,461.2661017714052,463.1541458673366,455.2905624937439,455.7187805175781,102921000
2023-12-21,458.7064928022856,460.31232509298513,456.2831912512246,460.0398254394531,86667500
2023-12-22,461.1687838422537,462.6480933014032,459.0666603902041,460.9644165039063,67160400
2023-12-26,461.373187704544,463.8159432234597,461.2953136791012,462.9108581542969,55387000
2023-12-27,462.70645305578125,463.8937793948704,462.1711954005529,463.747802734375,68000300
2023-12-28,464.1079178321579,464.7599568571368,463.5045277970175,463.9230041503906,77158100
2023-12-29,463.7283454487912,464.2538911563551,460.62377959337147,462.5799560546875,122283100
2024-01-02,459.5143743882812,460.9839423046435,457.8890881092372,459.9912414550781,123623700
2024-01-03,457.83068032303305,458.570335093064,455.6312290704376,456.234619140625,103585900
2024-01-04,455.75768568069975,458.3464474670466,454.54116395968543,454.7650146484375,84232200
2024-01-05,454.9693418930569,457.8403447817746,453.9377339405533,455.3878479003906,86118900
2024-01-08,455.884242835596,462.0349842457667,455.7577198150965,461.8890075683594,74879100
2024-01-09,459.23211686361327,462.2101599071882,458.72605447786,461.1882934570313,65931400
2024-01-10,461.4607624691406,464.6626560070687,461.17852110920177,463.7964782714844,67310600
2024-01-11,464.7988820904805,465.3146861106975,459.6116465550996,463.5921020507813,77940700
2024-01-12,465.04220480545,465.7818595429952,462.502121615046,463.9132690429688,58026400
2024-01-16,462.531322425016,463.8451421871986,460.39023221216354,462.2101440429688,85014900
2024-01-17,459.1835167341264,460.12753895625485,457.2857306101824,459.6409301757813,68843900
2024-01-18,461.3147724636552,464.2830735453687,459.7673604180853,463.7283325195313,91856200
2024-01-19,464.8572992191645,469.7915187143468,463.7770421286305,469.50927734375,110834500
2024-01-22,471.0469830334159,472.2245678207362,469.8499148891261,470.5019836425781,75844900
2024-01-23,471.0469649925702,472.1174803762762,469.956966252641,471.8741760253906,49945300
2024-01-24,474.745153487513,475.6794338281553,471.89363377790727,472.3899841308594,81765000
2024-01-25,474.5212993484664,475.2317587014155,472.3899806900917,474.9592590332031,72525000
2024-01-26,474.5310679998513,476.02008943226616,473.5092016110277,474.35589599609375,76641600
2024-01-29,474.66734997690736,478.2585246858996,474.1223505896568,478.1125183105469,61322800
2024-01-30,477.4214974259143,478.4531054335183,476.9835377414516,477.74267578125,58618400
2024-01-31,475.5334936248827,475.98116532447904,469.9277517507619,469.9472351074219,126011100
2024-02-01,471.6503508033992,476.1271567596163,470.8425637335658,476.0979614257813,91891600
2024-02-02,476.5358823208617,482.7644675885541,476.195250299141,481.1100158691406,99228200
2024-02-05,480.4774390948485,481.13921979443177,477.1003735510861,479.3582153320313,75757100
2024-02-06,480.30226806860526,481.08085985334736,478.8716372206463,480.7499694824219,55918600
2024-02-07,482.9980614391984,485.1780588645302,482.092946704362,484.7595825195313,70556500
2024-02-08,484.7595848352,485.3532331832338,483.94208579679537,484.97369384765625,52343600
2024-02-09,485.4797115167576,488.2144497376777,485.1390795237111,487.7765197753906,63979400
2024-02-12,487.747352637465,490.0149359961155,486.84223792928447,487.56243896484375,56502300
2024-02-13,481.2851887040555,483.7766228154562,477.57723287028176,480.8472290039063,113099200
2024-02-14,483.4846542902519,485.7035886541278,481.158650574048,485.2169799804688,68387800
2024-02-15,485.91772783399097,488.74979405458623,485.4408311080291,488.56488037109375,61683000
2024-02-16,488.2632150838705,489.401862888149,485.3922116760664,486.1318664550781,75532900
2024-02-20,484.3897857981468,485.0613082082836,481.20737545898015,483.45550537109375,71736700
2024-02-21,482.1513947924328,484.0491509708409,480.3411949189208,483.8934326171875,59293400
2024-02-22,490.5112873403162,494.871282071389,489.54778196517503,493.9078063964844,76402500
2024-02-23,495.6304262293698,496.4674086571224,493.51856105397593,494.24847412109375,61321800
2024-02-26,494.6863927584272,495.1243524687159,492.3117399253592,492.4382629394531,50386700
2024-02-27,493.1292368818132,493.5769085410792,491.2314511932456,493.3530578613281,48854500
2024-02-28,491.7959350516518,493.2849564837583,491.4358493661455,492.7010498046875,56506600
2024-02-29,494.4625475441177,496.0878038910921,491.8153951566048,494.4722595214844,83924800
2024-03-01,495.3482760641762,499.5428116010892,494.9395116277324,499.1145935058594,76844800
2024-03-04,498.31652584892447,500.42839094094944,498.28730081516426,498.5792541503906,49799300
2024-03-05,496.57447866670594,497.02218009273895,491.3872425541316,493.596435546875,72855600
2024-03-06,496.8761878603409,498.355497483725,494.8032595122022,496.0976257324219,68382400
2024-03-07,499.39680772832526,502.0731556685532,496.1559770449336,501.0220642089844,58652100
2024-03-08,501.6546542384204,504.340684322384,497.4406063327474,498.0148010253906,86532500
2024-03-11,496.8080468189585,498.17054528765857,494.88106560592894,497.5866088867188,62557200
2024-03-12,499.6984397448063,503.52317664539584,497.1777807754712,502.9392700195313,73114400
2024-03-13,503.26048317387085,503.43565519442245,500.7106580961506,502.1510009765625,55104100
2024-03-14,503.1241840027095,503.27993205507374,498.1121499011311,501.1583251953125,110171800
2024-03-15,498.08804798108406,499.5426677263287,496.0477073102581,497.7170715332031,107646300
2024-03-18,501.7880086848296,503.2328266854258,500.26507469946,500.6750793457031,88893300
2024-03-19,499.9819809876235,503.7404859733711,498.9764238973626,503.4573974609375,60755300
2024-03-20,503.5158951541575,508.250640692195,502.8422864064855,508.1139526367188,69594600
2024-03-21,510.9549118204902,511.6577769054798,509.5100342818405,509.7931823730469,60256100
2024-03-22,509.7052414210896,510.1933619854548,508.5923122339297,508.82666015625,79070800
2024-03-25,507.4502157274298,508.5729170562345,507.2647274970631,507.42095947265625,48512100
2024-03-26,508.8461906755672,509.1879108526766,506.0834709315648,506.4837036132813,65463700
2024-03-27,509.3148077978087,510.7791695687557,507.14752139258985,510.7400817871094,82999800
2024-03-28,510.7791441135719,512.145845947325,510.3593675770243,510.6424560546875,96294900
2024-04-01,511.3844550945346,511.9213758486725,508.5923599199536,509.7540893554688,62477500
2024-04-02,505.9272809933223,506.6496900205949,504.20908677438206,506.5130615234375,74230300
2024-04-03,505.41954702145455,508.5728465002203,505.370746880242,507.06939697265625,59155800
2024-04-04,511.0818603739053,511.4235209921689,500.5774945359362,500.880126953125,96858100
2024-04-05,502.2369920133279,508.0748944248841,501.7976716238406,506.1126403808594,74546500
2024-04-08,506.815618601476,507.8211160052217,505.5855452146359,506.3957824707031,48401800
2024-04-09,508.1336165644889,508.377676899054,502.12970850017103,506.9816589355469,68049200
2024-04-10,501.2802817017724,503.8966008078219,499.9233518012494,501.9050903320313,82652800
2024-04-11,503.4281061989144,507.13781122017554,499.9136613545702,505.6929931640625,70099000
2024-04-12,502.1491879340928,503.56474960986543,496.9848635757255,498.71282958984375,92561100
2024-04-15,502.8911540643935,503.0570983911642,491.6155498817616,492.46490478515625,92101400
2024-04-16,492.94324564322153,494.4661795680653,490.27809637848605,491.5667419433594,73484000
2024-04-17,494.0268584590965,494.1928325755386,487.26151394107353,488.6575317382813,75910300
2024-04-18,490.0535522630773,492.1524648158817,486.714794359639,487.6519775390625,74548100
2024-04-19,487.5739720999012,488.5697275309103,482.12652879623903,483.3956604003906,102212600
2024-04-22,486.00224053735934,490.4441567598784,483.6592671479931,487.8473510742188,67961000
2024-04-23,489.85830389464087,494.0659010467374,487.6617612136965,493.6363525390625,64633600
2024-04-24,494.5247711017317,495.3155241402407,491.1762707245871,493.402099609375,55928100
2024-04-25,487.3200821932215,492.28914639879576,485.6702321576898,491.5276794433594,69122400
2024-04-26,494.3197932475181,497.7659238799117,493.6852423545601,496.1844177246094,64306100
2024-04-29,497.9708754000778,498.6151981739951,495.19835393785416,497.9415893554688,46415400
2024-04-30,496.4772431240589,497.4534843650284,490.0535888671875,490.0535888671875,77483600
2024-05-01,489.4678380773352,496.1160385437577,487.9937042701267,488.4623107910156,80242800
2024-05-02,492.1720003799534,493.8706803453591,487.6812848525579,493.0310974121094,62550200
2024-05-03,499.01550940056416,500.3724693233871,496.4772760472205,499.1424255371094,72756700
2024-05-06,501.5439589853256,504.3359947534281,501.1046384911043,504.2969665527344,47264700
2024-05-07,505.2634287213709,506.2494419365131,504.1798152133592,504.8534240722656,52561300
2024-05-08,503.0180527867951,505.439111907815,502.900908609006,504.9021911621094,42047200
2024-05-09,505.0876793386549,507.8504586322259,504.4336144152066,507.8113708496094,43643700
2024-05-10,509.4123793926299,510.2226762107287,507.2451526944985,508.4654541015625,52233200
2024-05-13,510.1446966337389,510.25206888586143,507.39168877313017,508.5338745117188,36716400
2024-05-14,508.72906418826113,511.3844713761404,508.19214341702855,510.8670349121094,57535900
2024-05-15,513.3369504006804,517.4859756907869,512.7023697575905,517.193115234375,59504900
2024-05-16,517.2906967075278,518.8917465910545,515.9825072697596,516.1289672851562,50244800
2024-05-17,516.2461019816988,516.9392546781255,514.7915121402848,516.8709106445312,59187600
2024-05-20,516.988021010064,518.9307313200704,516.5975007250751,517.4663696289062,37764200
2024-05-21,516.7049957755823,518.8917666350982,516.4999636631139,518.7355346679688,33437000
2024-05-22,518.0424683735625,518.7551054535538,515.0648847480338,517.241943359375,48390000
2024-05-23,520.2975559093766,520.4049281460258,512.2532779910508,513.4638671875,57211200
2024-05-24,515.3089561408403,517.6715030328614,514.3620306627067,516.8612060546875,41291100
2024-05-28,517.6715045678355,517.9057929513657,514.5865486245773,517.222412109375,36269600
2024-05-29,513.1905202395113,514.7817983278129,512.8878878194378,513.6005249023438,45190300
2024-05-30,512.0581358054062,512.7219727781743,508.9439234921737,510.1934814453125,46377600
2024-05-31,511.1501711708498,514.9672481577884,506.0443890267406,514.84033203125,90785800
2024-06-03,516.4512383491438,516.7343269011582,510.1837257344974,515.2601928710938,46835700
2024-06-04,513.9519213593795,516.5780123549347,512.4875596797398,515.8360595703125,34632700
2024-06-05,518.1596742180576,521.9865238759579,516.1681035996744,521.9669799804688,47610400
2024-06-06,522.2694355467816,522.6989840067279,520.0240929727552,521.95703125,30808500
2024-06-07,520.980789635887,524.1340888487662,519.8874043907796,521.322509765625,43224500
2024-06-10,520.5122904328304,523.255525898201,519.916797584573,522.933349609375,35686100
2024-06-11,521.3811694677967,524.2513211148034,519.4091430834137,524.1927490234375,36383400
2024-06-12,528.7615289974312,531.1923600659605,527.4631115100716,528.4979248046875,63251300
2024-06-13,530.2454535391702,530.4211698122318,526.7700371068663,529.5620727539062,44760900
2024-06-14,528.0292734109846,529.913411521252,527.0237165105427,529.8841552734375,40089900
2024-06-17,529.2008719569648,535.4976399183048,528.7420075865693,534.1015625,55839500
2024-06-18,534.16013957423,535.585473259027,533.7403629842298,535.4585571289062,41376400
2024-06-20,536.385998334327,537.0498352385172,532.2272010481894,534.0039672851562,70328200
2024-06-21,533.180367297688,534.4046057790133,531.8288032321234,533.2880859375,64338600
2024-06-24,533.1117619254674,535.6777608035513,531.4369822915095,531.5545043945312,45528700
2024-06-25,532.7787259572508,533.9638101987721,531.260682360104,533.6014404296875,37936200
2024-06-26,532.4848968900385,534.9823310545671,531.8385253727439,534.2673950195312,38550600
2024-06-27,534.1302894973802,535.6875469780335,533.3859430174333,535.1096801757812,35041500
2024-06-28,535.8833782760337,538.9391321933387,531.7601817698417,533.0039672851562,76144500
2024-07-01,534.3848928648134,534.6297405125247,531.339002473828,534.1008911132812,40297800
2024-07-02,532.4947501316359,537.6953125,532.4457925507478,537.6953125,40434800
2024-07-03,537.381917105902,540.457218430894,537.3427629954197,540.0948486328125,32789900
2024-07-05,540.3984429341523,543.6108134486142,539.7618150479054,543.2092895507812,41488400
2024-07-08,543.9927357696513,544.7860397915607,542.7684974779849,543.8360595703125,36110500
2024-07-09,544.7959245684453,545.6969473479489,544.0711849559792,544.364990234375,27289700
2024-07-10,545.5891764995068,550.0943497431794,545.2953712492263,549.7515869140625,38701200
2024-07-11,549.8690906630567,550.7407626908513,544.3747234457534,545.0112915039062,53054200
2024-07-12,546.1376269625789,552.0531251206323,545.667538567234,548.448974609375,53084400
2024-07-15,550.4470318184875,553.1991175344059,548.0964700225896,549.9573364257812,40584300
2024-07-16,551.2695891404957,553.5123721227574,550.5154392403327,553.2185668945312,36475300
2024-07-17,547.2834441243654,548.9582235359038,545.1385763631698,545.4617919921875,57119000
2024-07-18,546.9994907975359,547.9886849352189,539.0859974733345,541.27001953125,56270400
2024-07-19,541.0349619096787,542.6607838512468,536.6179005483158,537.6756591796875,65509100
2024-07-22,541.6030975244146,543.8263337080781,539.6639229224022,543.2191162109375,43346700
2024-07-23,543.111291105197,545.2659625762393,541.8773090500791,542.3670043945312,34439600
2024-07-24,537.5483785668235,537.8519873002513,529.1549928867055,530.0756225585938,74515300
2024-07-25,530.1931317534066,536.177254363603,526.3735438881854,527.313720703125,61158300
2024-07-26,531.1039639898098,535.9127455404142,530.3302071573028,533.2194213867188,53763800
2024-07-29,534.7669398202207,535.7756811771844,531.5349026238763,533.5328979492188,39515800
2024-07-30,535.0020485169553,536.05980735921,527.421572998221,530.829833984375,46853600
2024-07-31,537.6658891932146,542.0927543010554,536.2947780748914,539.4581909179688,65663400
2024-08-01,541.1819427118934,543.4345294348678,528.3127341764186,531.8189697265625,76428700
2024-08-02,524.7084754222695,525.922910112736,517.7058092355505,521.917236328125,82789100
2024-08-05,501.0954700551791,512.7893973566776,499.7536796951889,506.7171630859375,146267400
2024-08-06,508.5191877541787,518.8322000557341,507.1970342793821,511.3888549804688,84826300
2024-08-07,517.5785536304185,520.6343074860769,507.3733196862517,507.9707336425781,70698300
2024-08-08,513.1126009988247,520.3405097902447,511.0853146734016,519.7137451171875,63276600
2024-08-09,518.8909162499233,523.4940638910218,517.6666780356554,522.00537109375,45619600
2024-08-12,523.2003538167259,524.6889871074426,520.0075304089534,522.2797241210938,42542100
2024-08-13,525.4726249427702,531.1041225821112,525.2277772193205,530.8690185546875,52333100
2024-08-14,531.6622256176499,533.728785456597,528.9885080949739,532.543701171875,42446900
2024-08-15,538.1751381862979,541.9555715802455,537.567920792545,541.6715698242188,60846800
2024-08-16,540.0555332245729,543.581375155023,539.8988570348282,542.885986328125,44430700
2024-08-19,543.2974116195307,548.0768432617188,542.4453464492109,548.0768432617188,39121800
2024-08-20,547.6263456901657,549.2815184001456,545.8438474042439,547.1856079101562,33732300
2024-08-21,548.2335208659752,550.5252615016209,543.2973537542563,549.0659790039062,41514600
2024-08-22,550.9660777475402,551.5732952522009,543.5422788578662,544.7567138671875,56121500
2024-08-23,547.9984691071246,551.4850973665338,545.8045838781815,550.5448608398438,50639400
2024-08-26,551.5732410031779,552.2881770773529,547.528352675827,549.2324829101562,35788600
2024-08-27,547.9592873998898,550.476328645617,546.8134170306081,549.9866333007812,32693900
2024-08-28,549.6438223396717,550.0747565964821,543.6009392739261,546.7937622070312,41066000
2024-08-29,548.7624619787401,552.0630042239653,545.6969639633883,546.8428344726562,38715200
2024-08-30,549.2130481304979,552.572351707579,545.6578544200986,552.0630493164062,62700100
2024-09-03,548.9190687874888,549.2520879225416,538.18498513228,540.7020263671875,60600100
2024-09-04,538.8607329114091,543.0035361193702,538.1359934145067,539.5952758789062,47224900
2024-09-05,539.5365467142444,542.3865472945482,535.8246177750381,538.2828979492188,44264300
2024-09-06,538.6061519080256,540.2319142524223,528.3225490242058,529.2235717773438,68493800
2024-09-09,533.4251872668898,536.4221205223048,531.4957564364314,535.1488647460938,40445800
2024-09-10,537.0587275255268,537.8324845189911,532.1813804449696,537.4798583984375,36394600
2024-09-11,537.3916883108078,543.9144040618945,528.8318231688719,542.9937744140625,75248600
2024-09-12,543.5715745845557,547.8711135710835,541.3483388424467,547.5675048828125,51819600
2024-09-13,548.1748423305235,551.4264269369157,547.9201911599521,550.4274291992188,39310500
2024-09-16,550.1629906749666,551.5047513186543,548.3609450381223,551.2403564453125,36656100
2024-09-17,553.4537083801224,554.9032473896473,549.2325364902464,551.465576171875,49321000
2024-09-18,552.1217580784818,556.969754476821,549.2717571625421,549.8300170898438,59044900
2024-09-19,559.2418737919741,561.0733295553275,556.3722663136862,559.2124633789062,75315500
2024-09-20,557.8430941207945,559.2871857073619,555.2200568119598,558.245849609375,77503100
2024-09-23,559.3167220049795,560.2892833331648,558.0985019985221,559.640869140625,44116900
2024-09-24,560.4366164965969,561.3011287948526,557.6073144224192,561.2421875,46805700
2024-09-25,561.0848203385924,561.8216162283236,558.8940397865819,560.004150390625,38428600
2024-09-26,564.2679463720303,564.5921534543987,559.8668367278948,562.2245483398438,48336000
2024-09-27,563.295359810012,564.1107043094071,560.3776161208616,561.4091186523438,42100900
2024-09-30,560.3775886747461,564.2678934162012,558.078818569817,563.6588134765625,63557400
2024-10-01,563.3051897855821,563.9535439565005,556.035444442894,558.6093139648438,72668800
2024-10-02,557.7154356390834,559.8668828892402,555.3183896615599,558.8451538085938,38097800
2024-10-03,557.3714411111998,559.7684865712154,555.5343678239607,557.8233642578125,40846500
2024-10-04,562.2736036088263,563.2658318866675,558.0984259775333,562.8925170898438,42939100
2024-10-07,561.2420924631317,561.8905065573382,556.6543259021896,557.8037109375,49964700
2024-10-08,560.377637870892,563.67853004462,559.5033520489247,563.0792236328125,37398700
2024-10-09,563.0693978961492,567.5393423690588,562.4701514366566,566.9793701171875,37912200
2024-10-10,565.6334738441669,567.4116060358193,564.3759797176003,565.9871215820312,44138100
2024-10-11,565.9084606662699,570.1131388058892,565.7709110163313,569.3763427734375,42268000
2024-10-14,570.9874990099419,574.966246072679,570.5061351329805,574.032958984375,36217200
2024-10-15,574.2981309420833,574.6026708937048,568.3545951743074,569.5728149414062,54203600
2024-10-16,569.57286786976,572.5691599226542,568.767296964022,572.0484619140625,30725400
2024-10-17,575.594918349773,575.801242846272,571.9109378019983,572.0975952148438,34393700
2024-10-18,573.7872313147403,575.0839994048337,572.3234729286785,574.298095703125,37416800
2024-10-21,573.5711395635755,574.5535342943244,570.378356688641,573.3550415039062,36439000
2024-10-22,570.8204817447413,574.2097557683464,570.1622940232531,573.050537109375,34183800
2024-10-23,571.0267810694698,571.4688706983893,564.3071746074978,567.8143310546875,49314600
2024-10-24,569.7693820750295,569.8479904569926,566.4194418066055,569.0424194335938,34979900
2024-10-25,571.2723100723214,574.1703862188206,567.9027036914881,568.8457641601562,47268200
2024-10-28,572.3235609618828,572.4512770786239,570.299830137409,570.6043701171875,30174700
2024-10-29,569.6415908764491,572.6477165136779,568.2466070737139,571.52783203125,42899700
2024-10-30,571.0562623128328,573.0505525749719,569.0914726763393,569.798828125,41435800
2024-10-31,565.4271839715354,565.4959588071013,558.4325373559277,558.6290283203125,60182500
2024-11-01,561.2617325907157,565.4172428761593,560.5740443264921,560.9866333007812,45667500
2024-11-04,561.1242574334378,562.4210257711015,557.8922001113365,559.7783813476562,38217000
2024-11-05,560.6920242782184,566.5863933486033,560.4759261934032,566.547119140625,39478300
2024-11-06,578.8270097230293,581.508928254242,575.0840880526238,580.6345825195312,68182000
2024-11-07,582.6386570968723,586.1458133207747,582.5600487330294,585.1240844726562,47233200
2024-11-08,585.6742957423695,589.0832369047557,585.6742957423695,587.6587524414062,46444900
2024-11-11,589.2501303160354,589.6037779981073,586.4896037587446,588.2186279296875,37586800
2024-11-12,588.1401110548398,588.7393574916656,583.9059918696842,586.3914794921875,43006100
2024-11-13,586.8531544283672,588.6803942959151,584.4856094336134,586.6763305664062,47388600
2024-11-14,586.804069200042,587.2854330583992,582.2163022724781,582.9039306640625,38904100
2024-11-15,579.3378226480269,579.8094129170865,573.5810036102117,575.437744140625,75988800
2024-11-18,575.8993966406199,579.1118465214918,575.0349444617987,577.7954711914062,37001700
2024-11-19,574.416160766251,580.6346774978193,573.7481394095216,579.90771484375,49412000
2024-11-20,579.9862433981077,580.3889988810581,574.3374733314436,580.1041259765625,50032600
2024-11-21,582.9531169226577,584.6428072515256,577.1078556838472,583.2183227539062,46750300
2024-11-22,583.2084127301733,585.6546259064262,582.7074417987914,585.02587890625,38226400
2024-11-25,588.9653319760873,590.281707390563,584.7213793724078,587.0103759765625,42441400
2024-11-26,588.2579123147351,590.7433995936517,587.540783398016,590.0753784179688,45621300
2024-11-27,589.8887226529953,590.2718110026187,586.7647148108081,588.2874145507812,34000200
2024-11-29,589.1027595534448,592.7277982726248,588.827720226239,591.94189453125,30177400
2024-12-02,592.354515594293,593.6807844427898,591.8633182342458,593.0029296875,31746000
2024-12-03,592.7672106157903,593.5236138358292,591.73570807165,593.2780151367188,26906600
2024-12-04,594.9676840777096,597.2075127280552,594.2996629026728,596.9619140625,42787600
2024-12-05,596.9620702121586,597.7676412411694,595.626027512611,595.9796752929688,28762200
2024-12-06,596.7458937244957,598.3472020292826,596.333304701608,597.109375,31241500
2024-12-09,596.9914414878755,597.1584317989794,593.445010988573,594.034423828125,34742700
2024-12-10,594.7122615181331,595.1346840344664,591.5293123546073,592.1875,37234500
2024-12-11,595.1150870375847,597.7183970026139,594.8399877419274,596.7655029296875,28677700
2024-12-12,595.9010008938557,596.4707466548862,593.6906127929688,593.6906127929688,31543800
2024-12-13,595.7242008087076,596.4413297893211,592.1973772710232,593.57275390625,35904700
2024-12-16,595.331290479334,597.0799821268581,594.5552201188243,596.1073608398438,43695200
2024-12-17,593.5530906608857,594.5158183353977,592.2759894688432,593.6513061523438,55773500
2024-12-18,593.3467745348553,595.7339866328443,575.5752867073982,575.9584350585938,108248700
2024-12-19,580.948961299734,582.5601031255708,575.5359564813775,575.7815551757812,85919500
2024-12-20,573.4513839180992,587.231466902458,572.6036351958548,582.697265625,125716700
2024-12-23,582.4410536479828,586.7879698949739,579.257197549177,586.1867065429688,57635800
2024-12-24,587.5370230202848,592.7415539521577,586.9554328723399,592.7020874023438,33160100
2024-12-26,590.9279213446937,593.8652919269226,589.5282423631364,592.7416381835938,41219100
2024-12-27,588.9958679237085,589.2324867459512,582.3128451341881,586.5020751953125,64969300
2024-12-30,579.4839659814963,583.2788920150762,576.0536844624783,579.8092041015625,56578800
2024-12-31,581.4749602926895,582.194563069081,576.0634704063194,577.6997680664062,57052700
2025-01-02,580.9624149327,582.6775253068124,572.1995172748154,576.2803344726562,50204000
2025-01-03,579.129057366777,584.1265095290074,578.0447499447286,583.48583984375,37888500
2025-01-06,587.7440676720806,591.1250155334773,585.1122021784661,586.8470458984375,47679400
2025-01-07,588.877548048508,589.2028462645713,578.3897338233832,580.2132568359375,60393100
2025-01-08,580.282291853868,582.1354148697908,576.8323377526707,581.0609741210938,47304700
2025-01-10,577.5026413332764,577.5716476388544,570.2774344732991,572.189697265625,73105000
2025-01-13,567.5372072518853,573.4316812597856,567.1231694250464,573.0768432617188,47910100
2025-01-14,576.0042498383493,576.635112947905,570.0801769152397,573.8652954101562,48420600
2025-01-15,581.8889752343268,585.4473419377294,580.7751281246863,584.303955078125,56900200
2025-01-16,585.6740294157521,585.8514484014332,582.4803673486446,583.1802368164062,43319700
2025-01-17,588.4242094250709,590.7898562052613,587.0934767089387,589.0353393554688,58070600
2025-01-21,592.0810894520482,594.4369296257112,590.1096871636119,594.4270629882812,42532900
2025-01-22,597.2560928487167,599.1289493146973,596.7041025475482,597.7686767578125,48196000
2025-01-23,597.1378398743527,601.0313720703125,596.8618747927997,601.0313720703125,41152100
2025-01-24,601.0904500891409,602.0466115435261,598.1234798327728,599.2767333984375,34604700
2025-01-27,586.3049484329972,591.1151752666312,586.1373960687419,590.7997436523438,70361100
2025-01-28,592.0319005940263,596.7139816946946,588.7100920787573,595.8761596679688,44433300
2025-01-29,595.0874967960807,595.4916679771449,590.6518414168764,593.204833984375,37177400
2025-01-30,595.3240968992558,597.9263022497843,592.130374590218,596.3886108398438,39281300
2025-01-31,598.8134974486875,601.2383441338676,592.4557124803268,593.2147216796875,66566900
2025-02-03,584.1954832564219,591.7065212004032,582.0466619706364,589.2225952148438,65857200
2025-02-04,589.281761222817,593.6878166788046,588.7396375989994,593.17529296875,33457800
2025-02-05,592.0515554519985,595.7282015036632,590.021013481686,595.580322265625,30653100
2025-02-06,597.3250923662002,597.7785366008171,594.0131505968404,597.650390625,35771500
2025-02-07,598.2122352633725,599.4344951653416,591.4700123634921,592.1797485351562,50788500
2025-02-10,595.3931329282537,596.8420848342793,594.1215398587573,596.2013549804688,26048700
2025-02-11,593.93424024475,597.1969087784863,593.8159609148958,596.65478515625,30056700
2025-02-12,590.6321754646003,595.9056528588447,589.9520392250456,594.732666015625,45076100
2025-02-13,595.8367256890687,601.2186766543514,594.5750592605841,601.0116577148438,40921300
2025-02-14,601.2186143347305,602.2535886001177,600.3610590723445,600.9820556640625,26910400
2025-02-18,602.145135650955,602.7463989257812,599.6808827255115,602.7463989257812,26749000
2025-02-19,601.3566081495158,604.4615308486234,600.8440242708047,604.1658325195312,31011100
2025-02-20,602.7956695963146,602.9336821985821,598.3403412349714,601.6522827148438,36554000
2025-02-21,601.4353474393176,601.5733600301725,590.8982004361474,591.3615112304688,76519800
2025-02-24,593.4118748152965,594.4074426853949,587.960918125522,588.670654296875,50737200
2025-02-25,588.6114660308307,589.3408752561445,581.129967827771,585.7430419921875,58266500
2025-02-26,587.4089575799121,591.0067913230648,583.3971461439291,586.038818359375,43321600
2025-02-27,588.3157098294636,589.4690234968429,576.290203877955,576.6844482421875,74196700
2025-02-28,577.1871598716435,586.2161558854355,574.1117771132394,585.6838989257812,88744100
2025-03-03,587.6553155599406,588.798762606637,571.6081318173137,575.4227905273438,74249200
2025-03-04,571.4208567458912,577.0196322682823,564.0675042327628,568.611572265625,109648200
2025-03-05,568.4440493526719,576.5169448984452,564.8856823224501,574.7229614257812,71230500
2025-03-06,567.2512863712917,571.8742272350298,561.9679425734266,564.5209350585938,80094900
2025-03-07,562.7368791286215,569.1340707451673,557.5422141835529,567.68505859375,81158800
2025-03-10,559.4741670846696,561.3962362827218,547.6457527585567,552.5643920898438,99326600
2025-03-11,551.4012280579012,555.9551623983707,544.1267490127518,547.970947265625,88102100
2025-03-12,554.1315858671662,555.0581473332891,545.7728595599632,550.8787841796875,69588200
2025-03-13,550.5043158830474,551.1154458832376,541.8202897344504,543.535400390625,74079400
2025-03-14,548.1582415612112,555.7678855775432,543.6043071486545,554.762451171875,62660300
2025-03-17,554.742702735982,561.5637976935186,554.3089918436672,559.0404052734375,49008700
2025-03-18,556.7240271713574,556.9409127203818,551.0661118946721,552.9981079101562,66041400
2025-03-19,554.7821880592443,562.7860764826731,553.5993346617712,559.0206909179688,66556000
2025-03-20,555.2750258330774,562.4114922780789,554.5554231088431,557.4041137695312,62958200
2025-03-21,552.9413292589383,558.4877328401925,551.7054963570508,557.5880126953125,83763000
2025-03-24,564.3307537296456,568.6314886589248,563.7375780431137,567.5736083984375,58766800
2025-03-25,568.7797678649376,569.8771730865459,567.1880294433175,568.93798828125,38355700
2025-03-26,568.6710483477373,569.7981425644431,560.7617168790538,562.1458740234375,51848300
2025-03-27,560.7517355574175,564.4296055114135,558.5371327368356,560.6528930664062,42164200
2025-03-28,559.120558969836,559.8521624781242,548.7790863172526,549.3623657226562,71662700
2025-03-31,543.5984015371023,554.3550955683165,540.6719276036363,553.050048828125,95328200
2025-04-01,551.1320571376683,556.559825628618,547.4047657676659,554.6121215820312,54609600
2025-04-02,548.7592465118332,560.9890444564371,548.52197624234,558.1219482421875,76014500
2025-04-03,538.9319060881811,541.7594774009829,530.6172485351562,530.6172485351562,125986000
2025-04-04,517.7349036725598,519.9099817661254,499.3358369172059,499.5533447265625,217965100
2025-04-07,483.64569927250346,517.2405628900261,476.33944038650816,498.6635437011719,256611400
2025-04-08,515.9454474877983,519.0300819148135,483.6160734043612,490.8531188964844,165816600
2025-04-09,487.8476103166447,542.4022216796875,487.4620158912083,542.4022216796875,241867300
2025-04-10,526.1385259148457,527.4534689848499,503.5475251856576,518.6345825195312,162331200
2025-04-11,517.0824330937988,530.3503195313269,514.1757514102393,527.8885498046875,97866300
2025-04-14,537.883883195208,538.1113174755011,527.8093712828247,533.009765625,68034000
2025-04-15,533.5536182929557,537.0732685211545,530.726046664157,531.5169677734375,56892900
2025-04-16,525.6541223320015,531.7937621429162,514.3931980244283,519.7023315429688,83484800
2025-04-17,521.6599483491107,525.1499093262158,517.9721816819745,520.44384765625,79868100
2025-04-21,515.2533065114334,515.7872249375157,502.6972625032136,508.0558471679688,69368100
2025-04-22,514.2449494916972,523.3011070538847,513.305704354498,521.2743530273438,75948100
2025-04-23,534.3049739114415,539.2483058984949,527.8292210770832,529.3517456054688,90590700
2025-04-24,530.6369235756985,541.2255608935037,529.3813584649887,540.4939575195312,64150400
2025-04-25,540.454522631326,544.804618673288,537.5280483044934,544.3992919921875,61119600
2025-04-28,545.1407910444296,547.2762839575454,538.8429907853031,544.6068725585938,47613800
2025-04-29,542.6888178923871,549.1547344204944,542.3329124899421,548.0375366210938,47775100
2025-04-30,541.3640295279456,550.2126052496137,535.382610300473,548.2550048828125,93101500
2025-05-01,554.0189932525213,557.6770710508032,551.5374308999284,552.1405029296875,63186100
2025-05-02,558.3294653880318,561.9381212948161,556.0061238656243,560.3364868164062,60717300
2025-05-05,556.194064255589,560.2278400664005,555.3339293144951,557.1234130859375,38659200
2025-05-06,551.6066618961361,556.9652171268149,550.64768441023,552.466796875,48264700
2025-05-07,553.8014947566288,557.4298834610689,549.738030089525,554.7901611328125,55588000
2025-05-08,558.8337754612519,563.8463212534109,555.333918196641,558.6558227539062,65130800
2025-05-09,560.0597310271954,561.0681900796083,556.3819209310694,557.9440307617188,37603400
2025-05-12,574.8798371188,576.3925257137258,570.5000520977247,576.3826293945312,78993600
2025-05-13,576.7977862928067,582.403567726764,576.2342995973956,580.18896484375,67947200
2025-05-14,581.1478975288738,582.3046201283636,578.9036058641954,580.930419921875,66283500
2025-05-15,578.9234551699535,584.2721134769878,578.4686469334371,583.7679443359375,71268100
2025-05-16,584.5489982766968,587.7621640177526,582.6013544692614,587.465576171875,76052100
2025-05-19,581.4346564328234,588.7903364922698,581.4346564328234,588.108154296875,68168500
2025-05-20,586.3681289429425,587.317209981726,582.917632829089,586.1307983398438,60614500
2025-05-21,581.7708648204313,585.8639582409971,575.2258980125081,576.2540893554688,95197700
2025-05-22,576.0563267018498,579.971467292194,574.8204937262445,576.4815063476562,70860400
2025-05-23,569.4520392436427,575.2159811048424,569.0763411937487,572.5465698242188,76029000
2025-05-27,579.4276923460704,584.6082943415249,571.8742669840636,584.4501342773438,72588500
2025-05-28,584.8554566278126,586.0517646206928,580.3372442209068,581.06884765625,68445500
2025-05-29,586.3385054465637,586.4769332279744,579.4277368161022,583.3626098632812,69973300
2025-05-30,582.2552747565533,584.430352826958,576.6297607292682,582.7100830078125,90601200
2025-06-02,581.0985818518681,586.0715425417425,578.429170462151,585.9924926757812,61630500
2025-06-03,585.6266079138771,590.3128764026674,585.1421107506463,589.3341064453125,63606200
2025-06-04,590.1943197189499,591.1730898063917,588.7409487228937,589.1759643554688,57314200
2025-06-05,590.8566609128592,592.2111289512687,584.3512195951713,586.3285522460938,92278700
2025-06-06,591.8748864905677,594.0203356126545,590.0952993819595,592.3494873046875,66588700
2025-06-09,592.9229477814916,594.4356362447949,591.7069074945726,592.8834228515625,53016400
2025-06-10,593.4173023897237,596.6304681071312,592.3001649023746,596.2449340820312,66247000
2025-06-11,597.3423765043648,598.2025114763902,592.4781545343917,594.54443359375,73658200
2025-06-12,593.2096852350186,596.9072875976562,592.7252483956809,596.9072875976562,64129000
2025-06-13,591.7168252456129,595.0288334634262,588.731033484191,590.2338256835938,89506000
2025-06-16,593.5952983788304,597.5993850121447,593.4172853343232,595.8494262695312,79984100
2025-06-17,593.4074922933922,594.9300168530282,589.9965810836336,590.7578735351562,82209400
2025-06-18,591.6574895866379,594.4059506456396,589.7097855095001,590.6688232421875,76605000
2025-06-20,593.3471074282096,594.4180406328666,587.8735160730708,589.2816162109375,94051400
2025-06-23,590.0351674928282,595.4889076465048,586.9116980815279,595.1022338867188,87426000
2025-06-24,599.2470472798032,602.737399696003,598.3347417480489,601.6764526367188,67735300
2025-06-25,602.7969444947229,603.4910690166892,600.4468830082857,602.0136108398438,62114800
2025-06-26,603.8679120398481,607.1599955272326,603.2531315625092,606.7236938476562,78548400
2025-06-27,607.7252035075089,611.2056913389495,605.692457719191,609.7380981445312,86258400
2025-06-30,612.1873634601734,614.0118537505704,609.867018033134,612.6533813476562,92502500
2025-07-01,611.1758893553448,613.625146088841,610.3429883405835,612.455078125,70030100
2025-07-02,612.0484833566157,615.2711481262035,611.4237773441516,615.2315063476562,66510400
2025-07-03,617.214676143094,621.0124795190609,617.194824993195,620.0803833007812,51065800
2025-07-07,618.1170465947881,618.7814549531971,612.6732314169623,615.4595947265625,74814500
2025-07-08,616.1238907210633,616.8775081543645,614.3093261623386,615.1224365234375,59024600
2025-07-09,617.5319680301938,619.4655183729625,615.6875662931247,618.8110961914062,66113300
2025-07-10,618.9499658515675,621.5974919629854,617.7699723301522,620.5563354492188,57529000
2025-07-11,617.5022136064131,619.6043777491163,616.3024294765994,618.3748168945312,63670200
2025-07-14,617.9186024028506,619.901780492049,616.5700558274259,619.5547485351562,51898500
2025-07-15,622.2420420602726,622.5791484786782,616.8279435196437,616.9072875976562,74317300
2025-07-16,618.4937831556223,619.4754466932056,612.8516386863737,618.9697265625,88987500
2025-07-17,619.1482301954767,623.1145864157634,618.9300491320286,622.757568359375,68885700
2025-07-18,624.007017899032,624.175571102461,621.1909387049365,622.301513671875,65621600
2025-07-21,623.4815063476562,626.2281670376054,623.0551302914085,623.4815063476562,63375000
2025-07-22,623.8087114591411,624.4334174667899,620.9232136557434,623.5707397460938,60046300
2025-07-23,626.2381323551606,628.8757934570312,624.4334327911965,628.8757934570312,70511000
2025-07-24,629.2624631630094,630.7994747941685,628.6576082944551,629.083984375,71307100
2025-07-25,629.748350781943,632.2173979677802,629.5004535059064,631.7413940429688,56865400
2025-07-28,632.1181999979412,632.6734874729789,630.1945147233831,631.582763671875,54917100
2025-07-29,632.9809077241022,633.2982235137306,629.0046860832861,629.9169311523438,60556300
2025-07-30,630.5713386132512,632.3165451544952,626.2281734095909,629.1236572265625,80418900
2025-07-31,634.0816044685715,634.4682782312485,625.4646925404661,626.763671875,103385200
2025-08-01,621.0322789916852,621.0719812920488,614.0812292944926,616.4907836914062,140103600
2025-08-04,620.4075271113948,625.9108344398344,620.3183179857707,625.8612670898438,73218000
2025-08-05,626.476110377079,627.2892207726588,621.7660617410078,622.688232421875,68051400
2025-08-06,623.7590952688204,628.1121858315174,622.8468502662965,627.457763671875,64357500
2025-08-07,630.8886206499576,631.6223868787783,623.8185857342208,626.9321899414062,74205800
2025-08-08,628.727047311219,632.2868791777582,628.4097315038053,631.82080078125,64051600
2025-08-11,632.0984361099556,633.5758942477272,629.3219380955197,630.5713500976562,58742300
2025-08-12,632.9214680410968,637.4431125105409,631.434084195598,637.2844848632812,64730800
2025-08-13,639.4857330110176,640.7549961752953,637.2745085703324,639.4659423828125,60092800
2025-08-14,637.3835851461316,640.1897994624859,636.9374184340268,639.5254516601562,59327500
2025-08-15,640.5566774831647,640.6558727131268,637.11589211782,638.0281372070312,68592500
2025-08-18,637.4529805837014,638.5834067295413,636.7787072305159,637.8892822265625,43804900
2025-08-19,637.7108075589789,638.6924711313014,633.1098193903536,634.4286499023438,69750700
2025-08-20,634.0221086228163,634.2798709561484,627.6263466835007,632.742919921875,88890300
2025-08-21,630.9283690027011,632.604096553562,628.4791123479844,630.2044677734375,54805800
2025-08-22,632.3958993542917,641.0623787509013,631.8901792096084,639.8823852539062,84083200
2025-08-25,638.6230253017661,639.8625116828326,636.9472372936925,637.0662231445312,51274300
2025-08-26,636.7985773675441,640.0807351008626,636.1738713484165,639.733642578125,51581600
2025-08-27,639.148612992103,641.9250504526357,638.9998504138363,641.1912841796875,48341100
2025-08-28,641.7961126896905,644.0172625669782,639.9121297324674,643.4619750976562,61519500
2025-08-29,642.0242015644989,642.3911452321481,637.7306640961879,639.6245727539062,74522200
2025-09-02,632.13804448044,635.1028861742022,629.5797276837342,634.884765625,81983500
2025-09-03,637.2646148509236,638.7917009543937,635.0732414506999,638.3256225585938,70820900
2025-09-04,638.999797688006,643.6900550422279,638.09747828346,643.6602783203125,65219200
2025-09-05,646.0004708304714,646.7243720544352,637.9190556866993,641.796142578125,85178900
2025-09-08,643.1644862104067,644.3742563254497,641.7861629025881,643.3727416992188,63133100
2025-09-09,643.5115612591451,645.3856792185645,641.7762803015634,644.8601684570312,66133900
2025-09-10,648.122479271532,649.0446498954948,645.1576374702139,646.724365234375,78034500
2025-09-11,648.6778210448584,652.7929404681626,648.092817304151,652.0988159179688,69934400
2025-09-12,652.0689585463732,653.5662677492645,651.3748946038203,651.8805541992188,72780100
2025-09-15,654.0918582328915,655.4800466805781,653.7943936028013,655.3511352539062,63772400
2025-09-16,655.9063983981582,656.213849113272,653.6654579201036,654.4487915039062,61169000
2025-09-17,654.4587781451693,656.1543568928759,648.7967821934204,653.6357421875,101952200
2025-09-18,656.3229972048737,659.2977648370164,654.7166275252608,656.6898803710938,90459200
2025-09-19,658.5800832029405,660.7874850308027,656.6311583459587,659.9423217773438,97945600
2025-09-22,658.4508309420254,663.5119788762895,658.4209716621773,663.0645751953125,69452200
2025-09-23,662.9452156846509,663.5617612775759,658.2320617574377,659.4551391601562,81708900
2025-09-24,660.7477220570149,660.8471316064555,655.9350982101993,657.3569946289062,68082200
2025-09-25,654.2149171420698,655.6765652531099,650.7048739536411,654.3242797851562,89622100
2025-09-26,655.7760789419195,658.619871988132,654.1553026157394,658.072998046875,69179200
2025-09-29,660.5985670660314,661.5134019828115,658.112721358766,659.9224243164062,73499000
2025-09-30,659.1766647693167,662.8756347075731,657.8641309647478,662.4082641601562,86288000
2025-10-01,659.4152702620313,665.5801794564833,659.3059076216911,664.6654052734375,72545400
2025-10-02,666.6540464714482,666.7733621981591,663.004842335434,665.4309692382812,56896000
2025-10-03,666.1966948783695,668.8714672806448,664.377038831869,665.421142578125,70494400
2025-10-06,667.8174482099862,668.7024238148077,665.669704301124,667.8074951171875,54623300
2025-10-07,668.7322238208072,669.1796881705657,663.8898014056139,665.3316040039062,72020100
2025-10-08,666.4552183740389,669.398481470165,665.6299006256374,669.2990112304688,60702200
2025-10-09,669.7166839203261,670.1243359074817,665.4211353124821,667.3600463867188,66501900
2025-10-10,668.324542434099,670.1342452495495,649.14378031214,649.32275390625,159422600
2025-10-13,656.9095884512618,661.3642043859337,656.0345659370097,659.2860107421875,79560500
2025-10-14,653.4492417720955,662.0602448848334,649.4718888267987,658.4805908203125,88779600
2025-10-15,663.0446129876665,666.4352795829697,655.1992699391986,661.4039306640625,81702600
2025-10-16,663.0445999065358,664.9239136533134,653.3895542222015,656.8995971679688,110563300
2025-10-17,655.7660892614911,661.9906565438909,654.4138037793879,660.62841796875,96500900
2025-10-20,663.5418206897375,668.4041493887289,663.4921159142255,667.499267578125,60493400
2025-10-21,667.638493864759,669.1797060532549,666.1867381348511,667.4893188476562,56249000
2025-10-22,668.1953369980629,668.1953369980629,659.5445816579371,664.0191040039062,80564000
2025-10-23,664.3372592841532,668.9012985038863,664.019063764971,667.9566650390625,65604500
2025-10-24,672.6300829996666,674.628651928334,671.8246714345047,673.4155883789062,74356500
2025-10-27,678.8645527756448,681.658640907831,678.2580209918731,681.3603515625,63339800
2025-10-28,683.1600908523567,685.0095454543999,680.9526890414517,683.1700439453125,61738100
2025-10-29,684.8206562449755,685.795149064121,679.0038013689816,683.4982299804688,85657100
2025-10-30,680.0279821977349,682.0564104652303,675.9810180664062,675.9810180664062,76335800
2025-10-31,681.1614116072222,681.2012239761448,675.3942622450203,678.1983032226562,87164100
2025-11-03,681.7878948104295,681.9171636388411,676.0903560257897,679.4711303710938,57315000
2025-11-04,672.2820616639051,676.1103005794487,670.7607556049009,671.4169921875,78427000
2025-11-05,671.1583975728993,677.0051112074705,670.3529860359731,673.7437133789062,74402400
2025-11-06,672.6399897028363,673.5448715272548,664.9338680034818,666.514892578125,85035300
2025-11-07,664.1284090392404,667.2805048704689,657.4663915648358,667.1710815429688,100592400
2025-11-10,673.4056154266486,678.3176487268574,671.2081667723378,677.5818481445312,75842900
2025-11-11,676.1002762110339,679.6997756663966,674.8871520395073,679.1329956054688,58953400
2025-11-12,680.9129156193362,681.0819968300743,677.0946904605516,679.5109252929688,62312500
2025-11-13,676.6472315164618,677.0051787486752,666.7237544337754,668.235107421875,103457800
2025-11-14,661.612768198211,671.8345335183507,659.5147291242073,668.1256713867188,96846700
2025-11-17,665.9083353081996,669.8956413839408,658.4209391867944,661.901123046875,90456100
2025-11-18,658.3512953245886,661.354216097308,652.146634691611,656.3427734375,114467500
2025-11-19,657.0388554539629,663.5617119214406,655.0203196831769,658.8783569335938,94703000
2025-11-20,669.1001291109939,671.7351497651099,648.1991802397498,648.8355712890625,165293500
2025-11-21,651.3412595795126,660.7874729698119,647.1650267848305,655.2987670898438,123956200
2025-11-24,658.9380055466532,666.2662734630499,657.8442577670318,664.9437866210938,80437900
2025-11-25,664.8444060411854,672.3815071629971,660.717877921785,671.1982421875,81077100
2025-11-26,673.7934667684052,677.8404309302599,672.8885849296569,675.8318481445312,71879600
2025-11-28,677.0051081523229,679.7991961322198,676.6471609574353,679.5208129882812,49212000
2025-12-01,674.9667014318244,679.1230277654502,674.8970904760725,676.41845703125,61201200
2025-12-02,678.0591325179204,679.9483994968172,675.4838303983408,677.67138671875,62953800
2025-12-03,676.7167950740063,681.0321891246488,675.8417725523884,680.0180053710938,57238500
2025-12-04,681.4199577792665,681.4895687361658,677.4824173401821,680.51513671875,61970300
2025-12-05,681.5890143183475,684.4925257185774,680.7040993957534,681.8078002929688,79241000
2025-12-08,682.7027235077143,682.7524282821314,677.7111260885928,679.7594604492188,55231500
2025-12-09,679.2822138612034,681.5095218770947,678.7253868572307,679.1727905273438,58310100
2025-12-10,678.6955405173951,685.0692222502689,677.4526176554032,683.6771850585938,85671300
2025-12-11,681.2609148661827,685.3476304583654,678.3076987410943,685.26806640625,86173700
2025-12-12,684.2737672143002,684.9797692517327,675.3247225627367,677.9000854492188,113160300
2025-12-15,681.8574988128718,681.8774049984522,675.4042533093998,676.8758544921875,90811000
2025-12-16,675.3843754405706,677.2239376857725,671.1584377196804,675.0264282226562,122030600
2025-12-17,676.0406154817738,676.5874893555698,667.3998140691156,667.5986938476562,110625200
2025-12-18,673.7635606688432,676.8857972779194,671.0788959983324,672.6399536132812,108650100
2025-12-19,674.747283458469,679.2350273728672,674.6275542880097,678.7363891601562,103599500
2025-12-22,682.0772531068674,683.4933686131409,678.7364013691785,682.96484375,69556700
2025-12-23,682.0572680421344,686.325640311278,682.0074163952171,686.0863037109375,64840000
2025-12-24,686.0763204450832,688.9484813838191,685.9267046355759,688.4996948242188,39445600
2025-12-26,688.758988861415,689.7761694005526,687.392725060237,688.4298706054688,41613300
2025-12-29,685.6674092439482,687.322922191004,684.2014421207446,685.9765625,62559500
2025-12-30,685.5777200962995,686.6846823672308,684.7100944386586,685.138916015625,47160700
