DateTime,Open,High,Low,Close,Volume
1993-01-29,24.19257132800172,24.19257132800172,24.072210276618623,24.175376892089844,1003200
1993-02-05,24.192566847397103,24.811575917402905,24.192566847397103,24.742786407470703,2234800
1993-02-12,24.7427864074707,24.82877356750743,24.50208653943844,24.53646850585937,1159800
1993-02-19,24.467691173320365,24.467691173320365,23.55637761137312,23.969053268432617,998700
1993-02-26,24.037828752191857,24.450498276240047,23.917461665403177,24.43330383300781,1024300
1993-03-05,24.51928058104693,24.863163754136448,24.33014167053395,24.622438430786133,658500
1993-03-12,24.674020184845222,25.224251888416436,24.65681551102541,24.81156539916992,1129000
1993-03-19,24.79437695996515,25.035099066372577,24.742798468373373,24.894216537475582,489600
1993-03-26,24.652350442357932,25.015137183377483,24.63507479383491,24.82511329650879,487400
1993-04-02,24.84238038621507,25.136071676040583,24.37594223022461,24.37594223022461,443600
1993-04-09,24.565976461671475,24.61779270697077,24.358660402527285,24.47958755493164,510700
1993-04-16,24.721459378778064,24.96330846680535,24.686908072867823,24.842384338378903,810700
1993-04-23,24.84237187934321,24.91147444368075,24.15135987690517,24.185911178588867,708100
1993-04-30,24.203176403663583,24.479584299308176,23.926766109260573,24.34137916564941,478800
1993-05-07,24.375944294949683,24.73872579722949,24.272290385828708,24.514135360717773,461300
1993-05-14,24.54868810253975,24.70416888573669,24.30684200877493,24.32411766052246,380100
1993-05-21,24.39321820042442,25.01512829018705,24.23774170859004,24.738718032836918,509000
1993-05-28,24.79055738913333,25.23971728019242,24.79055738913333,24.99785804748535,457600
1993-06-04,25.0842366776672,25.32609570899457,24.9287538982573,25.03240776062012,102200
1993-06-11,25.084238649405272,25.084238649405272,24.721454620361328,24.92875862121582,934500
1993-06-18,24.963319151042487,24.98059480443421,24.77328696373351,24.77486228942871,633400
1993-06-25,24.84445496247044,25.0010479516444,24.618288040161133,24.931455612182617,682900
1993-07-02,25.053244644070265,25.209827423095703,24.792278196428203,24.879268646240234,1976100
1993-07-09,24.844463124629044,25.03584098815918,24.583491873319915,25.03584098815918,1216500
1993-07-16,25.00104978983193,25.15762600257228,24.861866253485843,24.91405487060547,2040800
1993-07-23,24.914050301499167,24.966253280639645,24.757476249721407,24.896652221679688,1318000
1993-07-30,24.966248657406823,25.17502292625126,24.931457108819934,24.96625328063965,651200
1993-08-06,25.001044822783,25.15762832164765,24.96624940633774,25.03584098815918,996000
1993-08-13,25.105435510462694,25.244620184117377,25.00104326811644,25.122833251953125,2382500
1993-08-20,25.14022022567833,25.54038967614288,25.14022022567833,25.50559425354004,1134600
1993-08-27,25.4011958833435,25.905740422384717,25.4011958833435,25.749168395996094,677000
1993-09-03,25.76655194319755,25.940549604810737,25.74917328004246,25.81876564025879,1489400
1993-09-10,25.8187504668734,25.853566382308603,25.383785252996333,25.83616828918457,812000
1993-09-17,25.923134635627516,25.923134635627516,25.55779428944755,25.66449737548828,607600
1993-09-24,25.699516569239893,25.75203601726968,25.104300299539823,25.64698600769043,957700
1993-10-01,25.839568720887755,25.944614356015705,25.664495856841025,25.857067108154297,775900
1993-10-08,25.8921012878418,25.979626709852763,25.61198268719573,25.804553985595703,1798000
1993-10-15,25.857067108154297,26.41727697516818,25.857067108154297,26.3647575378418,2243000
1993-10-22,26.34726013229309,26.34726013229309,25.979625701904297,25.979625701904297,2279800
1993-10-29,25.99712502571844,26.312263073962555,25.92709909972324,26.242237091064453,629400
1993-11-05,26.207203615687327,26.329753647155357,25.506943797159387,25.804553985595703,1271200
1993-11-12,25.822068326841524,26.18971103026034,25.75204237883653,26.1021785736084,858100
1993-11-19,26.154675945819623,26.224712282159008,25.892081623617933,25.94460105895996,1122300
1993-11-26,25.87458840633685,26.102163914711245,25.699523532139715,26.049644470214844,1352000
1993-12-03,26.11966584343337,26.172203063964847,25.909596788505404,26.172203063964844,1784700
1993-12-10,26.20720421600342,26.29473662821452,26.04965909961724,26.1021785736084,1164400
1993-12-17,26.1021653213501,26.28086333306844,26.03215217590332,26.26323699951172,580600
1993-12-24,26.245607714870346,26.421855556773632,26.175082141950615,26.368976593017575,1218600
1993-12-31,26.368980103350697,26.598133268388008,26.26323075681465,26.28085708618164,2127200
1994-01-07,26.28084004959486,26.54525427580672,26.175082141950615,26.52762794494629,2812600
1994-01-14,26.562867532180316,26.844888687133786,26.492362243441946,26.739133834838867,1428800
1994-01-21,26.739133834838867,26.809658785294104,26.65100324271929,26.72152709960937,751600
1994-01-28,26.7038867205184,27.091646820695843,26.56287609757177,27.003515243530277,1530300
1994-02-04,27.109278987308485,27.25028954120866,26.49237632751465,26.49237632751465,2794300
1994-02-11,26.42186547462514,26.75676015905432,26.40424344901457,26.598133087158203,2252500
1994-02-18,26.54524735123175,26.897780709743813,26.368978352864584,26.439483642578125,4060100
1994-02-25,26.509992643551463,26.75676326638101,26.26321954306996,26.40423011779785,1848300
1994-03-04,26.474735405161795,26.54524069252574,25.89308380601875,26.333742141723636,2157100
1994-03-11,26.421860101854755,26.51000265906988,26.175102541810915,26.42187118530273,4704200
1994-03-18,26.527624301796035,26.68624980361373,26.38660234875149,26.645193099975582,2048500
1994-03-25,26.556565122496213,26.69837711813921,26.06016731262207,26.06016731262207,2760400
1994-04-01,26.09562492370605,26.131080935830653,24.695107115843783,25.29785919189453,3368300
1994-04-08,24.58874236816189,25.599225475091558,24.58874236816189,25.35104179382324,5231300
1994-04-15,25.421945285000177,25.56376924753853,25.102849821939078,25.29785919189453,2783800
1994-04-22,25.32445792075397,25.554911546697188,24.952167576154636,25.448543548583984,1851400
1994-04-29,25.43968584651743,25.732197913742198,25.421960398461867,25.581512451171875,1562500
1994-05-06,25.5815158126768,25.936075976400662,25.297866995774168,25.38650703430176,1736400
1994-05-13,25.31559168650005,25.439669766737754,25.05853781658085,25.25354766845703,1919800
1994-05-20,25.30673113705819,26.015850688802697,25.244684580780497,25.8474235534668,2646800
1994-05-27,25.820843852864478,26.060157812296065,25.723339808105976,26.024707794189453,2082100
1994-06-03,25.94493398757456,26.31721283479815,25.84743040178749,26.228572845458984,966000
1994-06-10,26.28176694951241,26.36154297060705,25.97152328491211,26.15767478942871,515400
1994-06-17,26.122210856016515,26.41472637050472,26.11334685504739,26.196779251098636,861300
1994-06-24,26.009410994440284,26.054024049319256,25.12605274822695,25.1617431640625,1832800
1994-07-01,25.259899909922616,25.70603423877801,25.13498341443024,25.44727325439453,6744100
1994-07-08,25.50080084692613,25.688190619482626,25.393739190669564,25.643577575683597,501900
1994-07-15,25.661421197752716,25.97369590864329,25.42050307299137,25.9201602935791,1457300
1994-07-22,25.920163973909883,26.027235219241007,25.73280312304924,25.89339828491211,1105000
1994-07-29,25.902326495255263,26.294904925045795,25.7952553062163,26.214601516723636,1981000
1994-08-05,26.232450182844957,26.482296346166297,26.07184389784881,26.143224716186523,1506000
1994-08-12,26.17000948834833,26.46446231372441,26.107543488897324,26.45553970336914,2335100
1994-08-19,26.48228273893657,26.68749063206007,26.35739410247036,26.50904083251953,2272300
1994-08-26,26.51799405552949,27.285322350568254,26.428767965167683,27.231786727905277,1089900
1994-09-02,27.30317143924901,27.401320094749572,26.964113093698465,27.00872611999512,1136700
1994-09-09,26.990896124820885,27.160408130444974,26.73212589355225,26.83919715881348,1030900
1994-09-16,26.839205068681743,27.205018997192383,26.714288555729105,27.011417388916016,2293200
1994-09-23,27.07423946487001,27.190938772908243,26.275312242330436,26.37404060363769,1363400
1994-09-30,26.472784314929047,26.73312161028105,26.418923105743023,26.52666473388672,1227600
1994-10-07,26.544609441200784,26.598475550817067,25.85338851219611,26.113725662231445,1152600
1994-10-14,26.2304165236804,27.19095324897384,26.221439652864625,27.029354095458984,2474700
1994-10-21,27.002442178075604,27.137077553813675,26.63438781507864,26.751087188720703,929200
1994-10-28,26.760063476046128,27.40639190611292,26.427924042057555,27.37946128845215,844800
1994-11-04,27.31662534278801,27.34355596258045,26.61644172668457,26.61644172668457,798500
1994-11-11,26.679260384739848,27.19095157353899,26.589493316753146,26.66130828857422,1216100
1994-11-18,26.778017016074276,27.056307202840905,26.580514804580982,26.697214126586918,979200
1994-11-25,26.679260329059936,26.76005216720312,25.628967097451017,26.12269592285156,1445600
1994-12-02,26.11372843287883,26.40097753865985,25.880326435889724,26.176563262939453,1161700
1994-12-09,26.230421828831577,26.320190555145167,25.673853450461557,25.880321502685547,1418400
1994-12-16,25.82646054123945,26.54813374065962,25.82646054123945,26.49384307861328,821500
1994-12-23,26.49386029419112,26.79244984269707,26.41242424820487,26.674814224243164,2688100
1994-12-30,26.765295140656384,26.873876459685416,26.38526725769043,26.38526725769043,2883000
1995-01-06,26.46670159219475,26.783405118851,26.457653147205964,26.665775299072266,1214300
1995-01-13,26.6567135607186,27.063907623291016,26.53005437447537,27.063907623291016,699900
1995-01-20,27.05485942633931,27.26297370167241,26.90103729685988,26.9553279876709,496900
1995-01-27,26.77434402744135,27.35346020560952,26.756247140636727,27.28107261657715,202800
1995-02-03,27.226793222471844,27.86017220347596,27.12726024625144,27.814929962158203,1071100
1995-02-10,27.80586650095829,28.068290574694867,27.77872117082394,28.00494766235352,2168800
1995-02-17,27.98684696818507,28.240211437862964,27.94160479145665,28.05924415588379,829800
1995-02-24,28.05923460437405,28.466426651800987,28.04113771007907,28.37592124938965,1264800
1995-03-03,28.2944828905273,28.39403508234988,28.077339404519744,28.24925994873047,1795600
1995-03-10,28.059248209304904,28.6021364812733,27.92350789716167,28.529748916625977,678100
1995-03-17,28.51165579235743,28.89342438648508,28.47546200525193,28.85703468322754,873400
1995-03-24,28.89342438648508,29.23910903930664,28.720549255506,29.23910903930664,625500
1995-03-31,29.28461005261412,29.63031155621126,28.847932558621725,29.175439834594727,1339800
1995-04-07,29.166347425351063,29.6121152927769,29.148152573557333,29.521141052246094,1081300
1995-04-14,29.47564818829032,29.74856694928365,29.457453343729647,29.73946952819824,930000
1995-04-21,29.848653418320875,29.87594569514348,29.284617574901603,29.63030815124512,1084300
1995-04-28,29.61211621019656,30.085161849702946,29.61211621019656,30.039674758911133,1299600
1995-05-05,30.012395888883727,30.67652668565084,29.921414661407468,30.385398864746094,2098100
1995-05-12,30.358095056803705,30.78569292909161,30.330802792743043,30.712913513183597,1140300
1995-05-19,30.794785123951023,30.9494292315976,30.221643363206635,30.330812454223636,1499700
1995-05-26,30.430882600180585,31.10409496531767,30.41268775258705,30.60372543334961,1622100
1995-06-02,30.67651947048708,31.395214272268948,30.49457095642725,31.176876068115234,1549000
1995-06-09,31.17687969307336,31.467997332460094,30.71288993305256,30.894838333129883,910900
1995-06-16,30.994937174561084,31.6070384979248,30.97674231857367,31.607038497924805,1487500
1995-06-23,31.698549713475497,32.302504277824006,31.680248010407677,32.22013854980469,1193000
1995-06-30,32.12863308138188,32.18353817921392,31.66193519749953,31.863264083862305,1276500
1995-07-07,31.89984112195191,32.668540347487564,31.89984112195191,32.65938949584961,1103000
1995-07-14,32.68681655494949,32.97965254897605,32.476382416020506,32.82410430908203,1783600
1995-07-21,32.86985166680294,33.04371780869304,31.744292760994057,32.44891357421875,1292200
1995-07-28,32.49466839242489,33.20844601565787,32.49466839242489,32.97052383422852,986900
1995-08-04,32.99796709751645,33.26334086476758,32.476374700503094,32.787498474121094,2158000
1995-08-11,32.86069869995117,32.9796597367374,32.45805893072849,32.59532165527344,1790100
1995-08-18,32.677687328128464,33.03457494107009,32.59533302173131,32.89731216430664,1113300
1995-08-25,33.03457267048302,33.1718354378119,32.65023571187945,32.97052383422852,1025800
1995-09-01,33.06202060306305,33.235881959017775,32.65937351100675,33.18097686767578,2985300
1995-09-08,33.28164923621006,33.70258712768555,33.22674412336506,33.70258712768555,852800
1995-09-15,33.75748305910815,34.489634665830884,33.7208710076674,34.406837463378906,1528800
1995-09-22,34.28723771304644,34.6092529296875,34.020473752118896,34.3332633972168,2106300
1995-09-29,34.37003490634331,34.68285146066603,33.910075327582675,34.4344596862793,2313800
1995-10-06,34.43444532277633,34.51724254636836,34.12165742166052,34.388458251953125,1725700
1995-10-13,34.25965481252081,34.65522631399159,33.71685895006023,34.51723098754883,1635000
1995-10-20,34.416048082618325,34.84845292900663,34.32405456173576,34.63685989379883,2066700
1995-10-27,34.47123552961555,34.673653246186696,33.726065406551605,34.25965118408203,2520500
1995-11-03,34.34246947798429,34.88524492244172,34.287263601527194,34.87604522705078,2353600
1995-11-10,34.86682021472743,35.096833126438575,34.517251074504145,35.05083465576172,2325900
1995-11-17,34.98641994333994,35.44640977409893,34.78404998779297,35.43721008300781,2589700
1995-11-24,35.492411595545626,35.54760118522634,35.24401991252859,35.5200080871582,982000
1995-12-01,35.59361462170815,36.03517997686896,35.41882637369917,35.90641021728516,2052600
1995-12-08,35.98918875981753,36.81717802469777,35.94319030792615,36.596378326416016,2058800
1995-12-15,36.66996843626861,36.97355939947082,36.48939606731172,36.618988037109375,1688300
1995-12-22,36.29500468637526,36.44311108958804,35.88772809204475,36.25798034667969,4425100
1995-12-29,36.40607582069025,36.52640858036265,36.2857311592926,36.42457962036133,1179400
1996-01-05,36.378307299365765,37.10031541269037,36.239460200479584,36.48938751220703,2556800
1996-01-12,36.61898211020546,36.76708583777838,35.33231118695695,35.68407440185547,2286700
1996-01-19,35.6933288018921,36.387582958428666,35.46191458507485,36.29501724243164,1611800
1996-01-26,36.26723398133725,36.8874363297049,36.202438004341495,36.86892318725586,3181600
1996-02-02,36.841131173601504,37.92416496005247,36.81336147673698,37.70200729370117,1895000
1996-02-09,37.6371875601284,39.32189317726336,37.5816481785837,38.9979133605957,3513200
1996-02-16,39.07197838773154,39.50703324272004,38.34994436251188,38.47027969360352,3599400
1996-02-23,38.17408746508463,39.460753720179554,37.84085100806643,39.062721252441406,3078100
1996-03-01,38.95163563948411,39.03494474612749,37.6834704809926,38.442508697509766,5242200
1996-03-08,38.52582437352242,39.081233292739626,36.73006373127614,37.61869430541992,4503400
1996-03-15,37.47057781808714,38.396243038293086,37.26694354230091,38.15767288208008,5510800
1996-03-22,38.511003095283485,39.23620303509963,38.42732394804602,38.77133941650391,3515500
1996-03-29,39.124646195535874,39.16183692385863,38.30643610562679,38.49238967895508,4040400
1996-04-05,38.67834373554277,39.10604211182689,38.5574739113692,38.98517227172852,2635100
1996-04-12,38.00893037939963,38.46450269283243,36.96757929053353,37.915924072265625,6024900
1996-04-19,38.11120104882504,38.59468449091507,37.99033117479851,38.39943313598633,3142900
1996-04-26,38.752738912308345,39.16182303223705,38.43661772156495,38.93867874145508,2792100
1996-05-03,38.771320523368594,39.152517753495566,37.93454006183946,38.26925659179688,3595100
1996-05-10,38.418024575200064,39.03163762758156,37.534736264344296,38.90147018432617,4442800
1996-05-17,38.99447042071345,40.0544176897158,38.95727970023589,39.98003768920898,2908000
1996-05-24,40.258939094922376,40.72382056652759,39.85913900691276,40.56578063964844,3986300
1996-05-31,40.6866604309718,40.6866604309718,39.71969128893567,39.794071197509766,2925300
1996-06-07,39.80337278574066,40.76103808390676,39.38498114129311,40.2403678894043,3504300
1996-06-14,40.18457660666206,40.48211520697291,39.70109316258649,39.83126068115234,5328300
1996-06-21,39.84987129081329,39.998634226103306,39.384988280877664,39.96754837036133,4178800
1996-06-28,40.06101414513967,40.37881913812391,39.57497284969436,40.145145416259766,3860400
1996-07-05,40.2479462205318,40.50031374211897,39.10760428969679,39.2291145324707,2011900
1996-07-12,39.257171302320856,39.4721510499288,38.2103229577214,38.62157440185547,5690000
1996-07-19,38.71503966562172,38.71503966562172,36.11660607181378,38.26639175415039,10081300
1996-07-26,38.0047092250013,38.24770225912837,36.86436189110599,38.1168212890625,7095100
1996-08-02,38.06076272273519,39.83667942459034,37.64949711374689,39.81798553466797,6200300
1996-08-09,39.82731765873176,39.93950505726964,39.35998881065239,39.61236190795898,3841900
1996-08-16,39.63103447398304,40.00492283204495,39.48147828584559,39.98622894287109,3210900
1996-08-23,39.99558545674119,40.28533923132704,39.70584314096595,39.99560546875,2690400
1996-08-30,39.902106092926935,40.079704905103846,38.958083321791,39.07959365844727,3582800
1996-09-06,38.56550152310854,39.93015578397658,38.50941984372447,39.44412612915039,4133700
1996-09-13,39.5936647008677,41.05181117653304,39.52823607648005,41.01442337036133,4824700
1996-09-20,41.07048621597775,41.369588527973946,40.8087609352218,41.27245330810547,3408800
1996-09-27,41.16909960102296,41.638847585637706,40.98119864437749,41.30063247680664,4270700
1996-10-04,41.35700055766844,42.296512603759766,41.15033020143923,42.296512603759766,2844900
1996-10-11,42.27771382387922,42.50318879798622,41.71401871122311,42.27771759033203,3043600
1996-10-18,42.27773613047187,42.87900976739258,42.05225598058148,42.82263946533203,3056900
1996-10-25,42.860204896105614,43.06689593243054,42.16497701009114,42.27771759033203,3411600
1996-11-01,42.31529650250804,42.78506788884501,41.91132908400778,42.44684600830078,3834300
1996-11-08,42.50320988154349,44.15672628593891,42.40925937340568,44.14733123779297,6839400
1996-11-15,44.04396771632919,44.79560735468223,43.90306866582316,44.51375579833984,4667400
1996-11-22,44.59829270796928,45.246544935678,44.33523136484244,45.19956970214844,4895600
1996-11-29,45.24656694784932,46.11091436860588,45.1432213838073,45.7069206237793,6866000
1996-12-06,45.650543799948,46.04513597488403,43.68697103078472,44.68284606933594,10593000
1996-12-13,44.90832768680147,45.500210585108704,43.53666813517877,44.081581115722656,9262600
1996-12-20,44.1943232086656,45.75215809609049,43.21723148740571,45.22344970703125,9333600
1996-12-27,45.374480522542186,45.94099273870176,44.91186097497569,45.84658050537109,3691400
1997-01-03,45.997629740152014,45.997629740152014,43.95832191554239,45.3745002746582,6227300
1997-01-10,45.37451289102473,46.07315320295262,44.789128370376005,45.99762344360352,7900500
1997-01-17,46.224200106990295,46.97952086074423,45.704933153174025,46.86622619628906,7972100
1997-01-24,46.97951032611686,48.150226464225554,46.375274658203125,46.375274658203125,10654400
1997-01-31,46.45079074172693,47.98026403196783,45.92209607848128,47.37602615356445,12941600
1997-02-07,47.5648566946556,48.018032644375104,46.60185000641674,47.86697006225586,8468600
1997-02-14,47.88586791603274,49.28317074402137,47.20608643659457,49.05656433105469,8227400
1997-02-21,49.15097964483363,49.547532139319166,48.42400977400191,48.56562805175781,4519500
1997-02-28,48.32017330202658,49.26427699481029,47.77258773966359,47.8292350769043,8813300
1997-03-07,47.58373825970818,49.0377166889605,47.545973388073485,48.84889221191406,7331700
1997-03-14,48.90551366419307,49.42478011938242,47.77256613412991,48.15021133422852,6911900
1997-03-21,47.88587455764431,48.40511766001273,47.05505478781376,47.57643508911133,10494800
1997-03-28,47.61431584985879,48.50519967306228,46.19273519515991,46.70451354980469,8505200
1997-04-04,46.64764344988771,46.780326710411565,44.97963234579608,46.00318908691406,16145200
1997-04-11,46.21169782169248,46.73293119037161,44.50576019287109,44.50576019287109,13090200
1997-04-18,44.723726402839006,46.704508730580905,44.46783731343942,46.43913269042969,12110300
1997-04-25,46.55286108438559,47.48163218262458,45.77571641644592,46.4201774597168,12368200
1997-05-02,46.40122285527446,49.53824064645599,46.32540386368088,49.39608001708984,11833900
1997-05-09,49.52875132896732,50.68499083569024,49.24445906070381,50.11635971069336,13166400
1997-05-16,50.30589795396441,51.31053212766295,50.26798846040453,50.47648620605469,9143300
1997-05-23,50.53338097187072,51.68959512650813,50.19214668796101,51.42422866821289,5892200
1997-05-30,51.17783357393374,51.89809934283616,50.41962901824111,51.65168762207031,5673700
1997-06-06,51.76541411459249,52.42884349408957,50.99773727863288,52.39093399047852,6796200
1997-06-13,52.42882358229701,54.58968685712187,52.37195934847673,54.41909408569336,11120900
1997-06-20,54.43803405761718,55.011560228135856,53.94521249587566,54.54536056518555,8247200
1997-06-27,54.44071693815928,54.95445564355743,53.18483182179489,54.13623809814453,18783300
1997-07-04,54.136235054215895,56.11519111586685,53.50829278469424,56.05810546875,8634800
1997-07-11,56.24838554057892,56.32449972940244,54.82130272812277,55.88685989379883,14276500
1997-07-18,55.95344844903577,57.29497311019897,55.449239038470346,55.59195327758789,14547500
1997-07-25,55.582430940715525,57.732652950065,55.22088825400768,57.25693893432617,17775500
1997-08-01,57.390125260703535,58.47471245687515,56.88589793828927,57.80875015258789,19588000
1997-08-08,57.71363103319295,58.8362547727491,56.26744880957138,56.85733413696289,17039400
1997-08-15,57.08567343677001,57.57089647258318,54.57392455757266,54.6690673828125,27840500
1997-08-22,55.03057501289282,57.42819383859002,54.40263276689508,56.36258316040039,26486700
1997-08-29,56.49580393125145,56.87637519383988,54.63102820701125,55.0306282043457,20602500
1997-09-05,55.22085005855368,57.5042922581988,55.16376441066407,56.71460723876953,16243500
1997-09-12,57.0666703593259,57.40916020261227,54.95446532617456,56.41967010498047,20076300
1997-09-19,56.419670523823925,58.68407915176076,56.13424217378771,58.07807540893555,17871300
1997-09-26,58.36456284856703,58.79427576220995,57.218704055674166,57.734336853027344,18248500
1997-10-03,57.75341978860558,59.73963305289069,57.5433379044539,59.061641693115234,18847500
1997-10-10,59.47231110383795,60.19798724625537,58.80382707656561,59.20486831665039,15010000
1997-10-17,59.491356699996096,59.61549596758839,56.83673328352875,57.61976623535156,24237100
1997-10-24,57.963508674521854,59.58686546133696,57.247331760665205,57.4478645324707,28179800
1997-10-31,56.84623537234508,57.40963666362147,51.56556520167951,56.26374435424805,57368700
1997-11-07,56.951307192761845,58.23091189445764,55.88179040484246,56.79851150512695,28065700
1997-11-14,57.21867669999841,57.352365196961024,55.06053751094395,56.87490081787109,28753100
1997-11-21,57.67705621162815,59.16668714725386,56.683915489300055,59.12849044799805,23230600
1997-11-28,58.67014545641448,58.88022735746283,57.82981785222103,58.44096755981445,13108000
1997-12-05,58.80382874225423,60.50357832580296,58.68923862453629,60.46538162231445,16459600
1997-12-12,60.48450547907977,60.5036038388774,58.00171265589662,58.51736831665039,17101800
1997-12-19,58.82294918916915,59.81603861070588,56.6794047520729,58.15583038330078,23011100
1997-12-26,58.55848565628839,58.8461010082348,57.21627726958484,57.54221725463867,12534300
1998-01-02,58.04076172323788,59.919846813927705,57.94488996617935,59.86232376098633,12416400
1998-01-09,60.034884951753945,60.39919757202968,56.391759012386295,56.64102554321289,25860700
1998-01-16,55.91242329110491,59.32546354191091,55.778202796236,59.09537124633789,28343400
1998-01-23,59.32542531243686,60.14033500079451,58.29000407166124,58.865234375,20684800
1998-01-30,59.13370922740155,61.08951816122041,58.53930423841016,60.32250595092773,27332500
1998-02-06,61.30042860640668,62.35499191284181,61.18534224289385,62.3549919128418,22667300
1998-02-13,62.41253356439248,63.160323569152254,61.798954125356985,62.58511352539063,17181800
1998-02-20,63.0836159194388,63.63965179102946,62.68095454122962,63.60130310058594,13157700
1998-02-27,63.96567789713541,64.75177660793526,63.16030728614936,64.50251007080078,16726900
1998-03-06,64.57923457805053,65.00106048583984,63.29458695077911,65.00106048583984,26169900
1998-03-13,64.75179122283376,66.26653573643128,64.57922204279068,65.71047973632812,18355000
1998-03-20,66.1707314321681,67.80303514586916,65.97898778849331,67.6107406616211,15427700
1998-03-27,67.51456698479646,68.62989385510167,67.07228984419541,67.45687866210938,18329100
1998-04-03,67.45684723057069,69.41828987911414,67.05302915992019,69.28368377685547,19672700
1998-04-10,69.68749284450743,69.76441060702895,67.53379105089745,68.4183349609375,19470200
1998-04-17,68.53376834529632,69.18753209739151,67.68767243979883,69.09138488769531,24363200
1998-04-24,68.91836894487751,69.80292415908767,67.89918035258698,68.1876220703125,26749300
1998-05-01,67.30305692799375,69.28368377685547,66.22620801714585,69.28368377685547,41418000
1998-05-08,69.36061666591604,69.7259761659583,67.28382110595703,68.37989807128906,30101100
1998-05-15,68.6491125593336,69.34140480995978,67.89918848417912,68.3221664428711,27726600
1998-05-22,68.12990390274207,69.39905123505169,67.58186487896896,68.45679473876953,27646200
1998-05-29,68.9760373545959,68.9760373545959,66.19735028344114,67.09154510498047,26782100
1998-06-05,67.05306286124802,68.91837310791016,66.38003540039062,68.91837310791016,34267900
1998-06-12,68.8798742965613,69.57213668224523,66.61078720222305,67.95684814453125,30907700
1998-06-19,66.95691756514816,68.78371746425773,66.14928099486205,67.941650390625,37157100
1998-06-26,68.05734195154109,70.64228819537288,67.94159817271193,70.1793441772461,29422700
1998-07-03,70.52659084933387,70.95095536077035,69.79352798503996,70.89306640625,17231600
1998-07-10,70.85452987202284,72.18557695450718,70.71949537458092,71.8962173461914,29732300
1998-07-17,71.9540781012932,73.45878212566305,71.64542790032252,73.18871307373047,28371300
1998-07-24,73.30445695313014,73.60346197491265,69.67780255683643,70.43013763427734,44925700
1998-07-31,70.14073994926761,70.98952778143698,68.7132420975768,69.00260162353516,45257500
1998-08-07,69.00260876243802,69.39806682216124,65.18307062103439,67.36287689208984,72464700
1998-08-14,67.13141401791903,67.69084246806835,65.12516554447643,65.51101684570312,49420900
1998-08-21,65.43384436725057,68.57825349347009,65.1251941579711,67.01567840576172,49240700
1998-08-28,67.44004821777344,68.67465101964942,63.06107328246554,63.81340789794922,74853400
1998-09-04,64.04493207732835,64.20890253596008,57.79475903198318,60.34107971191406,96249900
1998-09-11,62.27018011426463,63.65907476909125,59.76239418136287,62.77173614501953,67125300
1998-09-18,63.50475458796291,64.97088397798085,62.62562506272591,63.2451057434082,50014000
1998-09-25,61.7157723910228,66.28441619873047,61.28987935695677,64.58084869384766,51170100
1998-10-02,65.23907145218557,65.85855224935766,60.2251063934809,62.393287658691406,55061700
1998-10-09,61.69640267597413,62.74177769994963,57.127746001989934,61.038211822509766,73110200
1998-10-16,62.33522594627197,66.43931678135252,61.17369858802786,65.6649398803711,61057200
1998-10-23,65.47138473205925,67.39754526748835,65.35523206843052,66.18762969970703,46220600
1998-10-30,66.72966901267446,68.70428004481576,65.68430468992855,68.14287567138672,41077300
1998-11-06,68.64620695060857,70.9692497044508,68.2590315024946,70.69822692871094,33667300
1998-11-13,70.58208358688901,70.7756713092886,69.18825908222858,70.1368179321289,42108300
1998-11-20,70.75630923754548,72.32434515426652,69.93356145571356,72.24691009521484,30461600
1998-11-27,72.7696155328401,74.16342730701717,72.57602783522681,74.02791595458984,21426400
1998-12-04,73.72788118623173,73.95050705826577,71.29832356178287,73.33104705810547,47636300
1998-12-11,73.13742077858024,74.18278391061091,71.58874768203198,72.55668640136719,33885300
1998-12-18,71.95655250549316,74.04077480010342,70.46592712402344,73.65231323242188,38130000
1998-12-25,74.11848565189673,76.60463561856254,73.96310098595984,76.25502014160156,23339900
1999-01-01,76.60463732523621,77.53694012850235,75.82771402579162,76.64347839355469,21740600
1999-01-08,76.68234290911941,79.86770420858305,75.65291935942759,79.40155029296875,36948400
1999-01-15,79.36271995342817,79.36271995342817,74.81771885370411,77.30390167236328,45376100
1999-01-22,77.8768644689978,79.51812818960839,75.69176811323307,76.1773452758789,27529300
1999-01-29,76.62406933903394,79.74148843174612,75.76945361003077,79.34331512451172,31565200
1999-02-05,79.98425190767553,79.98425190767553,76.58518846065031,77.10961151123047,44189200
1999-02-12,77.75059934091544,78.37216582093443,75.41012263017828,76.83771514892578,44309200
1999-02-19,77.53694407403893,78.15851993675923,75.96371059316552,77.22621154785156,29134700
1999-02-26,77.34269588008807,80.08137184797884,76.25499616954428,76.79887390136719,46991800
1999-03-05,76.85711995301601,79.63467202729255,75.69173905844026,79.27534484863281,44099600
1999-03-12,79.73175455555827,81.53809967406059,79.09079282587899,80.41156005859375,28515800
1999-03-19,80.76117167571637,82.63150597262096,80.48924853876109,80.80130767822266,23499000
1999-03-26,81.0349425388793,81.36593581690933,78.27016549109238,80.10037231445312,33397800
1999-04-02,80.47031530562487,81.99873159830155,79.82779772680836,80.5871353149414,26362500
1999-04-09,81.5801096581501,84.42276725026609,81.15176540696173,84.03336334228516,27695900
1999-04-16,83.15721289535445,85.02631291036073,81.61905021532685,81.95003509521484,47462500
1999-04-23,82.670446237542,85.20156797153633,79.98355938384893,84.61746215820312,38799500
1999-04-30,85.04581457176025,85.66886887958574,81.93057371214675,83.02090454101562,35114200
1999-05-07,83.13773485110796,84.63693990580008,82.14478419608521,84.1112289428711,53439200
1999-05-14,84.01388514661727,85.98039975735921,81.93062004354361,83.3519058227539,39302300
1999-05-21,83.25456269774595,84.48118505964632,82.47575481469875,83.0793228149414,30627700
1999-05-28,83.39086008753745,83.39086008753745,79.74990884783665,81.1225814819336,59197700
1999-06-04,81.07386748914774,83.08904255887809,79.7596298250817,83.00142669677734,29551000
1999-06-11,83.13774878252428,83.6050335531989,80.43140440946826,80.87921905517578,37470000
1999-06-18,81.42434639538521,84.46170744517211,80.71368435726193,83.93550109863281,31428100
1999-06-25,84.03313825389469,84.52136238969469,81.65065087493355,82.30485534667969,33401900
1999-07-02,82.9199980330255,87.17730790877711,82.8028242251597,87.11872100830078,42553500
1999-07-09,87.02109676070278,87.95848739008198,86.56215678401662,87.80224609375,24530100
1999-07-16,88.07569795255687,88.8372474744384,86.65004630324017,88.62242889404297,20926500
1999-07-23,88.8568303599861,88.89588830739709,84.44327523387818,84.83385467529297,28547900
1999-07-30,84.28701631478786,85.81030615553404,82.84189447305971,82.95906829833984,27952300
1999-08-06,82.959091036014,84.20894551489934,80.51794722273543,81.4748764038086,35868500
1999-08-13,81.61158162322492,83.2715156732437,79.36572158883895,83.21292877197266,36257100
1999-08-20,83.19341260250484,84.26748583907869,82.29510759913883,83.68162536621094,23202300
1999-08-27,84.24796943847991,86.72816557914369,84.15032459675706,84.40422058105469,31492300
1999-09-03,84.57999786707884,85.30252771677847,81.65063385966259,84.97053527832031,43026700
1999-09-10,85.02911614194736,85.38063752241476,83.54491561507471,84.9119644165039,19832700
1999-09-17,84.4432399900365,84.6580585931564,81.43580978625758,83.81939697265625,36960900
1999-09-24,83.93690433243361,83.97607227659248,79.15841010778617,80.05927276611328,51145200
1999-10-01,80.68597070965124,81.31265786079416,78.68840753942155,80.50973510742188,44240000
1999-10-08,80.96014762426198,83.89771270751953,80.64681638872794,83.89771270751953,44835700
1999-10-15,83.72148268964766,84.05441022315034,78.02256064658408,78.257568359375,48238300
1999-10-22,78.29671042116533,82.23310686560913,77.35667988084118,81.52808380126953,51326100
1999-10-29,81.03845490400829,86.2870028906495,80.09845733642578,85.85615539550781,41302200
1999-11-05,85.54275727964536,87.17806992742653,84.34815216064453,86.40450286865234,33084700
1999-11-12,85.85614666040392,87.72642389307723,85.27841334281283,87.57954406738281,32185500
1999-11-19,87.63825360716753,89.61626430275166,87.36407806515628,89.30289459228516,28514400
1999-11-26,89.26372596856193,89.6162373918691,87.73620323333975,88.63706970214844,16227000
1999-12-03,88.28452438726659,91.08505014986828,87.10950497649121,90.14501953125,38754500
1999-12-10,89.94923311710671,90.06673701405917,87.34455677685817,88.91127014160156,30066500
1999-12-17,88.63703905707824,90.03255635753202,87.75579973665648,89.6399154663086,27459200
1999-12-24,89.56138709131625,92.02521514892578,88.63868099896818,92.02521514892578,23689200
1999-12-31,92.03501493425048,92.70251261284838,91.1319409822506,92.2706298828125,16590500
2000-01-07,93.13441474498164,93.13441474498164,86.22394102641515,91.56382751464844,42725700
2000-01-14,91.8779525756836,92.6436109792266,89.75770364863845,92.32949829101562,32748700
2000-01-21,91.30864583623293,92.3491668701172,90.3466921989164,90.73931884765624,24691300
2000-01-28,91.50495851865406,91.62275078450088,85.14418542856674,85.36013793945312,45836400
2000-02-04,85.32085181243528,90.46451245069034,84.8104187367051,89.58106994628906,38317400
2000-02-11,89.56136523641129,90.81782293175144,86.71470325602343,87.1269760131836,35834100
2000-02-18,87.8141472262721,88.71718175847712,84.5748394479377,85.00674438476562,45445900
2000-02-25,84.92821103286124,86.3613365574887,83.61284001014991,83.76011657714844,56469300
2000-03-03,83.78952419396603,89.03128812332086,83.37725146480172,88.65827941894531,48878800
2000-03-10,88.46201482783063,89.20802850238347,84.83007440958937,88.03010559082031,57263100
2000-03-17,85.87053045124453,93.21368068109317,85.24230526275807,92.54449462890624,64979500
2000-03-24,92.5051463674714,98.09474569032676,91.00926530036558,96.71701049804688,57492300
2000-03-31,96.59898826508108,96.85485355592176,92.66252521708915,94.70948791503906,40621500
2000-04-07,94.55204733225924,96.36279413761643,89.05095222133284,95.37866973876952,48883000
2000-04-14,95.575514194954,96.43167870637916,84.08124472113217,85.65579986572266,71239600
2000-04-21,85.1440315246582,91.40293185304868,84.82912063598633,90.5762939453125,50078700
2000-04-28,89.11979667247914,93.68604264322916,88.48997478786798,91.38327026367188,59044900
2000-05-05,92.30829606094716,93.51873533765256,88.03727531433105,90.39918518066406,43196900
2000-05-12,89.90706349412928,90.3597699438717,86.75800308987027,89.94644927978516,34030200
2000-05-19,89.9071055687379,93.03655866079244,88.43092910624691,88.88361358642578,29384700
2000-05-26,88.96236067316138,89.31666162975573,85.97071715982203,86.91543579101562,42993000
2000-06-02,88.17509380139802,93.90254254967031,87.84050081152665,93.11526489257812,29343000
2000-06-09,92.87908375820268,93.35145036345736,91.71783990479815,92.3279800415039,25584900
2000-06-16,92.56418899588796,93.76476895967916,91.08803996276532,92.54532623291016,28107200
2000-06-23,92.46641729857087,94.1630488086364,90.82899323830874,91.14464569091795,27055700
2000-06-30,91.77598411184256,92.79196967112244,90.60207209031095,91.71678924560548,28474400
2000-07-07,91.81534902927552,93.92632402209549,91.04600207065432,93.49230194091795,13182800
2000-07-14,93.35421619403188,95.4848861694336,92.90047903972145,95.4848861694336,24828600
2000-07-21,95.31720800115572,95.9485131146892,93.23587036132812,93.23587036132812,27173000
2000-07-28,93.5120762843075,93.97569100850184,89.33949468045122,89.7044677734375,36330200
2000-08-04,90.2371013848098,92.62426049764294,89.68470985906107,92.4072494506836,24945600
2000-08-11,92.62423643281188,94.20253778726888,91.89434275850545,93.05831146240234,22485100
2000-08-18,93.29504684566427,94.97195131997988,92.84129635349886,94.49847412109376,24001500
2000-08-25,94.71545129281738,95.72162555663054,94.24200990122498,95.4848861694336,18290300
2000-09-01,95.48486245178016,96.96446110772304,94.91272735595705,96.2739715576172,21099700
2000-09-08,95.87946081131948,96.0866077945538,94.27160417909268,94.577392578125,15576700
2000-09-15,94.53793432499884,95.44543536401176,92.402099609375,92.402099609375,23881000
2000-09-22,92.63943255315928,93.01521163482238,90.13748683424812,91.94715881347656,31969200
2000-09-29,92.36254412751885,92.60975392111416,89.94965642842891,90.89894104003906,38584900
2000-10-06,91.31431966777886,92.24384605006168,88.44649900775279,89.27716827392578,35595700
2000-10-13,89.43540573120117,89.43540573120117,84.03606004670192,87.06204986572266,45074400
2000-10-20,86.96318024178534,89.35629408450593,82.37471686173195,88.54540252685547,40528800
2000-10-27,88.56517711501135,89.83095621758456,84.82717634392047,88.14988708496094,39287000
2000-11-03,87.61584069216174,91.07699128684216,87.43784011287744,90.3649673461914,41242300
2000-11-10,90.60229927797572,91.32419055141956,86.40940883283973,86.46874237060547,34601900
2000-11-17,85.83582032600708,88.67395494873621,84.18437078747677,86.47860717773438,47027100
2000-11-24,85.91495463289407,86.31051151426098,83.62071868366026,85.34137725830078,22291300
2000-12-01,86.36982340235396,86.50826827613835,82.11758433665729,83.68004608154297,37031000
2000-12-08,83.46252330550271,88.26849739674452,83.2251891160084,84.78759765625,45573400
2000-12-15,86.943391041459,88.32783994339306,82.88528786806923,83.1431884765625,34242700
2000-12-22,83.83752650509506,85.6825042823633,79.691277287351,83.12334442138672,51360700
2000-12-29,83.06381173522301,85.24608667672616,82.70671868262353,83.28207397460938,26652700
2001-01-05,83.79783450463974,86.3371713143808,80.9807671515008,82.01240539550781,50299500
2001-01-12,82.44883173495259,84.8889462351799,81.06013630149573,83.7978286743164,35562900
2001-01-19,83.79787154860621,86.45621460857572,83.49037462412625,85.07743835449219,32283100
2001-01-26,85.22622127148574,87.17040395692987,84.78977414206938,86.25782012939453,39669000
2001-02-02,86.0197744849377,88.05125503068983,85.54365012525678,85.57539367675781,39997600
2001-02-09,85.57538733725781,86.78154918466132,83.3280699702233,83.69627380371094,33064600
2001-02-16,83.60742038471372,85.17543000857452,82.0837949729333,82.7821044921875,33156800
2001-02-23,83.18843607184182,83.25192318856456,77.32256137211459,79.32862854003906,58125400
2001-03-02,79.86192386441483,81.1569188657765,77.29083416102468,78.47160339355469,64980800
2001-03-09,78.8144009954415,81.09982637197486,78.15419630025282,78.31290435791016,34657200
2001-03-16,77.66539643314914,77.76697194582252,73.08130698691872,73.2086181640625,115629200
2001-03-23,73.68602178759242,75.40465966531681,68.77194904645958,72.87126159667969,85642800
2001-03-30,73.64784758029299,75.52562303037928,71.38176883287869,74.27801513671875,55021700
2001-04-06,74.0297333865385,74.717194097716,69.5740168645247,72.12017059326172,74741900
2001-04-13,72.56573373519073,75.74206216750648,71.78915229889117,75.65292358398438,48863400
2001-04-20,75.29651511329722,80.20421994117,74.41808935250533,79.24940490722656,72192900
2001-04-27,78.70835498056519,80.10235413160419,76.98966387297268,80.06416320800781,45274600
2001-05-04,80.49062019098669,81.27999684779944,78.5747042353331,81.05721282958984,52989300
2001-05-11,80.75165975949156,81.15903292306014,79.18579406954582,79.66320037841797,38252000
2001-05-18,79.50402542817902,82.80131632081093,79.2239456454516,82.58490753173828,51112900
2001-05-25,82.64855106610254,84.0807574070419,81.4136662525509,81.54097747802734,47532800
2001-06-01,81.61737311344939,81.70012663806381,79.56767211895377,80.66889190673828,37768200
2001-06-08,80.7134846060985,82.26026522259814,80.25517383287341,80.84074401855469,42329700
2001-06-15,80.6561816760245,80.8344125384285,76.8575568265696,77.78316497802734,53430100
2001-06-22,77.65549672707462,79.35350143101813,77.17034025698707,78.42153930664062,52358900
2001-06-29,78.69604591576459,79.16201849657384,76.96609537240876,78.2619400024414,46611200
2001-07-06,78.38960509848876,79.35989771770623,75.99578094482422,75.99578094482422,29009100
2001-07-13,76.27666751002167,78.08319669631202,74.74463294492949,78.0321273803711,54735200
2001-07-20,77.73209413865204,78.50451705572435,76.49372560719151,77.45758819580078,38883100
2001-07-27,77.75125235425857,77.80231679764378,74.52755142360742,77.1192855834961,53799700
2001-08-03,77.36187098238163,78.67685528816412,76.79373816144478,77.84063720703125,54293000
2001-08-10,77.4639751409382,77.56611374711827,74.90418287474316,76.14897155761719,57890800
2001-08-17,76.34688196877582,76.82565940165718,74.05521640672879,74.52759552001953,51469600
2001-08-24,74.55949365159005,76.04688079986735,73.90836583723758,75.9766616821289,57082300
2001-08-31,75.94471387569277,76.09153206129724,71.52092331836123,72.86787414550781,69329700
2001-09-07,72.67633926211003,74.15731499481821,69.34418000047519,69.4016342163086,100737400
2001-09-14,68.75053214416931,70.44216650117482,68.75053214416931,70.25066375732422,23408700
2001-09-21,64.47353792496567,67.92063894648672,60.10208143600386,62.331878662109375,183182700
2001-09-28,63.89530208112895,70.23871830930992,63.472406645419966,66.91964721679688,111827300
2001-10-05,66.57363376154929,69.82223097115872,65.88803446643807,68.70730590820312,134806500
2001-10-12,68.09219344458843,70.6744114610758,67.61166695167476,70.16181182861328,103300800
2001-10-19,69.60433386298574,71.21903998442548,67.92558117612434,68.7841796875,99714900
2001-10-26,68.75215824376255,71.62913216483918,68.39335671919906,70.6872329711914,101759500
2001-11-02,70.58471100301266,70.83460200968076,67.63726867922718,70.0016098022461,120413000
2001-11-09,70.55909840040174,73.0964635015491,70.38611146097243,72.22503662109375,97350600
2001-11-16,71.1229292080984,73.94221483016996,70.48218209811553,73.27587890625,96541400
2001-11-23,73.63464913232502,74.23054407885904,72.73119040830574,74.12163543701172,48022400
2001-11-30,74.16644942668322,74.90336327823594,72.4044316240687,73.07720184326172,83217900
2001-12-07,72.82089549441076,75.60814104475783,72.41081781694182,74.68547058105469,94495000
2001-12-14,74.23053406378482,74.57653800752662,71.76368177472952,72.48772430419922,86616100
2001-12-21,72.39800666444155,74.27541115635648,72.34034177734034,73.90723419189453,76638600
2001-12-28,73.83004880496746,75.06455748656701,73.68859883019901,74.58234405517578,36034700
2002-01-04,74.67876974834094,75.85537178148434,73.17423693905252,75.62390899658203,69155100
2002-01-11,75.67535403544873,75.86181047149084,73.74650604003719,73.90081787109375,68932300
2002-01-18,73.71437363603907,74.1901116069516,72.44129739824638,72.74991607666016,83899400
2002-01-25,73.13572240696155,73.45716615286814,72.02337077780997,73.00708770751953,49081700
2002-02-01,73.23208610945464,73.41854240210793,69.69589243593234,72.4284439086914,108769500
2002-02-08,72.15839271445202,72.15839271445202,69.43868885722021,70.7824935913086,130066600
2002-02-15,70.75676534766507,72.63417528924802,70.60888444712505,71.29682922363281,88336600
2002-02-22,70.82107759341537,71.12968720488007,69.32301553611076,70.49314880371094,98092400
2002-03-01,70.55746772523446,73.19997457924802,70.53174908698732,73.1292495727539,118432100
2002-03-08,73.23214912723165,75.80391398209765,73.07141131303901,75.21882629394531,109307600
2002-03-15,75.15452293667373,75.80390465546724,74.34442733934081,75.2151107788086,82338900
2002-03-22,75.50521972057649,75.91792469909774,73.58376641160191,74.17697143554688,93657600
2002-03-29,74.20918077102836,74.64768129020555,73.05500630255786,73.84169006347656,74000400
2002-04-05,73.65469702503734,74.2156637140558,72.31994919155557,72.6617202758789,101992900
2002-04-12,71.77832017037085,73.20977496718535,70.95301437376989,71.84282684326172,89196400
2002-04-19,71.97176546660874,73.293610184094,71.05615606180186,72.78423309326172,81059900
2002-04-26,72.46181086181643,72.49405246857513,69.17982254388525,69.24430084228516,95013900
2002-05-03,69.59247775017695,70.86915990387571,68.75424525505224,69.36681365966797,95625800
2002-05-10,69.40550895370565,70.51455593845998,67.63875887487286,68.16748809814453,110502300
2002-05-17,68.4899008778938,71.73319142590904,68.21263974119168,71.50751495361328,134329900
2002-05-24,71.33986372950265,71.37210533216118,69.63763696352626,70.08256530761719,72312000
2002-05-31,70.31465109358571,70.36623077466626,68.28356483663164,69.13465881347656,77054400
2002-06-07,69.0508912178933,69.37973707870208,65.58833506592579,66.63289642333984,118618500
2002-06-14,66.56841168420937,67.40663127203003,63.51210331193216,65.38200378417969,130328000
2002-06-21,65.71729397776838,67.722592552148,63.85089907048377,64.23912811279297,117698100
2002-06-28,63.80556326839921,65.28084398809847,61.59268922323145,64.03204345703125,168238900
2002-07-05,64.1743525378944,64.57552489836215,60.64152362048504,64.25850677490234,104063400
2002-07-12,64.0449829235769,64.51085457134961,58.44155423062843,59.4315299987793,196756600
2002-07-19,59.295644225316,60.36969868980236,54.54627765742245,54.81156539916992,289709500
2002-07-26,54.416845064487866,55.60096726111751,50.2628024978091,55.3874397277832,388024300
2002-08-02,56.61681723609216,59.23740300844034,55.40039703677096,56.15744400024414,264039800
2002-08-09,55.96331812719114,59.48972833473247,54.06099567348895,59.06914520263672,245429700
2002-08-16,58.228021281986905,60.874429530185125,56.953320674053074,60.31796646118164,215024600
2002-08-23,60.47324564535338,62.86088449850771,60.24030743054995,61.21092224121094,175923300
2002-08-30,61.41149590961001,62.2785401410174,58.75856360391892,59.38622283935547,181468800
2002-09-06,58.70684205575796,58.88154336396499,56.61683430051393,58.23445892333984,233559000
2002-09-13,57.65210613422303,60.38913387756427,57.10212207907854,58.02093124389648,187858900
2002-09-20,57.78801711429984,59.00445115100368,54.628302115012346,54.82328414916992,225332800
2002-09-27,54.36835796303855,55.87621292908991,53.19844085198552,53.78341293334961,293981500
2002-10-04,53.29591659026234,55.74623202579429,51.72303219074026,52.51597213745117,321074300
2002-10-11,52.035026570041495,55.07029679784129,50.09163293260309,54.699825286865234,371732700
2002-10-18,54.07585437618196,58.04054266617711,53.97186492325881,57.61162567138672,301912800
2002-10-25,57.27361918263225,59.080469931837904,56.91614455310628,58.62549591064453,240391200
2002-11-01,59.2429704059704,59.33396305061058,56.54567549773896,58.67100524902344,234112400
2002-11-08,59.66545102230727,60.490856962970106,58.18353538069452,58.26803207397461,240841900
2002-11-15,58.17703881578317,59.50296153952057,56.838131496125314,59.40546798706055,206170000
2002-11-22,59.89291462477637,61.27081001140608,58.33952690360053,60.718353271484375,186071800
2002-11-29,60.724874301917765,61.71276868729294,59.54845253461142,61.08232116699219,133280800
2002-12-06,62.05078022405238,62.42775273571207,58.482512340548645,59.81490707397461,234909400
2002-12-13,59.19095365498111,59.54843646078209,58.02105107900507,58.06654739379883,180638300
2002-12-20,58.37855207474005,59.65895531723467,57.58560933412083,58.77643585205078,175506000
2002-12-27,58.51520255762653,59.1814118195757,57.07173156738281,57.07173156738281,73227600
2003-01-03,57.33950564890562,59.68429307588447,56.89537661477405,59.66469955444336,140743500
2003-01-10,59.59286562469757,61.16042580462584,59.46880546641229,60.78160095214844,190900900
2003-01-17,61.09509828669853,61.30410419449892,58.88094538535342,59.21405029296875,176325100
2003-01-24,59.35120511099504,59.38385932556098,56.28144228678483,56.418601989746094,203666400
2003-01-31,55.99405882237164,56.9411431395714,54.96209921226636,56.20960235595703,263688600
2003-02-07,56.26183973727473,56.6994451455933,54.19136244029821,54.48527526855469,235403000
2003-02-14,54.51138579765913,55.43886287024806,52.90467532270208,54.96210479736328,245705500
2003-02-21,55.21026493382121,56.03976065560308,54.51141403042078,55.63482284545898,161160600
2003-02-28,55.4715179999387,55.66749653948656,53.701518494021926,55.45195770263672,219979200
2003-03-07,55.68707989501678,56.02671271089815,53.18550702754942,54.41994857788086,223094000
2003-03-14,53.94970550342452,55.367032279915,51.84656934280411,54.94902038574219,287646200
2003-03-21,54.51140203256104,58.94130159249112,54.35464885520173,58.8035888671875,327127500
2003-03-28,57.7215573131537,57.87894444116612,56.3903457277979,56.86251449584961,257883000
2003-04-04,55.97061569871596,58.35763411742947,55.347628996248254,57.85271072387695,250130300
2003-04-11,59.24295658083645,59.57740461756017,56.20669478076964,57.15105056762695,254678700
2003-04-18,57.36086526025853,59.05933917606666,57.05264899963581,58.7314682006836,175612600
2003-04-25,58.92817518870194,60.56105449729013,58.2920667706613,59.17082595825195,229653000
2003-05-02,59.30854482720407,61.29553027198283,59.21673633701605,61.12502670288086,247601000
2003-05-09,61.29553226661648,61.892268023661074,60.51515551501989,61.46608352661133,195430700
2003-05-16,61.31519789426131,62.59397025449388,61.1709260398828,62.213623046875,189895200
2003-05-23,61.74144816129589,61.918505872091856,60.062695908887925,61.48572540283203,210922100
2003-05-30,61.184040780350216,63.66946810430775,61.03320975880742,63.5776596069336,184820000
2003-06-06,63.95799455547333,66.49585492517515,63.39402536606486,65.09249114990234,244539900
2003-06-13,64.77114739343666,66.1679516517025,64.11536983350108,65.28922271728516,190454900
2003-06-20,65.55153393001888,67.00736112766248,65.43292495610936,65.44609069824219,193745800
2003-06-27,65.45269352360971,65.59090876244781,63.813887224039824,64.27462005615234,205880600
2003-07-04,64.64315373381041,65.71594050547333,63.46506144817159,64.98539733886719,150126700
2003-07-11,65.58429409574768,66.73607596377268,64.91298852230064,65.97259521484375,188626100
2003-07-18,66.60445263977185,67.06515840207216,64.60365572060236,65.49217987060547,212534300
2003-07-25,65.45265486917701,66.0384165629359,64.39962167529606,65.96602630615234,206167000
2003-08-01,66.05816741960554,66.45963719485707,64.6562896953673,64.83399200439453,220476400
2003-08-08,64.70235973451183,65.1564822784062,63.40581266662589,64.68262481689453,237511300
2003-08-15,64.66950114737351,65.71592018388777,64.3930756958456,65.56454467773438,162161100
2003-08-22,65.76857166131215,67.01248684496947,65.63696285637484,65.66328430175781,180141300
2003-08-29,65.62379977269617,66.78870896985188,65.0446351572569,66.76238250732422,143567300
2003-09-05,66.8940484302818,68.2497989230557,66.50574418158496,67.67719268798828,154349800
2003-09-12,67.81545024711274,68.36829117640076,66.70312595662206,67.42708587646484,194512000
2003-09-19,67.47318113077972,69.10637692150502,67.09803780350022,68.49195098876953,155666400
2003-09-26,67.95022832754259,68.24095452522002,65.96818207614727,66.03424835205078,206449100
2003-10-03,66.2654872190206,68.89499792945065,65.5717793801924,68.30699920654297,266732100
2003-10-10,68.36647677792685,69.51600793486274,67.9898672761439,69.08657836914062,156499500
2003-10-17,69.17907408487069,69.95866617854784,68.69678725134354,68.88177490234375,166894200
2003-10-24,69.00728743657686,69.55567980083892,67.50762738041472,68.43257141113281,185854700
2003-10-31,68.5382200922939,70.01152454132179,68.22770295549485,69.56886291503906,163256500
2003-11-07,69.86618960215503,70.50701371468988,69.30462214781667,69.77366638183594,162685200
2003-11-14,69.85958415106154,70.65899266455077,69.23853017506437,69.67459106445312,158962700
2003-11-21,69.31120587227946,69.66796244597109,68.4589525206213,68.84874725341797,198958800
2003-11-28,69.16587335893604,70.46742015207786,69.15926521611722,70.32867431640625,110047500
2003-12-05,70.59288955184334,71.40555520940799,70.44093595667215,70.59288787841797,178043500
2003-12-12,70.52020579299224,71.48481393645929,70.00492025366238,71.44517517089844,192440600
2003-12-19,72.12565028704076,72.5992233734244,71.00911665286924,72.28723907470703,165604600
2003-12-26,72.21425225431072,73.07055129828329,72.20761288688036,72.81830596923828,68716700
2004-01-02,73.08381901578556,74.47111978881885,72.87140484588767,73.83387756347656,111617300
2004-01-09,74.13926920144837,75.34070972716242,74.07288564635603,74.60389709472656,169125700
2004-01-16,74.71012007043845,75.87839423830826,74.18568792526838,75.8252944946289,186248000
2004-01-23,76.02440471955855,76.58864859545943,75.48673610881409,75.95804595947266,134721800
2004-01-30,75.93148378892882,77.33208383259587,74.71673570402724,75.32743072509766,209506200
2004-02-06,75.47343682356212,76.1372698240254,74.86276175988621,75.97132110595703,177701300
2004-02-13,76.11732083049976,77.25902960544722,75.78540523106919,76.42269134521484,168279700
2004-02-20,76.90064581097754,77.39846925597502,75.88499814277442,76.25672149658203,150477300
2004-02-27,76.48244111539232,76.8275880892357,75.02874176623382,76.34965515136719,180518600
2004-03-05,76.62181956549861,77.64407444901467,76.28328594891896,77.2524185180664,179999000
2004-03-12,77.22585675302533,77.41172348405675,73.7476160406932,74.73001098632812,289846500
2004-03-19,74.52424804231552,75.18803953545076,73.57503441972013,73.97950744628906,267767600
2004-03-26,73.6330621943381,74.4657878949374,72.5073597438244,73.95953369140625,255699700
2004-04-02,74.35915816248962,76.49745730761217,74.32585512916184,76.3642349243164,227782600
2004-04-09,76.24430978572208,76.87711631430861,75.76468909023173,76.1843490600586,151492900
2004-04-16,76.32422492880963,76.8038411056535,74.84542995006166,75.82463836669922,250279500
2004-04-23,75.63812509390833,76.38416285842099,74.4591114967057,76.1777114868164,223221500
2004-04-30,76.27094452574894,76.68396088580984,73.87289138327205,73.91285705566406,247535500
2004-05-07,74.18600732966156,75.44494848972352,73.24674224853516,73.24674224853516,235295100
2004-05-14,72.90039151826268,73.81293553183352,71.9811497996313,73.3000717163086,325927300
2004-05-21,72.53399657384163,74.059396384202,72.21426098148304,73.1468276977539,225580900
2004-05-28,73.62643251019415,75.29176516555015,73.00697042904284,75.17851257324219,194280600
2004-06-04,74.91203709916297,75.65811014690028,74.51902778107437,75.25843811035156,152246700
2004-06-11,75.55820982911933,76.55073839847907,75.55154718690821,76.1710205078125,122938900
2004-06-18,75.81800715144655,76.36213850898747,75.18519327331619,75.96768951416016,158913600
2004-06-25,76.04792786447715,76.8435135597743,75.32590973006909,76.10810089111328,166308000
2004-07-02,76.56272582821168,76.74323752579856,75.26573670885328,75.46627807617188,213823000
2004-07-09,75.12538190064117,75.25903226883032,74.34312934141332,74.69747161865234,141242000
2004-07-16,74.5571087473616,75.13869574808574,73.83503391569275,74.01554107666016,195807400
2004-07-23,74.04225746203451,74.91809570905902,72.66505865206194,72.84556579589844,264601300
2004-07-30,72.99938071665579,74.14255654387095,72.34419584114683,74.1024398803711,260618700
2004-08-06,73.66789286398416,74.45009903379301,71.28117969624084,71.43494415283203,245476100
2004-08-13,71.54860900197924,72.47785507006233,71.26110296259691,71.66223907470703,237930700
2004-08-20,71.62881063220932,73.96204190433531,71.60206788421841,73.86176300048828,214351400
2004-08-27,73.90858120811073,74.6305936891939,73.44057231833209,74.51025390625,154282000
2004-09-03,74.35655215303406,75.42616846751126,73.60770359025882,74.95818328857422,196847200
2004-09-10,75.23897456600463,75.72702735082544,74.89804618647129,75.58663177490234,132517300
2004-09-17,75.75371805376099,76.10266515528025,75.33256018641909,75.96168518066406,168336700
2004-09-24,75.6394379020582,76.17650453325979,74.48474884033203,74.8271255493164,206162100
2004-10-01,74.58546871623776,76.29737091064453,74.12222441547623,76.29737091064453,220704700
2004-10-08,76.59945270050143,76.98882293701172,75.42465005339672,75.53206634521484,203552200
2004-10-15,75.7132724642321,75.90801093633856,74.22964745164343,74.69287109375,243760800
2004-10-22,74.44451226643163,75.34404436535375,73.67917911799033,73.84027099609375,258476200
2004-10-29,73.67912809201941,76.29062876055231,73.41059266001727,75.9952392578125,275457800
2004-11-05,76.23694050832827,78.97599542270508,75.99525905619393,78.73431396484375,288528600
2004-11-12,78.53291398653366,79.8889886816626,78.35836513361048,79.74800872802734,217234200
2004-11-19,79.78908731225879,80.2200249272713,78.87337452732434,79.06190490722656,215951400
2004-11-26,78.89357513460543,80.11232424899941,78.79930994267377,79.68812561035156,124741500
2004-12-03,79.98438557882781,80.8933420507706,79.10233027933846,80.29408264160156,274275700
2004-12-10,80.26714324951172,80.5566734597118,79.27062424956722,80.34795379638672,237724200
2004-12-17,80.63750385976273,81.63401270059889,80.36143780017588,80.80194854736328,249144600
2004-12-24,81.01161022434647,82.04671044641653,80.61923542462364,81.70169067382812,137428400
2004-12-31,81.99260223366603,82.30376589791862,81.44463351003331,81.76932525634766,125743300
2005-01-07,82.23612243847411,82.37142682532111,79.82779769620865,80.12545013427734,294245300
2005-01-14,80.0577832863396,80.815472486447,79.48953419894505,79.9900894165039,289953500
2005-01-21,79.8615518514565,80.92366628427021,78.91447454197393,79.0024185180664,246980300
2005-01-28,79.21216422669032,79.65864344193997,78.7250837554234,79.4421615600586,300499700
2005-02-04,79.79392612631071,81.471671600324,79.63156603892129,81.33637237548828,253704500
2005-02-11,81.34989788925591,81.88435032574823,80.67339289368341,81.70169067382812,238946500
2005-02-18,81.64758224595776,82.16849341519082,81.11313907912435,81.44462585449219,237655100
2005-02-25,81.11313364561968,82.31053820276128,80.22014523614628,82.14817810058594,278453700
2005-03-04,81.95876564966045,83.09529091108904,81.2078430021246,83.02764129638672,298301500
2005-03-11,82.98027807137473,83.3794143726757,81.28903223315722,81.44462585449219,284193500
2005-03-18,81.59346342747376,82.16850902597497,80.24316042881436,80.5080337524414,296465300
2005-03-25,80.62352643830023,80.77292735659816,79.29235965370113,79.55721282958984,276466500
2005-04-01,79.74739212959136,80.81368991633038,78.9527641087822,79.75419616699219,339758600
2005-04-08,79.70664275118978,80.99704564522538,79.28555944197402,80.14130401611328,282210800
2005-04-15,80.33828184494087,80.86119082206687,77.4925366473066,77.52649688720703,421835900
2005-04-22,77.50617894569187,79.12259708234578,77.11906552560578,78.49097442626953,448499200
2005-04-29,78.68791804041697,79.30595678732978,77.40429429637095,78.61320495605469,385517300
2005-05-06,78.83053171424652,80.14132333037817,78.45698960062093,79.52328491210938,387404500
2005-05-13,79.60478318083791,80.19565751365386,77.96795961808166,78.59278869628906,390365200
2005-05-20,78.57924778414218,81.0989346706232,78.55208579258104,80.9019775390625,296337300
2005-05-27,80.96312703253939,81.6694107055664,80.7050369926749,81.6694107055664,217163100
2005-06-03,81.5540045779662,82.12445796720193,81.09217290611673,81.60150146484375,213692100
2005-06-10,81.46568226605449,82.34860933910821,81.11932213542042,81.635498046875,242547500
2005-06-17,81.4588979521321,83.1241724094282,81.3706033526095,82.75594329833984,234529800
2005-06-24,82.56504716920128,83.15149188695062,81.03757753688656,81.13304901123047,247967400
2005-07-01,81.12621170566385,82.10136264196545,80.9761918231461,81.50804901123047,243700800
2005-07-08,81.31714400775287,82.72868347167969,80.64204122038564,82.72868347167969,271672600
2005-07-15,82.73551924093692,84.17432832032496,82.721878230106,83.76518249511719,262456400
2005-07-22,83.53333992448178,84.37209997947485,83.2264848384206,84.2425308227539,338959100
2005-07-29,84.1538498015601,84.99261838434873,83.77197968504109,84.37889099121094,253480800
2005-08-05,84.44027848099272,85.06078546223523,83.64925820092007,83.7924575805664,226853900
2005-08-12,83.9765801587552,84.89713141450939,83.45151053059679,83.91522979736328,280996800
2005-08-19,84.0243221530244,84.46756137611597,83.08327435983183,83.51285552978516,263656400
2005-08-26,83.58786545049155,84.03110447216055,82.29229388671548,82.34684753417969,301773100
2005-09-02,82.1081729817299,83.97657178238283,82.08771146424412,83.3764877319336,355516700
2005-09-09,83.64245467102032,85.06080591938797,83.63563416554751,84.96533966064453,181163600
2005-09-16,84.8630655503996,85.01308546579952,83.80610155757451,84.57373809814453,297720700
2005-09-23,84.55317603459349,84.64907061890308,82.47819813930836,83.16302490234375,376270000
2005-09-30,83.56024590182473,84.25872039794922,82.87540516352907,84.25872039794922,309618600
2005-10-07,84.2039438795864,84.46416889291957,80.92371545244448,81.9098129272461,434426400
2005-10-14,81.95774813777646,81.978291523403,80.04031537666968,81.26609802246094,416521100
2005-10-21,81.35511708932881,82.04681756105329,80.20464488406625,80.89634704589844,488216200
2005-10-28,81.10861559800638,82.54669931573575,80.75933930250214,82.03994750976562,367703800
2005-11-04,82.37550189305342,83.9984945395934,82.26593017578125,83.6218490600586,362129900
2005-11-11,83.79989790315238,84.80655064384422,83.37528553012974,84.75177001953125,260500100
2005-11-18,84.77231423324987,85.79267883026233,84.13544308165474,85.68995666503906,293972400
2005-11-25,85.70368108720585,87.25134199662114,85.58726503703357,87.05961608886719,182584700
2005-12-02,87.14174621985964,87.1554400697248,85.79951983945504,86.8678207397461,274412200
2005-12-09,86.76512645439891,87.47733476183966,85.92968410708376,86.51176452636719,297378200
2005-12-16,86.77196163827695,87.71698328612109,86.25835598995458,86.99101257324219,303534400
2005-12-23,87.24571220432703,87.34209306232835,86.38517697221009,87.26637268066406,207368300
2005-12-30,87.40403592076085,87.46599803517744,85.61409476646516,85.71736145019531,152698300
2006-01-06,86.18552230414821,88.51933925200512,85.63477001150463,88.42295837402344,235349700
2006-01-13,88.40917381332427,89.11141191810522,88.25771050114577,88.5881576538086,223453000
2006-01-20,88.25770585846398,88.73963314102869,86.72250366210938,86.72250366210938,323622400
2006-01-27,86.88770870281621,88.57438754168885,86.6330010459961,88.49176788330078,344839100
2006-02-03,88.42295837402344,88.67767701481907,86.8395211133804,86.92901611328125,339874900
2006-02-10,87.04602645338765,88.18886529214129,86.33007082951602,87.18379211425781,302674200
2006-02-17,87.1562360291681,88.95301070562779,86.70875034913942,88.67767333984375,330104900
2006-02-24,88.8841796383343,89.25592285243741,88.31275805338132,89.09073638916016,168983600
2006-03-03,89.08385275209594,89.54511958273721,88.20953624299632,88.64325714111328,292939800
2006-03-10,88.90483059559497,88.9323634773156,87.55550789023633,88.52618408203125,302756000
2006-03-17,88.69830210341733,90.50889262000948,88.48488811797014,90.28131866455078,281568500
2006-03-24,90.29515972112166,90.53706406183449,89.4726342706577,89.99796295166016,274160300
2006-03-31,89.87351562167727,90.53012790578852,89.19617638894715,89.73530578613281,309605900
2006-04-07,89.90122937464444,90.82043765965214,89.40353661549351,89.53485107421875,305128300
2006-04-14,89.67310333251953,89.90810044558772,88.64325327015993,88.96115112304688,208381400
2006-04-21,89.04413430286172,91.13837459113856,88.48428387697261,90.64764404296876,402316600
2006-04-28,90.46793928733372,91.06232549943604,89.5694257987623,90.8687973022461,384501600
2006-05-05,90.8688198543465,91.7881099032228,90.0739724576555,91.5945816040039,280384700
2006-05-12,91.58764272700364,91.76735506951958,89.2929385154181,89.32749938964844,296612300
2006-05-19,89.01646304060075,89.85279770038444,86.94987140414408,87.84839630126953,503172100
2006-05-26,87.281602443362,88.73306274414062,86.2310121980553,88.73306274414062,513231900
2006-06-02,88.44971111730783,89.4588061254255,87.1226556998738,89.16160583496094,324770400
2006-06-09,89.05793335417682,89.06484130979607,85.61587569853717,86.63882446289062,625132500
2006-06-16,87.00515837829666,87.33694694731885,84.55839484254925,86.53581237792969,673381600
2006-06-23,87.05646641450588,87.26473607279786,85.77214162926278,86.39004516601562,364980400
2006-06-30,86.45943384096593,88.62548247011135,85.84157994767895,88.3616714477539,334910500
2006-07-07,88.46578146184365,88.8684310747317,87.67436136753156,87.89651489257812,225294200
2006-07-14,88.12559383125074,88.46576518693246,85.27228943116432,85.75130462646484,422814400
2006-07-21,85.75133497239312,87.68128595446436,84.96685828742284,86.04988098144531,551315100
2006-07-28,86.39001211708265,88.95868458536204,86.39001211708265,88.84761047363281,442284600
2006-08-04,88.62546218129876,89.854259232172,87.88955212755904,89.00035858154297,339577600
2006-08-11,88.79207611083984,89.27802108500063,87.66740423661348,88.1741943359375,331993700
2006-08-18,88.60461928428921,90.7289810180664,88.11171636236105,90.7289810180664,327000800
2006-08-25,90.37490537589444,90.61091984436574,89.68762244788716,90.11808013916016,269304600
2006-09-01,90.00694790633227,91.3468124083016,90.00000941733512,91.23573303222656,250856300
2006-09-08,91.29822236816032,91.53426871944964,89.79868697894564,90.4443359375,237509600
2006-09-15,90.15279321379796,92.31336134124918,89.88898217529947,92.01353454589844,335779100
2006-09-22,91.8949922226619,92.57834185701827,91.34415085948056,91.671875,386346600
2006-09-29,91.85318161825862,93.42905113927316,91.37903379488202,93.14311981201172,355258100
2006-10-06,93.11526206584742,94.41922544282122,92.4946700308736,94.1402359008789,331175500
2006-10-13,94.02868080919012,95.3256661789336,93.64516308382623,95.26988220214844,314754900
2006-10-20,95.19320310989518,95.785861961026,94.60045381400656,95.41632843017578,331779900
2006-10-27,95.22102978600738,96.92240040391042,95.10249287184432,96.16238403320312,344641900
2006-11-03,95.98805546181111,96.44131906981352,94.56559268884824,95.20709228515624,336037000
2006-11-10,95.49995256421792,97.02002089232614,95.43019386212288,96.39250946044922,359047800
2006-11-17,96.35064255464695,98.09389651234122,96.27395157291048,97.91254425048828,365694400
2006-11-24,97.8288910502553,98.42857476635584,97.57786852907176,97.86378479003906,197045400
2006-12-01,97.81490704546243,98.35181761222864,96.3018023110395,97.7730941772461,491307200
2006-12-08,97.79401771797234,99.223453559787,97.7800690678798,98.60983276367188,356923700
2006-12-15,98.6098402504443,100.18996610218514,98.2402689385494,99.8043212890625,308363800
2006-12-22,99.94458603064597,100.18299152998928,98.63343461923348,98.68952941894533,266215300
2006-12-29,98.73155861572091,100.0567845499383,98.71052441156,99.2994613647461,155174000
2007-01-05,99.7412460425584,100.16895937094635,98.43008033865988,98.5422592163086,241073500
2007-01-12,98.73856451845135,100.43541717529295,98.33889329255244,100.43541717529295,329610500
2007-01-19,100.31619605106827,100.58967441164629,99.78333712685613,100.1409149169922,220263000
2007-01-26,100.31621321564066,100.95422358824472,99.27144439188264,99.65708923339844,310992100
2007-02-02,99.69913818631449,101.63443336297205,99.38361454079865,101.53627014160156,347310200
2007-02-09,101.45911118080387,101.92189008824676,100.54057123226978,100.92621612548828,308181700
2007-02-16,100.92621043931182,102.33553292616656,100.40033398700108,102.18126678466795,274335200
2007-02-23,102.0620856078515,102.66510960830551,101.66943295792016,101.87981414794922,271917000
2007-03-02,102.25143971250368,102.33557653851229,96.79634821025437,97.23106384277344,896598200
2007-03-09,96.71215686260707,99.15928836626634,96.29146222204604,98.71054077148438,627885300
2007-03-16,98.45812435269356,99.1031983827707,95.88481189006748,97.51815032958984,756793400
2007-03-23,98.0320340195091,101.23495798589003,97.9545991207477,100.93930053710938,524036300
2007-03-30,101.01676716653763,101.1223553095172,98.9471718808308,99.96086120605467,634186800
2007-04-06,100.07347869873048,101.6784846137938,99.59478738048224,101.5376968383789,272652200
2007-04-13,101.826343659066,102.29795837402344,100.9041249528764,102.29795837402344,413774500
2007-04-20,102.65698401939083,104.62100219726562,102.64994838944052,104.62100219726562,506895800
2007-04-27,104.44497584445216,105.45166823681949,103.70588412273467,105.26161193847656,497093300
2007-05-04,105.33898494777388,106.38086193183597,103.9522090308653,106.24007415771484,505325300
2007-05-11,106.21190618251136,107.57761689905271,105.07857601500618,106.19784545898438,513142200
2007-05-18,106.19782740190055,107.43672943115234,105.44459624270384,107.43672943115234,603182100
2007-05-25,107.40864190726045,108.05625867590868,106.1134104436464,106.78214263916016,661502200
2007-06-01,106.95811684029306,108.6898503418782,106.53573118958768,108.46459197998048,433672000
2007-06-08,108.08439409137424,108.68275542190555,104.93072882222184,106.32456970214844,777324100
2007-06-15,106.24710733416894,108.63507416888694,105.27568081010295,108.21795654296876,829549100
2007-06-22,108.43718524384002,108.5785653257619,105.94151491996972,106.4364013671875,786735600
2007-06-29,106.21724171791938,107.2140297166931,104.6760284015526,106.35150909423828,1001504900
2007-07-06,106.6626180344466,108.2886941712358,106.59192614326088,108.15436553955078,327793400
2007-07-13,108.28165986290992,109.9076779799102,106.41518565065964,109.4764175415039,673995100
2007-07-20,109.57540788423223,109.95717433681398,108.0483329626466,108.52201080322266,853182600
2007-07-27,109.0027925754026,109.3845699927543,102.5479834016721,102.59040069580078,1533710900
2007-08-03,103.17010901070736,105.66576697399157,101.24004352544576,101.66423797607422,1721820800
2007-08-10,101.95411289488732,106.4646795560062,100.76637480008688,102.3076400756836,1601119800
2007-08-17,103.57308879274848,103.84881194232646,96.85677329134322,102.3076400756836,1704847500
2007-08-24,102.6328181581517,104.8668975830078,101.3036854054628,104.8668975830078,850360700
2007-08-31,104.52752704881246,104.98708490127328,101.42386181106669,104.3437271118164,917764000
2007-09-07,104.24477615706434,106.03344459981804,102.69643820197244,103.26910400390624,649649800
2007-09-14,103.5872576158591,105.65870582186804,102.038961543908,105.26986694335938,779932400
2007-09-21,104.85277575673284,109.15119638746776,104.37203190450708,107.95001983642578,884054500
2007-09-28,108.2696496463658,108.8166607239931,106.88450793031105,108.38335418701172,653372500
2007-10-05,108.39748541905774,110.88376124998808,108.32644734753696,110.7061767578125,591641100
2007-10-12,110.37934515271031,111.89240518460602,109.775590889959,111.04708099365234,625121600
2007-10-19,111.00444534340502,111.1536043245635,106.309108413039,106.3162078857422,989902300
2007-10-26,105.74088000740436,109.12205505371094,105.59881462234983,109.12205505371094,1182627600
2007-11-02,109.3422606630864,110.29413836570244,105.98948073162464,107.40304565429688,1125046000
2007-11-09,106.2949177359144,108.04946586723764,102.92080428937288,103.098388671875,1363536200
2007-11-16,103.14814021991027,106.12445005707166,102.07552337646484,103.56009674072266,1236645700
2007-11-23,103.19785748491594,103.37537903970964,100.63350263950008,102.38096618652344,1019214300
2007-11-30,102.59401837013364,106.4582954788973,99.91605436170155,105.59879302978516,1189044700
2007-12-07,105.2649509967837,107.61615625238244,103.92953068283208,107.19705963134766,757531800
2007-12-14,107.45991811722766,108.603573557797,104.49071014450502,104.5404281616211,1093400500
2007-12-21,104.14259832614523,105.98784812723774,102.26017692941568,105.78076171875,982654100
2007-12-28,106.27353114256536,106.88764166043056,104.90243778829866,105.1880874633789,352074300
2008-01-04,105.04526162115546,105.40945267603708,100.62492948503626,100.91056823730467,670526600
2008-01-11,101.26761053279222,102.04596019108568,98.33262967765992,100.08218383789062,1465959400
2008-01-18,100.8034478289807,101.30332105101232,93.6195240487145,94.30506134033205,1535562300
2008-01-25,90.84162537841858,97.66135646309014,89.97755585298054,95.00487518310548,1477389900
2008-02-01,95.16198666544656,99.69653984410026,94.30505961836236,99.67511749267578,1272366500
2008-02-08,99.41094429380524,99.4752113759201,94.06939207863164,95.02629852294922,1181381300
2008-02-15,95.04774381602792,97.8755789700541,94.29078046450148,96.50454711914062,996516000
2008-02-22,97.63281366702748,97.83988993875936,94.87634908806076,96.84728240966795,771817900
2008-02-29,96.79013882241271,99.36094199031056,94.81921160058428,95.5618896484375,994469800
2008-03-07,95.0762872173484,96.24031676373836,91.81994709775718,92.62689208984376,1317024300
2008-03-14,92.71972466738409,95.52615442280609,91.11298262806122,92.55548858642578,1642477300
2008-03-21,90.38462436829737,96.15457606456744,90.02757046695334,94.78627014160156,1331020000
2008-03-28,95.66897565480878,97.46308294996416,94.05427541397732,94.37721252441406,1004908100
2008-04-04,94.21934872926272,99.00603482989852,94.07582231312412,98.23815155029295,1012481800
2008-04-11,98.94141488749288,99.44377363598863,95.45371810973478,95.71925354003906,914734500
2008-04-18,95.5828955018433,100.15429033894527,94.9656786523948,99.37923431396484,920376400
2008-04-25,99.1997847232992,100.39106450299543,98.24528362534672,100.18295288085938,894231800
2008-05-02,100.38390904584428,102.17078489849354,99.22135162353516,101.5536117553711,808385200
2008-05-09,101.22354853662584,102.0487965119697,99.3576582798852,99.68059539794922,828021000
2008-05-16,99.93178753457154,102.52963564146918,99.55861010927433,102.37893676757812,860072700
2008-05-23,102.48664379710544,103.55593631754668,98.69023067637173,98.7763442993164,949138100
2008-05-30,98.89117335327224,101.1373961497065,98.69740674425388,100.72124481201172,640900200
2008-06-06,100.34800899561915,101.10871869241876,97.75728108547116,97.80751037597656,1321816700
2008-06-13,98.21662608770258,98.67591719152496,95.81965808013638,97.70706939697266,1269907600
2008-06-20,97.27650390059588,98.4032163174286,94.64013611516692,94.8997802734375,1236913800
2008-06-27,95.26758806614782,96.21243110030105,91.62538785881456,91.97879028320312,1321449300
2008-07-04,92.23840806324888,93.15438683850562,90.14683515677248,91.09886169433594,1174881700
2008-07-11,91.44505672037064,92.13025085290488,88.34376583149437,89.31742858886719,2002730700
2008-07-18,90.34159013830543,91.17820125512516,86.56231315280523,90.8608627319336,1839386900
2008-07-25,91.24315862344238,93.14714267341378,90.04586609942892,90.50023651123048,1299231100
2008-08-01,90.52189403289847,92.7505266650712,89.01451522296449,90.99068450927734,1347509900
2008-08-08,90.90413154138616,93.70971262925852,89.98095495807274,93.30582427978516,1156496800
2008-08-15,93.37799116923291,94.84930091868662,92.07975830866772,93.88282775878906,1139575900
2008-08-22,94.07034657946082,94.10641040429428,91.1205069542353,93.50780487060548,940772100
2008-08-29,92.89473734804808,94.00544304807484,91.29361863464057,92.88752746582033,858819800
2008-09-05,93.7818618471142,94.2723056737196,87.99035196147554,89.73573303222656,1133857800
2008-09-12,92.34660048324952,92.4908557811486,87.7018671376387,90.94019317626952,1713539300
2008-09-19,87.72346057373541,92.85212221266944,82.07627041233859,90.03754425048828,2966649400
2008-09-26,90.27692366909432,90.4945480424826,85.44571083322835,87.66545867919922,1503425700
2008-10-03,86.42500597181538,86.57008518563714,79.56269965807108,80.04146575927734,1947635500
2008-10-10,77.7273695486422,78.06831176095828,60.62953029202803,64.19853210449219,3281575900
2008-10-17,68.09396964044468,76.55222882551818,62.77673999243584,67.61520385742188,2671940000
2008-10-24,69.1675891185652,71.88786665758391,60.93420024197732,63.13943862915039,2374443200
2008-10-31,62.36324792549236,71.50338739676938,60.716570744786246,70.24118041992188,2394474300
2008-11-07,70.2048968652086,73.16458109732679,65.33017915294725,68.08671569824219,1798169800
2008-11-14,69.06604103076322,69.29817118794296,59.54864950718429,62.83476257324219,2468096000
2008-11-21,62.660659227149125,64.24204682359635,53.926755699763845,57.684364318847656,3030111200
2008-11-28,59.42536410206686,65.38094566161104,58.29373049623371,65.3519287109375,1465860000
2008-12-05,63.48040296115435,64.14048587621387,59.38185005476106,63.785037994384766,2275378100
2008-12-12,65.53324517002585,67.01307565003063,61.8046624079359,64.553955078125,1959958100
2008-12-19,64.57574853289805,67.04937151699276,62.595389914100245,64.49299621582031,1592338100
2008-12-26,64.77819510481254,64.84400906071781,62.5184877698634,63.73974990844727,602214000
2009-01-02,63.79822331977476,68.33227900456438,62.598899043443744,67.98125457763672,717605700
2009-01-09,67.7399395043402,69.07090739826009,62.42340817306018,65.15113830566406,1444297800
2009-01-16,64.96830327863442,65.01949933062738,59.76149390732462,62.20402145385742,2001666900
2009-01-23,61.59704299647422,62.20401422393383,58.54022656216746,60.77801513671875,1598956800
2009-01-30,61.12901232587404,64.31744841946342,60.119825351641325,60.5732307434082,1599551600
2009-02-06,59.6518047896284,63.8713775256452,56.84362708761667,63.60811614990234,1673389500
2009-02-13,63.59349608702229,64.16390604379924,59.27152760398757,60.52203369140625,1864031100
2009-02-20,58.62068180012544,60.668306964765385,55.41026633097084,56.61690521240234,1635919000
2009-02-27,57.238523510835336,58.26233114445042,53.97693976341724,54.064697265625,2101752900
2009-03-06,53.03357278210483,54.05738809173854,49.06994746542019,50.40090560913086,2308986100
2009-03-13,49.691549406862606,56.295145415072206,49.53066901094396,55.644287109375,1889958900
2009-03-20,56.280536811563465,59.23495639821456,55.17627027085285,56.49923706054688,1990331000
2009-03-27,57.99437565199673,61.35298578984817,57.677667499781855,60.10823440551758,1936336900
2009-04-03,58.77510502279118,62.317805601774864,57.41988669843354,62.060054779052734,1826242100
2009-04-10,61.38242178565597,63.20901940200464,60.03456248750114,63.20165252685547,1023870700
2009-04-17,62.54612842307809,64.55686877471553,61.58125333215555,64.13704681396484,1350024300
2009-04-24,63.00277874690501,64.3064454845303,60.94785241193279,63.82770538330078,1360782900
2009-05-01,63.10589773277472,65.56590581559539,62.42828432480518,64.73362731933594,1386543700
2009-05-08,65.21976352606565,68.65935542016558,65.0945490982434,68.48258972167969,1438907000
2009-05-15,67.53981486422457,67.84179493351672,64.92513038537491,65.33758544921875,1331575400
2009-05-22,65.95628588137758,68.35000787429539,65.00613980749189,65.5658950805664,1159072100
2009-05-29,65.07979341134664,69.0128927402215,65.05033153605463,68.15115356445312,1030070800
2009-06-05,68.9907747211085,70.46384920545806,68.32056260150706,69.6389389038086,1236792000
2009-06-12,69.11597431085072,70.78790058300436,68.52675366700322,70.02928924560547,1219567000
2009-06-19,69.20437281648923,69.248562827701,66.89902637870688,68.17317962646484,1102335400
2009-06-26,67.50657669111315,68.32129413219415,65.81037967948131,68.02501678466797,1098791100
2009-07-03,68.22500549060965,69.05460810220642,66.48438457399386,66.52141571044922,782720500
2009-07-10,65.8770359705116,66.61031821800469,64.44009538130327,65.15115356445312,956936900
2009-07-17,65.41039942924374,70.00268164083028,64.87710117607047,69.72120666503906,989515000
2009-07-24,70.12857508830388,72.6913595579395,69.76563833427228,72.6321029663086,990764400
2009-07-31,72.49877554189962,73.94315782711166,71.8321991934111,73.18766784667969,973277300
2009-08-07,73.9579633148735,75.57266029054863,73.55798966929632,74.9578857421875,951062600
2009-08-14,74.61718783906208,75.26158478896552,73.66909756235839,74.65420532226562,883317700
2009-08-21,73.21726486288833,76.3874208285055,72.6691553998035,76.26891326904297,1002678100
2009-08-28,76.579986995282,77.29106448915869,75.50597979892515,76.57259368896484,944464800
2009-09-04,75.82449961535202,76.46890149805554,73.75056495449385,75.5948715209961,955393600
2009-09-11,76.29112846850617,77.99471305158511,75.83930677015474,77.60214233398438,602784100
2009-09-18,76.94295880556105,80.03903070673334,76.40225768236742,79.42301940917969,935766000
2009-09-25,78.80531577109737,80.39792897410366,77.46572338625712,77.733642578125,953661900
2009-10-02,78.03131819640998,79.64628473747102,75.90286926006083,76.27497863769531,1012992100
2009-10-09,76.58009875692824,79.82490539550781,76.35683089502042,79.82490539550781,829880500
2009-10-16,80.19701292189676,81.64824676513672,79.4527888129935,81.0379409790039,833088300
2009-10-23,81.17194809049289,82.0947149758984,80.00350363870405,80.43515014648438,1044308000
2009-10-30,80.52445199627616,81.35053511443786,76.98198644970674,77.0712890625,1267834600
2009-11-06,77.49546039474137,79.92906105357602,76.71403447699755,79.72811889648438,1081551600
2009-11-13,80.33840061391561,82.47433327792044,80.27886743743163,81.58130645751953,808969200
2009-11-20,82.14684645891487,83.12177667920642,81.12724137207701,81.43981170654297,857473700
2009-11-27,82.39989109806139,83.15899163439109,80.59143790623875,81.54403686523438,521996900
2009-12-04,81.47707228344854,83.6352755099566,80.46493431635439,82.6156997680664,895036300
2009-12-11,82.54131280482969,83.00272484355928,81.13471808673945,82.69013977050781,715769500
2009-12-18,83.25572204589844,83.44923598108672,81.76605670272498,82.46190643310547,740889800
2009-12-25,82.87343096079776,84.25015324025938,82.87343096079776,84.16036987304688,361207700
2010-01-01,84.47463133401439,84.57192751917505,83.34481149011314,83.3822250366211,331857300
2010-01-08,84.07806831897445,85.7615651506607,83.43459418616192,85.72415161132812,604092800
2010-01-15,86.10578033598838,86.15064160801579,84.69910696262609,85.02832794189453,759533100
2010-01-22,85.01334185342184,86.1431576966123,81.62391023326165,81.71369934082031,1046464900
2010-01-29,82.46192671541839,82.65644964056212,80.22471652286497,80.35191345214844,1296751500
2010-02-05,80.92057358135591,82.74623032126817,78.24939991111465,79.80570983886719,1427225100
2010-02-12,79.86556647053058,80.99539059459958,79.16971671713799,80.83826446533203,1330712600
2010-02-19,81.45180095836841,83.47949007332221,80.67364601538563,83.15775299072266,744556100
2010-02-26,83.46455987942736,83.48700573189204,81.51165724611508,82.85847473144531,949418600
2010-03-05,83.20266337483011,85.55209401920357,83.18021752587335,85.48475646972656,771376300
2010-03-12,85.49222431074335,86.77173341565947,85.20041839697745,86.39013671875,778142600
2010-03-19,86.2404632305994,88.12074509819351,85.74663171490214,87.12902069091797,916108100
2010-03-26,86.63316184719258,88.78188351117642,86.58057061469447,87.5873031616211,992696800
2010-04-02,88.03057528610812,88.84197655845922,87.60983825763329,88.50389099121094,602579900
2010-04-09,88.84199078369672,89.85625695444412,88.35363883031536,89.81869506835938,692518600
2010-04-16,89.93141097195483,91.33629560755102,89.21765164859735,89.67594909667969,908333600
2010-04-23,89.41301900604653,91.5541996934294,89.00731266828797,91.51663208007812,861261700
2010-04-30,91.54671197081808,91.74956797140408,88.84199799979535,89.26275634765625,1263760600
2010-05-07,89.69097809402642,90.66767894777048,78.88717913174871,83.59036254882812,2156989900
2010-05-14,87.00881240576767,88.41375284101133,84.79993906290595,85.56626892089844,1529670400
2010-05-21,85.79919288137322,86.56555342748163,79.15762306344081,81.97502136230469,2112367000
2010-05-28,81.53175879565858,83.24475936761183,78.42137079727088,82.1703872680664,1614851500
2010-06-04,81.40405785401248,83.44010305597624,79.98409157169402,80.25456237792969,1143247000
2010-06-11,80.5400588132288,82.45591155300262,78.62422672387927,82.4033203125,1422425500
2010-06-18,83.03441994265128,84.64482046932184,82.19296004653302,84.3428726196289,1099031200
2010-06-25,85.39214129770144,85.45252740100152,80.59863484844766,81.42900848388672,1214386100
2010-07-02,81.54980382901684,81.76872003783589,76.34110415468909,77.14884185791016,1443279800
2010-07-09,78.23588856913437,81.50446814402729,76.90729601970872,81.49691772460938,866546700
2010-07-16,81.225205582632,83.1048591585342,80.35704920650068,80.51557922363281,1043767600
2010-07-23,80.81004866033959,83.46721354330758,79.88151700774846,83.346435546875,1206200500
2010-07-30,83.48986093089904,84.76558817157563,82.26691618548467,83.24070739746094,992577200
2010-08-06,84.5391377685732,85.38460593318725,83.73141119009588,84.8410873413086,873294300
2010-08-13,85.24115728102393,85.43742794474343,81.22520471643477,81.76117706298828,1035364700
2010-08-20,81.20255703395581,83.33133186104645,80.58355694821945,81.17236328125,978649500
2010-08-27,81.55735852473669,81.95744460484127,78.72652941390423,80.66658782958984,1213491400
2010-09-03,80.45523086972686,83.78425007926248,78.87752633963014,83.7087631225586,1066309300
2010-09-10,83.31621763894974,84.30511839313175,82.6972154523256,84.15412902832031,566735000
2010-09-17,84.98451181362502,85.87206922790482,84.53160081125172,85.37117767333984,952735300
2010-09-24,85.66715318145303,87.2001805105909,85.13591398757262,87.13946533203125,1086292800
2010-10-01,87.16984372711899,87.87562821269665,85.89481183073298,86.98009490966797,979380500
2010-10-08,86.79794939768827,88.68767152409923,85.89482996766455,88.44481658935547,887034000
2010-10-15,88.58140649174969,89.97027428468665,87.76938626182849,89.32514953613281,941124800
2010-10-22,89.35550872256974,90.3800539713499,88.0501569938135,89.81847381591797,951659200
2010-10-29,90.41798828179442,90.8885221189803,88.99122023948222,89.92469024658203,813034100
2010-11-05,90.36488928345852,93.28673087955208,89.4390030357296,93.13494873046876,954817000
2010-11-12,92.8465867841616,93.30948689470571,90.80505409599428,91.2224578857422,961202500
2010-11-19,91.51086207915836,91.86755652460263,89.24164894715939,91.29078674316406,990392500
2010-11-26,90.83542071033428,91.25282454156556,89.54525216547795,90.15999603271484,619723900
2010-12-03,89.9322978652294,93.3702104517035,89.35551526190713,93.2639617919922,1021112700
2010-12-10,93.06665010485364,94.56174723585316,92.8996930052894,94.4706802368164,688927500
2010-12-17,94.90324821432895,95.03983805332562,93.91663682327707,94.83019256591795,767995900
2010-12-24,95.08956876195658,95.98977627165048,94.58604871668396,95.82193756103516,362982800
2010-12-31,95.46339663678556,96.27968541431888,95.3947371922999,95.9363784790039,339304000
2011-01-07,96.66879844266778,97.5232678420582,95.89825394231752,96.99686431884766,688663800
2011-01-14,96.56960451521864,98.66759319719591,96.27969362316448,98.64470672607422,587344200
2011-01-21,98.5531615945965,98.90410693115598,96.9891950234149,97.93517303466795,593568300
2011-01-28,97.87417198361857,99.44578986701836,97.27911227186848,97.43932342529295,841489200
2011-02-04,97.70634867015912,100.09424694047948,97.4622107345848,100.05609893798828,715288600
2011-02-11,100.2773812080766,101.68111602444368,100.17057806956848,101.55142211914062,658367400
2011-02-18,101.49038672751232,102.7568193178744,100.94873518710232,102.63475036621094,591262500
2011-02-25,101.55908967383144,102.65768749866288,98.94987953356654,100.95637512207033,862818700
2011-03-04,101.33021889909644,101.9939086174254,99.44578445484706,101.06317901611328,1054110800
2011-03-11,101.36070212385329,101.5895785338019,98.7896691400259,99.81959533691406,1072125000
2011-03-18,99.17113073879,99.5449509060373,95.57780386008736,97.8932876586914,1547968900
2011-03-25,99.1115948314376,101.0424489962116,98.32237087253938,100.60570526123048,746906900
2011-04-01,100.82026845512192,102.49831604403116,99.94675560092418,102.02324676513672,661783400
2011-04-08,102.2377401955072,102.674523736515,101.37959776470524,101.801025390625,660648900
2011-04-15,101.90831819377232,102.25311843578504,99.81648021859348,101.17268371582033,775858900
2011-04-22,100.06170508038534,102.55193798924884,99.23417749224102,102.50596618652344,627087300
2011-04-29,102.42931034459356,104.64374400044258,102.06152433296938,104.53646087646484,595273300
2011-05-06,105.0268399302702,105.11111375602336,101.9236378815852,102.82776641845705,897019400
2011-05-13,102.82009654493442,104.29126735206316,102.20714052634206,102.70519256591795,751471200
2011-05-20,102.33738696895291,103.46373340367046,101.23401739821212,102.3757095336914,771663900
2011-05-27,101.12671918551328,102.57491474910393,100.66703194722892,102.299072265625,752721600
2011-06-03,103.26453406872156,103.37946357337825,99.67088953076106,99.93140411376952,832982500
2011-06-10,99.6785726025534,99.88545738411334,97.51017620587896,97.77069091796876,939901900
2011-06-17,97.99285991369152,99.43337741628572,96.78989618020664,97.8318862915039,1210445900
2011-06-24,97.50076560764816,99.95715268315595,97.16966919018743,97.64705657958984,1089755100
2011-07-01,97.70867401129296,103.26058968165296,97.5161673628548,103.12197875976562,1004464900
2011-07-08,103.01415447617224,104.49259537885526,102.49822293896074,103.4916000366211,673832300
2011-07-15,102.221026887473,102.58294997186717,100.62705819278132,101.4048080444336,1060781500
2011-07-22,100.93507164700397,103.8150080547695,99.81853560936035,103.63015747070312,871838100
2011-07-29,102.6445677332696,103.56090144222122,98.54032569450082,99.58756256103516,1031930400
2011-08-05,100.75028501643683,100.842696205087,89.98529646672775,92.46478271484376,2219616500
2011-08-12,90.02382449475553,92.4956095016578,84.91083327665397,90.95553588867188,2884411300
2011-08-19,91.7794618286316,93.32722581008626,86.62797557564203,86.73577880859375,1732344500
2011-08-26,88.6839681538114,91.94114233766356,86.55869882290564,90.84003448486328,1479958200
2011-09-02,92.06435899795606,95.10597527728744,90.42424032560108,90.74765014648438,1244224400
2011-09-09,88.08332814967311,93.12702272253831,88.07562623995646,89.26148223876953,1125697000
2011-09-16,88.14494081377853,94.40604747372284,87.82153107018813,94.0577392578125,1509003200
2011-09-23,92.51745816170909,94.42151590849164,86.14737335765766,87.881103515625,1597854300
2011-09-30,88.70931271963805,92.5406710847121,87.4476781736511,87.57926177978516,1445625600
2011-10-07,87.06838545242226,90.75273745987909,83.15193598969651,89.56076049804688,1678881000
2011-10-14,91.08550157189543,94.89364935384276,91.0777598180462,94.87042999267578,1145235600
2011-10-21,94.42152681506536,96.07016614832466,92.26203035305988,95.95406341552734,1288845800
2011-10-28,96.10888345208444,100.17240651280711,94.5918257321646,99.53773498535156,1379992900
2011-11-04,98.42316576871144,99.55321434425169,94.05774029660596,97.12281799316406,1430006500
2011-11-11,97.05315611911912,99.08880511073066,95.09492767352602,98.03614807128906,1180816400
2011-11-18,97.67237578011718,98.64762464747264,93.83328488927172,94.4137725830078,1126550200
2011-11-25,93.03604052624893,93.15214325832036,89.93997889296945,90.04833984375,769992600
2011-12-02,92.52519608862164,97.9122978005762,91.96790770298176,96.6429214477539,1132431500
2011-12-09,98.17548512879247,98.50057954652269,95.7063761943259,97.5639877319336,1091882700
2011-12-16,96.71257456374688,97.19246174733416,94.01905474009112,94.7087860107422,1119195300
2011-12-23,95.074889712293,98.4787359053532,93.4936844532556,98.44757843017578,815204600
2011-12-30,98.27623589612288,98.78253457423318,97.15460742706232,97.7543487548828,424289000
2012-01-06,99.51470018378824,99.9976321375107,98.47876403976775,99.47577667236328,642829400
2012-01-13,99.70165766797034,101.02584234968997,99.24209819214434,100.35595703125,625172800
2012-01-20,101.32182694091244,102.77840423583984,100.40269595957436,102.77840423583984,560163500
2012-01-27,102.4356378883496,103.90780253203076,101.7268574938388,102.67716217041016,751131900
2012-02-03,101.65676611196824,104.85812186065392,101.30625476077698,104.79580688476562,744447200
2012-02-10,104.35957693565744,105.61365737544972,104.09474918319005,104.65560913085938,699094400
2012-02-17,105.4033577371636,106.42373591945912,104.56990752173974,106.25237274169922,792803700
2012-02-24,106.5016557134689,106.86769826492667,105.54355405249656,106.65738677978516,501741000
2012-03-02,105.94856541067892,107.63883485767911,105.7772022803308,106.9533920288086,726681300
2012-03-09,106.78980782147926,107.43632144302389,104.65558782159238,107.15592193603516,726392800
2012-03-16,107.1403449212447,109.90211331361796,106.78203683766527,109.76129913330078,751269600
2012-03-23,109.69086641797811,110.5279561483628,108.39224083992508,109.25279998779295,625146900
2012-03-30,110.03510333226272,110.95823692542989,108.81469147718072,110.16027069091795,689045100
2012-04-06,110.02726762472558,111.2555356621564,108.94763122647466,109.36226654052734,591883200
2012-04-13,107.9854109279816,109.40143158922864,106.20951226049328,107.2890853881836,840617400
2012-04-20,107.8367418347122,109.02588355686376,106.85100688145702,107.9228057861328,761453400
2012-04-27,106.8196985079177,110.144631536387,106.35030606399914,109.83170318603516,726597900
2012-05-04,109.61266042914824,110.82527457582998,107.11696976470424,107.17955780029295,712692400
2012-05-11,106.79625754421616,107.61770945872873,105.21591663847336,106.0921401977539,865528500
2012-05-18,105.07513485419985,106.0921700597491,101.35121752758614,101.49986267089844,1146413600
2012-05-25,101.8284405948616,104.23020220968138,101.6641454536056,103.34617614746094,883173900
2012-06-01,104.17541550682049,104.777803034824,100.26376342773438,100.26376342773438,764680800
2012-06-08,100.44369098491812,104.46489414357596,99.46577514779668,104.12850952148438,879586100
2012-06-15,104.96560040427326,105.58020234390854,102.61077704190976,105.48583984375,923971800
2012-06-22,105.04553020920702,107.14515380230029,104.06251434951544,104.9511260986328,810496700
2012-06-29,103.84231579401371,107.16089068469668,102.8986546113451,107.02720642089844,777590700
2012-07-06,107.3260187415751,108.36403629782156,106.04416822022904,106.54745483398438,487344100
2012-07-13,106.46099199290458,107.12938405111466,104.27481515631396,106.75199127197266,686624500
2012-07-20,106.5081690894354,108.66287725085174,105.8083013526153,107.3181610107422,622487000
2012-07-27,105.74540770681676,109.36274005547853,104.61296637282436,109.05603790283205,840929800
2012-08-03,108.93022522401756,109.81098590242156,106.61826798049864,109.58293914794922,723033300
2012-08-10,109.87390100252289,110.81754290865582,109.74807630758262,110.75464630126952,475710400
2012-08-17,110.56593885231509,111.90280807791692,110.12555236415466,111.80843353271484,455720100
2012-08-24,111.65114537405532,112.52406033370644,110.26710669717812,111.2815399169922,528027900
2012-08-31,111.5803700550611,111.72978539662618,110.24351282928708,111.00631713867188,458457100
2012-09-07,110.91194279692787,113.54632676982702,110.19634022645572,113.4991455078125,486431100
2012-09-14,113.38908874124336,116.47168126754698,112.81502986802646,115.78752899169922,658106600
2012-09-21,115.55163066921828,115.95498718963556,114.52143655534286,115.32251739501952,608820000
2012-09-28,114.75331317307165,115.6150524349948,113.01401827098044,113.82039642333984,637875800
2012-10-05,114.2552627708017,116.34241025684682,113.70972046413004,115.5360107421875,619770200
2012-10-12,115.10908322863578,115.52017839445725,112.72151167688646,112.96659088134766,599319200
2012-10-19,113.23539288743557,115.83641900654044,112.87173084251224,113.36185455322266,679092400
2012-10-26,113.1721335453018,113.58324074387863,110.99014862286982,111.74911499023438,718295200
2012-11-02,112.14440720871649,113.62278039730728,111.21941280171052,111.91511535644533,342136300
2012-11-09,111.7490865442498,113.46462148162568,108.74488537303613,109.22714233398438,852323700
2012-11-16,109.56710583472484,110.08889000858784,106.49168421003492,107.81195831298828,829813100
2012-11-23,109.02156074632012,111.78863456139364,107.84359796141764,111.74911499023438,418423200
2012-11-30,111.19565333527504,112.66615359822514,109.89123189205417,112.3815460205078,693511300
2012-12-07,112.89541071986032,112.99027695060089,110.97431168328748,112.58712768554688,611416000
2012-12-14,112.42901964709212,114.27894802350208,112.16812672863584,112.34205627441406,670707900
2012-12-21,112.63453061983492,115.09325520130864,112.60290049672516,113.68816375732422,886267200
2012-12-28,113.44131091862644,113.62445635205329,111.3632985859417,111.49069213867188,477549600
2013-01-04,111.19607132238583,116.7295958215436,111.10052011247178,116.53850555419922,697573700
2013-01-11,116.12451555023128,117.1595937581457,115.43183854325078,117.09590911865234,566665900
2013-01-18,116.95257671643456,118.22646122327122,116.40321413773044,118.09906768798828,591328800
2013-01-25,118.09903706928112,119.62776947021484,117.82036530171352,119.62776947021484,510031400
2013-02-01,119.65955638449805,120.55933955093076,119.03852829160688,120.41603088378906,596648600
2013-02-08,119.68351768775652,120.93350886206184,118.97489555677907,120.86185455322266,677372500
2013-02-15,120.814089777785,121.5067256678836,120.53541792275588,121.10868072509766,517551100
2013-02-22,121.31568219977602,122.04021930426426,119.38096925489918,120.93354034423828,545293800
2013-03-01,121.52266227337064,121.71382956076584,118.41753980670327,121.10868072509766,880703700
2013-03-08,120.83000845945864,123.92721845806815,120.6389302893259,123.76002502441406,524491200
2013-03-15,123.66449283672024,124.84277229193546,123.51321447948196,124.62232208251952,546984500
2013-03-22,123.43070444224144,124.71824093165318,122.8309519057297,124.43836975097656,647799500
2013-03-29,124.7662554009492,125.43804846763328,123.4387088053226,125.2940902709961,441062300
2013-04-05,125.2301214018192,125.72601888873112,122.9748667874328,124.08649444580078,646416800
2013-04-12,124.17451114238844,127.72532031006816,123.75864668339426,126.99750518798828,550706900
2013-04-19,126.35777680852856,126.46174597287312,122.79895076562296,124.34244537353516,908872400
2013-04-26,124.58233849015284,127.37342008119091,123.75861492119452,126.54969787597656,596455400
2013-05-03,126.89357968045722,129.46074322199587,126.43771141903296,129.05287170410156,584067600
2013-05-10,129.14883545455507,130.9162573406599,129.0928483092916,130.68431091308594,464602100
2013-05-17,130.51634765019855,133.58729013423212,130.21245758402264,133.50732421875,561277200
2013-05-24,133.37941936525797,135.21078738737438,131.1081583448719,132.2038116455078,787545500
2013-05-31,133.58733879493008,134.17914535921844,130.46038524398182,130.71629333496094,588687100
2013-06-07,131.02021649025488,132.03579366430736,128.15715416215764,131.79591369628906,926323300
2013-06-14,132.2037728635454,132.27574585724668,128.99685687773243,130.50033569335938,747319300
2013-06-21,131.3880589154483,132.74761686310333,126.60022633942232,127.8865737915039,1050353400
2013-06-28,126.55199170675608,130.09751676958118,125.20132564197786,128.9719696044922,809325800
2013-07-05,129.64725980745916,131.11052228052475,128.81116040528406,131.06228637695312,484451800
2013-07-12,131.73761318586477,135.00972164595728,131.11052190617656,134.67205810546875,588605500
2013-07-19,135.04190728018307,136.0870043721004,134.3182875795658,136.00660705566406,458478400
2013-07-26,136.1995577980657,136.56134830207597,134.68007400556382,135.9583740234375,492075500
2013-08-02,135.612682817262,137.45381160674992,135.15442957719904,137.43772888183594,508848400
2013-08-09,137.13217207870443,137.44571760907542,135.50818977097708,136.11915588378906,420361400
2013-08-16,135.43580224783452,136.5935110387909,133.0561014222244,133.3214111328125,513028500
2013-08-23,133.16860679593808,134.12535033261096,132.00287593480988,133.95651245117188,537622800
2013-08-30,134.09322588618969,134.50325560894885,131.08640685041166,131.56874084472656,610563900
2013-09-06,132.8390233849752,134.24594747652745,131.608958936162,133.49021911621094,462611500
2013-09-13,133.81980972221425,136.32016106013327,133.81980972221425,136.13528442382812,443889200
2013-09-20,137.60651595919683,139.56814604533378,136.70606770972998,137.92176818847656,671767100
2013-09-27,137.73599422711533,137.86524615441974,136.1040479456022,136.4595184326172,504544800
2013-10-04,135.30422964954428,136.9361948053797,134.78724095558755,136.4434356689453,658023000
2013-10-11,135.2557653298151,137.59862371060203,132.9210204938764,137.55014038085938,744278000
2013-10-18,136.7018988304804,140.98372184438935,136.59687008730592,140.88677978515625,696972000
2013-10-25,140.93518726498635,142.18741505008342,140.53932590839827,142.1470184326172,500226000
2013-11-01,142.09850700716137,143.4073101631979,141.55733816869528,142.35714721679688,588982000
2013-11-08,142.74483755618027,143.51239786799815,141.1856898741675,143.22964477539062,552563000
2013-11-15,143.09221299922658,145.51586546172243,142.2601547369778,145.45932006835938,456701000
2013-11-22,145.70170074268557,146.08949485304268,143.78703992223,146.07333374023438,497733000
2013-11-29,146.33184369949882,146.8327188228375,145.71784476373176,146.226806640625,281150900
2013-12-06,146.2995194099857,146.57419665246428,144.08589010074502,146.17832946777344,573984000
2013-12-13,146.60653026177974,146.76810439771128,143.60927803161428,143.89205932617188,505064000
2013-12-20,144.57061027938107,147.82486811948542,143.25385365555826,147.4755859375,754605200
2013-12-27,148.19845999312437,149.60374656740416,147.8898062357356,149.33570861816406,256145800
2014-01-03,149.35194387936568,150.0179901123047,148.22284562384073,148.55593872070312,344004400
2014-01-10,149.04329550391648,149.63621104111016,147.89799283792902,149.57122802734375,483464500
2014-01-17,149.18946612717332,150.22099506530884,147.2968776112708,149.1650848388672,533573200
2014-01-24,150.02606677971963,150.08293155325427,145.25812007323796,145.30685424804688,491066100
2014-01-31,145.44488013867925,146.0541101359483,143.67415601028458,144.73008728027344,821519600
2014-02-07,144.55949410747468,146.10288051916442,141.09923534410692,145.94854736328125,887744800
2014-02-14,145.96470560493702,149.74989281276797,145.56670181236913,149.47372436523438,501791200
2014-02-21,149.6036887547375,150.2291879082643,148.32036871859736,149.36817932128906,430099700
2014-02-28,149.6849522798125,152.01617897538398,149.61996926297374,151.317626953125,574548900
2014-03-07,149.9854897391351,153.48639928018264,149.2544524806009,152.9178009033203,620701300
2014-03-14,152.68227572207405,153.283328859854,149.8148606620369,149.99356079101562,587706600
2014-03-21,150.74896848654217,154.212716671355,150.65159210406776,151.91200256347656,656800400
2014-03-28,152.43417069732124,152.84215547795554,150.0355296381079,151.33279418945312,589131000
2014-04-04,152.29550379187185,154.76754732025324,151.35727643053576,152.07522583007812,514528000
2014-04-11,151.70804136470366,152.70340942774038,147.92247928103336,148.0856475830078,693927000
2014-04-18,149.24416808730152,152.49126413947835,148.0285535796159,152.0670166015625,499927000
2014-04-25,152.10783085549923,153.70689834544774,151.6428163622525,151.9854736328125,416538000
2014-05-02,152.60553637674386,154.31061288005554,150.9004040219426,153.4294891357422,511868000
2014-05-09,152.67892862204283,154.23720478972947,151.75701346719174,153.34788513183594,445134000
2014-05-16,154.03325480041556,155.35494597230883,152.14036168628152,153.42141723632812,478175000
2014-05-23,153.1276494591625,155.40388887374235,152.62182128077052,155.29783630371094,387217800
2014-05-30,155.87706678625082,157.296656674679,155.78732234625605,157.19874572753906,279426000
2014-06-06,157.4190453166551,159.4423482944058,156.61951178836495,159.4015655517578,356031000
2014-06-13,159.37706960692236,159.94816486599038,157.5495641268502,158.3817138671875,379387000
2014-06-20,158.18588576409758,160.75558529376153,157.99824288412827,160.62442016601562,464041000
2014-06-27,160.6654766226998,161.0835173805604,159.14071129727125,160.52609252929688,405387100
2014-07-04,160.42770828388666,162.5508875241745,160.28834999527325,162.47711181640625,266085000
2014-07-11,162.16560567316284,162.2967583137681,159.90305062536046,161.17367553710938,406114000
2014-07-18,161.99346840059408,162.52625343471735,160.2063068602168,162.07542419433594,519679400
2014-07-25,161.56716913075113,163.1820531643917,161.0261222725426,162.0836181640625,334607000
2014-08-01,162.11641815486394,162.68205300324027,157.04208464039513,157.80445861816406,626687000
2014-08-08,158.10777696448858,159.2800452348285,156.20595849765013,158.41110229492188,591595000
2014-08-15,159.00953652488835,161.20648107724284,158.16516153783894,160.44410705566406,414545000
2014-08-22,161.3294628735947,163.75595016629296,161.2392883862543,163.28872680664062,351220000
2014-08-29,164.06743912435397,164.62487884463184,163.25586889112813,164.53472900390625,283264000
2014-09-05,164.74784358164632,165.24791934669594,163.4690449123296,164.86264038085938,317301000
2014-09-12,164.70689432766434,164.94463276683356,162.7722459914494,163.23951721191406,404171700
2014-09-19,163.26411057338487,166.28390522229688,162.62469600917206,165.29559326171875,560507000
2014-09-26,165.00738299827003,165.03208986083115,161.6470515196939,162.989501953125,598069000
2014-10-03,161.58942405843112,163.31898698069193,158.4186019914925,161.85296630859375,683066000
2014-10-10,162.5283060878484,162.7424489253752,156.88670198520697,156.92787170410156,871766000
2014-10-17,156.86194339649592,157.43021351394165,149.82848153106588,155.22303771972656,1312517000
2014-10-24,154.94296356097414,161.82831118223876,154.89354986143837,161.7788848876953,709653000
2014-10-31,161.2023202299979,166.2180209489714,160.6258059773351,166.08624267578125,592480000
2014-11-07,166.30041419014978,167.68399143244113,164.76847199203343,167.4698486328125,475281000
2014-11-14,167.50284429571937,168.69703765700748,167.29694543610404,168.2111053466797,376714100
2014-11-21,167.88997661921425,171.1760922162327,167.7252474371853,170.22071838378906,454049700
2014-11-28,170.62419793742055,171.20073306643295,170.31951656028878,170.64892578125,265047000
2014-12-05,169.99005210983535,171.69495221245316,169.14999401529636,171.307861328125,429769700
2014-12-12,170.91251496508642,171.4066646476086,165.41911860275877,165.45205688476562,754967700
2014-12-19,166.34978752888287,175.40108088532574,162.9565289127416,171.02767944335938,1206138200
2014-12-26,171.21811443010589,172.95721655262864,170.97795915248048,172.61767578125,370776900
2015-01-02,172.43547794091472,173.05658353930826,169.08979341546532,170.12496948242188,404984400
2015-01-09,169.08157077807908,170.94490731936722,164.68407475623997,169.14784240722656,809915800
2015-01-16,169.2802746346781,170.16639741804175,164.42741236095966,166.97808837890625,940434000
2015-01-23,167.61571710165006,170.8123635660142,165.7689663888203,169.74404907226562,545806600
2015-01-30,169.52873956995722,170.23265179616268,164.5350421112368,165.17276000976562,765883700
2015-02-06,165.66959643885335,171.6239253830581,163.85596577085477,170.224365234375,645251800
2015-02-13,169.57841785976186,173.77710343007948,169.05668504224863,173.7274169921875,465687300
2015-02-20,173.41271624816068,175.011083631322,172.85791142821907,174.93655395507812,389980000
2015-02-27,174.68808050030484,175.764688108241,174.30713004551836,174.4562225341797,400719000
2015-03-06,174.555530662391,175.61554995957928,171.50799732884414,171.83924865722656,577315400
2015-03-13,172.03797885333026,172.9075166069959,169.27200872952477,170.45619201660156,613490300
2015-03-20,171.18497766397894,175.53435314639842,170.4810529814841,175.0269317626953,755050500
2015-03-27,175.0352680996626,175.60923808051962,169.79469137466845,171.14227294921875,581117700
2015-04-03,172.17372636961676,173.52962558919126,170.11913508633242,171.7245330810547,447153600
2015-04-10,170.8344874743749,174.76074114299004,170.70140310210584,174.71914672851562,443228200
2015-04-17,174.5777722030921,175.55100054245278,172.19872236546422,172.98065185546875,509113900
2015-04-24,173.90398309355433,176.32462003232672,173.77085759101533,176.0584259033203,406927200
2015-05-01,176.62406528021913,176.74883583330077,172.70612345816878,175.2848358154297,556611100
2015-05-08,175.7090452606993,176.36620404488573,171.99074505712267,176.033447265625,563435800
2015-05-15,175.99186793361127,176.85698703625127,173.53798119820593,176.715576171875,462547700
2015-05-22,176.5491914027249,177.8302681393417,176.48264288115553,177.173095703125,345719900
2015-05-29,176.68234069195475,177.16479831740622,174.8523001010872,175.63417053222656,417416800
2015-06-05,176.2996734515906,176.9069441485281,173.83740909313252,174.49456787109375,546278200
2015-06-12,174.38644350417422,176.42444729989205,172.76435340274276,174.69419860839844,537908100
2015-06-19,173.55459196309474,177.46422483733193,172.84752494385896,176.21261596679688,632747600
2015-06-26,177.13216924817195,177.70056420665657,174.83347592995116,175.38516235351562,432762300
2015-07-03,173.90560784580808,175.39347982436033,171.59022103225652,173.28707885742188,625900000
2015-07-10,171.99987323456276,174.00590112964602,170.61221548819293,173.42921447753906,729385700
2015-07-17,174.69138011140603,177.6670995296128,174.64958336566815,177.60858154296875,481406400
2015-07-24,177.834306013265,178.1937299807778,173.52948214791607,173.86383056640625,445343800
2015-07-31,172.9778072233487,176.74767001620285,172.40939956881726,175.95358276367188,556268500
2015-08-07,175.92014564608382,176.63068070561377,172.91928069259777,173.82203674316406,515462100
2015-08-14,174.9337723852112,176.09565043501362,171.65711371116103,175.05078125,540645600
2015-08-21,174.45730997830594,176.10405246434468,165.10376259857475,165.36288452148438,864627700
2015-08-28,156.71990209767756,167.04302883764254,152.46524267191543,166.57493591308594,1650892700
2015-09-04,165.5969474230745,166.44955250791443,159.4280981063428,160.98289489746094,938737300
2015-09-11,163.78310551299384,166.73378212241914,162.3704662465624,164.45181274414062,543675700
2015-09-18,164.62730075288837,169.59244538903175,163.35675389132194,164.22288513183594,792543900
2015-09-25,165.0547555336759,166.09663235334227,160.11412732832267,162.0382537841797,666841300
2015-10-02,161.13919557199506,163.86996294011195,157.06408971646624,163.84475708007812,843095800
2015-10-09,165.07150392864102,169.64234582106246,164.96226998386578,169.16342163085938,621027000
2015-10-16,169.23904625159292,170.81022186992658,167.15523770734023,170.79342651367188,492262800
2015-10-23,170.14646115682586,174.72572109591775,169.43228562818382,174.35601806640625,576364400
2015-10-30,174.17959218678527,175.9776781596275,172.91083395703598,174.70892333984375,504447900
2015-11-06,175.03661055814953,177.84300678193358,174.91056844424497,176.48178100585938,466621600
2015-11-13,175.86845501142494,176.0197030058444,170.09603846510834,170.1800537109375,549621600
2015-11-20,169.99521292019335,176.54903789817084,169.87756849991152,175.8684539794922,542343400
2015-11-27,175.92729348877955,176.43142360134627,174.2720216423702,176.07852172851562,253103500
2015-12-04,176.23811424503617,177.2884263844097,172.03699985461813,176.1289520263672,678260500
2015-12-11,175.80126785502924,176.22138273206616,169.31465565799652,169.62554931640625,695103200
2015-12-18,169.7851344173471,175.17108295495487,168.00383965016366,169.0629425048828,957957800
2015-12-25,170.23781010837587,174.3963005270564,169.12210010333064,173.84689331054688,369647300
2016-01-01,173.15387128188237,175.63031358046268,172.3170623779297,172.3170623779297,336736200
2016-01-08,169.460186429951,170.65194468263027,161.92919283899013,162.21656799316406,908565200
2016-01-15,163.13785340380966,164.7015651999245,156.8070440804357,158.74261474609375,1147082700
2016-01-22,160.55990909796947,161.23615699156855,153.00355510783967,161.03330993652344,845884700
2016-01-29,160.52607657353218,163.873215985602,158.1086899322901,163.73797607421875,811418300
2016-02-05,162.7321489123667,164.4648731839327,158.14252646594213,158.86099243164062,844001500
2016-02-12,157.018430968407,159.19062903955063,153.0626857426202,157.74530029296875,870945200
2016-02-19,159.55409807548358,163.39991851115798,158.5905362261157,162.28419494628906,473396200
2016-02-26,163.86473349035154,166.23986318866883,160.0189926642714,164.8959503173828,606469800
2016-03-04,164.9128312909009,170.1871080063001,163.40832287272696,169.40948486328125,594598600
2016-03-11,168.4881705921291,171.42110929799443,166.83150896538407,171.37884521484375,613798300
2016-03-18,170.8716673085282,173.97892972183823,169.9335039428563,173.63909912109375,568735200
2016-03-25,173.37575207632625,174.36123079472495,171.39620920983543,172.56863403320312,335812000
2016-04-01,172.98493726222043,175.98396883290673,171.9568771891286,175.79705810546875,450704000
2016-04-08,175.7206077316629,175.92451389007496,172.54314091080727,173.7410430908203,463898600
2016-04-15,174.37825875022577,177.2243357841263,173.06132902560913,176.52769470214844,436419000
2016-04-22,176.52770580484832,179.19549729780283,175.86502702994795,177.5387420654297,436894100
2016-04-29,176.9354876391209,178.25236089517963,174.19129243017042,175.29576110839844,459000400
2016-05-06,175.79709146933402,176.86756977751688,173.21425527577145,174.77749633789062,417788100
2016-05-13,174.65013514745297,177.17338819499523,173.63912460988232,173.9619598388672,419635000
2016-05-20,174.131869695222,176.15388389072794,172.27975998724793,174.5821533203125,532894700
2016-05-27,174.59918112377932,178.62619752713854,174.15740379709337,178.61770629882812,348333700
2016-06-03,178.88952210957774,179.20391788196574,177.4452720296459,178.6516876220703,344617400
2016-06-10,179.00848907654503,180.55473805490792,177.92956253123813,178.4733123779297,379648800
2016-06-17,177.87002271241877,178.7281032690991,174.66710339252674,176.3696746826172,618523800
2016-06-24,178.3338969472471,180.08459408836288,173.1244547948989,173.56854248046875,686987600
2016-07-01,172.15939728623033,179.76007552914442,169.64861273576992,179.27328491210938,798564000
2016-07-08,178.4448925195293,181.85234474579912,176.83087428884568,181.60467529296875,425390000
2016-07-15,182.0659201807459,185.32823384517283,181.86095362292923,184.3205108642578,460619900
2016-07-22,184.4399999975506,185.6356359885821,184.1496874528655,185.52464294433597,301795900
2016-07-29,185.31961399241916,185.78078546742796,184.14114473677688,185.42210388183597,354592600
2016-08-05,185.4819192659229,186.37009556908544,182.97110606159103,186.327392578125,338078200
2016-08-12,186.51527976931249,186.97645982940347,185.51607992898232,186.5665435791016,282917100
2016-08-19,186.93376952519927,187.45471481198095,185.33673681715916,186.6348419189453,306593700
2016-08-26,186.3956960351544,187.54010423953017,184.67912915843092,185.5672912597656,378228000
2016-09-02,185.69540895608844,186.91664309101935,184.4912742775436,186.48963928222656,391024300
2016-09-09,186.7714596195121,187.21560226533907,182.11717255524192,182.14279174804688,428949000
2016-09-16,181.3826693697938,185.1573813091356,181.3143471996687,183.1401214599609,774789500
2016-09-23,183.79240053228875,186.7106808349363,182.84824157392163,185.38888549804688,410509800
2016-09-30,184.5563766237358,186.3587392269053,183.3546741024381,185.6549224853516,501006600
2016-10-07,185.2430041443091,185.6549646671953,183.67221925015588,184.57347106933597,428991900
2016-10-14,185.5347900390625,185.99827791502383,181.28613188259507,182.92550659179688,450791700
2016-10-21,182.8997758550404,184.2301388631813,182.11012142837117,183.6636962890625,364393500
2016-10-28,184.5391485682308,184.81381777356532,181.71527791279635,182.42767333984372,420237800
2016-11-04,182.76240206363727,182.985574049549,178.85706236092147,179.0029754638672,485446500
2016-11-11,179.0029467138762,187.38015430848472,179.0029467138762,185.75799560546875,747662000
2016-11-18,186.2815485129806,188.20418524017103,185.157149235758,187.54327392578125,407913300
2016-11-25,188.11830606399923,190.16977938047523,187.9723929926704,190.1354522705078,234324100
2016-12-02,189.8264176025209,190.39293732273808,188.10119380303743,188.5561065673828,413631800
2016-12-09,189.38865385957408,194.43556609303977,189.19124356074343,194.41839599609372,426173500
2016-12-16,194.32396392127012,195.9891458355372,193.43994837689505,194.2951812744141,636388200
2016-12-23,194.476516159919,195.6161313748941,194.19159942879057,194.8736724853516,341005800
2016-12-30,195.14131729197032,195.75431023591776,192.3007327927097,192.99143981933597,264461900
2017-01-06,194.29513258285616,196.6349514638088,193.29362126334985,196.16873168945312,320049800
2017-01-13,195.90969783980825,196.37591757368716,194.22610332812465,196.03057861328125,320192700
2017-01-20,195.39162921079367,196.2550442913316,194.61460490882425,195.76292419433597,311811500
2017-01-27,195.7629293658233,198.3271427646296,194.49375878205151,197.6882476806641,374736400
2017-02-03,196.99758739031424,198.18899086744997,195.40033924457632,198.00767517089844,384956600
2017-02-10,197.60193156698531,200.1057587872664,197.11839026585835,199.8812713623047,299258600
2017-02-17,200.3733814586604,203.0325995599349,200.34748109326944,202.9721527099609,375003400
2017-02-24,203.3433974707437,204.53485826860089,203.24841556069092,204.39671325683597,308058800
2017-03-03,204.3104117924004,207.48762570939044,203.7751165736,205.8472137451172,454855800
2017-03-10,205.0528914316423,205.58818318512775,203.5333536075299,205.2169189453125,371339600
2017-03-17,205.1565122041711,206.72785555349796,203.9218582491036,205.53738403320312,380565500
2017-03-24,205.53738617631493,206.0403211557688,202.00817173901973,202.78858947753903,494830700
2017-03-31,201.11499654168367,205.0951723997049,200.8375196945119,204.4187774658203,373359800
2017-04-07,204.47080292123812,205.84956133200996,202.83191535668945,203.9505615234375,394361400
2017-04-14,204.0892763689293,204.8696940380048,201.61795043945312,201.61795043945312,330405400
2017-04-21,202.13828641834283,204.5141780780443,201.93884863306312,203.4215850830078,423293100
2017-04-28,205.6674495615396,207.7052869575348,203.39555593536755,206.4478454589844,401553800
2017-05-05,206.9681854248047,207.8699923112897,206.11844930448552,207.85264587402344,320859900
2017-05-12,207.8960628237304,208.2775650461545,206.4912895757108,207.2283477783203,270313700
2017-05-19,207.6532302608285,208.6937821457131,204.14996233090972,206.6473388671875,507393900
2017-05-26,207.15896046579584,209.9164824423681,207.08960117075563,209.59559631347656,266981600
2017-06-02,209.2747833846353,211.88485124705332,208.6677839355453,211.728759765625,284626000
2017-06-09,211.5553616894408,212.4571740689785,209.8037376846164,211.06976318359372,347425600
2017-06-16,210.82699044830008,212.33574631822515,210.15926150737687,211.4281311035156,375795400
2017-06-23,212.25589557507703,213.24925160382472,211.22769545036687,211.8550720214844,289142700
2017-06-30,212.5260250262087,212.9442900095876,209.09283407414108,210.69613647460935,402761200
2017-07-07,211.63728015050955,212.0729629483846,209.42395626898556,210.9662628173828,216954500
2017-07-14,210.9663055873796,214.3297514132089,209.868338650255,213.9724884033203,246362600
2017-07-21,213.89407029991372,215.59325265641056,213.19700519360575,215.12266540527344,256784700
2017-07-28,215.04428137355856,216.0985688156889,214.07699517695676,215.1488342285156,269968300
2017-08-04,215.54968205619747,215.9155976814008,214.67830457086475,215.58448791503903,269148100
2017-08-11,215.65424173012192,216.8915725839997,212.3517424208677,212.71771240234372,351696400
2017-08-18,213.99860635966488,215.7239522848633,211.04471558130828,211.48912048339844,450488500
2017-08-25,211.4281433397622,214.0247745773968,210.72233934885384,213.1011657714844,294001200
2017-09-01,213.6326745952317,216.38618712045303,211.680802692686,215.95921325683597,319543000
2017-09-08,215.45382378294025,215.68038731715265,213.44097165164035,214.8613128662109,271183200
2017-09-15,216.13344499147,218.3007262548045,216.1160272584276,218.21316528320312,378367500
2017-09-22,218.58090443441532,219.08880426194065,217.97667462148397,218.43206787109372,252342800
2017-09-29,218.17815701834428,220.078364472535,217.2411756714505,219.99954223632807,322504600
2017-10-06,220.22723165186667,223.03821633289445,220.05208300305776,222.74923706054688,325955600
2017-10-13,222.9768540685953,223.53732246594643,222.11866861325328,223.2570953369141,228400300
2017-10-20,223.4848119173923,225.174901697254,222.73169376244084,225.1486053466797,261751200
2017-10-27,225.47262092500108,225.831640435457,222.42522132237863,225.6739959716797,389927000
2017-11-03,224.5881819289029,226.3658410665388,224.34296362077092,226.3220672607422,284832400
2017-11-10,226.1906263856367,227.11018746689305,224.4917898632673,226.0067443847656,312694600
2017-11-17,225.32375542754016,226.8386724123831,223.85256785292583,225.8053436279297,335889100
2017-11-24,226.0505717221622,228.09965782216804,225.80535292978027,227.9945526123047,190142200
2017-12-01,228.0383550349063,232.9772722931551,227.67931905567784,231.58485412597656,521044000
2017-12-08,233.2049653139705,233.6340447952485,230.0524412985673,232.50440979003903,401716200
2017-12-15,233.2049102783203,235.03951542888447,232.47809962197297,234.57302856445312,516455700
2017-12-22,235.97246388492812,236.41254679897668,234.73144749897185,235.453125,388541200
2017-12-29,235.04827268058256,236.3684941837051,234.6874012899225,234.88101196289065,244118900
2018-01-05,235.74361651795525,240.77813171842425,235.35634139761444,240.6549224853516,340886500
2018-01-12,240.55805572470305,244.78282258369904,240.2149046152303,244.61561584472656,337325100
2018-01-19,245.87435546460017,246.8072662353516,243.0842176757021,246.8072662353516,461462000
2018-01-26,246.59610888178335,252.28195470890776,246.54327421248192,252.2379302978516,515553600
2018-02-02,251.66582012769325,252.10590306158304,242.4065125248929,242.4417266845703,593556800
2018-02-09,240.681381816374,242.7937746544456,222.6115510503879,230.1633758544922,1347099500
2018-02-16,232.21415380783523,242.32729669194248,230.30420887774528,240.38211059570312,617315700
2018-02-23,239.43152296154545,241.79919920284223,237.3279488630217,241.79037475585935,388531100
2018-03-02,242.86407995006917,245.49581580776731,233.0855486252185,236.8350372314453,623436700
2018-03-09,235.6468248058552,245.4517822265625,235.5411823355784,245.4517822265625,444110600
2018-03-16,245.7423320590852,246.8072462906102,241.54390753995625,242.30812072753903,453565500
2018-03-23,241.55689557287,242.4847601640377,227.8420401470805,228.0364532470703,579996000
2018-03-30,231.6418870783982,235.74224499591256,228.50479184044528,232.54327392578125,529951400
2018-04-06,232.0130486932908,235.62734320129803,225.04957315969892,229.51220703125,692132300
2018-04-13,230.970332966311,236.4227342239421,229.70666119589032,234.31069946289065,454081800
2018-04-20,235.9454391954948,239.74541946554865,234.71716953557635,235.60086059570312,363000200
2018-04-27,236.1753007969323,236.8114747123485,230.5107932033293,235.5567321777344,407069900
2018-05-04,236.1752674598288,236.7319971098416,228.92010728332005,235.0794982910156,470288200
2018-05-11,235.8482462145872,241.38016301005507,234.310605912586,241.1150665283203,314405600
2018-05-18,241.5480657283191,242.2019883600813,238.62309339518507,239.7718505859375,316673700
2018-05-25,241.25646917116896,242.35223541747547,239.28578565172225,240.49647521972656,308105100
2018-06-01,238.870483330366,242.0782989743515,236.61708233856237,241.77784729003903,350365300
2018-06-08,242.5996439304528,245.9135217591233,242.29040119634027,245.83399963378903,304361500
2018-06-15,246.054956864218,246.9738824224553,244.41699207602392,245.9970245361328,407431300
2018-06-22,244.5412563797542,245.6330141870954,242.80137470479335,243.8753967285156,330194500
2018-06-29,242.7215548654764,243.10315106426856,238.3275889896138,240.80413818359372,485755300
2018-07-06,239.23309857574571,244.8518665685956,238.9934131956254,244.47906494140625,229161500
2018-07-13,245.4820445369794,248.48240386882597,245.43767243008548,248.18060302734372,287912600
2018-07-20,248.2250084465951,249.5919883944477,247.13318580309817,248.26055908203125,288859800
2018-07-27,248.0563777829698,252.4235786523477,247.71017768725451,249.80496215820312,328645600
2018-08-03,249.8849598622265,251.79336968061608,247.79883739044712,251.7401123046875,303528100
2018-08-10,251.7756404593744,253.8794405204031,250.63943525368703,251.34957885742188,237505100
2018-08-17,251.62476496774096,253.4799471329589,248.68647836211187,253.0361175537109,348086700
2018-08-24,253.4887891062725,255.3528288351196,253.0360743442006,255.21080017089844,258765100
2018-08-31,256.40917185937667,258.9656667527116,256.24939973697053,257.6962585449219,292871700
2018-09-07,257.279161653732,257.6075912520232,254.50074185499372,255.290771484375,269481500
2018-09-14,256.3026610601894,258.5484740117114,254.7403560065421,258.2023010253906,266666300
2018-09-21,258.14904193224044,261.45767398484145,256.560124459974,260.36090087890625,385095300
2018-09-28,259.78128445436346,260.58380737485373,258.0603721830128,259.22833251953125,306860200
2018-10-05,260.4679039507607,261.448677055501,255.21576754916543,256.6424560546875,391529300
2018-10-12,255.95584741497797,257.56990772534647,241.07388981647085,246.0583648681641,834839200
2018-10-19,245.7016471156396,250.69497358924752,244.58705059050632,246.32583618164065,605604600
2018-10-26,246.9945673475131,247.3155580556742,233.8780051632289,236.58868408203125,746211300
2018-11-02,239.682810953948,245.4163859611681,231.70231665806764,242.4381866455078,668290500
2018-11-09,242.92856098023867,250.757502547442,241.95663600789743,247.67225646972656,392858000
2018-11-16,247.16407054496352,247.40481365630885,238.0867923117476,244.07879638671875,584955500
2018-11-23,243.4724721125767,243.7667408556487,234.5735286819056,234.7340240478516,357454600
2018-11-30,236.99004105316456,246.3525935500648,236.59770078252237,245.79083251953125,463664000
2018-12-07,249.91938603374163,250.02638298730648,234.0118666094129,235.0194091796875,646366600
2018-12-14,234.8410554590328,239.8611807104896,230.60558811608783,232.2552032470703,584550800
2018-12-21,231.30111650527016,232.41571327641336,215.2342624349208,215.8800201416016,1022399200
2018-12-28,214.39122646068463,225.4767323217771,209.65569540447515,222.2031097412109,705164500
2019-01-04,223.8265350353567,227.01038180312375,218.5437967601723,226.3646240234375,557994100
2019-01-11,226.63370784391665,232.43655132774697,225.7368234968738,232.275146484375,471340300
2019-01-18,230.37375268147704,239.4501466774939,229.9701710558868,238.98374938964844,457771900
2019-01-25,237.5129178991888,239.1990469428008,233.78191964841497,238.3739013671875,357649000
2019-02-01,236.2303672736313,243.23504674650184,234.79534692945444,242.21258544921875,434018300
2019-02-08,242.2574453074274,245.24408537670905,240.21256455574564,242.58035278320312,369916300
2019-02-15,243.2350673035352,248.80474290860056,242.18570048188565,248.76885986328125,385891900
2019-02-22,247.9705528137229,250.55367261649744,247.8540172781206,250.35638427734372,278060900
2019-03-01,251.78242414751315,252.3026051734924,248.8675441884748,251.5043029785156,330945200
2019-03-08,252.56264940183237,252.80479833338205,244.32923497345007,246.1588592529297,421329900
2019-03-15,246.87645973005192,254.2246100494532,246.8495542873204,253.4138641357422,374233000
2019-03-22,253.63000687161,256.8999879551647,251.4950862028465,251.5581512451172,439286800
2019-03-29,251.21584925143236,254.7921676526275,250.10783980821537,254.46788024902344,364351100
2019-04-05,256.4677058809414,260.00796634856,256.19743891736897,259.95391845703125,293550700
2019-04-12,259.5305518187939,261.6654870591576,258.2693820694969,261.38623046875,297131000
2019-04-19,261.4583034082265,262.5303705495719,260.0350095488409,261.2601318359375,228726700
2019-04-26,260.4945159124234,264.3859890119185,260.4044268979548,264.3139343261719,251486900
2019-05-03,264.40410613029644,265.7012542994581,260.8096647395023,264.8724670410156,331555200
2019-05-10,260.5664233591096,264.2238098506895,254.3057189249305,259.53057861328125,559396700
2019-05-17,254.4138730361504,260.5304998138744,252.1707748372797,257.49462890625,455352700
2019-05-24,255.89111659043127,258.4766019386151,252.74722755959448,254.7381134033203,313209100
2019-05-31,255.0174150151853,255.97229805878223,247.9458001481252,247.9728240966797,324388900
2019-06-07,248.0087718937111,260.2062573953328,246.0089179791,259.125244140625,388532200
2019-06-14,260.67456793234,262.5033081572733,259.2782960961573,260.5755310058594,267806600
2019-06-21,260.8096192012361,267.5094635084424,260.50333874123345,266.133544921875,403194400
2019-06-28,266.34178300435536,266.6585865868795,262.8294583392684,265.2283630371094,280902400
2019-07-05,268.55957168945,270.4967597025448,266.43230780847284,270.1708679199219,232786300
2019-07-12,268.8583031221058,272.2256920471457,267.4734190887998,272.1532592773437,236543700
2019-07-19,272.587791549062,272.587791549062,268.57771065788086,269.003173828125,216657600
2019-07-26,269.40141995777003,273.5834259573451,268.88546764229045,273.38427734375,235894000
2019-08-02,273.2666775777019,273.384360106589,263.32748688992564,264.88446044921875,447617000
2019-08-09,260.7837200874932,265.7896423339844,255.01749757121053,263.979248046875,621473300
2019-08-16,262.47653060747723,266.2693353078018,255.6240904171086,261.4717102050781,478024400
2019-08-23,264.4952017841978,266.0702135180724,256.60165772038295,257.8508605957031,355520800
2019-08-30,260.0414222841468,266.3508164400091,258.21296430788306,264.7304992675781,319590000
2019-09-06,263.0287458637237,270.50577188502655,261.8519479244874,269.7997131347656,248831100
2019-09-13,270.7864219040724,273.791723132966,267.9168608869009,272.5516357421875,313042000
2019-09-20,271.420010477692,273.9456128239517,269.97170539749584,271.2548522949219,339168000
2019-09-27,270.5909570013887,272.6733842684167,267.0806514770453,268.6357116699219,351126500
2019-10-04,269.1541161265272,271.4185922566658,259.01433776802537,267.6807861328125,412814300
2019-10-11,266.88055681577515,271.6732046599202,262.35179996128653,269.43609619140625,371694700
2019-10-18,269.11768908445055,273.03728928971805,268.790319678461,270.9728088378906,246118100
2019-10-25,272.2915709810018,274.8196302606869,271.45483682438083,274.27398681640625,202654000
2019-11-01,275.49260735291523,278.4481381708568,274.39224715798696,278.4026794433594,276271100
2019-11-08,279.95779117686374,281.5945958295788,278.3298851708271,280.94891357421875,253331600
2019-11-15,279.56674332282523,283.58629125793124,279.4303116169297,283.54083251953125,249443100
2019-11-22,283.30437394705217,284.35924115622686,281.0580684819456,282.78594970703125,295953800
2019-11-29,283.713553290501,286.896484375,283.713553290501,285.8324890136719,167253500
2019-12-06,286.08709192303365,286.74171980882033,279.30296850429954,286.3415832519531,288425500
2019-12-13,285.95066612044394,289.79742361331523,284.4683108165804,288.5697326660156,318810900
2019-12-20,290.2976161274645,294.237984386414,288.506103515625,293.10479736328125,424433000
2019-12-27,293.8906778189208,295.91030727604016,293.2600841233324,295.05126953125,146700000
2020-01-03,295.1335161748802,296.90650931546975,292.5746844676578,294.6400451660156,243667300
2020-01-10,292.88548476831755,299.2551218137174,292.76667749107014,297.6558532714844,265948900
2020-01-17,298.27721930830376,303.56857016247767,297.8477004784038,303.3583984375,331872500
2020-01-24,302.39877129641013,304.2722140708887,299.16371371777205,300.4522705078125,266198700
2020-01-31,295.2066505448216,300.32427882650586,293.10474817632047,294.01861572265625,391122800
2020-02-07,295.49906033977834,305.40543589404376,295.38025310308274,303.5869140625,312106400
2020-02-14,302.70032346619564,308.99698746751847,302.6637609595158,308.52178955078125,260011300
2020-02-21,307.52566305583684,309.8741288913484,303.9341190417113,304.7566223144531,293992500
2020-02-28,295.3071862193686,304.82967088286625,260.9457989935452,270.7424621582031,1244104700
2020-03-06,272.5245501117238,286.8082772930712,265.23180535005173,271.83905029296875,1130490100
2020-03-13,251.5877108251812,263.6690316718568,226.3467299817304,246.1228179931641,1562964500
2020-03-20,220.4066245032689,234.7726271214884,208.38011597518343,210.32244873046875,1523388400
2020-03-27,209.7617312782584,241.57659857512195,200.63365540430695,232.9541778564453,1342924000
2020-04-03,235.05001734341477,242.06386477792157,224.20300778799435,228.1465301513672,869026800
2020-04-10,237.0171961738574,258.4906799949257,228.1281336328922,255.7329559326172,733262100
2020-04-17,254.7586045942313,264.09809932728353,249.49134066253836,263.4914245605469,649240600
2020-04-24,259.7868595128614,263.6293107862759,250.0520560584676,260.11773681640625,509219500
2020-05-01,262.09412629154366,271.0659071925588,258.78481603360234,259.9522705078125,549993900
2020-05-08,258.0678424422392,269.29175906737254,256.58787713450204,268.82293701171875,385778500
2020-05-15,266.8925176860717,270.47758767684087,250.94371509495167,263.160400390625,553230300
2020-05-22,269.383615942956,273.81446769296434,268.3725859611599,271.5807189941406,443006900
2020-05-29,277.54650948578575,282.0600540546706,271.5990173560349,279.7435607910156,403264800
2020-06-05,279.100077323199,295.32466622909004,278.58530436878937,293.550537109375,448912200
2020-06-12,294.3595573009957,297.2919403590866,274.4854347080679,279.6423645019531,650043700
2020-06-19,273.9523032994072,290.2629141511341,272.7756754665918,284.9632568359375,573187400
2020-06-26,284.36304192298934,290.3736357062622,276.45042720889734,277.0320739746094,493363100
2020-07-03,278.2878382488589,291.4815456098737,275.9980771665016,288.2777404785156,334908800
2020-07-10,292.10019917073765,293.4943845710968,286.8467968189116,293.22662353515625,340167000
2020-07-17,295.57175522796825,298.2585339487308,288.0654935599894,297.0398254394531,401248400
2020-07-24,296.7720261466081,302.12705222700146,294.75928982435465,296.2642517089844,320898500
2020-07-31,296.95669073754914,301.57316433195354,295.1193636875488,301.4715881347656,301090700
2020-08-07,303.1334979689309,309.19026937092656,302.5887621937607,308.904052734375,238681200
2020-08-14,309.356415827872,312.3294209653016,306.54046013928667,310.9999084472656,256734100
2020-08-21,312.0154904409857,313.6589882595692,309.5041518442734,313.4374084472656,239583500
2020-08-28,315.8747876973416,323.81509518897934,313.4096284054614,323.6858215332031,244465300
2020-09-04,323.473470596124,331.2290526523332,309.1809355983136,316.2902526855469,477715300
2020-09-11,310.87991099506087,316.355023493456,305.6078810919823,308.4331359863281,381177300
2020-09-18,311.6000162516437,316.74276037655795,304.0224684545028,306.5067749023437,398023800
2020-09-25,301.9182014330189,307.0165394627368,296.4489985751981,304.7269897460937,403925800
2020-10-02,308.88915578763124,314.0060903303923,307.0073386847976,309.4638366699219,398099500
2020-10-09,311.5217221973405,321.9874170889095,309.96429223288845,321.52392578125,297612700
2020-10-16,324.0638146970355,328.1703404575897,318.0754949977716,321.93170166015625,361231500
2020-10-23,323.19250376305786,323.8228451922091,315.77651518666266,320.53204345703125,296595700
2020-10-30,317.14853512100905,317.9364759234132,299.0445857878949,302.6968994140625,495446400
2020-11-06,306.0896911621094,326.4740092498404,303.3458020708051,324.5921630859375,463334900
2020-11-13,337.3938067723991,337.7738729753437,324.9166565996286,331.9524841308594,446943600
2020-11-20,334.622140095063,336.2906972148393,328.29090170656616,329.3846740722656,341601600
2020-11-27,331.1923113139346,337.5884339123508,328.9582800615384,337.1156921386719,199491500
2020-12-04,336.3369962113714,342.844482421875,332.9442656786078,342.844482421875,317663000
2020-12-11,342.07508856328803,343.9568162779101,336.7357345003271,339.5537414550781,280935500
2020-12-18,341.7228787095807,345.51616164558806,337.8573488263368,343.6822204589844,392163800
2020-12-25,339.7629240860184,352.3212124729903,337.0259763287473,343.5146179199219,216995000
2021-01-01,346.06540553732583,348.78380575179136,345.2181946161471,348.05767822265625,220656900
2021-01-08,349.38886325350404,355.14198358914405,339.6233739583343,354.9278869628906,425078700
2021-01-15,351.7533887862446,354.8068032526865,347.8900242126763,349.7518920898437,306035100
2021-01-22,352.2095511727949,358.36307102761856,350.72936958492306,356.43603515625,213770000
2021-01-29,357.1714012989788,359.2008637189769,342.83504399028214,344.5107421875,457381600
2021-02-05,347.90858629226074,361.639891899346,344.7992707610039,360.932373046875,288507800
2021-02-12,362.3846241257551,365.7639656617887,360.7369053040488,365.5219421386719,226577300
2021-02-19,366.7507677394015,366.94628434358594,360.9603643711448,363.0921936035156,246216800
2021-02-26,360.3272738044918,365.1401946066292,352.1071613879296,354.09002685546875,546504300
2021-03-05,358.9588912031776,363.9207860729494,346.19569221992555,357.1341552734375,640356900
2021-03-12,358.09305771331407,368.3239780806596,355.0768407972248,366.8438720703125,497580800
2021-03-19,367.0951965209388,370.62343505257456,361.591473561956,363.7676696777344,474082600
2021-03-26,364.2813388885478,370.2401983720078,358.556056717537,369.8385925292969,492591500
2021-04-02,368.362923730932,374.2189069884312,366.87789404327793,374.162841796875,396786900
2021-04-09,376.8247498461712,384.4927540631885,376.7500437520767,384.3246154785156,328509800
2021-04-16,383.7268976917543,390.32079778500326,383.11981447960585,389.7137145996094,317182900
2021-04-23,388.7797409196178,390.6383506535276,383.4840383597904,389.22802734375,397935300
2021-04-30,389.8818882565418,392.94532012603673,388.8170826531687,389.7510681152344,318795700
2021-05-07,391.7404555728437,394.90672923888695,384.49279111679294,394.2529296875,371936900
2021-05-14,394.6077448156846,394.8318915734704,377.3291680702474,389.0786437988281,522147000
2021-05-21,387.9672597019787,390.59166843930177,378.5712816845553,387.546875,386007400
2021-05-28,389.78838459822936,393.4403531898839,389.5455399453994,392.3102416992188,267144600
2021-06-04,394.67320566118025,395.0000226974305,388.79838471410426,394.7011413574219,217391300
2021-06-11,394.6919163983461,396.5972427580908,392.57174503387,396.29833984375,243716500
2021-06-18,396.4102642494885,397.372438509001,388.5899319002041,388.7960815429688,383879100
2021-06-25,390.5577464773573,400.1998499000936,389.7425273258064,399.75006103515625,283207500
2021-07-02,400.274777553691,406.76840218909126,399.07536933086,406.4123229980469,265096700
2021-07-09,406.4686076794865,408.3988887478352,400.6027118149156,408.0990295410156,306093700
2021-07-16,408.0146527470128,410.3479281135863,403.7886192907794,404.1821594238281,300932400
2021-07-23,399.35644496226297,412.5780733348413,395.40214130525,412.2407531738281,423964700
2021-07-30,411.6503882088871,413.9836250033735,408.5395094805176,410.90081787109375,279975200
2021-08-06,412.6155523054972,415.0518362349307,408.6425694296475,414.6301574707031,249469100
2021-08-13,414.60205680992107,417.86296875743454,413.5244682278816,417.84423828125,206975900
2021-08-20,416.5417182820602,418.95926500085824,408.6612261268582,415.4454040527344,420586700
2021-08-27,417.1320365493111,422.2764515773078,415.52032928415485,421.9016418457031,269312100
2021-09-03,422.5763107047628,425.4623641266029,422.332671511008,424.5534057617188,246050500
2021-09-10,424.20663733137576,424.3003468886767,417.2726811318991,417.3945007324219,255772000
2021-09-17,420.3929721292917,420.65534176904265,414.5766179390553,414.933837890625,436939600
2021-09-24,408.8047671995821,418.2146677828106,403.1457057219849,417.2933654785156,499812500
2021-10-01,416.25927810404113,417.4249189944068,401.6135815505529,408.2032470703125,543882700
2021-10-08,407.03752756364304,415.197066176869,400.7956450105568,411.6061096191406,479279600
2021-10-15,410.9481526531211,419.50249383265776,405.6651202312037,419.1358642578125,345885500
2021-10-22,417.34980775714325,427.40822132656245,416.6917678913216,425.9511413574219,258932100
2021-10-29,427.0416324269042,432.0050943990197,425.26497065295007,431.7136840820313,295327900
2021-11-05,432.70065934906575,442.4300148756388,430.7265971184563,440.4371337890625,269089500
2021-11-12,441.5370820452728,442.0353024166088,434.3363123816006,439.2527770996094,259299200
2021-11-19,440.5406069013292,442.7027677528389,438.2751057858588,440.7756958007813,251637500
2021-11-26,442.6557317147905,445.1468335661726,430.32231837166336,431.4503784179688,320496900
2021-12-03,436.2446690099577,438.5853610359219,422.00303269299377,426.2332153320313,631737000
2021-12-10,428.78067779267633,442.665058357532,426.3647668229655,442.5146484375,405133400
2021-12-17,441.9976995198621,444.5169470262026,432.1077368438548,433.815185546875,553968300
2021-12-24,428.73056845563246,445.4372597527031,425.5798060591172,443.9373474121094,292271000
2021-12-31,445.314514331637,451.8613726077948,445.2673586949308,448.05023193359375,279152600
2022-01-07,449.3142919985144,452.7858147658463,438.3243838694435,439.6828002929688,420356300
2022-01-14,436.4848588573848,446.3900061138433,430.73046025596256,438.3904724121094,448334500
2022-01-21,433.6925435130348,433.9000801446297,413.1371366485651,413.1654357910156,543717600
2022-01-28,407.5525662882195,418.8821222815148,396.9210986643511,416.9104919433594,920508000
2022-02-04,416.2407572007058,432.1643521308704,414.89178329232885,423.278076171875,629246600
2022-02-11,424.04216920738406,431.9379817631401,414.0710117021737,415.5048828125,551393100
2022-02-18,414.9955162101405,422.6743616661116,407.3544387638589,409.6278991699219,531254600
2022-02-25,407.4204966635997,413.0333837616076,387.3744592030102,412.948486328125,592717200
2022-03-04,407.5525226744369,416.1181261486952,402.9113245672604,407.68463134765625,620607300
2022-03-11,407.09966398019566,407.807171236879,391.6006130681472,396.2701416015625,609269100
2022-03-18,397.0437338622443,420.9593333746132,392.2326777773157,420.6376037597656,555925500
2022-03-25,420.4672258759616,428.64307980821,417.00386088702027,428.36865234375,384264500
2022-04-01,427.7724898649088,437.2447664326232,425.0093599604166,428.5862731933594,445526900
2022-04-08,428.7850344820085,433.23247058270414,419.6440582427848,423.5237121582031,398083400
2022-04-15,420.2495891457632,421.8015653862198,413.1904676419976,414.2691650390625,346074000
2022-04-22,413.341833148195,425.8326719146392,402.5827121441921,403.1504821777344,426937000
2022-04-29,400.9078312682018,406.55710623337256,389.1173036562605,389.8648681640625,596614200
2022-05-06,389.93108536644223,406.57600980928174,383.2598371736033,389.240234375,727288500
2022-05-13,383.3355021930368,384.5751184962438,364.4572767318207,380.1371154785156,659709500
2022-05-20,378.490650293456,386.61913683595503,360.09503013105126,368.6966552734375,509269500
2022-05-27,371.7246858472709,393.0631636990263,366.17008413397616,392.9496154785156,426273600
2022-06-03,391.33149711527295,395.0125120967157,385.0671067720199,388.4832153320313,334006700
2022-06-10,392.49542593941146,394.2270942003177,368.8101502618891,368.8574523925781,400315000
2022-06-17,359.4420637467876,363.27446487884,344.1924419666906,347.6992492675781,645270700
2022-06-24,353.4298843377524,370.7264318390768,351.8047441204501,370.7169189453125,344213700
2022-07-01,371.6387840560035,373.64409647087297,354.0665767146873,362.3157043457031,405582500
2022-07-08,357.221845993929,371.2492274610429,354.38975859425415,369.37701416015625,288787900
2022-07-15,366.69686807289065,367.6662260380733,352.6221141267699,366.0126953125,373575900
2022-07-22,369.1014183069745,380.3156692154652,361.7646260826866,375.4783325195313,350654600
2022-07-29,376.1054757940071,392.52775161157655,370.59341339787153,391.5393676757813,349890300
2022-08-05,388.8403934093861,395.0462147637368,386.6260350117583,392.9458923339844,303725000
2022-08-12,394.6375414583589,406.0038788583054,389.8572089297277,405.89935302734375,288667800
2022-08-19,403.68498595264106,410.299502090017,400.3111712367189,401.1855163574219,293940800
2022-08-26,396.34816754384633,399.1137677961376,385.13395963978553,385.1909790039063,330007900
2022-09-02,382.2353030427063,385.6946028813485,370.6789987050582,372.7697143554688,405425100
2022-09-09,373.61560273606375,387.2817940480387,369.1394084122668,386.4169616699219,305130200
2022-09-16,388.488713636019,391.2922912350759,364.6343170995525,367.9265441894531,467945700
2022-09-23,364.77750717597377,371.5050452988248,346.67497780988714,351.1218566894531,469119500
2022-09-30,349.6523393463072,355.27296245080464,340.71080890264614,340.8443908691406,578341000
2022-10-07,344.56611454293574,362.10547600581526,342.7816430249758,346.19793701171875,471548000
2022-10-14,347.3143419995389,353.32627035722425,332.18925999717504,341.2738952636719,516508900
2022-10-21,347.3621566992135,358.2788655814361,340.9399400894957,357.1719665527344,489399500
2022-10-28,358.698788584184,371.70540412790007,356.0459031598392,371.228271484375,450644300
2022-11-04,368.7661833369749,372.5356437948338,351.9235219733596,359.1377868652344,499634600
2022-11-11,360.43554599672575,381.0858811736513,356.52302003221314,380.2843017578125,466719200
2022-11-18,378.5188625471577,383.91046764433503,372.2970995512615,377.9176940917969,401025300
2022-11-25,376.5912488015893,384.5020973782574,374.7017931399619,383.9295043945313,210479200
2022-12-02,380.837748913633,391.2487665768624,375.3125426554069,388.3001403808594,426499200
2022-12-09,385.4755232109301,386.4106846727753,373.72845373229296,375.2934265136719,363375500
2022-12-16,376.0854928029924,391.7163278716569,365.2829507209457,367.4207153320313,544863500
2022-12-23,367.6125210258833,371.38952801231983,359.2721731477049,367.0756530761719,392450900
2022-12-30,366.960616093891,368.4560822388192,360.85397945187947,366.615478515625,273542800
2023-01-06,368.4751456239055,373.153460042991,362.2055860027469,372.0318298339844,341944900
2023-01-13,374.2271369047477,382.5961903957007,370.2966990841329,382.02099609375,362278900
2023-01-20,382.00176656830166,383.6793992551705,371.2457571335137,379.5093383789063,341074900
2023-01-27,380.314551818449,391.2815087115536,377.28524055423935,388.904052734375,369137600
2023-02-03,386.1431078861568,401.01174260046105,383.7273273025726,395.2981567382813,458864300
2023-02-10,392.844029913755,399.2670122823971,388.26168221177215,391.1663818359375,376978100
2023-02-17,391.8182749307163,397.8865778364983,387.34139205761664,390.4186706542969,380547800
2023-02-24,386.39237880681736,387.44689668905306,377.3619630409599,379.9886474609375,370835000
2023-03-03,383.33429643374495,387.7249046275864,376.1060690029621,387.47564697265625,451837900
2023-03-10,388.3001127198744,390.6008898550344,368.4273229667233,369.9515686035156,557051400
2023-03-17,366.0210998932848,380.074864540284,364.90906558564376,375.2897033691406,764346900
2023-03-24,376.06910344638334,387.318544760657,374.7219318967555,380.8325805664063,523360300
2023-03-31,383.1132104927744,394.25677808538353,378.8502245684134,393.9584655761719,396282600
2023-04-07,393.4388073224312,396.3931196515644,390.3882575257403,393.7659606933594,262936100
2023-04-14,391.2832175790923,399.443589174648,390.6673570273508,396.9127197265625,373375600
2023-04-21,396.82611712486937,400.04986273859487,394.7090262895011,396.6625061035156,334521500
2023-04-28,396.4604040641478,400.26155506482286,388.559886957205,400.2519226074219,424947300
2023-05-05,399.8092778572073,401.8782298985706,388.5213590280541,397.0762939453125,440446300
2023-05-12,397.40353090526224,398.914324338217,393.4580365761441,396.0755615234375,336048400
2023-05-19,396.6817561677767,404.8613635204508,394.7667767427343,402.8405151367188,400252400
2023-05-26,402.8597493463277,404.9095041923272,394.4300087705914,404.1877746582031,421134200
2023-06-02,406.1219771957275,412.5790465929496,400.53101533620446,411.78997802734375,363319000
2023-06-09,412.13642960632063,415.7065283650919,409.7691457275,413.6953125,362551300
2023-06-16,414.6769171108834,428.474279953013,413.9551876062376,424.46588134765625,497085000
2023-06-23,422.52444796434224,423.41304154167295,417.714365486568,418.4291076660156,315854400
2023-06-30,417.8592143297431,429.1407356891044,416.47801229853,428.1555480957031,394119600
2023-07-07,427.8078514299053,428.9282469948695,422.1477622241082,423.5868835449219,258004300
2023-07-14,423.2295437531058,435.9597935487755,422.659677750378,433.9507751464844,361072800
2023-07-21,433.8059330908804,440.85683741354967,433.7576213779186,436.7518615722656,341107300
2023-07-28,437.9012445599851,443.7641509737044,436.1433394792144,441.33013916015625,352473700
2023-08-04,441.8033708767588,442.5277811990183,431.0434797536367,431.5650634765625,375670300
2023-08-11,433.4002093110776,436.2882265207825,428.22312774254544,430.4446411132813,370204800
2023-08-18,429.5271128527488,432.82073974609375,418.2359284981317,421.6068420410156,398245400
2023-08-25,422.6210410735604,430.0293849194416,420.1580380770201,424.9584655761719,392996600
2023-09-01,427.1510130346192,438.1910180232257,424.95847475635645,435.7956237792969,338759900
2023-09-08,435.35138309753785,435.6701107330132,427.6435811384425,430.3191223144531,257939800
2023-09-15,432.946283268193,435.6893621396805,429.31689007252186,429.7530517578125,383224500
2023-09-22,429.4428320631367,431.3038771522312,416.7839285170148,417.2007446289063,409754900
2023-09-29,415.9891218304828,418.993889361631,409.3204343488608,414.35107421875,479118300
2023-10-06,413.5174684907983,417.8889725902115,407.2752686675357,416.3478088378906,458428200
2023-10-13,414.4479100125144,423.9081879098467,413.89543865350254,418.2475891113281,397730700
2023-10-20,420.4963432402705,424.683637482476,408.1475744172104,408.2542114257813,489560600
2023-10-27,406.7227305341648,411.7727171708306,396.6421322661676,398.0669860839844,487347000
2023-11-03,400.85854988329856,422.8904655764815,399.5597081383843,421.339599609375,459402700
2023-11-10,422.0955934752631,427.3879684336076,420.0891971681386,427.0777893066406,366470400
2023-11-17,425.7402075090933,437.55578526494025,424.9550869115658,436.9451293945313,376539600
2023-11-24,436.6931100934176,442.36341233286754,436.6834077524104,441.3166198730469,208313100
2023-12-01,440.68655185927656,445.5330658619319,439.41682540648986,444.9999694824219,344703100
2023-12-08,441.6073900887256,446.5991973452758,440.35699117640615,446.0661010742188,361538900
2023-12-15,445.57182828523526,459.1805728813377,445.3585838256798,456.7601013183594,487187500
2023-12-22,458.3659614924249,463.1541458673366,455.2905624937439,460.9644165039063,382886000
2023-12-29,461.373187704544,464.7599568571368,460.62377959337147,462.5799560546875,322828500
2024-01-05,459.5143743882812,460.9839423046435,453.9377339405533,455.3878479003906,397560700
2024-01-12,455.884242835596,465.7818595429952,455.7577198150965,463.9132690429688,344088200
2024-01-19,462.531322425016,469.7915187143468,457.2857306101824,469.50927734375,356549500
2024-01-26,471.0469830334159,476.02008943226616,469.8499148891261,474.35589599609375,356721800
2024-02-02,474.66734997690736,482.7644675885541,469.9277517507619,481.1100158691406,437072100
2024-02-09,480.4774390948485,488.2144497376777,477.1003735510861,487.7765197753906,318555200
2024-02-16,487.747352637465,490.0149359961155,477.57723287028176,486.1318664550781,375205200
2024-02-23,484.3897857981468,496.4674086571224,480.3411949189208,494.24847412109375,268754400
2024-03-01,494.6863927584272,499.5428116010892,491.2314511932456,499.1145935058594,316517400
2024-03-08,498.31652584892447,504.340684322384,491.3872425541316,498.0148010253906,336221900
2024-03-15,496.8080468189585,503.52317664539584,494.88106560592894,497.7170715332031,408593800
2024-03-22,501.7880086848296,511.6577769054798,498.9764238973626,508.82666015625,358570100
2024-03-29,507.4502157274298,512.145845947325,506.0834709315648,510.6424560546875,293270500
2024-04-05,511.3844550945346,511.9213758486725,500.5774945359362,506.1126403808594,367268200
2024-04-12,506.815618601476,508.377676899054,496.9848635757255,498.71282958984375,361763900
2024-04-19,502.8911540643935,503.0570983911642,482.12652879623903,483.3956604003906,418256400
2024-04-26,486.00224053735934,497.7659238799117,483.6592671479931,496.1844177246094,321951200
2024-05-03,497.9708754000778,500.3724693233871,487.6812848525579,499.1424255371094,339448700
2024-05-10,501.5439589853256,510.2226762107287,501.1046384911043,508.4654541015625,237750100
2024-05-17,510.1446966337389,518.8917465910545,507.39168877313017,516.8709106445312,263189600
2024-05-24,516.988021010064,520.4049281460258,512.2532779910508,516.8612060546875,218093500
2024-05-31,517.6715045678355,517.9057929513657,506.0443890267406,514.84033203125,218623300
2024-06-07,516.4512383491438,524.1340888487662,510.1837257344974,521.322509765625,203111800
2024-06-14,520.5122904328304,531.1923600659605,519.4091430834137,529.8841552734375,220171600
2024-06-21,529.2008719569648,537.0498352385172,528.7420075865693,533.2880859375,231882700
2024-06-28,533.1117619254674,538.9391321933387,531.260682360104,533.0039672851562,233201500
2024-07-05,534.3848928648134,543.6108134486142,531.339002473828,543.2092895507812,155010900
2024-07-12,543.9927357696513,552.0531251206323,542.7684974779849,548.448974609375,208240000
2024-07-19,550.4470318184875,553.5123721227574,536.6179005483158,537.6756591796875,255958100
2024-07-26,541.6030975244146,545.2659625762393,526.3735438881854,533.2194213867188,267223700
2024-08-02,534.7669398202207,543.4345294348678,517.7058092355505,521.917236328125,311250600
2024-08-09,501.0954700551791,523.4940638910218,499.7536796951889,522.00537109375,410688200
2024-08-16,523.2003538167259,543.581375155023,520.0075304089534,542.885986328125,242599600
2024-08-23,543.2974116195307,551.5732952522009,542.4453464492109,550.5448608398438,221129600
2024-08-30,551.5732410031779,552.572351707579,543.6009392739261,552.0630493164062,210963800
2024-09-06,548.9190687874888,549.2520879225416,528.3225490242058,529.2235717773438,220583100
2024-09-13,533.4251872668898,551.4264269369157,528.8318231688719,550.4274291992188,243219100
2024-09-20,550.1629906749666,561.0733295553275,548.3609450381223,558.245849609375,297840600
2024-09-27,559.3167220049795,564.5921534543987,557.6073144224192,561.4091186523438,219788100
2024-10-04,560.3775886747461,564.2678934162012,555.3183896615599,562.8925170898438,258109600
2024-10-11,561.2420924631317,570.1131388058892,556.6543259021896,569.3763427734375,211681700
2024-10-18,570.9874990099419,575.801242846272,568.3545951743074,574.298095703125,192956700
2024-10-25,573.5711395635755,574.5535342943244,564.3071746074978,568.8457641601562,202185500
2024-11-01,572.3235609618828,573.0505525749719,558.4325373559277,560.9866333007812,220360200
2024-11-08,561.1242574334378,589.0832369047557,557.8922001113365,587.6587524414062,239555400
2024-11-15,589.2501303160354,589.6037779981073,573.5810036102117,575.437744140625,242874400
2024-11-22,575.8993966406199,585.6546259064262,573.7481394095216,585.02587890625,221423000
2024-11-29,588.9653319760873,592.7277982726248,584.7213793724078,591.94189453125,152240300
2024-12-06,592.354515594293,598.3472020292826,591.73570807165,597.109375,161443900
2024-12-13,596.9914414878755,597.7183970026139,591.5293123546073,593.57275390625,168103400
2024-12-20,595.331290479334,597.0799821268581,572.6036351958548,582.697265625,419353600
2024-12-27,582.4410536479828,593.8652919269226,579.257197549177,586.5020751953125,196984300
2025-01-03,579.4839659814963,584.1265095290074,572.1995172748154,583.48583984375,201724000
2025-01-10,587.7440676720806,591.1250155334773,570.2774344732991,572.189697265625,228482200
2025-01-17,567.5372072518853,590.7898562052613,567.1231694250464,589.0353393554688,254621200
2025-01-24,592.0810894520482,602.0466115435261,590.1096871636119,599.2767333984375,166485700
2025-01-31,586.3049484329972,601.2383441338676,586.1373960687419,593.2147216796875,257820000
2025-02-07,584.1954832564219,599.4344951653416,582.0466619706364,592.1797485351562,216528100
2025-02-14,595.3931329282537,602.2535886001177,589.9520392250456,600.9820556640625,169013200
2025-02-21,602.145135650955,604.4615308486234,590.8982004361474,591.3615112304688,170833900
2025-02-28,593.4118748152965,594.4074426853949,574.1117771132394,585.6838989257812,315266100
2025-03-07,587.6553155599406,588.798762606637,557.5422141835529,567.68505859375,416381600
2025-03-14,559.4741670846696,561.3962362827218,541.8202897344504,554.762451171875,393756600
2025-03-21,554.742702735982,562.7860764826731,551.0661118946721,557.5880126953125,328327300
2025-03-28,564.3307537296456,569.8771730865459,548.7790863172526,549.3623657226562,262797700
2025-04-04,543.5984015371023,560.9890444564371,499.3358369172059,499.5533447265625,569903400
2025-04-11,483.64569927250346,542.4022216796875,476.33944038650816,527.8885498046875,924492800
2025-04-18,537.883883195208,538.1113174755011,514.3931980244283,520.44384765625,288279800
2025-04-25,515.2533065114334,544.804618673288,502.6972625032136,544.3992919921875,361176900
2025-05-02,545.1407910444296,561.9381212948161,535.382610300473,560.3364868164062,312393800
2025-05-09,556.194064255589,563.8463212534109,549.738030089525,557.9440307617188,245246100
2025-05-16,574.8798371188,587.7621640177526,570.5000520977247,587.465576171875,360544500
2025-05-23,581.4346564328234,588.7903364922698,569.0763411937487,572.5465698242188,370870100
2025-05-30,579.4276923460704,586.4769332279744,571.8742669840636,582.7100830078125,301608500
2025-06-06,581.0985818518681,594.0203356126545,578.429170462151,592.3494873046875,341418300
2025-06-13,592.9229477814916,598.2025114763902,588.731033484191,590.2338256835938,346556600
2025-06-20,593.5952983788304,597.5993850121447,587.8735160730708,589.2816162109375,332849900
2025-06-27,590.0351674928282,611.2056913389495,586.9116980815279,609.7380981445312,382082900
2025-07-04,612.1873634601734,621.0124795190609,609.867018033134,620.0803833007812,280108800
2025-07-11,618.1170465947881,621.5974919629854,612.6732314169623,618.3748168945312,321151600
2025-07-18,617.9186024028506,624.175571102461,612.8516386863737,622.301513671875,349710600
2025-07-25,623.4815063476562,632.2173979677802,620.9232136557434,631.7413940429688,322104800
2025-08-01,632.1181999979412,634.4682782312485,614.0812292944926,616.4907836914062,439381100
2025-08-08,620.4075271113948,632.2868791777582,620.3183179857707,631.82080078125,343884300
2025-08-15,632.0984361099556,640.7549961752953,629.3219380955197,638.0281372070312,311485900
2025-08-22,637.4529805837014,641.0623787509013,627.6263466835007,639.8823852539062,341334900
2025-08-29,638.6230253017661,644.0172625669782,636.1738713484165,639.6245727539062,287238700
2025-09-05,632.13804448044,646.7243720544352,629.5797276837342,641.796142578125,303202500
2025-09-12,643.1644862104067,653.5662677492645,641.7762803015634,651.8805541992188,350016000
2025-09-19,654.0918582328915,660.7874850308027,648.7967821934204,659.9423217773438,415298400
2025-09-26,658.4508309420254,663.5617612775759,650.7048739536411,658.072998046875,378044600
2025-10-03,660.5985670660314,668.8714672806448,657.8641309647478,665.421142578125,359722800
2025-10-10,667.8174482099862,670.1342452495495,649.14378031214,649.32275390625,413270100
2025-10-17,656.9095884512618,666.4352795829697,649.4718888267987,660.62841796875,457106900
2025-10-24,663.5418206897375,674.628651928334,659.5445816579371,673.4155883789062,337267400
2025-10-31,678.8645527756448,685.795149064121,675.3942622450203,678.1983032226562,374234900
2025-11-07,681.7878948104295,681.9171636388411,657.4663915648358,667.1710815429688,395772100
2025-11-14,673.4056154266486,681.0819968300743,659.5147291242073,668.1256713867188,397413300
2025-11-21,665.9083353081996,671.7351497651099,647.1650267848305,655.2987670898438,588876300
2025-11-28,658.9380055466532,679.7991961322198,657.8442577670318,679.5208129882812,282606600
2025-12-05,674.9667014318244,684.4925257185774,674.8970904760725,681.8078002929688,322604800
2025-12-12,682.7027235077143,685.3476304583654,675.3247225627367,677.9000854492188,398546900
2025-12-19,681.8574988128718,681.8774049984522,667.3998140691156,678.7363891601562,535716400
2025-12-26,682.0772531068674,689.7761694005526,678.7364013691785,688.4298706054688,215455600
2026-01-02,685.6674092439482,687.322922191004,684.2014421207446,685.138916015625,109720200
