DateTime,Open,High,Low,Close,Volume
2005-01-03,102.58,103.0,102.46,102.66,0
2005-01-04,102.67,104.83,102.51,104.44,0
2005-01-05,104.45,105.05,103.78,104.28,0
2005-01-06,104.29,105.22,104.03,104.71,0
2005-01-07,104.7,105.14,103.88,104.83,0
2005-01-09,104.83,104.86,104.59,104.67,0
2005-01-10,104.66,104.82,103.92,103.99,0
2005-01-11,104.0,104.23,103.14,103.48,0
2005-01-12,103.49,103.56,102.17,102.47,0
2005-01-13,102.46,103.02,102.26,102.93,0
2005-01-14,102.77,103.22,101.79,102.12,0
2005-01-16,102.12,102.2,101.89,102.19,0
2005-01-17,102.18,102.63,101.71,102.45,0
2005-01-18,102.46,103.01,102.18,102.48,0
2005-01-19,102.48,102.99,102.06,102.64,0
2005-01-20,102.63,103.64,102.53,103.43,0
2005-01-21,103.44,103.96,102.65,102.71,0
2005-01-23,102.71,103.0,102.71,102.9,0
2005-01-24,102.89,103.05,102.53,102.82,0
2005-01-25,102.83,104.37,102.76,103.46,0
2005-01-26,103.45,103.68,102.78,103.21,0
2005-01-27,103.22,103.55,102.38,103.25,0
2005-01-28,103.26,103.79,103.02,103.38,0
2005-01-30,103.38,103.72,103.38,103.55,0
2005-01-31,103.56,103.81,103.38,103.72,0
2005-02-01,103.73,104.13,103.54,103.74,0
2005-02-02,103.75,104.29,103.38,104.23,0
2005-02-03,104.24,104.75,103.84,104.47,0
2005-02-04,104.48,104.64,103.52,104.09,0
2005-02-06,104.33,104.36,104.14,104.28,0
2005-02-07,104.27,105.18,104.13,105.16,0
2005-02-08,105.15,105.99,105.02,105.73,0
2005-02-09,105.71,106.01,105.34,105.59,0
2005-02-10,105.6,106.88,105.38,105.85,0
2005-02-11,105.84,105.94,105.51,105.76,0
2005-02-13,105.76,105.76,104.88,104.9,0
2005-02-14,104.91,105.39,104.69,105.33,0
2005-02-15,105.32,105.34,104.32,104.9,0
2005-02-16,104.89,105.75,104.85,105.28,0
2005-02-17,105.29,105.82,105.2,105.49,0
2005-02-18,105.48,105.89,105.2,105.63,0
2005-02-20,105.63,105.83,105.63,105.79,0
2005-02-21,105.8,105.83,104.81,104.88,0
2005-02-22,104.87,104.91,103.86,104.71,0
2005-02-23,104.7,105.15,104.6,104.78,0
2005-02-24,104.77,105.6,104.65,105.36,0
2005-02-25,105.37,105.51,105.07,105.25,0
2005-02-27,105.25,105.35,104.67,104.76,0
2005-02-28,104.75,104.8,104.14,104.52,0
2005-03-01,104.53,104.75,104.2,104.63,0
2005-03-02,104.62,105.18,104.59,104.9,0
2005-03-03,104.89,105.49,104.77,105.39,0
2005-03-04,105.4,105.62,104.37,104.73,0
2005-03-06,104.77,104.88,104.56,104.8,0
2005-03-07,104.81,105.38,104.79,105.1,0
2005-03-08,105.11,105.16,104.38,104.59,0
2005-03-09,104.58,104.72,103.68,104.07,0
2005-03-10,104.08,104.36,103.81,104.15,0
2005-03-11,104.16,104.31,103.76,104.01,0
2005-03-13,103.85,104.59,103.73,104.42,0
2005-03-14,104.43,105.2,104.41,104.8,0
2005-03-15,104.79,105.01,104.19,104.45,0
2005-03-16,104.46,104.5,103.93,104.34,0
2005-03-17,104.33,104.89,104.16,104.78,0
2005-03-18,104.79,105.08,104.62,104.76,0
2005-03-20,104.78,105.11,104.7,104.94,0
2005-03-21,104.95,105.51,104.78,105.19,0
2005-03-22,105.18,105.7,104.87,105.37,0
2005-03-23,105.38,106.46,105.31,106.21,0
2005-03-24,106.22,106.59,106.12,106.38,0
2005-03-25,106.39,106.47,106.28,106.4,0
2005-03-27,106.53,107.0,106.52,106.96,0
2005-03-28,106.95,107.41,106.72,107.18,0
2005-03-29,107.2,107.72,106.96,107.27,0
2005-03-30,107.28,107.68,107.03,107.31,0
2005-03-31,107.3,107.59,106.68,107.49,0
2005-04-01,107.48,107.81,106.79,107.6,0
2005-04-03,107.68,107.79,107.58,107.72,0
2005-04-04,107.73,108.7,107.68,108.64,0
2005-04-05,108.63,108.91,108.04,108.16,0
2005-04-06,108.15,108.81,107.9,108.6,0
2005-04-07,108.61,108.76,108.14,108.64,0
2005-04-08,108.63,108.89,108.24,108.3,0
2005-04-10,108.3,108.56,108.27,108.47,0
2005-04-11,108.46,108.5,107.55,107.66,0
2005-04-12,107.65,108.49,107.39,107.47,0
2005-04-13,107.46,107.86,107.15,107.79,0
2005-04-14,107.8,108.44,107.64,108.23,0
2005-04-15,108.24,108.58,107.5,107.78,0
2005-04-17,107.67,108.07,107.5,107.94,0
2005-04-18,107.95,108.03,107.3,107.37,0
2005-04-19,107.36,107.52,106.75,106.85,0
2005-04-20,106.86,107.5,106.64,106.86,0
2005-04-21,106.87,107.45,106.75,106.79,0
2005-04-22,106.8,106.85,105.79,106.04,0
2005-04-24,105.34,106.08,105.28,106.0,0
2005-04-25,106.01,106.1,105.6,105.82,0
2005-04-26,105.81,106.38,105.78,106.31,0
2005-04-27,106.32,106.42,105.72,105.91,0
2005-04-28,105.92,106.16,105.56,105.88,0
2005-04-29,105.89,105.91,104.65,104.81,0
2005-05-01,105.11,105.43,105.01,105.31,0
2005-05-02,105.32,105.44,104.94,105.23,0
2005-05-03,105.24,105.32,104.65,104.74,0
2005-05-04,104.73,104.97,104.23,104.57,0
2005-05-05,104.58,104.85,104.25,104.68,0
2005-05-06,104.69,105.11,104.55,105.01,0
2005-05-08,105.15,105.39,105.1,105.32,0
2005-05-09,105.33,105.85,105.24,105.69,0
2005-05-10,105.68,105.98,105.39,105.62,0
2005-05-11,105.63,106.18,104.95,106.02,0
2005-05-12,106.01,106.99,106.0,106.8,0
2005-05-13,106.81,107.46,106.77,107.36,0
2005-05-15,107.3,107.61,107.26,107.58,0
2005-05-16,107.59,107.8,106.59,107.06,0
2005-05-17,107.05,107.8,106.96,107.67,0
2005-05-18,107.66,107.74,106.79,107.02,0
2005-05-19,107.03,107.78,106.98,107.57,0
2005-05-20,107.56,108.32,107.38,108.19,0
2005-05-22,108.24,108.32,108.0,108.02,0
2005-05-23,108.01,108.17,107.58,107.7,0
2005-05-24,107.71,107.72,107.25,107.39,0
2005-05-25,107.38,108.01,107.31,107.94,0
2005-05-26,107.93,108.29,107.87,107.95,0
2005-05-27,107.94,108.11,107.76,107.97,0
2005-05-29,108.01,108.18,107.85,107.87,0
2005-05-30,107.88,108.3,107.76,108.08,0
2005-05-31,108.09,108.59,107.74,108.32,0
2005-06-01,108.31,108.89,108.19,108.53,0
2005-06-02,108.52,108.61,107.85,107.94,0
2005-06-03,107.95,108.19,107.49,107.74,0
2005-06-05,107.72,107.86,107.55,107.56,0
2005-06-06,107.57,107.59,106.75,106.86,0
2005-06-07,106.87,107.02,106.53,106.86,0
2005-06-08,106.85,107.42,106.73,107.2,0
2005-06-09,107.21,107.78,107.14,107.57,0
2005-06-10,107.56,108.67,107.36,108.64,0
2005-06-12,108.64,108.85,108.48,108.56,0
2005-06-13,108.55,109.7,108.48,109.4,0
2005-06-14,109.39,109.55,109.11,109.3,0
2005-06-15,109.31,109.51,109.18,109.37,0
2005-06-16,109.36,109.43,108.7,108.95,0
2005-06-17,108.96,109.12,108.54,108.6,0
2005-06-19,108.85,109.03,108.63,108.72,0
2005-06-20,108.73,109.62,108.71,109.32,0
2005-06-21,109.31,109.51,108.19,108.55,0
2005-06-22,108.56,109.15,108.41,108.69,0
2005-06-23,108.68,109.08,108.45,109.07,0
2005-06-24,109.06,109.41,108.92,109.07,0
2005-06-26,109.22,109.41,109.16,109.32,0
2005-06-27,109.31,109.71,109.21,109.64,0
2005-06-28,109.65,110.18,109.57,110.09,0
2005-06-29,110.1,110.66,109.99,110.27,0
2005-06-30,110.28,111.03,110.03,110.91,0
2005-07-03,111.69,111.92,111.53,111.68,0
2005-07-04,111.67,111.72,111.36,111.64,0
2005-07-05,111.65,112.16,111.57,111.66,0
2005-07-06,111.65,112.35,111.48,112.27,0
2005-07-07,112.26,112.41,111.53,112.37,0
2005-07-08,112.36,112.6,111.82,112.18,0
2005-07-10,112.2,112.28,111.87,111.89,0
2005-07-11,111.9,112.11,111.39,111.41,0
2005-07-12,111.42,111.51,110.79,111.09,0
2005-07-13,111.08,112.29,111.01,111.89,0
2005-07-14,111.88,112.42,111.69,112.14,0
2005-07-15,112.15,112.44,111.8,112.24,0
2005-07-17,112.33,112.39,112.21,112.28,0
2005-07-18,112.27,112.32,111.53,111.97,0
2005-07-19,111.98,113.19,111.97,113.12,0
2005-07-20,113.13,113.75,112.46,112.65,0
2005-07-21,112.64,112.75,109.91,111.09,0
2005-07-22,111.1,111.49,110.74,111.33,0
2005-07-24,111.26,111.69,111.22,111.57,0
2005-07-25,111.58,112.0,111.39,111.85,0
2005-07-26,111.84,112.8,111.72,112.77,0
2005-07-27,112.78,112.81,112.16,112.42,0
2005-07-28,112.41,112.84,112.02,112.26,0
2005-07-29,112.25,112.51,111.94,112.5,0
2005-07-31,112.55,112.79,112.17,112.23,0
2005-08-01,112.24,112.41,111.69,111.83,0
2005-08-02,111.84,111.94,111.14,111.86,0
2005-08-03,111.87,111.95,110.79,111.11,0
2005-08-04,111.12,111.8,110.85,111.77,0
2005-08-05,111.76,112.22,111.33,112.0,0
2005-08-07,112.12,112.52,112.11,112.49,0
2005-08-08,112.5,112.65,111.58,111.84,0
2005-08-09,111.83,112.26,111.34,111.42,0
2005-08-10,111.41,111.46,110.28,110.29,0
2005-08-11,110.3,110.48,109.59,109.87,0
2005-08-12,109.86,109.93,109.33,109.44,0
2005-08-14,109.46,109.78,109.37,109.57,0
2005-08-15,109.56,109.83,109.23,109.4,0
2005-08-16,109.39,109.76,109.07,109.55,0
2005-08-17,109.54,110.31,109.49,110.14,0
2005-08-18,110.13,110.68,110.07,110.49,0
2005-08-19,110.48,110.85,110.38,110.44,0
2005-08-21,110.45,110.57,110.14,110.22,0
2005-08-22,110.21,110.32,109.44,109.83,0
2005-08-23,109.82,110.66,109.76,110.61,0
2005-08-24,110.6,110.75,109.78,109.86,0
2005-08-25,109.87,110.42,109.8,110.11,0
2005-08-26,110.1,110.34,109.4,110.21,0
2005-08-28,110.22,110.42,109.86,110.32,0
2005-08-29,110.33,111.03,110.22,110.94,0
2005-08-30,110.93,111.64,110.77,111.31,0
2005-08-31,111.3,111.8,110.39,110.81,0
2005-09-01,110.82,110.95,109.64,109.94,0
2005-09-02,109.93,109.97,109.23,109.63,0
2005-09-04,109.75,109.83,109.12,109.22,0
2005-09-05,109.21,109.55,108.8,109.35,0
2005-09-06,109.36,110.07,109.3,109.96,0
2005-09-07,109.95,110.4,109.56,110.18,0
2005-09-08,110.17,110.77,110.16,110.6,0
2005-09-09,110.61,110.74,109.52,109.71,0
2005-09-11,109.36,109.72,109.07,109.7,0
2005-09-12,109.69,110.44,109.54,110.27,0
2005-09-13,110.28,111.06,110.25,110.62,0
2005-09-14,110.61,110.75,109.92,110.64,0
2005-09-15,110.65,110.95,110.17,110.72,0
2005-09-16,110.73,111.51,110.48,111.37,0
2005-09-18,111.51,111.65,111.4,111.55,0
2005-09-19,111.54,111.69,111.2,111.39,0
2005-09-20,111.38,112.04,111.15,111.87,0
2005-09-21,111.88,111.89,111.01,111.73,0
2005-09-22,111.72,111.84,111.1,111.59,0
2005-09-23,111.6,112.5,111.25,112.49,0
2005-09-25,112.52,112.59,112.26,112.32,0
2005-09-26,112.33,112.84,112.11,112.77,0
2005-09-27,112.76,113.53,112.68,113.19,0
2005-09-28,113.2,113.48,112.89,112.91,0
2005-09-29,112.92,113.4,112.7,113.03,0
2005-09-30,113.02,113.71,113.0,113.5,0
2005-10-02,113.42,114.27,113.39,114.13,0
2005-10-03,114.12,114.39,113.86,114.09,0
2005-10-04,114.1,114.44,113.88,113.96,0
2005-10-05,113.97,114.21,113.61,113.91,0
2005-10-06,113.9,114.0,113.05,113.36,0
2005-10-07,113.37,114.03,113.3,113.81,0
2005-10-09,113.8,113.86,113.68,113.77,0
2005-10-10,113.78,114.33,113.59,114.11,0
2005-10-11,114.12,114.74,113.84,114.51,0
2005-10-12,114.52,114.86,114.23,114.84,0
2005-10-13,114.85,115.11,114.3,114.56,0
2005-10-14,114.57,114.94,113.88,114.08,0
2005-10-16,114.08,114.38,113.79,113.9,0
2005-10-17,113.91,115.42,113.9,115.3,0
2005-10-18,115.31,115.95,115.29,115.82,0
2005-10-19,115.83,116.01,115.29,115.68,0
2005-10-20,115.69,115.79,115.01,115.32,0
2005-10-21,115.31,115.99,115.1,115.92,0
2005-10-23,115.92,115.97,115.83,115.89,0
2005-10-24,115.88,115.89,115.1,115.47,0
2005-10-25,115.46,115.76,114.65,115.17,0
2005-10-26,115.16,116.25,114.94,115.5,0
2005-10-27,115.51,115.61,114.89,115.33,0
2005-10-28,115.32,115.72,115.12,115.69,0
2005-10-30,115.75,115.86,115.65,115.72,0
2005-10-31,115.73,116.7,115.55,116.56,0
2005-11-01,116.55,116.88,116.49,116.82,0
2005-11-02,116.83,117.01,116.59,116.87,0
2005-11-03,116.86,117.75,116.83,117.74,0
2005-11-04,117.73,118.36,117.4,118.3,0
2005-11-06,118.27,118.4,117.74,117.91,0
2005-11-07,117.92,118.09,117.49,117.87,0
2005-11-08,117.86,117.98,117.13,117.32,0
2005-11-09,117.33,117.83,116.88,117.79,0
2005-11-10,117.8,118.28,117.38,117.71,0
2005-11-11,117.72,118.2,117.66,117.94,0
2005-11-13,118.03,118.15,117.89,117.99,0
2005-11-14,118.0,118.92,117.94,118.85,0
2005-11-15,118.86,119.44,118.74,119.28,0
2005-11-16,119.27,119.58,118.76,118.82,0
2005-11-17,118.83,119.17,118.51,119.07,0
2005-11-18,119.06,119.41,118.91,119.1,0
2005-11-20,119.23,119.36,119.07,119.31,0
2005-11-21,119.32,119.48,118.56,119.13,0
2005-11-22,119.12,119.55,118.63,118.66,0
2005-11-23,118.65,118.96,118.23,118.76,0
2005-11-24,118.77,119.33,118.65,119.29,0
2005-11-25,119.28,119.71,119.18,119.6,0
2005-11-27,119.66,119.89,119.6,119.84,0
2005-11-28,119.83,119.96,118.35,119.26,0
2005-11-29,119.25,119.82,118.98,119.57,0
2005-11-30,119.56,119.89,119.27,119.88,0
2005-12-01,119.87,120.77,119.77,120.57,0
2005-12-02,120.58,121.25,120.23,120.57,0
2005-12-04,121.11,121.43,120.95,121.4,0
2005-12-05,121.41,121.41,120.73,121.0,0
2005-12-06,120.99,121.29,120.59,120.93,0
2005-12-07,120.92,121.19,120.71,120.75,0
2005-12-08,120.76,120.84,120.0,120.49,0
2005-12-09,120.5,120.78,120.33,120.7,0
2005-12-11,120.77,121.08,120.72,120.85,0
2005-12-12,120.84,120.96,119.56,119.86,0
2005-12-13,119.85,120.47,118.52,118.94,0
2005-12-14,118.95,118.95,116.73,117.29,0
2005-12-15,117.3,117.46,115.65,115.77,0
2005-12-16,115.78,116.54,115.67,115.71,0
2005-12-18,115.62,116.39,115.55,116.29,0
2005-12-19,116.3,116.81,115.93,116.65,0
2005-12-20,116.64,117.34,116.4,117.17,0
2005-12-21,117.18,117.67,116.97,117.38,0
2005-12-22,117.37,117.6,116.46,116.61,0
2005-12-23,116.6,116.91,116.17,116.24,0
2005-12-26,116.69,117.2,116.67,117.12,0
2005-12-27,117.11,117.53,116.87,117.33,0
2005-12-28,117.34,118.02,117.01,117.91,0
2005-12-29,117.92,118.0,117.74,117.85,0
2006-01-02,117.82,117.92,117.17,117.2,0
2006-01-03,117.19,117.59,115.64,115.81,0
2006-01-04,115.82,116.48,115.67,116.17,0
2006-01-05,116.18,116.44,115.77,116.13,0
2006-01-06,116.12,116.32,114.25,114.41,0
2006-01-08,114.57,114.59,113.79,113.84,0
2006-01-09,113.85,114.81,113.84,114.7,0
2006-01-10,114.71,114.73,114.14,114.55,0
2006-01-11,114.54,114.91,113.95,114.14,0
2006-01-12,114.13,114.77,113.44,114.66,0
2006-01-13,114.67,114.83,114.19,114.26,0
2006-01-15,114.25,114.37,113.82,114.33,0
2006-01-16,114.32,115.31,114.29,115.0,0
2006-01-17,114.99,115.95,114.6,115.76,0
2006-01-18,115.75,115.83,114.83,115.28,0
2006-01-19,115.29,115.71,114.96,115.64,0
2006-01-20,115.63,115.69,114.99,115.28,0
2006-01-22,115.26,115.32,114.49,114.69,0
2006-01-23,114.7,114.9,114.19,114.81,0
2006-01-24,114.82,115.28,114.41,115.21,0
2006-01-25,115.2,115.99,114.66,115.64,0
2006-01-26,115.63,116.6,115.46,116.29,0
2006-01-27,116.28,117.47,116.21,117.24,0
2006-01-29,117.29,117.45,117.04,117.38,0
2006-01-30,117.39,117.85,117.28,117.63,0
2006-01-31,117.62,117.73,116.73,117.2,0
2006-02-01,117.19,118.36,117.15,118.31,0
2006-02-02,118.32,118.67,118.23,118.44,0
2006-02-03,118.43,119.43,118.4,118.9,0
2006-02-05,118.83,118.98,118.57,118.62,0
2006-02-06,118.63,119.2,118.53,118.99,0
2006-02-07,118.98,119.02,117.58,118.09,0
2006-02-08,118.08,118.84,117.66,118.61,0
2006-02-09,118.62,118.98,118.35,118.44,0
2006-02-10,118.43,118.44,116.92,117.93,0
2006-02-12,117.83,118.06,117.54,117.89,0
2006-02-13,117.9,118.27,117.39,117.5,0
2006-02-14,117.51,117.79,117.14,117.61,0
2006-02-15,117.62,118.14,116.78,117.75,0
2006-02-16,117.74,118.3,117.34,118.13,0
2006-02-17,118.14,118.89,117.88,118.16,0
2006-02-19,118.23,118.39,117.95,118.12,0
2006-02-20,118.11,118.65,118.1,118.57,0
2006-02-21,118.56,119.03,118.4,118.67,0
2006-02-22,118.68,118.91,117.66,117.75,0
2006-02-23,117.74,117.82,116.46,116.72,0
2006-02-24,116.71,117.15,116.56,116.89,0
2006-02-26,116.91,117.16,115.72,116.06,0
2006-02-27,116.07,116.51,115.92,116.4,0
2006-02-28,116.39,116.44,115.48,115.7,0
2006-03-01,115.71,116.36,115.68,116.35,0
2006-03-02,116.36,116.69,115.58,116.46,0
2006-03-03,116.45,116.82,116.24,116.53,0
2006-03-05,116.41,117.18,116.07,117.11,0
2006-03-06,117.12,117.76,116.84,117.67,0
2006-03-07,117.66,118.09,117.36,117.6,0
2006-03-08,117.61,118.06,117.56,117.7,0
2006-03-09,117.69,118.7,117.13,118.62,0
2006-03-10,118.63,119.16,118.01,118.98,0
2006-03-12,118.94,119.1,118.78,118.86,0
2006-03-13,118.87,119.22,118.43,118.55,0
2006-03-14,118.56,118.67,117.29,117.52,0
2006-03-15,117.53,117.92,117.16,117.71,0
2006-03-16,117.7,117.91,116.59,116.71,0
2006-03-17,116.72,116.87,115.72,115.91,0
2006-03-19,116.03,116.43,115.99,116.26,0
2006-03-20,116.27,116.73,115.54,116.65,0
2006-03-21,116.64,117.43,116.28,117.22,0
2006-03-22,117.21,117.34,116.59,116.96,0
2006-03-23,116.95,118.1,116.85,118.0,0
2006-03-24,117.99,118.53,117.44,117.48,0
2006-03-26,117.61,117.69,116.46,116.49,0
2006-03-27,116.48,117.14,116.28,117.07,0
2006-03-28,117.08,118.08,116.63,117.89,0
2006-03-29,117.88,118.24,117.53,117.59,0
2006-03-30,117.58,117.9,117.13,117.44,0
2006-03-31,117.42,118.16,117.32,117.72,0
2006-04-02,117.85,118.26,117.59,118.23,0
2006-04-03,118.22,118.82,117.65,117.86,0
2006-04-04,117.85,117.86,116.85,116.92,0
2006-04-05,116.91,117.81,116.71,117.43,0
2006-04-06,117.42,118.0,117.3,117.71,0
2006-04-07,117.7,118.41,117.43,118.31,0
2006-04-09,118.17,118.26,117.92,117.97,0
2006-04-10,117.96,118.71,117.94,118.48,0
2006-04-11,118.47,118.91,117.85,118.15,0
2006-04-12,118.14,118.64,118.03,118.44,0
2006-04-13,118.45,118.86,118.34,118.68,0
2006-04-14,118.67,118.76,118.56,118.67,0
2006-04-16,118.6,118.62,118.01,118.27,0
2006-04-17,118.26,118.42,117.57,117.87,0
2006-04-18,117.88,118.25,116.79,116.98,0
2006-04-19,116.99,117.97,116.85,117.54,0
2006-04-20,117.55,117.92,117.37,117.6,0
2006-04-21,117.61,117.81,116.59,116.63,0
2006-04-23,115.66,116.0,115.48,115.8,0
2006-04-24,115.81,115.86,114.28,114.54,0
2006-04-25,114.55,115.2,114.37,115.09,0
2006-04-26,115.08,115.4,114.65,114.79,0
2006-04-27,114.78,115.14,113.85,114.42,0
2006-04-28,114.41,114.51,113.68,113.86,0
2006-04-30,113.7,113.87,113.07,113.2,0
2006-05-01,113.19,113.83,112.36,113.67,0
2006-05-02,113.66,114.05,113.12,113.21,0
2006-05-03,113.22,113.98,112.92,113.96,0
2006-05-04,113.95,114.21,113.29,113.77,0
2006-05-05,113.76,114.04,112.26,112.51,0
2006-05-07,112.05,112.22,111.63,111.74,0
2006-05-08,111.73,111.92,111.03,111.8,0
2006-05-09,111.79,111.96,110.91,110.93,0
2006-05-10,110.94,111.5,110.14,111.12,0
2006-05-11,111.11,111.55,109.96,110.27,0
2006-05-12,110.26,110.66,109.33,110.11,0
2006-05-14,109.6,109.93,109.37,109.69,0
2006-05-15,109.7,110.89,109.49,110.01,0
2006-05-16,110.0,110.64,109.37,109.46,0
2006-05-17,109.45,111.36,109.02,110.61,0
2006-05-18,110.62,111.26,110.36,111.04,0
2006-05-19,111.03,112.28,110.87,111.75,0
2006-05-21,111.73,112.34,111.57,111.98,0
2006-05-22,111.99,112.98,111.3,111.58,0
2006-05-23,111.57,112.51,110.99,112.23,0
2006-05-24,112.22,112.99,111.67,112.75,0
2006-05-25,112.74,112.88,111.49,112.16,0
2006-05-26,112.17,112.8,111.83,112.77,0
2006-05-28,112.67,112.72,112.26,112.3,0
2006-05-29,112.29,112.82,111.91,112.12,0
2006-05-30,112.13,112.65,111.66,112.2,0
2006-05-31,112.21,112.78,111.47,112.72,0
2006-06-01,112.73,113.39,112.4,112.69,0
2006-06-02,112.7,112.97,111.36,111.65,0
2006-06-04,111.67,111.8,111.58,111.61,0
2006-06-05,111.6,112.5,111.45,112.45,0
2006-06-06,112.46,113.58,112.1,113.07,0
2006-06-07,113.06,113.77,113.04,113.6,0
2006-06-08,113.61,114.74,113.58,114.01,0
2006-06-09,114.02,114.36,113.59,114.01,0
2006-06-11,114.21,114.34,114.03,114.15,0
2006-06-12,114.14,114.61,113.99,114.5,0
2006-06-13,114.49,115.46,114.32,115.18,0
2006-06-14,115.17,115.42,114.5,115.02,0
2006-06-15,115.03,115.23,114.65,114.73,0
2006-06-16,114.72,115.23,114.58,115.16,0
2006-06-18,115.22,115.8,115.14,115.7,0
2006-06-19,115.69,115.77,115.19,115.49,0
2006-06-20,115.5,115.54,114.41,114.77,0
2006-06-21,114.76,115.26,114.66,114.85,0
2006-06-22,114.84,116.3,114.79,116.08,0
2006-06-23,116.09,116.61,115.78,116.6,0
2006-06-25,116.55,116.58,116.33,116.45,0
2006-06-26,116.46,116.56,115.88,116.14,0
2006-06-27,116.15,116.74,115.99,116.18,0
2006-06-28,116.17,116.65,116.13,116.53,0
2006-06-29,116.52,116.61,114.77,115.03,0
2006-06-30,115.04,115.1,114.19,114.49,0
2006-07-02,114.38,114.77,114.14,114.52,0
2006-07-03,114.53,114.96,114.42,114.56,0
2006-07-04,114.57,115.26,114.43,114.87,0
2006-07-05,114.88,115.82,114.61,115.52,0
2006-07-06,115.53,115.7,114.92,115.21,0
2006-07-07,115.22,115.22,113.84,114.01,0
2006-07-09,114.03,114.08,113.62,113.74,0
2006-07-10,113.73,114.45,113.48,114.09,0
2006-07-11,114.1,114.7,114.07,114.37,0
2006-07-12,114.36,115.76,114.29,115.37,0
2006-07-13,115.36,116.14,115.03,115.92,0
2006-07-14,115.93,116.42,115.49,116.16,0
2006-07-16,116.19,116.4,116.17,116.37,0
2006-07-17,116.36,117.32,116.36,117.02,0
2006-07-18,117.03,117.61,116.72,117.3,0
2006-07-19,117.31,117.91,116.64,116.75,0
2006-07-20,116.76,117.15,116.58,116.9,0
2006-07-21,116.89,116.98,115.86,116.22,0
2006-07-23,116.16,116.75,116.13,116.61,0
2006-07-24,116.6,116.99,116.45,116.81,0
2006-07-25,116.82,117.42,116.55,117.09,0
2006-07-26,117.08,117.17,116.21,116.28,0
2006-07-27,116.28,116.31,115.31,115.62,0
2006-07-28,115.61,115.84,114.64,114.67,0
2006-07-30,114.69,114.85,114.38,114.38,0
2006-07-31,114.39,114.83,114.21,114.75,0
2006-08-01,114.74,115.39,114.25,114.34,0
2006-08-02,114.35,114.94,114.26,114.74,0
2006-08-03,114.75,115.33,114.7,115.1,0
2006-08-04,115.11,115.57,114.01,114.42,0
2006-08-06,114.25,114.56,114.19,114.55,0
2006-08-07,114.54,115.25,114.48,115.14,0
2006-08-08,115.15,115.77,114.59,115.67,0
2006-08-09,115.66,115.68,114.83,115.18,0
2006-08-10,115.17,115.63,114.71,115.52,0
2006-08-11,115.53,116.46,115.45,116.29,0
2006-08-13,116.33,116.41,116.19,116.31,0
2006-08-14,116.32,116.77,116.29,116.55,0
2006-08-15,116.53,116.75,115.87,116.05,0
2006-08-16,116.06,116.4,115.6,115.72,0
2006-08-17,115.71,116.19,115.21,116.01,0
2006-08-18,116.02,116.06,115.48,115.82,0
2006-08-20,115.81,115.83,115.56,115.6,0
2006-08-21,115.59,116.24,115.36,116.13,0
2006-08-22,116.12,116.86,116.05,116.4,0
2006-08-23,116.41,116.66,116.11,116.44,0
2006-08-24,116.45,116.76,116.2,116.74,0
2006-08-25,116.73,117.43,116.64,117.34,0
2006-08-27,117.25,117.36,117.04,117.13,0
2006-08-28,117.12,117.27,116.85,116.9,0
2006-08-29,116.91,117.04,116.55,116.81,0
2006-08-30,116.8,117.45,116.77,117.44,0
2006-08-31,117.45,117.52,116.94,117.26,0
2006-09-01,117.25,117.52,117.1,117.11,0
2006-09-03,117.12,117.12,116.66,116.67,0
2006-09-04,116.66,116.69,115.8,115.99,0
2006-09-05,115.98,116.4,115.6,116.36,0
2006-09-06,116.37,116.91,116.24,116.75,0
2006-09-07,116.74,117.08,116.02,116.3,0
2006-09-08,116.29,117.04,116.14,116.91,0
2006-09-10,116.89,117.07,116.65,116.74,0
2006-09-11,116.73,117.81,116.68,117.61,0
2006-09-12,117.6,118.16,117.43,117.94,0
2006-09-13,117.95,118.04,117.37,117.55,0
2006-09-14,117.54,117.79,117.34,117.66,0
2006-09-15,117.65,118.15,117.27,117.55,0
2006-09-17,117.29,118.17,117.29,117.9,0
2006-09-18,117.91,118.32,117.79,118.0,0
2006-09-19,117.99,118.11,117.03,117.36,0
2006-09-20,117.35,117.55,117.0,117.15,0
2006-09-21,117.16,117.22,116.23,116.43,0
2006-09-22,116.44,116.63,116.1,116.53,0
2006-09-24,116.55,116.71,116.36,116.4,0
2006-09-25,116.41,116.78,116.15,116.46,0
2006-09-26,116.45,117.26,116.31,117.09,0
2006-09-27,117.1,117.67,117.03,117.51,0
2006-09-28,117.5,117.97,117.45,117.84,0
2006-09-29,117.83,118.21,117.74,118.21,0
2006-10-01,118.16,118.42,117.89,118.3,0
2006-10-02,118.29,118.41,117.56,117.67,0
2006-10-03,117.68,118.23,117.42,118.08,0
2006-10-04,118.07,118.31,117.6,117.76,0
2006-10-05,117.77,118.11,117.49,118.08,0
2006-10-06,118.07,119.13,117.65,119.08,0
2006-10-08,118.93,119.18,118.87,119.18,0
2006-10-09,119.17,119.37,118.98,119.32,0
2006-10-10,119.33,119.81,118.93,119.68,0
2006-10-11,119.67,119.87,119.38,119.64,0
2006-10-12,119.65,119.72,119.17,119.26,0
2006-10-13,119.27,119.91,119.11,119.68,0
2006-10-15,119.69,119.82,119.66,119.75,0
2006-10-16,119.76,119.76,118.96,119.09,0
2006-10-17,119.08,119.16,118.42,118.63,0
2006-10-18,118.64,119.2,118.35,118.88,0
2006-10-19,118.89,118.94,118.09,118.35,0
2006-10-20,118.34,118.81,118.18,118.69,0
2006-10-22,118.77,118.87,118.59,118.76,0
2006-10-23,118.75,119.48,118.75,119.42,0
2006-10-24,119.41,119.67,119.12,119.25,0
2006-10-25,119.24,119.39,118.77,118.82,0
2006-10-26,118.83,118.95,118.3,118.53,0
2006-10-27,118.54,118.7,117.2,117.57,0
2006-10-29,117.49,117.61,117.24,117.41,0
2006-10-30,117.42,117.73,117.23,117.53,0
2006-10-31,117.54,118.06,116.66,116.96,0
2006-11-01,116.95,117.4,116.61,117.26,0
2006-11-02,117.26,117.37,116.7,117.17,0
2006-11-03,117.18,118.22,117.0,118.06,0
2006-11-05,118.1,118.13,117.83,118.09,0
2006-11-06,118.1,118.48,117.72,117.74,0
2006-11-07,117.73,118.02,117.29,117.65,0
2006-11-08,117.64,118.02,117.42,117.86,0
2006-11-09,117.87,118.62,117.38,117.54,0
2006-11-10,117.53,117.7,117.21,117.63,0
2006-11-12,117.59,117.61,117.17,117.29,0
2006-11-13,117.3,118.33,117.25,117.63,0
2006-11-14,117.64,117.99,117.29,117.75,0
2006-11-15,117.74,118.23,117.7,117.9,0
2006-11-16,117.91,118.45,117.83,118.4,0
2006-11-17,118.41,118.48,117.55,117.71,0
2006-11-19,117.88,118.02,117.81,117.93,0
2006-11-20,117.92,118.21,117.86,118.16,0
2006-11-21,118.15,118.28,117.5,117.57,0
2006-11-22,117.56,117.65,116.4,116.65,0
2006-11-23,116.66,116.73,116.06,116.38,0
2006-11-24,116.39,116.43,115.6,115.87,0
2006-11-26,115.57,115.98,115.42,115.93,0
2006-11-27,115.92,116.43,115.86,116.04,0
2006-11-28,116.05,116.42,115.6,115.8,0
2006-11-29,115.81,116.58,115.68,116.22,0
2006-11-30,116.21,116.31,115.51,115.77,0
2006-12-01,115.78,116.4,114.98,115.46,0
2006-12-03,115.47,115.85,115.12,115.73,0
2006-12-04,115.74,115.81,115.22,115.42,0
2006-12-05,115.43,115.46,114.47,114.75,0
2006-12-06,114.76,115.4,114.56,114.95,0
2006-12-07,114.97,115.37,114.78,115.21,0
2006-12-08,115.22,116.51,114.94,116.39,0
2006-12-10,116.44,116.88,116.18,116.71,0
2006-12-11,116.72,117.29,116.57,116.81,0
2006-12-12,116.82,117.27,116.69,116.95,0
2006-12-13,116.96,117.67,116.93,117.6,0
2006-12-14,117.61,118.16,117.29,117.9,0
2006-12-15,117.91,118.36,117.48,118.2,0
2006-12-17,118.01,118.15,117.98,118.1,0
2006-12-18,118.09,118.3,117.72,118.02,0
2006-12-19,118.01,118.33,117.86,118.15,0
2006-12-20,118.16,118.53,117.99,118.43,0
2006-12-21,118.44,118.54,117.97,118.29,0
2006-12-22,118.3,118.98,118.28,118.81,0
2006-12-25,118.98,119.01,118.9,118.96,0
2006-12-26,118.97,119.26,118.67,118.74,0
2006-12-27,118.75,118.92,118.31,118.78,0
2006-12-28,118.79,119.06,118.56,118.96,0
2006-12-29,118.95,119.19,118.77,119.06,0
2007-01-01,118.64,118.83,118.6,118.76,0
2007-01-02,118.77,118.95,118.53,118.76,0
2007-01-03,118.77,119.72,118.74,119.42,0
2007-01-04,119.43,119.53,118.33,118.36,0
2007-01-05,118.35,119.06,118.02,118.63,0
2007-01-07,118.67,118.77,118.27,118.4,0
2007-01-08,118.41,119.03,118.14,118.96,0
2007-01-09,118.95,119.55,118.87,119.27,0
2007-01-10,119.28,119.8,119.18,119.77,0
2007-01-11,119.78,120.75,119.76,120.57,0
2007-01-12,120.56,120.73,120.2,120.39,0
2007-01-14,120.44,120.46,120.1,120.29,0
2007-01-15,120.3,120.65,120.17,120.46,0
2007-01-16,120.47,120.9,120.26,120.76,0
2007-01-17,120.77,120.91,120.38,120.84,0
2007-01-18,120.85,121.61,120.77,121.28,0
2007-01-19,121.29,121.5,121.13,121.27,0
2007-01-21,121.28,121.42,121.24,121.37,0
2007-01-22,121.38,121.81,121.34,121.7,0
2007-01-23,121.69,121.81,121.13,121.63,0
2007-01-24,121.63,121.71,120.4,120.41,0
2007-01-25,120.42,121.66,120.23,121.5,0
2007-01-26,121.48,121.66,121.29,121.58,0
2007-01-28,121.48,121.85,121.45,121.81,0
2007-01-29,121.8,122.21,121.57,121.82,0
2007-01-30,121.81,122.01,121.51,121.59,0
2007-01-31,121.58,121.77,120.51,120.76,0
2007-02-01,120.75,120.87,120.12,120.74,0
2007-02-02,120.75,121.38,120.66,121.12,0
2007-02-04,121.1,121.21,120.74,120.84,0
2007-02-05,120.85,120.94,120.04,120.29,0
2007-02-06,120.3,120.59,120.0,120.18,0
2007-02-07,120.17,120.92,120.17,120.83,0
2007-02-08,120.84,121.45,120.77,121.37,0
2007-02-09,121.36,121.76,121.13,121.67,0
2007-02-11,121.82,122.12,121.82,122.0,0
2007-02-12,121.99,122.07,121.37,121.45,0
2007-02-13,121.44,121.58,121.07,121.22,0
2007-02-14,121.23,121.36,119.82,120.17,0
2007-02-15,120.16,120.39,119.2,119.47,0
2007-02-16,119.48,119.57,119.01,119.33,0
2007-02-18,119.4,119.62,119.25,119.51,0
2007-02-19,119.5,119.83,119.35,119.77,0
2007-02-20,119.78,120.54,119.72,119.88,0
2007-02-21,119.87,121.21,119.72,121.05,0
2007-02-22,121.04,121.67,120.98,121.55,0
2007-02-23,121.56,121.59,120.97,121.04,0
2007-02-25,121.07,121.1,120.81,120.96,0
2007-02-26,120.95,121.02,120.37,120.47,0
2007-02-27,120.46,120.47,117.46,118.49,0
2007-02-28,118.5,118.89,117.98,118.24,0
2007-03-01,118.23,118.48,116.98,117.71,0
2007-03-02,117.7,117.8,116.44,116.81,0
2007-03-04,116.77,116.8,115.42,115.73,0
2007-03-05,115.74,116.6,115.18,116.47,0
2007-03-06,116.48,116.93,116.22,116.4,0
2007-03-07,116.41,116.65,115.57,116.48,0
2007-03-08,116.49,117.51,116.47,117.3,0
2007-03-09,117.29,118.39,117.2,118.33,0
2007-03-11,118.32,118.43,118.02,118.27,0
2007-03-12,118.26,118.52,117.24,117.44,0
2007-03-13,117.43,117.6,115.9,116.27,0
2007-03-14,116.28,117.61,115.8,117.23,0
2007-03-15,117.22,117.79,116.84,117.0,0
2007-03-16,117.01,117.23,116.54,116.72,0
2007-03-18,116.46,117.47,116.29,117.21,0
2007-03-19,117.22,118.06,117.11,117.81,0
2007-03-20,117.82,118.02,116.96,117.27,0
2007-03-21,117.28,117.96,117.18,117.54,0
2007-03-22,117.53,118.34,117.26,118.17,0
2007-03-23,118.18,118.28,117.43,118.12,0
2007-03-25,118.08,118.17,117.81,117.95,0
2007-03-26,117.95,118.46,117.65,118.2,0
2007-03-27,118.19,118.42,117.38,117.44,0
2007-03-28,117.45,117.49,116.41,117.3,0
2007-03-29,117.29,118.23,117.08,117.82,0
2007-03-30,117.81,118.43,117.21,117.86,0
2007-04-01,117.55,118.09,117.49,117.86,0
2007-04-02,117.87,118.05,117.54,117.99,0
2007-04-03,118.0,119.01,117.9,118.93,0
2007-04-04,118.94,119.12,118.52,118.65,0
2007-04-05,118.66,119.01,118.47,118.87,0
2007-04-06,118.86,119.4,118.75,119.31,0
2007-04-08,119.3,119.42,119.27,119.36,0
2007-04-09,119.35,119.42,118.78,119.06,0
2007-04-10,119.05,119.34,118.91,119.13,0
2007-04-11,119.12,119.56,119.12,119.45,0
2007-04-12,119.44,119.51,118.81,118.89,0
2007-04-13,118.88,119.59,118.24,119.25,0
2007-04-15,119.4,119.7,119.0,119.3,0
2007-04-16,119.29,119.89,119.27,119.62,0
2007-04-17,119.61,119.72,118.55,118.72,0
2007-04-18,118.73,118.93,117.86,117.92,0
2007-04-19,117.93,118.8,117.64,118.68,0
2007-04-20,118.69,118.99,118.55,118.72,0
2007-04-22,118.75,119.02,118.53,118.62,0
2007-04-23,118.61,119.07,118.26,118.51,0
2007-04-24,118.5,118.97,118.34,118.48,0
2007-04-25,118.47,118.88,118.3,118.65,0
2007-04-26,118.64,119.77,118.63,119.59,0
2007-04-27,119.59,119.78,118.92,119.64,0
2007-04-29,119.35,119.66,119.19,119.57,0
2007-04-30,119.58,119.79,119.34,119.56,0
2007-05-01,119.55,120.18,119.11,120.08,0
2007-05-02,120.07,120.32,119.54,120.21,0
2007-05-03,120.2,120.5,120.0,120.31,0
2007-05-04,120.3,120.42,119.94,120.22,0
2007-05-06,120.1,120.22,119.81,119.83,0
2007-05-07,119.84,120.16,119.73,119.81,0
2007-05-08,119.82,120.07,119.56,119.79,0
2007-05-09,119.8,120.25,119.66,120.08,0
2007-05-10,120.07,120.57,119.73,119.89,0
2007-05-11,119.9,120.24,119.5,120.21,0
2007-05-13,120.27,120.28,120.06,120.24,0
2007-05-14,120.23,120.57,120.2,120.42,0
2007-05-15,120.41,120.61,120.15,120.31,0
2007-05-16,120.32,120.91,120.24,120.84,0
2007-05-17,120.85,121.4,120.79,121.32,0
2007-05-18,121.31,121.42,120.71,121.16,0
2007-05-20,121.15,121.31,121.05,121.28,0
2007-05-21,121.27,121.64,121.26,121.55,0
2007-05-22,121.54,121.81,121.24,121.71,0
2007-05-23,121.7,121.9,121.35,121.58,0
2007-05-24,121.57,121.7,120.89,121.12,0
2007-05-25,121.13,121.92,121.12,121.82,0
2007-05-27,121.75,121.83,121.63,121.65,0
2007-05-28,121.66,121.81,121.39,121.41,0
2007-05-29,121.4,121.82,121.22,121.45,0
2007-05-30,121.46,121.79,121.41,121.61,0
2007-05-31,121.62,122.02,121.52,121.85,0
2007-06-01,121.84,122.17,121.82,122.1,0
2007-06-03,122.09,122.14,121.93,122.01,0
2007-06-04,122.0,122.13,121.58,121.77,0
2007-06-05,121.78,121.95,121.16,121.38,0
2007-06-06,121.39,121.5,120.79,121.14,0
2007-06-07,121.15,121.59,120.88,121.3,0
2007-06-08,121.29,121.85,120.8,121.75,0
2007-06-10,121.74,121.78,121.53,121.61,0
2007-06-11,121.6,121.84,121.53,121.68,0
2007-06-12,121.69,121.87,121.51,121.83,0
2007-06-13,121.82,122.86,121.82,122.79,0
2007-06-14,122.78,123.15,122.75,123.03,0
2007-06-15,123.04,123.67,122.98,123.47,0
2007-06-17,123.48,123.61,123.44,123.55,0
2007-06-18,123.56,123.77,123.34,123.64,0
2007-06-19,123.65,123.74,123.29,123.34,0
2007-06-20,123.35,123.69,123.13,123.66,0
2007-06-21,123.67,123.99,123.5,123.88,0
2007-06-22,123.89,124.17,123.78,123.92,0
2007-06-24,123.82,123.95,123.66,123.91,0
2007-06-25,123.9,123.97,123.35,123.47,0
2007-06-26,123.46,123.55,122.83,122.97,0
2007-06-27,122.98,123.4,122.27,122.96,0
2007-06-28,122.95,123.4,122.84,123.4,0
2007-06-29,123.41,123.59,122.98,123.2,0
2007-07-01,123.15,123.31,122.95,122.98,0
2007-07-02,122.99,123.09,122.11,122.36,0
2007-07-03,122.37,122.72,122.18,122.31,0
2007-07-04,122.32,122.85,122.3,122.79,0
2007-07-05,122.8,123.08,122.36,123.08,0
2007-07-06,123.07,123.59,123.03,123.35,0
2007-07-08,123.4,123.69,123.39,123.66,0
2007-07-09,123.65,123.69,123.19,123.26,0
2007-07-10,123.25,123.5,120.99,121.7,0
2007-07-11,121.69,122.56,121.09,122.38,0
2007-07-12,122.39,122.63,121.86,122.48,0
2007-07-13,122.49,122.55,121.93,121.97,0
2007-07-15,121.96,122.22,121.85,121.94,0
2007-07-16,121.93,122.12,121.58,121.95,0
2007-07-17,121.96,122.44,121.73,121.81,0
2007-07-18,121.82,122.31,121.61,121.97,0
2007-07-19,121.96,122.3,121.8,122.21,0
2007-07-20,122.2,122.47,120.91,121.31,0
2007-07-22,121.63,121.71,120.83,121.01,0
2007-07-23,121.02,121.53,120.42,120.55,0
2007-07-24,120.56,120.98,119.83,120.13,0
2007-07-25,120.12,120.76,119.94,120.6,0
2007-07-26,120.61,120.69,118.03,119.15,0
2007-07-27,119.16,119.32,118.46,118.63,0
2007-07-29,118.51,118.62,118.04,118.55,0
2007-07-30,118.54,119.28,118.1,118.94,0
2007-07-31,118.93,119.53,118.3,118.4,0
2007-08-01,118.39,119.2,117.62,118.61,0
2007-08-02,118.62,119.39,118.37,119.28,0
2007-08-03,119.27,119.3,117.97,118.09,0
2007-08-05,117.58,117.76,117.21,117.64,0
2007-08-06,117.65,119.14,117.46,118.72,0
2007-08-07,118.71,119.08,117.98,118.92,0
2007-08-08,118.91,119.87,118.84,119.7,0
2007-08-09,119.69,119.73,117.76,118.13,0
2007-08-10,118.14,118.78,117.23,118.41,0
2007-08-12,118.25,118.51,118.18,118.31,0
2007-08-13,118.3,118.58,117.71,118.01,0
2007-08-14,118.0,118.55,117.27,117.31,0
2007-08-15,117.3,117.61,115.73,115.96,0
2007-08-16,115.97,116.35,112.04,112.98,0
2007-08-17,112.97,114.91,111.62,114.4,0
2007-08-19,114.2,114.68,113.72,114.49,0
2007-08-20,114.48,115.54,114.19,115.16,0
2007-08-21,115.15,115.16,114.01,114.36,0
2007-08-22,114.37,116.11,114.3,115.91,0
2007-08-23,115.9,117.16,115.62,116.19,0
2007-08-24,116.18,116.47,115.56,116.45,0
2007-08-26,116.43,116.77,116.13,116.18,0
2007-08-27,116.19,116.36,115.38,115.52,0
2007-08-28,115.53,115.75,113.89,114.3,0
2007-08-29,114.29,116.27,114.26,115.8,0
2007-08-30,115.81,116.39,115.24,116.35,0
2007-08-31,116.34,116.63,115.53,115.82,0
2007-09-02,115.75,115.95,115.68,115.92,0
2007-09-03,115.91,116.14,115.7,115.87,0
2007-09-04,115.88,116.49,115.36,116.04,0
2007-09-05,116.03,116.04,114.83,115.37,0
2007-09-06,115.38,115.68,114.97,115.19,0
2007-09-07,115.2,115.38,113.15,113.4,0
2007-09-09,113.08,113.3,112.63,113.26,0
2007-09-10,113.25,114.01,113.08,113.64,0
2007-09-11,113.63,114.4,113.44,114.37,0
2007-09-12,114.36,114.49,113.81,114.22,0
2007-09-13,114.23,115.53,114.19,115.04,0
2007-09-14,115.05,115.42,114.37,115.36,0
2007-09-16,115.27,115.41,115.13,115.28,0
2007-09-17,115.27,115.39,114.7,114.97,0
2007-09-18,114.96,116.41,114.81,115.93,0
2007-09-19,115.92,116.36,115.69,115.9,0
2007-09-20,115.91,115.93,114.01,114.96,0
2007-09-21,114.95,115.87,114.64,115.58,0
2007-09-23,115.43,115.44,115.07,115.15,0
2007-09-24,115.14,115.2,114.67,114.74,0
2007-09-25,114.73,115.04,114.07,114.98,0
2007-09-26,114.97,115.76,114.76,115.61,0
2007-09-27,115.62,115.92,114.93,115.28,0
2007-09-28,115.29,115.54,114.71,114.83,0
2007-09-30,114.79,115.15,114.76,115.07,0
2007-10-01,115.08,116.08,114.8,115.39,0
2007-10-02,115.4,116.03,115.3,115.73,0
2007-10-03,115.72,116.8,115.7,116.62,0
2007-10-04,116.63,116.77,116.31,116.46,0
2007-10-05,116.47,117.32,116.38,117.03,0
2007-10-07,117.03,117.22,116.98,117.15,0
2007-10-08,117.14,117.62,117.06,117.27,0
2007-10-09,117.26,117.47,116.82,117.19,0
2007-10-10,117.18,117.55,116.97,117.22,0
2007-10-11,117.21,117.8,117.03,117.29,0
2007-10-12,117.28,117.73,117.17,117.65,0
2007-10-14,117.57,117.74,117.43,117.61,0
2007-10-15,117.62,117.97,117.13,117.39,0
2007-10-16,117.4,117.47,116.37,116.63,0
2007-10-17,116.62,117.21,116.19,116.44,0
2007-10-18,116.45,116.67,115.04,115.08,0
2007-10-19,115.09,115.76,114.52,114.52,0
2007-10-21,114.16,114.2,113.27,114.12,0
2007-10-22,114.11,114.69,113.54,114.65,0
2007-10-23,114.64,115.07,114.21,114.61,0
2007-10-24,114.62,114.67,113.85,113.95,0
2007-10-25,113.96,114.6,113.81,114.3,0
2007-10-26,114.29,114.59,114.0,114.23,0
2007-10-28,114.17,114.31,114.06,114.17,0
2007-10-29,114.18,114.94,114.08,114.48,0
2007-10-30,114.47,115.03,114.4,114.78,0
2007-10-31,114.79,115.54,114.56,115.36,0
2007-11-01,115.35,115.96,114.4,114.89,0
2007-11-02,114.88,115.44,114.47,114.86,0
2007-11-04,114.8,114.81,114.38,114.62,0
2007-11-05,114.61,114.85,114.03,114.69,0
2007-11-06,114.68,114.81,114.08,114.15,0
2007-11-07,114.14,114.17,112.09,112.78,0
2007-11-08,112.79,113.39,112.25,112.76,0
2007-11-09,112.77,112.8,110.54,110.7,0
2007-11-11,110.31,110.82,109.86,110.12,0
2007-11-12,110.11,110.76,109.15,110.27,0
2007-11-13,110.26,111.31,109.7,111.06,0
2007-11-14,111.05,111.79,110.78,111.45,0
2007-11-15,111.44,111.58,109.91,110.16,0
2007-11-16,110.15,111.36,109.8,111.11,0
2007-11-18,110.88,111.11,110.53,110.62,0
2007-11-19,110.63,110.81,109.65,110.27,0
2007-11-20,110.26,110.61,109.24,109.33,0
2007-11-21,109.32,109.37,108.27,108.96,0
2007-11-22,108.97,109.15,107.57,107.76,0
2007-11-23,107.77,108.56,107.67,108.34,0
2007-11-25,108.42,108.81,108.14,108.49,0
2007-11-26,108.48,108.84,107.24,108.33,0
2007-11-27,108.32,109.19,107.56,108.46,0
2007-11-28,108.45,110.5,108.4,109.94,0
2007-11-29,109.95,110.46,109.5,110.4,0
2007-11-30,110.39,111.24,110.07,111.23,0
2007-12-02,111.06,111.06,110.5,110.55,0
2007-12-03,110.54,110.77,110.16,110.27,0
2007-12-04,110.26,110.45,109.58,110.34,0
2007-12-05,110.33,111.2,110.14,110.91,0
2007-12-06,110.9,111.5,110.66,111.34,0
2007-12-07,111.35,111.81,111.2,111.72,0
2007-12-09,111.48,111.72,111.37,111.59,0
2007-12-10,111.58,111.98,111.49,111.78,0
2007-12-11,111.77,112.17,110.51,110.95,0
2007-12-12,110.96,112.5,110.93,111.9,0
2007-12-13,111.91,112.67,111.44,112.44,0
2007-12-14,112.43,113.62,112.32,113.27,0
2007-12-16,113.5,113.52,113.04,113.08,0
2007-12-17,113.09,113.52,112.76,113.25,0
2007-12-18,113.24,113.56,112.99,113.32,0
2007-12-19,113.33,113.51,112.76,113.25,0
2007-12-20,113.26,113.33,112.81,113.1,0
2007-12-21,113.11,114.24,112.97,114.05,0
2007-12-23,114.15,114.2,114.0,114.07,0
2007-12-24,114.08,114.51,114.04,114.31,0
2007-12-26,114.19,114.38,114.01,114.26,0
2007-12-27,114.25,114.69,113.34,113.34,0
2007-12-28,113.35,113.35,112.32,112.33,0
2007-12-30,112.58,112.7,111.77,112.05,0
2007-12-31,112.06,112.22,111.36,111.71,0
2008-01-01,111.87,111.88,111.67,111.76,0
2008-01-02,111.75,111.96,109.24,109.74,0
2008-01-03,109.73,109.77,108.26,109.4,0
2008-01-04,109.41,109.57,107.91,108.6,0
2008-01-06,108.53,109.17,108.5,108.95,0
2008-01-07,108.96,109.75,108.61,109.27,0
2008-01-08,109.26,109.84,108.83,109.2,0
2008-01-09,109.21,110.14,109.15,109.82,0
2008-01-10,109.83,110.03,109.14,109.31,0
2008-01-11,109.3,109.3,108.67,108.89,0
2008-01-13,108.66,108.98,108.62,108.78,0
2008-01-14,108.77,108.8,107.39,107.93,0
2008-01-15,107.94,107.97,106.13,106.34,0
2008-01-16,106.33,107.93,105.94,106.97,0
2008-01-17,106.98,107.91,106.39,107.12,0
2008-01-18,107.11,107.62,106.54,106.87,0
2008-01-20,106.74,107.0,106.7,106.84,0
2008-01-21,106.83,106.86,105.64,106.18,0
2008-01-22,106.19,107.4,105.83,106.21,0
2008-01-23,106.22,107.0,105.0,106.62,0
2008-01-24,106.63,107.34,105.97,107.19,0
2008-01-25,107.18,107.91,106.74,106.75,0
2008-01-27,106.79,106.99,106.19,106.27,0
2008-01-28,106.28,107.16,106.02,106.54,0
2008-01-29,106.55,107.23,106.5,106.77,0
2008-01-30,106.78,107.48,106.06,106.52,0
2008-01-31,106.53,106.9,105.74,106.41,0
2008-02-01,106.42,106.76,105.78,106.51,0
2008-02-03,106.56,107.01,106.53,106.84,0
2008-02-04,106.83,107.12,106.62,106.82,0
2008-02-05,106.83,107.75,106.42,106.58,0
2008-02-06,106.57,106.81,106.2,106.49,0
2008-02-07,106.48,107.84,105.96,107.4,0
2008-02-08,107.39,107.75,107.25,107.36,0
2008-02-10,107.36,107.69,107.2,107.25,0
2008-02-11,107.24,107.28,106.35,106.94,0
2008-02-12,106.93,107.56,106.86,107.21,0
2008-02-13,107.2,108.39,107.03,108.26,0
2008-02-14,108.25,108.63,107.69,107.91,0
2008-02-15,107.92,108.33,107.28,107.82,0
2008-02-17,107.85,108.04,107.78,107.86,0
2008-02-18,107.87,108.35,107.82,108.12,0
2008-02-19,108.13,108.21,107.25,107.94,0
2008-02-20,107.93,108.38,107.51,108.14,0
2008-02-21,108.13,108.36,107.16,107.51,0
2008-02-22,107.5,107.6,106.74,107.16,0
2008-02-24,107.34,107.48,107.19,107.38,0
2008-02-25,107.39,108.26,107.27,107.96,0
2008-02-26,107.97,108.11,106.98,107.08,0
2008-02-27,107.07,107.16,106.0,106.42,0
2008-02-28,106.43,106.66,104.61,104.9,0
2008-02-29,104.91,104.94,103.73,103.77,0
2008-03-02,103.65,103.65,102.94,103.34,0
2008-03-03,103.33,103.72,102.65,103.4,0
2008-03-04,103.41,103.59,102.69,103.46,0
2008-03-05,103.47,104.22,103.41,103.93,0
2008-03-06,103.94,103.99,102.48,102.85,0
2008-03-07,102.86,103.26,101.44,102.71,0
2008-03-09,102.54,102.56,102.1,102.26,0
2008-03-10,102.25,102.46,101.44,101.65,0
2008-03-11,101.64,103.61,101.61,102.98,0
2008-03-12,102.97,103.3,100.23,100.59,0
2008-03-13,100.58,101.25,99.81,100.52,0
2008-03-14,100.53,101.18,98.92,99.15,0
2008-03-16,99.13,99.13,95.76,96.77,0
2008-03-17,96.76,97.78,96.28,97.09,0
2008-03-18,97.08,100.48,97.03,99.48,0
2008-03-19,99.47,99.89,97.69,99.23,0
2008-03-20,99.22,100.23,98.49,99.54,0
2008-03-21,99.53,99.77,99.3,99.59,0
2008-03-23,99.42,100.01,99.35,99.91,0
2008-03-24,99.9,101.06,99.65,100.37,0
2008-03-25,100.36,100.7,99.66,99.93,0
2008-03-26,99.92,100.36,98.6,98.86,0
2008-03-27,98.85,100.17,98.8,99.72,0
2008-03-28,99.73,100.41,99.14,99.26,0
2008-03-30,99.17,100.22,98.84,99.92,0
2008-03-31,99.91,100.03,99.24,99.89,0
2008-04-01,99.88,102.19,99.63,101.8,0
2008-04-02,101.79,102.88,101.73,102.54,0
2008-04-03,102.52,102.98,102.11,102.67,0
2008-04-04,102.68,102.71,101.47,101.48,0
2008-04-06,101.54,102.65,101.51,102.47,0
2008-04-07,102.46,102.87,102.08,102.37,0
2008-04-08,102.36,102.87,101.78,102.42,0
2008-04-09,102.41,102.77,100.95,100.99,0
2008-04-10,101.0,102.29,100.03,102.02,0
2008-04-11,102.01,102.26,100.66,101.04,0
2008-04-13,101.45,101.53,100.98,101.15,0
2008-04-14,101.14,101.48,100.34,101.25,0
2008-04-15,101.26,101.97,100.81,101.75,0
2008-04-16,101.74,102.03,100.86,101.82,0
2008-04-17,101.81,102.74,101.73,102.38,0
2008-04-18,102.39,104.68,102.28,103.71,0
2008-04-20,103.93,104.09,103.77,103.85,0
2008-04-21,103.86,104.08,102.82,103.01,0
2008-04-22,103.0,103.58,102.7,103.0,0
2008-04-23,103.01,103.82,102.79,103.71,0
2008-04-24,103.7,104.57,103.35,104.27,0
2008-04-25,104.28,104.85,103.94,104.44,0
2008-04-27,104.48,104.85,104.45,104.66,0
2008-04-28,104.67,104.73,104.07,104.21,0
2008-04-29,104.2,104.39,103.23,104.12,0
2008-04-30,104.11,104.91,103.63,103.78,0
2008-05-01,103.79,104.83,103.56,104.72,0
2008-05-02,104.71,105.74,104.58,105.42,0
2008-05-04,105.24,105.5,105.2,105.23,0
2008-05-05,105.22,105.66,104.62,104.78,0
2008-05-06,104.77,105.14,104.04,104.74,0
2008-05-07,104.75,105.61,104.21,104.37,0
2008-05-08,104.36,104.56,103.44,103.52,0
2008-05-09,103.53,103.65,102.64,102.84,0
2008-05-11,103.07,103.52,102.59,103.44,0
2008-05-12,103.45,104.07,103.26,103.75,0
2008-05-13,103.74,104.95,103.42,104.72,0
2008-05-14,104.73,105.46,104.68,105.04,0
2008-05-15,105.03,105.2,104.45,104.7,0
2008-05-16,104.69,105.12,103.55,104.12,0
2008-05-18,104.06,104.28,103.96,104.22,0
2008-05-19,104.23,104.72,103.66,104.12,0
2008-05-20,104.13,104.26,103.18,103.28,0
2008-05-21,103.29,103.66,102.75,102.98,0
2008-05-22,102.97,104.4,102.97,104.09,0
2008-05-23,104.1,104.2,103.1,103.41,0
2008-05-25,103.3,103.44,103.16,103.32,0
2008-05-26,103.31,103.52,103.29,103.36,0
2008-05-27,103.37,104.37,103.36,104.08,0
2008-05-28,104.07,105.33,103.91,104.9,0
2008-05-29,104.89,105.9,104.87,105.47,0
2008-05-30,105.48,105.76,105.27,105.54,0
2008-06-01,105.54,105.56,105.11,105.46,0
2008-06-02,105.47,105.55,104.03,104.61,0
2008-06-03,104.6,105.6,103.91,105.18,0
2008-06-04,105.19,105.61,104.56,105.55,0
2008-06-05,105.54,106.46,105.49,106.15,0
2008-06-06,106.14,106.36,104.93,104.95,0
2008-06-08,104.7,105.38,104.44,105.29,0
2008-06-09,105.3,106.86,105.1,106.72,0
2008-06-10,106.73,107.49,106.45,107.43,0
2008-06-11,107.44,107.79,106.59,107.28,0
2008-06-12,107.27,108.11,107.24,107.82,0
2008-06-13,107.81,108.42,107.76,108.2,0
2008-06-15,108.07,108.44,108.04,108.3,0
2008-06-16,108.29,108.61,107.78,107.83,0
2008-06-17,107.84,108.42,107.63,107.96,0
2008-06-18,107.95,108.46,107.6,107.67,0
2008-06-19,107.68,108.09,107.45,107.92,0
2008-06-20,107.93,107.98,107.15,107.36,0
2008-06-22,107.17,107.56,107.14,107.34,0
2008-06-23,107.35,108.25,107.32,108.13,0
2008-06-24,108.12,108.22,107.39,107.82,0
2008-06-25,107.83,108.44,107.71,108.0,0
2008-06-26,107.99,108.21,106.65,107.09,0
2008-06-27,107.08,107.23,105.88,106.16,0
2008-06-29,106.22,106.49,106.14,106.25,0
2008-06-30,106.24,106.42,105.02,106.15,0
2008-07-01,106.14,106.22,105.26,106.0,0
2008-07-02,105.99,106.78,105.8,106.09,0
2008-07-03,106.08,106.95,105.95,106.73,0
2008-07-04,106.72,106.91,106.63,106.8,0
2008-07-06,106.78,107.3,106.68,107.14,0
2008-07-07,107.15,107.77,106.74,107.1,0
2008-07-08,107.11,107.57,106.28,107.47,0
2008-07-09,107.46,107.69,106.72,106.88,0
2008-07-10,106.89,107.45,106.8,107.01,0
2008-07-11,107.02,107.33,105.67,106.3,0
2008-07-13,106.03,106.72,106.03,106.53,0
2008-07-14,106.52,106.84,105.78,105.81,0
2008-07-15,105.8,105.96,104.18,104.58,0
2008-07-16,104.57,105.32,103.79,104.89,0
2008-07-17,104.9,107.1,104.87,106.39,0
2008-07-18,106.4,107.01,106.01,107.0,0
2008-07-20,106.92,107.0,106.74,106.8,0
2008-07-21,106.79,107.19,106.34,106.42,0
2008-07-22,106.43,107.46,106.08,107.26,0
2008-07-23,107.27,108.01,107.24,107.77,0
2008-07-24,107.78,108.01,106.89,106.91,0
2008-07-25,106.92,107.98,106.6,107.9,0
2008-07-27,107.82,108.11,107.81,107.82,0
2008-07-28,107.81,107.9,107.32,107.43,0
2008-07-29,107.44,108.32,107.34,107.94,0
2008-07-30,107.95,108.36,107.72,108.01,0
2008-07-31,108.02,108.4,107.6,107.7,0
2008-08-01,107.69,107.81,107.31,107.71,0
2008-08-03,107.73,107.76,107.48,107.7,0
2008-08-04,107.71,108.32,107.64,108.26,0
2008-08-05,108.25,108.51,107.7,108.36,0
2008-08-06,108.37,109.91,108.25,109.47,0
2008-08-07,109.48,109.81,109.16,109.72,0
2008-08-08,109.71,110.39,109.49,110.2,0
2008-08-10,110.32,110.42,109.64,109.96,0
2008-08-11,109.95,110.42,109.57,110.17,0
2008-08-12,110.16,110.38,108.41,108.72,0
2008-08-13,108.73,109.77,108.51,109.46,0
2008-08-14,109.47,110.25,109.35,110.13,0
2008-08-15,110.12,110.68,110.12,110.52,0
2008-08-17,110.56,110.6,109.99,110.14,0
2008-08-18,110.15,110.4,109.7,109.8,0
2008-08-19,109.81,110.36,109.57,109.88,0
2008-08-20,109.89,110.3,109.59,109.61,0
2008-08-21,109.62,109.68,108.16,108.97,0
2008-08-22,108.96,110.16,108.81,110.12,0
2008-08-24,110.1,110.31,109.84,110.16,0
2008-08-25,110.15,110.17,109.02,109.57,0
2008-08-26,109.56,109.96,108.95,109.06,0
2008-08-27,109.07,109.92,108.72,109.22,0
2008-08-28,109.23,109.74,108.81,109.13,0
2008-08-29,109.14,109.24,108.45,108.83,0
2008-08-31,108.44,108.71,108.22,108.46,0
2008-09-01,108.47,108.61,107.64,108.35,0
2008-09-02,108.36,109.2,107.96,108.85,0
2008-09-03,108.84,109.12,107.99,108.09,0
2008-09-04,108.08,108.59,105.71,106.77,0
2008-09-05,106.78,107.76,105.55,107.76,0
2008-09-07,108.74,109.07,108.17,108.83,0
2008-09-08,108.82,109.09,107.36,107.55,0
2008-09-09,107.56,108.2,106.69,107.29,0
2008-09-10,107.28,107.96,106.63,107.41,0
2008-09-11,107.42,107.51,106.09,107.12,0
2008-09-12,107.13,108.01,106.75,107.96,0
2008-09-14,105.61,106.95,105.29,105.48,0
2008-09-15,105.47,106.41,104.04,104.33,0
2008-09-16,104.32,106.74,103.57,105.99,0
2008-09-17,105.98,106.27,104.17,104.46,0
2008-09-18,104.47,107.04,104.05,107.01,0
2008-09-19,107.0,108.04,106.68,107.47,0
2008-09-21,106.83,107.19,106.37,106.52,0
2008-09-22,106.51,106.9,105.17,105.31,0
2008-09-23,105.3,106.09,105.25,105.67,0
2008-09-24,105.68,106.37,105.56,105.83,0
2008-09-25,105.82,107.04,105.51,105.83,0
2008-09-26,105.84,106.22,105.06,106.05,0
2008-09-28,106.11,107.0,106.11,106.46,0
2008-09-29,106.45,106.56,103.54,104.31,0
2008-09-30,104.32,106.55,104.16,105.93,0
2008-10-01,105.92,106.39,105.36,105.86,0
2008-10-02,105.85,105.99,104.89,105.17,0
2008-10-03,105.18,106.17,104.54,105.35,0
2008-10-05,104.95,105.18,103.72,103.76,0
2008-10-06,103.77,103.78,100.25,102.68,0
2008-10-07,102.69,103.32,101.11,101.31,0
2008-10-08,101.33,101.49,98.62,101.17,0
2008-10-09,101.14,101.52,97.93,98.84,0
2008-10-10,98.83,100.74,98.54,100.7,0
2008-10-12,100.81,101.24,99.59,100.12,0
2008-10-13,100.11,103.09,99.81,102.3,0
2008-10-14,102.31,103.01,101.15,101.41,0
2008-10-15,101.4,101.96,99.29,100.2,0
2008-10-16,100.19,101.85,99.8,101.59,0
2008-10-17,101.6,101.81,100.63,101.68,0
2008-10-19,101.64,101.96,101.44,101.77,0
2008-10-20,101.76,102.44,101.38,101.8,0
2008-10-21,101.79,101.81,100.0,100.01,0
2008-10-22,100.02,100.12,96.89,96.91,0
2008-10-23,96.92,98.34,95.35,96.18,0
2008-10-24,96.17,96.21,90.92,94.33,0
2008-10-26,93.64,94.51,91.92,94.03,0
2008-10-27,94.02,94.24,92.07,93.75,0
2008-10-28,93.74,99.73,93.57,96.67,0
2008-10-29,96.68,99.15,96.11,98.53,0
2008-10-30,98.55,99.07,97.43,98.62,0
2008-10-31,98.63,99.14,96.37,98.49,0
2008-11-02,98.74,99.52,98.25,99.2,0
2008-11-03,99.21,99.68,98.33,98.82,0
2008-11-04,98.81,100.58,98.57,99.5,0
2008-11-05,99.51,99.8,97.65,97.8,0
2008-11-06,97.79,98.71,96.79,97.62,0
2008-11-07,97.64,98.71,96.93,98.25,0
2008-11-09,99.34,99.37,98.69,98.95,0
2008-11-10,98.97,99.5,97.53,98.14,0
2008-11-11,98.12,98.12,97.18,97.75,0
2008-11-12,97.73,98.1,94.48,95.62,0
2008-11-13,95.63,98.29,95.16,97.11,0
2008-11-14,97.1,97.77,96.11,97.13,0
2008-11-16,96.0,97.57,95.93,97.36,0
2008-11-17,97.37,97.5,96.24,96.68,0
2008-11-18,96.69,97.44,96.05,96.57,0
2008-11-19,96.58,97.11,95.06,95.21,0
2008-11-20,95.22,96.26,93.58,94.66,0
2008-11-21,94.65,96.0,94.38,95.95,0
2008-11-23,95.88,96.1,94.96,95.43,0
2008-11-24,95.44,97.46,95.12,96.31,0
2008-11-25,96.3,96.71,94.84,95.25,0
2008-11-26,95.24,95.98,94.64,95.1,0
2008-11-27,95.11,95.63,95.02,95.27,0
2008-11-28,95.25,95.75,95.15,95.55,0
2008-11-30,95.54,95.59,95.19,95.36,0
2008-12-01,95.37,95.37,92.9,93.53,0
2008-12-02,93.54,93.71,92.65,93.3,0
2008-12-03,93.29,93.5,92.56,93.12,0
2008-12-04,93.13,93.14,92.09,92.39,0
2008-12-05,92.38,93.41,91.61,92.92,0
2008-12-07,92.89,93.04,92.6,92.79,0
2008-12-08,92.8,93.93,92.6,92.77,0
2008-12-09,92.76,92.89,91.96,92.63,0
2008-12-10,92.62,93.05,92.37,92.49,0
2008-12-11,92.5,92.62,88.64,89.36,0
2008-12-12,89.37,91.6,89.32,91.16,0
2008-12-14,91.39,91.39,90.51,90.95,0
2008-12-15,90.96,91.14,90.27,90.54,0
2008-12-16,90.53,90.56,88.26,88.49,0
2008-12-17,88.5,89.01,87.13,87.75,0
2008-12-18,87.74,90.05,87.66,89.3,0
2008-12-19,89.31,89.85,88.45,89.35,0
2008-12-21,89.18,90.25,89.15,90.03,0
2008-12-22,90.04,90.5,89.57,90.29,0
2008-12-23,90.3,91.01,89.93,90.47,0
2008-12-24,90.48,90.79,90.26,90.43,0
2008-12-26,90.47,90.82,90.39,90.82,0
2008-12-28,90.78,90.79,90.54,90.56,0
2008-12-29,90.55,91.0,89.79,90.25,0
2008-12-30,90.26,90.59,90.04,90.35,0
2008-12-31,90.36,90.96,90.16,90.75,0
2009-01-01,90.76,91.21,90.69,91.12,0
2009-01-02,91.11,92.44,90.82,91.85,0
2009-01-04,92.02,92.23,91.92,92.06,0
2009-01-05,92.07,93.62,91.83,93.11,0
2009-01-06,93.1,94.66,92.96,93.81,0
2009-01-07,93.82,94.09,92.36,92.55,0
2009-01-08,92.56,92.64,90.87,91.3,0
2009-01-09,91.29,91.68,90.18,90.41,0
2009-01-11,90.18,90.29,89.95,90.13,0
2009-01-12,90.12,90.25,88.92,89.31,0
2009-01-13,89.32,89.91,88.81,89.52,0
2009-01-14,89.53,89.99,88.63,88.97,0
2009-01-15,88.96,90.47,88.49,90.43,0
2009-01-16,90.42,90.95,90.1,90.76,0
2009-01-18,91.03,91.32,90.7,90.95,0
2009-01-19,90.94,90.96,90.11,90.14,0
2009-01-20,90.15,91.0,89.71,89.91,0
2009-01-21,89.9,90.19,87.14,89.1,0
2009-01-22,89.11,89.45,88.09,88.64,0
2009-01-23,88.63,89.66,88.01,88.77,0
2009-01-25,88.82,89.36,88.29,89.23,0
2009-01-26,89.21,89.76,88.56,89.39,0
2009-01-27,89.38,90.11,88.46,89.27,0
2009-01-28,89.26,90.79,88.92,89.73,0
2009-01-29,89.74,90.37,89.26,89.38,0
2009-01-30,89.39,90.11,89.18,90.02,0
2009-02-01,90.05,90.07,89.55,89.65,0
2009-02-02,89.64,90.01,88.84,89.65,0
2009-02-03,89.66,89.79,88.62,89.61,0
2009-02-04,89.62,89.81,88.85,89.41,0
2009-02-05,89.42,92.28,89.25,90.88,0
2009-02-06,90.89,92.24,90.76,91.93,0
2009-02-08,91.83,92.45,91.45,91.52,0
2009-02-09,91.51,91.81,90.93,91.41,0
2009-02-10,91.42,91.57,90.16,90.4,0
2009-02-11,90.39,90.78,89.72,90.06,0
2009-02-12,90.05,91.29,89.84,91.01,0
2009-02-13,91.02,92.16,90.86,91.96,0
2009-02-15,91.74,92.0,91.44,91.68,0
2009-02-16,91.69,92.77,91.55,92.47,0
2009-02-17,92.46,92.73,91.58,92.28,0
2009-02-18,92.27,93.98,92.27,93.49,0
2009-02-19,93.5,94.48,93.32,94.14,0
2009-02-20,94.13,94.4,92.53,93.35,0
2009-02-22,93.45,93.67,92.78,92.98,0
2009-02-23,92.99,95.23,92.93,94.99,0
2009-02-24,95.0,97.32,94.99,97.2,0
2009-02-25,97.19,97.99,96.37,97.86,0
2009-02-26,97.87,98.73,97.34,97.62,0
2009-02-27,97.61,98.18,96.87,97.68,0
2009-03-01,97.76,97.92,96.93,97.55,0
2009-03-02,97.54,97.78,97.01,97.56,0
2009-03-03,97.55,98.6,97.42,98.48,0
2009-03-04,98.47,99.5,98.36,99.19,0
2009-03-05,99.2,99.7,97.74,98.28,0
2009-03-06,98.28,98.46,96.6,98.3,0
2009-03-08,98.37,98.55,97.92,98.07,0
2009-03-09,98.06,99.21,98.06,98.99,0
2009-03-10,98.99,99.0,97.92,98.57,0
2009-03-11,98.58,98.74,95.98,96.25,0
2009-03-12,96.25,98.54,95.69,97.67,0
2009-03-13,97.68,98.68,97.42,98.04,0
2009-03-15,98.12,98.52,97.58,98.26,0
2009-03-16,98.25,98.67,98.0,98.34,0
2009-03-17,98.33,98.99,98.26,98.48,0
2009-03-18,98.47,98.8,95.7,96.03,0
2009-03-19,96.02,96.14,93.55,94.59,0
2009-03-20,94.58,96.28,94.17,95.97,0
2009-03-22,95.65,96.58,95.45,96.39,0
2009-03-23,96.39,98.04,95.66,97.78,0
2009-03-24,97.79,98.59,97.53,97.77,0
2009-03-25,97.78,98.11,96.94,97.81,0
2009-03-26,97.8,98.89,97.7,98.37,0
2009-03-27,98.36,98.44,97.13,97.9,0
2009-03-29,98.11,98.34,97.68,97.79,0
2009-03-30,97.8,98.46,95.98,98.34,0
2009-03-31,98.33,99.49,97.89,98.71,0
2009-04-01,98.71,99.18,98.39,98.73,0
2009-04-02,98.74,100.2,98.68,99.69,0
2009-04-03,99.69,100.4,99.36,100.35,0
2009-04-05,100.21,100.94,100.21,100.86,0
2009-04-06,100.87,101.47,100.25,100.46,0
2009-04-07,100.45,100.9,99.89,100.02,0
2009-04-08,100.03,100.39,99.34,99.88,0
2009-04-09,99.89,100.75,99.81,100.27,0
2009-04-10,100.27,100.52,100.23,100.23,0
2009-04-12,100.38,100.53,100.25,100.37,0
2009-04-13,100.35,100.74,99.64,99.85,0
2009-04-14,99.86,99.99,98.4,98.42,0
2009-04-15,98.41,99.68,98.17,99.16,0
2009-04-16,99.17,99.78,98.56,99.39,0
2009-04-17,99.38,99.65,98.73,99.17,0
2009-04-19,99.24,99.43,98.65,98.82,0
2009-04-20,98.83,99.15,97.68,98.26,0
2009-04-21,98.27,98.94,97.81,98.14,0
2009-04-22,98.15,98.5,97.59,97.7,0
2009-04-23,97.71,98.46,97.15,97.38,0
2009-04-24,97.39,97.46,96.66,97.19,0
2009-04-26,96.83,97.13,96.55,96.62,0
2009-04-27,96.61,96.91,96.23,96.34,0
2009-04-28,96.33,97.07,95.64,96.93,0
2009-04-29,96.92,98.0,96.6,97.4,0
2009-04-30,97.4,99.19,97.16,98.91,0
2009-05-01,98.91,99.6,98.75,99.15,0
2009-05-03,99.28,99.59,99.14,99.48,0
2009-05-04,99.47,99.57,98.64,98.68,0
2009-05-05,98.68,99.23,98.08,98.17,0
2009-05-06,98.16,99.1,97.95,98.46,0
2009-05-07,98.45,99.79,98.42,99.09,0
2009-05-08,99.1,99.61,98.34,98.49,0
2009-05-10,98.67,98.85,98.19,98.25,0
2009-05-11,98.26,98.69,97.15,97.32,0
2009-05-12,97.33,97.86,95.8,96.2,0
2009-05-13,96.19,96.72,95.15,95.51,0
2009-05-14,95.5,96.21,95.14,96.03,0
2009-05-15,96.04,96.04,94.75,95.24,0
2009-05-17,94.88,95.19,94.57,94.84,0
2009-05-18,94.83,96.63,94.76,96.46,0
2009-05-19,96.45,96.72,95.5,95.68,0
2009-05-20,95.67,96.12,94.3,94.56,0
2009-05-21,94.57,95.29,93.89,94.2,0
2009-05-22,94.19,94.93,93.87,94.8,0
2009-05-24,94.65,94.81,94.42,94.63,0
2009-05-25,94.64,95.21,94.61,94.61,0
2009-05-26,94.62,95.46,94.51,95.41,0
2009-05-27,95.4,96.27,94.65,96.24,0
2009-05-28,96.24,97.24,96.24,96.32,0
2009-05-29,96.33,96.9,95.02,95.3,0
2009-05-31,95.15,95.48,94.66,95.0,0
2009-06-01,95.01,96.8,94.45,96.35,0
2009-06-02,96.36,96.58,95.33,95.63,0
2009-06-03,95.64,96.41,95.56,96.14,0
2009-06-04,96.15,96.97,96.08,96.74,0
2009-06-05,96.75,98.88,96.56,98.66,0
2009-06-07,98.49,98.86,98.35,98.46,0
2009-06-08,98.45,98.73,97.97,98.02,0
2009-06-09,98.01,98.42,97.09,97.67,0
2009-06-10,97.68,98.44,97.5,97.89,0
2009-06-11,97.9,98.56,97.28,97.75,0
2009-06-12,97.76,98.42,97.76,98.41,0
2009-06-14,98.42,98.55,98.1,98.31,0
2009-06-15,98.3,98.57,96.53,96.64,0
2009-06-16,96.65,97.27,95.96,96.62,0
2009-06-17,96.63,96.78,95.52,95.78,0
2009-06-18,95.79,96.76,95.63,96.57,0
2009-06-19,96.58,97.18,96.0,96.25,0
2009-06-21,96.18,96.3,95.81,95.85,0
2009-06-22,95.84,96.27,95.12,95.26,0
2009-06-23,95.25,95.9,94.88,95.55,0
2009-06-24,95.54,96.26,95.08,96.09,0
2009-06-25,96.08,96.57,95.62,95.93,0
2009-06-26,95.94,96.04,95.04,95.21,0
2009-06-28,95.13,95.59,95.13,95.46,0
2009-06-29,95.45,96.31,95.29,95.9,0
2009-06-30,95.91,96.98,95.31,96.78,0
2009-07-01,96.77,96.96,96.27,96.59,0
2009-07-02,96.6,96.88,95.7,95.94,0
2009-07-03,95.93,96.12,95.82,96.04,0
2009-07-05,96.12,96.14,95.25,95.43,0
2009-07-06,95.42,95.61,94.66,95.37,0
2009-07-07,95.36,95.43,94.31,94.34,0
2009-07-08,94.33,94.45,91.81,93.11,0
2009-07-09,93.1,93.6,92.51,92.93,0
2009-07-10,92.94,93.07,91.78,92.56,0
2009-07-12,92.37,92.95,92.36,92.46,0
2009-07-13,92.45,93.16,91.74,93.07,0
2009-07-14,93.08,93.76,92.71,93.57,0
2009-07-15,93.56,94.46,93.26,94.06,0
2009-07-16,94.07,94.11,93.27,93.61,0
2009-07-17,93.6,94.37,93.56,94.22,0
2009-07-19,94.25,94.68,94.16,94.65,0
2009-07-20,94.66,94.78,93.76,93.9,0
2009-07-21,93.91,94.39,93.29,93.62,0
2009-07-22,93.63,94.32,93.09,94.17,0
2009-07-23,94.18,95.29,94.09,94.62,0
2009-07-24,94.63,95.03,94.62,94.84,0
2009-07-26,94.85,94.9,94.67,94.85,0
2009-07-27,94.86,95.38,94.74,95.04,0
2009-07-28,95.03,95.17,94.04,94.23,0
2009-07-29,94.24,95.36,94.02,94.87,0
2009-07-30,94.86,95.89,94.84,95.35,0
2009-07-31,95.36,95.84,94.5,94.66,0
2009-08-02,94.76,94.85,94.62,94.75,0
2009-08-03,94.74,95.46,94.59,95.36,0
2009-08-04,95.35,95.43,94.36,95.09,0
2009-08-05,95.08,95.39,94.63,95.06,0
2009-08-06,95.07,95.8,95.02,95.32,0
2009-08-07,95.33,97.78,95.05,97.56,0
2009-08-09,97.7,97.75,97.08,97.27,0
2009-08-10,97.26,97.5,96.56,96.67,0
2009-08-11,96.66,96.92,95.47,95.54,0
2009-08-12,95.53,96.75,95.12,95.87,0
2009-08-13,95.86,96.49,95.04,95.17,0
2009-08-14,95.18,95.38,94.42,94.94,0
2009-08-16,94.71,94.87,94.47,94.59,0
2009-08-17,94.6,95.02,94.2,94.82,0
2009-08-18,94.83,95.3,94.51,94.58,0
2009-08-19,94.57,94.71,93.67,94.38,0
2009-08-20,94.37,94.56,93.49,93.62,0
2009-08-21,93.63,94.71,93.43,94.39,0
2009-08-23,94.37,94.9,94.29,94.87,0
2009-08-24,94.86,95.06,93.92,93.99,0
2009-08-25,94.0,94.64,93.79,94.17,0
2009-08-26,94.18,94.58,93.58,93.64,0
2009-08-27,93.63,93.95,93.21,93.7,0
2009-08-28,93.71,94.07,93.42,93.59,0
2009-08-30,93.28,93.57,92.55,92.66,0
2009-08-31,92.67,93.32,92.61,93.13,0
2009-09-01,93.12,93.44,92.51,92.76,0
2009-09-02,92.77,93.06,91.95,92.3,0
2009-09-03,92.29,92.77,92.21,92.6,0
2009-09-04,92.61,93.25,92.29,93.01,0
2009-09-06,92.94,93.2,92.91,93.13,0
2009-09-07,93.14,93.3,92.72,92.81,0
2009-09-08,92.82,92.84,92.03,92.3,0
2009-09-09,92.29,92.59,91.61,91.99,0
2009-09-10,92.0,92.25,91.34,91.35,0
2009-09-11,91.36,91.37,90.21,90.72,0
2009-09-13,90.29,90.65,90.2,90.41,0
2009-09-14,90.42,91.21,90.38,91.05,0
2009-09-15,91.06,91.64,90.79,91.02,0
2009-09-16,91.01,91.37,90.12,91.04,0
2009-09-17,91.05,91.62,90.52,91.22,0
2009-09-18,91.23,91.54,91.03,91.29,0
2009-09-20,91.32,91.57,91.31,91.54,0
2009-09-21,91.53,92.53,91.45,91.76,0
2009-09-22,91.77,91.77,90.49,90.79,0
2009-09-23,90.78,91.63,90.67,90.94,0
2009-09-24,90.95,91.58,90.35,90.77,0
2009-09-25,90.78,90.82,89.5,89.63,0
2009-09-27,89.56,89.65,88.24,89.36,0
2009-09-28,89.37,90.23,89.15,90.03,0
2009-09-29,90.02,90.41,89.63,89.78,0
2009-09-30,89.77,89.99,89.35,89.98,0
2009-10-01,89.99,90.17,89.21,89.32,0
2009-10-02,89.32,89.93,88.6,89.8,0
2009-10-04,89.36,89.95,89.36,89.83,0
2009-10-05,89.82,89.98,88.98,89.08,0
2009-10-06,89.09,89.41,88.63,88.81,0
2009-10-07,88.82,89.39,88.0,88.3,0
2009-10-08,88.31,89.21,88.14,89.17,0
2009-10-09,89.16,89.86,88.64,89.76,0
2009-10-11,89.52,90.11,89.52,90.1,0
2009-10-12,90.09,90.44,89.61,89.93,0
2009-10-13,89.92,90.18,88.98,88.98,0
2009-10-14,88.99,89.9,88.84,89.48,0
2009-10-15,89.47,90.98,89.34,90.73,0
2009-10-16,90.72,91.32,90.59,90.9,0
2009-10-18,91.05,91.13,90.79,90.85,0
2009-10-19,90.84,90.99,90.28,90.39,0
2009-10-20,90.38,91.07,90.09,90.68,0
2009-10-21,90.67,91.27,90.47,91.17,0
2009-10-22,91.16,91.7,91.09,91.56,0
2009-10-23,91.55,92.11,91.47,92.04,0
2009-10-25,92.14,92.18,91.56,91.71,0
2009-10-26,91.72,92.32,91.68,92.09,0
2009-10-27,92.1,92.17,91.18,91.24,0
2009-10-28,91.25,91.36,90.24,90.34,0
2009-10-29,90.35,91.61,90.24,91.28,0
2009-10-30,91.29,91.3,89.92,90.09,0
2009-11-01,89.7,90.23,89.19,90.08,0
2009-11-02,90.07,90.7,89.84,90.19,0
2009-11-03,90.18,90.58,89.87,90.23,0
2009-11-04,90.24,91.32,90.23,90.35,0
2009-11-05,90.34,90.86,89.99,90.69,0
2009-11-06,90.7,90.75,89.61,89.88,0
2009-11-08,90.0,90.22,89.69,90.11,0
2009-11-09,90.12,90.25,89.72,89.97,0
2009-11-10,89.96,90.17,89.32,89.39,0
2009-11-11,89.38,90.03,89.29,89.81,0
2009-11-12,89.8,90.61,89.64,90.22,0
2009-11-13,90.23,90.41,89.46,89.65,0
2009-11-15,89.55,89.71,89.39,89.58,0
2009-11-16,89.57,89.64,88.75,89.09,0
2009-11-17,89.08,89.54,88.73,89.19,0
2009-11-18,89.18,89.48,89.01,89.14,0
2009-11-19,89.15,89.16,88.64,88.91,0
2009-11-20,88.92,89.13,88.68,88.87,0
2009-11-22,88.92,89.03,88.85,88.88,0
2009-11-23,88.87,89.19,88.56,88.87,0
2009-11-24,88.86,88.9,88.2,88.27,0
2009-11-25,88.28,88.4,86.3,86.38,0
2009-11-26,86.37,87.05,84.84,86.37,0
2009-11-27,86.38,87.01,85.72,86.48,0
2009-11-29,86.66,87.03,86.32,86.34,0
2009-11-30,86.33,87.48,85.86,87.38,0
2009-12-01,87.39,87.53,86.51,87.05,0
2009-12-02,87.04,87.92,86.95,87.79,0
2009-12-03,87.78,88.48,87.64,88.16,0
2009-12-04,88.17,90.77,88.05,90.53,0
2009-12-06,90.19,90.37,89.76,89.88,0
2009-12-07,89.89,90.1,88.85,88.88,0
2009-12-08,88.87,89.18,88.18,88.41,0
2009-12-09,88.4,88.42,87.35,87.88,0
2009-12-10,87.89,88.78,87.73,88.76,0
2009-12-11,88.75,89.81,88.6,89.05,0
2009-12-13,88.93,89.32,88.38,88.9,0
2009-12-14,88.89,88.98,88.32,88.91,0
2009-12-15,88.92,89.95,88.82,89.45,0
2009-12-16,89.44,90.26,89.39,90.18,0
2009-12-17,90.17,90.37,88.97,89.35,0
2009-12-18,89.36,90.91,89.35,90.47,0
2009-12-20,90.32,90.67,90.28,90.3,0
2009-12-21,90.31,91.48,90.24,91.38,0
2009-12-22,91.37,91.87,91.13,91.69,0
2009-12-23,91.7,91.87,91.31,91.44,0
2009-12-24,91.43,91.77,91.13,91.53,0
2009-12-27,91.43,91.77,91.41,91.57,0
2009-12-28,91.58,91.78,91.45,91.7,0
2009-12-29,91.71,92.27,91.52,92.16,0
2009-12-30,92.17,92.76,91.98,92.35,0
2009-12-31,92.34,93.14,91.91,93.02,0
2010-01-03,92.97,93.09,92.69,92.74,0
2010-01-04,92.75,93.21,91.63,91.7,0
2010-01-05,91.69,92.16,91.25,92.06,0
2010-01-06,92.05,92.74,91.96,92.28,0
2010-01-07,92.29,93.77,92.11,93.17,0
2010-01-08,93.16,93.47,92.28,92.65,0
2010-01-10,92.6,92.62,92.18,92.34,0
2010-01-11,92.33,92.66,91.81,92.2,0
2010-01-12,92.19,92.29,90.72,91.1,0
2010-01-13,91.09,91.79,90.99,91.76,0
2010-01-14,91.77,92.03,90.84,91.09,0
2010-01-15,91.08,91.21,90.6,90.83,0
2010-01-17,90.78,91.0,90.72,90.9,0
2010-01-18,90.91,91.06,90.38,90.39,0
2010-01-19,90.4,91.36,90.31,91.17,0
2010-01-20,91.16,91.66,90.79,91.58,0
2010-01-21,91.57,91.87,89.78,89.97,0
2010-01-22,89.96,90.55,89.81,89.81,0
2010-01-24,90.23,90.27,89.82,90.09,0
2010-01-25,90.1,90.55,89.85,89.85,0
2010-01-26,89.86,90.33,89.14,89.25,0
2010-01-27,89.26,90.39,89.14,90.35,0
2010-01-28,90.36,90.55,89.58,89.94,0
2010-01-29,89.93,90.92,89.8,90.26,0
2010-01-31,89.89,90.38,89.88,90.21,0
2010-02-01,90.2,90.94,90.11,90.77,0
2010-02-02,90.76,90.85,90.26,90.45,0
2010-02-03,90.44,91.28,90.07,90.9,0
2010-02-04,90.91,91.07,88.55,89.66,0
2010-02-05,89.67,89.89,88.82,89.24,0
2010-02-07,89.43,89.46,89.14,89.34,0
2010-02-08,89.33,89.56,89.14,89.38,0
2010-02-09,89.37,90.01,89.32,89.72,0
2010-02-10,89.71,90.14,89.24,89.9,0
2010-02-11,89.89,90.04,89.57,89.61,0
2010-02-12,89.62,90.42,89.6,89.97,0
2010-02-14,90.11,90.23,89.98,90.15,0
2010-02-15,90.16,90.2,89.91,89.94,0
2010-02-16,89.95,90.51,89.7,90.32,0
2010-02-17,90.31,91.38,90.15,90.95,0
2010-02-18,90.96,92.09,90.56,91.74,0
2010-02-19,91.75,92.15,91.49,91.52,0
2010-02-21,91.52,91.9,91.48,91.64,0
2010-02-22,91.64,91.72,90.94,91.06,0
2010-02-23,91.07,91.13,89.9,90.19,0
2010-02-24,90.18,90.36,89.46,89.68,0
2010-02-25,89.67,89.73,88.8,89.24,0
2010-02-26,89.25,89.4,88.74,88.96,0
2010-02-28,88.86,89.2,88.81,89.1,0
2010-03-01,89.09,89.48,88.98,89.35,0
2010-03-02,89.36,89.37,88.47,88.71,0
2010-03-03,88.72,88.99,88.32,88.45,0
2010-03-04,88.46,89.35,88.14,89.24,0
2010-03-05,89.25,90.59,89.2,90.28,0
2010-03-07,90.4,90.68,90.34,90.42,0
2010-03-08,90.41,90.49,89.88,90.03,0
2010-03-09,90.02,90.11,89.63,90.01,0
2010-03-10,90.0,90.82,89.94,90.36,0
2010-03-11,90.37,90.74,90.31,90.62,0
2010-03-12,90.61,91.08,90.17,90.55,0
2010-03-14,90.84,90.84,90.54,90.65,0
2010-03-15,90.64,90.8,90.03,90.09,0
2010-03-16,90.08,90.73,89.98,90.15,0
2010-03-17,90.16,90.71,90.11,90.2,0
2010-03-18,90.19,90.8,89.76,90.46,0
2010-03-19,90.45,90.72,90.33,90.54,0
2010-03-21,90.49,90.56,90.41,90.47,0
2010-03-22,90.48,90.77,89.83,90.31,0
2010-03-23,90.3,90.57,90.13,90.48,0
2010-03-24,90.47,92.4,90.47,91.79,0
2010-03-25,91.78,92.95,91.78,92.48,0
2010-03-26,92.49,92.89,92.3,92.49,0
2010-03-28,92.44,92.71,92.35,92.68,0
2010-03-29,92.69,92.79,92.12,92.18,0
2010-03-30,92.19,93.5,92.18,93.47,0
2010-03-31,93.48,93.64,92.85,93.4,0
2010-04-01,93.41,94.04,93.32,93.76,0
2010-04-02,93.77,94.69,93.71,94.61,0
2010-04-04,94.68,94.78,94.31,94.38,0
2010-04-05,94.37,94.59,94.03,94.04,0
2010-04-06,94.03,94.27,93.56,94.07,0
2010-04-07,94.08,94.25,93.15,93.22,0
2010-04-08,93.23,93.62,92.83,93.58,0
2010-04-09,93.59,93.78,93.11,93.18,0
2010-04-11,92.91,93.31,92.9,93.11,0
2010-04-12,93.12,93.61,92.57,92.62,0
2010-04-13,92.61,93.41,92.61,93.19,0
2010-04-14,93.2,93.72,92.82,93.41,0
2010-04-15,93.4,93.46,92.59,92.71,0
2010-04-16,92.72,93.11,91.9,92.17,0
2010-04-18,91.86,92.21,91.82,91.99,0
2010-04-19,92.0,92.7,91.59,92.59,0
2010-04-20,92.58,93.39,92.54,93.13,0
2010-04-21,93.14,93.45,92.74,92.89,0
2010-04-22,92.9,93.63,92.8,93.37,0
2010-04-23,93.38,94.33,93.33,93.96,0
2010-04-25,94.0,94.36,93.93,94.19,0
2010-04-26,94.2,94.33,93.74,93.86,0
2010-04-27,93.87,94.03,92.81,93.26,0
2010-04-28,93.25,94.32,93.09,93.86,0
2010-04-29,93.85,94.26,93.85,93.97,0
2010-04-30,93.96,94.58,93.83,93.84,0
2010-05-02,93.9,94.14,93.84,93.91,0
2010-05-03,93.92,94.98,93.9,94.84,0
2010-05-04,94.83,94.96,94.32,94.71,0
2010-05-05,94.7,94.98,93.54,93.92,0
2010-05-06,93.93,93.98,88.26,92.75,0
2010-05-07,92.74,93.11,90.84,91.6,0
2010-05-09,92.44,92.88,91.69,92.6,0
2010-05-10,92.61,93.54,92.57,92.94,0
2010-05-11,92.93,93.14,92.21,92.7,0
2010-05-12,92.71,93.28,92.45,93.21,0
2010-05-13,93.22,93.64,92.51,92.75,0
2010-05-14,92.76,93.09,91.8,92.45,0
2010-05-16,92.25,92.41,91.76,91.78,0
2010-05-17,91.77,92.69,91.76,92.47,0
2010-05-18,92.46,92.97,91.55,91.97,0
2010-05-19,91.98,92.15,90.94,91.72,0
2010-05-20,91.71,91.79,88.96,90.28,0
2010-05-21,90.29,90.46,89.21,89.96,0
2010-05-23,90.3,90.37,89.73,90.15,0
2010-05-24,90.16,90.61,89.88,89.93,0
2010-05-25,89.92,90.48,89.25,90.3,0
2010-05-26,90.29,90.66,89.79,89.98,0
2010-05-27,89.98,91.35,89.97,91.09,0
2010-05-28,91.1,91.4,90.59,91.05,0
2010-05-30,91.0,91.52,90.91,91.37,0
2010-05-31,91.38,91.6,90.87,91.0,0
2010-06-01,91.01,91.77,90.53,91.44,0
2010-06-02,91.43,92.34,91.21,92.17,0
2010-06-03,92.18,92.85,92.14,92.68,0
2010-06-04,92.69,92.87,91.41,91.9,0
2010-06-06,91.74,91.94,90.97,91.16,0
2010-06-07,91.17,92.07,91.11,91.65,0
2010-06-08,91.64,91.91,90.82,91.44,0
2010-06-09,91.45,91.66,91.04,91.17,0
2010-06-10,91.18,91.73,90.84,91.49,0
2010-06-11,91.5,91.77,91.24,91.64,0
2010-06-13,91.82,91.92,91.59,91.87,0
2010-06-14,91.86,92.1,91.4,91.49,0
2010-06-15,91.48,91.65,91.07,91.5,0
2010-06-16,91.51,91.81,91.08,91.23,0
2010-06-17,91.22,91.4,90.5,90.87,0
2010-06-18,90.86,90.88,90.43,90.7,0
2010-06-20,90.28,90.95,90.25,90.75,0
2010-06-21,90.76,91.47,90.62,90.92,0
2010-06-22,90.93,90.96,90.32,90.48,0
2010-06-23,90.49,90.53,89.73,89.85,0
2010-06-24,89.86,89.9,89.22,89.5,0
2010-06-25,89.51,89.77,89.21,89.23,0
2010-06-27,89.27,89.43,89.26,89.4,0
2010-06-28,89.39,89.46,88.88,88.88,0
2010-06-29,88.89,88.95,88.28,88.56,0
2010-06-30,88.55,88.76,88.08,88.17,0
2010-07-01,88.16,88.5,86.96,88.05,0
2010-07-02,88.06,88.1,87.31,87.74,0
2010-07-04,87.71,87.99,87.64,87.88,0
2010-07-05,87.89,87.97,87.4,87.62,0
2010-07-06,87.61,87.97,87.34,87.53,0
2010-07-07,87.54,88.45,87.01,88.34,0
2010-07-08,88.33,88.69,87.99,88.67,0
2010-07-09,88.66,88.69,88.36,88.61,0
2010-07-11,88.72,89.14,88.57,89.08,0
2010-07-12,89.09,89.1,88.38,88.5,0
2010-07-13,88.5,89.1,88.02,88.97,0
2010-07-14,88.98,89.02,88.06,88.21,0
2010-07-15,88.21,88.26,86.98,87.01,0
2010-07-16,87.01,87.35,86.25,86.57,0
2010-07-18,86.51,86.7,86.47,86.65,0
2010-07-19,86.66,87.21,86.54,87.05,0
2010-07-20,87.06,87.56,86.73,87.11,0
2010-07-21,87.11,87.34,86.42,86.49,0
2010-07-22,86.5,87.22,86.33,86.82,0
2010-07-23,86.83,87.49,86.82,87.39,0
2010-07-25,87.48,87.71,87.41,87.65,0
2010-07-26,87.66,87.67,86.81,86.92,0
2010-07-27,86.91,87.96,86.91,87.82,0
2010-07-28,87.82,88.11,87.11,87.2,0
2010-07-29,87.2,87.44,86.25,86.36,0
2010-07-30,86.37,86.71,85.93,86.46,0
2010-08-01,86.34,86.7,86.32,86.51,0
2010-08-02,86.52,86.87,86.27,86.37,0
2010-08-03,86.38,86.52,85.31,85.38,0
2010-08-04,85.39,86.44,85.31,86.04,0
2010-08-05,86.04,86.34,85.7,86.02,0
2010-08-06,86.02,86.17,85.01,85.49,0
2010-08-08,85.4,85.46,85.29,85.41,0
2010-08-09,85.41,86.04,85.4,85.82,0
2010-08-10,85.82,86.22,85.16,85.34,0
2010-08-11,85.34,85.44,84.72,85.11,0
2010-08-12,85.11,86.17,85.05,86.1,0
2010-08-13,86.11,86.36,85.56,86.17,0
2010-08-15,86.16,86.23,85.71,85.8,0
2010-08-16,85.79,85.95,85.1,85.32,0
2010-08-17,85.32,85.67,85.17,85.38,0
2010-08-18,85.39,85.8,85.18,85.65,0
2010-08-19,85.64,85.91,84.88,85.44,0
2010-08-20,85.43,85.81,85.23,85.56,0
2010-08-22,85.57,85.7,85.29,85.34,0
2010-08-23,85.34,85.41,84.95,85.02,0
2010-08-24,85.02,85.03,83.58,84.38,0
2010-08-25,84.38,84.87,84.04,84.76,0
2010-08-26,84.75,84.81,84.26,84.55,0
2010-08-27,84.54,85.44,84.37,85.22,0
2010-08-29,85.31,85.89,85.31,85.38,0
2010-08-30,85.37,85.46,84.29,84.36,0
2010-08-31,84.37,84.6,83.82,84.47,0
2010-09-01,84.48,84.65,83.66,84.13,0
2010-09-02,84.14,84.45,83.99,84.27,0
2010-09-03,84.27,85.22,84.16,84.29,0
2010-09-05,84.14,84.48,84.13,84.33,0
2010-09-06,84.34,84.37,84.03,84.16,0
2010-09-07,84.16,84.17,83.33,83.36,0
2010-09-08,83.37,84.03,83.36,83.71,0
2010-09-09,83.72,84.28,83.48,84.09,0
2010-09-10,84.1,84.37,83.74,84.14,0
2010-09-12,84.22,84.35,84.06,84.13,0
2010-09-13,84.14,84.17,83.24,83.4,0
2010-09-14,83.4,84.95,82.86,84.81,0
2010-09-15,84.8,85.76,84.72,85.26,0
2010-09-16,85.25,85.92,85.24,85.74,0
2010-09-17,85.75,85.92,85.63,85.85,0
2010-09-19,85.74,85.77,85.63,85.67,0
2010-09-20,85.68,85.79,85.48,85.58,0
2010-09-21,85.58,85.65,84.76,84.87,0
2010-09-22,84.87,84.94,84.26,84.57,0
2010-09-23,84.58,84.66,84.25,84.53,0
2010-09-24,84.54,85.38,84.1,84.2,0
2010-09-26,84.23,84.38,84.18,84.23,0
2010-09-27,84.22,84.33,84.1,84.22,0
2010-09-28,84.23,84.26,83.68,83.76,0
2010-09-29,83.77,83.92,83.49,83.56,0
2010-09-30,83.57,83.63,83.15,83.37,0
2010-10-01,83.38,83.51,83.15,83.21,0
2010-10-03,83.24,83.86,83.21,83.54,0
2010-10-04,83.55,83.65,83.17,83.45,0
2010-10-05,83.46,83.97,82.95,83.17,0
2010-10-06,83.18,83.18,82.75,82.89,0
2010-10-07,82.9,82.91,82.1,82.28,0
2010-10-08,82.29,82.55,81.71,81.91,0
2010-10-10,81.94,82.13,81.37,82.02,0
2010-10-11,82.01,82.35,81.84,81.86,0
2010-10-12,81.87,82.11,81.65,81.82,0
2010-10-13,81.83,81.95,81.16,81.25,0
2010-10-14,81.24,81.67,80.88,81.38,0
2010-10-15,81.39,81.48,80.86,81.44,0
2010-10-17,81.37,81.48,81.23,81.3,0
2010-10-18,81.31,81.38,81.12,81.37,0
2010-10-19,81.38,81.91,81.3,81.37,0
2010-10-20,81.38,81.82,80.83,81.11,0
2010-10-21,81.12,81.36,80.91,81.17,0
2010-10-22,81.16,81.49,80.98,81.36,0
2010-10-24,81.27,81.44,81.02,81.05,0
2010-10-25,81.06,81.06,80.4,80.81,0
2010-10-26,80.8,81.73,80.6,81.71,0
2010-10-27,81.72,81.97,81.43,81.53,0
2010-10-28,81.54,81.68,80.53,80.55,0
2010-10-29,80.54,80.85,80.37,80.38,0
2010-10-31,80.29,81.42,80.23,80.64,0
2010-11-01,80.63,80.79,80.32,80.52,0
2010-11-02,80.53,80.95,80.49,80.65,0
2010-11-03,80.66,81.57,80.59,80.82,0
2010-11-04,80.81,81.16,80.57,80.82,0
2010-11-05,80.82,81.46,80.6,81.26,0
2010-11-07,81.23,81.43,81.13,81.18,0
2010-11-08,81.19,81.34,80.72,80.94,0
2010-11-09,80.93,81.95,80.52,81.76,0
2010-11-10,81.75,82.78,81.62,82.22,0
2010-11-11,82.21,82.59,82.06,82.41,0
2010-11-12,82.42,82.65,81.64,82.51,0
2010-11-14,82.46,82.76,82.38,82.69,0
2010-11-15,82.7,83.25,82.62,83.07,0
2010-11-16,83.06,83.58,82.84,83.41,0
2010-11-17,83.4,83.54,83.02,83.28,0
2010-11-18,83.27,83.77,83.09,83.46,0
2010-11-19,83.47,83.56,83.13,83.54,0
2010-11-21,83.51,83.54,83.32,83.38,0
2010-11-22,83.39,83.54,83.22,83.36,0
2010-11-23,83.35,83.83,82.78,83.23,0
2010-11-24,83.24,83.65,82.93,83.51,0
2010-11-25,83.5,83.87,83.42,83.74,0
2010-11-26,83.73,84.18,83.64,84.1,0
2010-11-28,84.05,84.19,83.89,84.07,0
2010-11-29,84.06,84.39,83.81,84.07,0
2010-11-30,84.08,84.11,83.41,83.52,0
2010-12-01,83.53,84.38,83.37,84.08,0
2010-12-02,84.07,84.35,83.47,83.65,0
2010-12-03,83.66,83.83,82.51,82.52,0
2010-12-05,82.65,82.98,82.65,82.94,0
2010-12-06,82.96,82.97,82.33,82.44,0
2010-12-07,82.45,83.93,82.42,83.86,0
2010-12-08,83.85,84.29,83.65,83.73,0
2010-12-09,83.72,84.08,83.5,83.67,0
2010-12-10,83.68,84.01,83.44,83.94,0
2010-12-12,83.98,84.15,83.89,84.11,0
2010-12-13,84.1,84.34,83.1,83.46,0
2010-12-14,83.47,83.94,82.83,83.81,0
2010-12-15,83.8,84.5,83.64,84.25,0
2010-12-16,84.26,84.44,83.78,83.88,0
2010-12-17,83.89,84.2,83.68,83.98,0
2010-12-19,83.94,84.11,83.81,83.86,0
2010-12-20,83.87,83.91,83.55,83.61,0
2010-12-21,83.6,83.89,83.49,83.75,0
2010-12-22,83.76,83.77,83.05,83.17,0
2010-12-23,83.16,83.39,82.85,82.98,0
2010-12-24,82.99,83.0,82.85,82.85,0
2010-12-26,82.77,82.96,82.77,82.88,0
2010-12-27,82.89,82.94,82.47,82.5,0
2010-12-28,82.49,82.53,81.8,82.27,0
2010-12-29,82.28,82.29,81.28,81.43,0
2010-12-30,81.44,81.84,81.38,81.48,0
2010-12-31,81.49,81.5,80.93,81.18,0
2011-01-02,81.22,81.36,80.92,81.24,0
2011-01-03,81.25,82.14,81.21,82.12,0
2011-01-04,82.11,82.27,81.67,81.93,0
2011-01-05,81.94,83.38,81.87,83.23,0
2011-01-06,83.24,83.47,82.87,83.46,0
2011-01-07,83.45,83.67,82.84,83.16,0
2011-01-09,83.22,83.25,82.93,83.09,0
2011-01-10,83.1,83.27,82.66,83.01,0
2011-01-11,83.02,83.48,82.89,83.12,0
2011-01-12,83.13,83.45,82.8,83.0,0
2011-01-13,83.01,83.12,82.54,82.55,0
2011-01-14,82.54,83.05,82.4,82.86,0
2011-01-16,82.79,83.0,82.79,82.89,0
2011-01-17,82.88,82.98,82.34,82.5,0
2011-01-18,82.51,82.82,82.11,82.2,0
2011-01-19,82.21,82.29,81.84,82.11,0
2011-01-20,82.12,83.11,82.04,82.94,0
2011-01-21,82.93,82.95,82.52,82.56,0
2011-01-23,82.54,82.8,82.53,82.76,0
2011-01-24,82.75,82.91,82.29,82.41,0
2011-01-25,82.42,82.65,81.97,82.03,0
2011-01-26,82.02,82.6,81.97,82.14,0
2011-01-27,82.15,83.2,82.12,82.69,0
2011-01-28,82.68,82.7,81.98,82.12,0
2011-01-30,82.0,82.22,81.98,82.03,0
2011-01-31,82.04,82.25,81.88,81.89,0
2011-02-01,81.88,81.91,81.3,81.46,0
2011-02-02,81.47,81.85,81.35,81.63,0
2011-02-03,81.62,82.05,81.39,81.58,0
2011-02-04,81.57,82.46,81.11,82.17,0
2011-02-06,82.17,82.27,82.15,82.22,0
2011-02-07,82.21,82.46,82.18,82.28,0
2011-02-08,82.27,82.48,81.76,82.48,0
2011-02-09,82.47,82.66,82.19,82.52,0
2011-02-10,82.53,83.46,82.5,83.45,0
2011-02-11,83.46,83.66,83.29,83.43,0
2011-02-13,83.48,83.52,83.14,83.22,0
2011-02-14,83.21,83.48,83.08,83.4,0
2011-02-15,83.39,83.9,83.35,83.72,0
2011-02-16,83.71,83.96,83.48,83.56,0
2011-02-17,83.55,83.74,83.15,83.28,0
2011-02-18,83.27,83.52,83.02,83.17,0
2011-02-20,83.08,83.16,83.01,83.1,0
2011-02-21,83.11,83.53,82.82,83.34,0
2011-02-22,83.33,83.35,82.52,82.57,0
2011-02-23,82.58,82.85,82.11,82.12,0
2011-02-24,82.13,82.16,81.61,81.94,0
2011-02-25,81.93,82.03,81.63,81.67,0
2011-02-27,81.68,81.75,81.61,81.66,0
2011-02-28,81.67,82.17,81.61,82.15,0
2011-03-01,82.14,82.23,81.78,81.92,0
2011-03-02,81.91,82.11,81.56,81.83,0
2011-03-03,81.84,82.51,81.71,82.33,0
2011-03-04,82.32,83.05,82.21,82.3,0
2011-03-06,82.32,82.38,82.13,82.23,0
2011-03-07,82.24,82.37,81.94,82.23,0
2011-03-08,82.22,82.88,82.2,82.84,0
2011-03-09,82.85,82.92,82.57,82.83,0
2011-03-10,82.82,83.16,82.71,82.79,0
2011-03-11,82.8,83.29,81.64,81.87,0
2011-03-13,81.65,82.45,80.6,82.1,0
2011-03-14,82.11,82.21,81.21,81.44,0
2011-03-15,81.45,81.87,80.6,80.83,0
2011-03-16,80.82,80.97,76.49,78.99,0
2011-03-17,78.98,81.84,78.25,81.81,0
2011-03-18,81.8,81.98,80.5,80.59,0
2011-03-20,80.88,81.02,80.72,80.94,0
2011-03-21,80.93,81.31,80.85,80.97,0
2011-03-22,80.96,81.13,80.83,80.87,0
2011-03-23,80.88,81.05,80.69,80.97,0
2011-03-24,80.96,81.03,80.75,80.99,0
2011-03-25,80.98,81.48,80.86,81.35,0
2011-03-27,81.4,81.76,81.3,81.76,0
2011-03-28,81.75,81.84,81.53,81.71,0
2011-03-29,81.7,82.98,81.55,82.97,0
2011-03-30,82.98,83.2,82.64,82.66,0
2011-03-31,82.67,83.73,82.55,83.71,0
2011-04-01,83.72,84.72,83.41,84.05,0
2011-04-03,84.18,84.37,84.04,84.23,0
2011-04-04,84.24,84.47,83.85,84.4,0
2011-04-05,84.39,85.51,84.15,85.4,0
2011-04-06,85.39,85.49,84.83,85.26,0
2011-04-07,85.27,85.4,84.58,85.12,0
2011-04-08,85.11,85.38,84.67,84.76,0
2011-04-10,84.86,85.15,84.62,84.71,0
2011-04-11,84.7,84.87,83.45,83.83,0
2011-04-12,83.84,84.41,83.49,83.94,0
2011-04-13,83.95,84.25,83.27,83.57,0
2011-04-14,83.58,83.77,82.94,83.37,0
2011-04-15,83.38,83.49,82.95,83.13,0
2011-04-17,83.22,83.25,82.85,82.95,0
2011-04-18,82.96,82.98,82.17,82.41,0
2011-04-19,82.4,83.09,82.35,82.95,0
2011-04-20,82.96,83.07,82.15,82.27,0
2011-04-21,82.26,82.28,81.61,81.85,0
2011-04-22,81.84,82.1,81.82,81.88,0
2011-04-24,81.82,82.42,81.79,82.2,0
2011-04-25,82.21,82.25,81.56,81.61,0
2011-04-26,81.6,81.93,81.25,81.52,0
2011-04-27,81.53,82.78,81.51,81.77,0
2011-04-28,81.76,81.85,81.39,81.54,0
2011-04-29,81.53,81.61,81.03,81.18,0
2011-05-01,81.11,81.68,80.99,81.45,0
2011-05-02,81.44,81.58,80.99,81.03,0
2011-05-03,81.04,81.1,80.69,80.95,0
2011-05-04,80.96,81.18,80.42,80.47,0
2011-05-05,80.48,80.6,79.56,80.36,0
2011-05-06,80.37,80.93,80.2,80.62,0
2011-05-08,80.62,80.83,80.51,80.57,0
2011-05-09,80.58,80.82,80.15,80.39,0
2011-05-10,80.4,81.08,80.34,80.86,0
2011-05-11,80.85,81.33,80.61,81.14,0
2011-05-12,81.15,81.2,80.7,80.87,0
2011-05-13,80.88,80.93,80.33,80.8,0
2011-05-15,80.87,81.06,80.62,80.95,0
2011-05-16,80.96,81.22,80.69,81.13,0
2011-05-17,81.14,81.76,80.97,81.12,0
2011-05-18,81.11,81.8,80.93,81.56,0
2011-05-19,81.55,82.22,81.46,81.67,0
2011-05-20,81.66,81.85,81.47,81.69,0
2011-05-22,81.79,82.01,81.57,81.95,0
2011-05-23,81.96,82.08,81.31,81.78,0
2011-05-24,81.77,82.2,81.6,81.91,0
2011-05-25,81.92,82.16,81.78,81.87,0
2011-05-26,81.88,82.01,80.88,81.04,0
2011-05-27,81.03,81.28,80.7,80.78,0
2011-05-29,80.73,80.94,80.71,80.81,0
2011-05-30,80.82,81.36,80.7,81.16,0
2011-05-31,81.15,81.76,81.12,81.21,0
2011-06-01,81.22,81.49,80.66,80.97,0
2011-06-02,80.98,81.05,80.56,80.72,0
2011-06-03,80.71,80.76,80.04,80.26,0
2011-06-05,80.23,80.38,80.16,80.27,0
2011-06-06,80.26,80.36,79.97,80.18,0
2011-06-07,80.19,80.32,79.74,79.94,0
2011-06-08,79.95,80.29,79.69,80.03,0
2011-06-09,80.04,80.46,79.92,80.12,0
2011-06-10,80.13,80.38,79.96,80.32,0
2011-06-12,80.31,80.68,80.25,80.49,0
2011-06-13,80.5,80.55,80.08,80.23,0
2011-06-14,80.22,80.63,80.12,80.4,0
2011-06-15,80.39,81.05,80.39,80.91,0
2011-06-16,80.92,81.02,80.47,80.61,0
2011-06-17,80.62,80.64,80.0,80.03,0
2011-06-19,80.13,80.22,80.05,80.19,0
2011-06-20,80.18,80.35,80.01,80.14,0
2011-06-21,80.15,80.32,80.04,80.24,0
2011-06-22,80.25,80.63,80.0,80.44,0
2011-06-23,80.45,80.79,80.33,80.46,0
2011-06-24,80.45,80.59,80.12,80.41,0
2011-06-26,80.31,80.87,80.31,80.69,0
2011-06-27,80.7,80.97,80.62,80.82,0
2011-06-28,80.81,81.26,80.65,81.02,0
2011-06-29,81.03,81.17,80.38,80.45,0
2011-06-30,80.44,80.87,80.25,80.72,0
2011-07-01,80.73,81.13,80.54,80.82,0
2011-07-03,80.81,80.9,80.69,80.76,0
2011-07-04,80.77,81.09,80.53,80.98,0
2011-07-05,80.99,81.18,80.8,80.86,0
2011-07-06,80.85,81.09,80.76,80.93,0
2011-07-07,80.94,81.4,80.88,81.25,0
2011-07-08,81.26,81.47,80.49,80.58,0
2011-07-10,80.55,80.77,80.5,80.75,0
2011-07-11,80.74,80.82,80.07,80.08,0
2011-07-12,80.09,80.17,78.49,79.4,0
2011-07-13,79.39,79.56,78.46,78.63,0
2011-07-14,78.62,79.6,78.6,79.15,0
2011-07-15,79.14,79.27,78.99,79.12,0
2011-07-17,79.1,79.17,78.95,79.0,0
2011-07-18,79.01,79.14,78.94,79.07,0
2011-07-19,79.06,79.31,78.81,79.14,0
2011-07-20,79.15,79.17,78.61,78.68,0
2011-07-21,78.69,79.02,78.21,78.57,0
2011-07-22,78.58,78.7,78.27,78.53,0
2011-07-24,78.32,78.55,78.13,78.38,0
2011-07-25,78.37,78.63,77.89,78.09,0
2011-07-26,78.1,78.21,77.77,77.82,0
2011-07-27,77.81,78.16,77.56,77.84,0
2011-07-28,77.83,77.89,77.47,77.49,0
2011-07-29,77.5,77.66,76.72,76.78,0
2011-07-31,77.15,78.04,77.13,77.43,0
2011-08-01,77.44,77.81,76.29,77.43,0
2011-08-02,77.42,77.47,76.95,77.28,0
2011-08-03,77.27,79.13,76.77,78.98,0
2011-08-04,78.97,80.23,78.55,78.59,0
2011-08-05,78.58,79.4,78.31,78.39,0
2011-08-07,78.0,78.46,77.92,78.15,0
2011-08-08,78.14,78.15,77.04,77.17,0
2011-08-09,77.18,77.5,76.69,76.84,0
2011-08-10,76.83,77.22,76.34,76.6,0
2011-08-11,76.59,77.01,76.3,76.83,0
2011-08-12,76.82,76.88,76.5,76.7,0
2011-08-14,76.84,77.09,76.78,76.82,0
2011-08-15,76.81,76.96,76.58,76.86,0
2011-08-16,76.85,76.92,76.64,76.7,0
2011-08-17,76.71,76.72,76.4,76.63,0
2011-08-18,76.62,76.96,76.44,76.51,0
2011-08-19,76.5,76.63,75.94,76.53,0
2011-08-21,76.75,77.2,76.55,76.75,0
2011-08-22,76.74,76.93,76.66,76.79,0
2011-08-23,76.78,76.86,76.46,76.63,0
2011-08-24,76.64,77.14,76.46,76.97,0
2011-08-25,76.96,77.69,76.93,77.31,0
2011-08-26,77.3,77.32,76.49,76.66,0
2011-08-28,76.74,76.8,76.61,76.73,0
2011-08-29,76.72,77.01,76.57,76.87,0
2011-08-30,76.88,76.9,76.53,76.58,0
2011-08-31,76.59,77.23,76.42,76.91,0
2011-09-01,76.92,77.17,76.72,76.87,0
2011-09-02,76.86,76.89,76.55,76.79,0
2011-09-04,76.9,76.95,76.71,76.75,0
2011-09-05,76.74,76.97,76.68,76.79,0
2011-09-06,76.8,77.72,76.71,77.15,0
2011-09-07,77.16,77.44,77.07,77.37,0
2011-09-08,77.38,77.59,77.13,77.46,0
2011-09-09,77.47,77.85,77.08,77.6,0
2011-09-11,77.46,77.58,77.42,77.48,0
2011-09-12,77.47,77.48,76.74,77.0,0
2011-09-13,76.99,77.11,76.79,76.9,0
2011-09-14,76.91,76.96,76.59,76.68,0
2011-09-15,76.69,77.28,76.55,76.8,0
2011-09-16,76.81,76.96,76.66,76.78,0
2011-09-18,76.93,76.97,76.85,76.9,0
2011-09-19,76.91,76.94,76.32,76.52,0
2011-09-20,76.53,76.71,76.11,76.33,0
2011-09-21,76.34,76.96,76.23,76.76,0
2011-09-22,76.75,76.78,76.1,76.29,0
2011-09-23,76.3,76.88,76.14,76.6,0
2011-09-25,76.46,76.75,76.37,76.42,0
2011-09-26,76.41,76.54,76.21,76.3,0
2011-09-27,76.31,76.92,76.3,76.58,0
2011-09-28,76.59,76.63,76.33,76.51,0
2011-09-29,76.5,77.02,76.42,76.59,0
2011-09-30,76.58,77.19,76.49,77.04,0
2011-10-02,77.09,77.25,76.95,76.96,0
2011-10-03,76.97,77.09,76.5,76.67,0
2011-10-04,76.66,76.97,76.53,76.64,0
2011-10-05,76.63,77.06,76.62,76.73,0
2011-10-06,76.74,76.83,76.55,76.63,0
2011-10-07,76.62,76.9,76.58,76.73,0
2011-10-09,76.78,76.84,76.7,76.72,0
2011-10-10,76.71,76.76,76.56,76.65,0
2011-10-11,76.66,76.75,76.59,76.68,0
2011-10-12,76.69,77.48,76.3,77.03,0
2011-10-13,77.04,77.2,76.67,76.91,0
2011-10-14,76.92,77.44,76.86,77.21,0
2011-10-16,77.08,77.29,77.06,77.17,0
2011-10-17,77.18,77.44,76.59,76.81,0
2011-10-18,76.82,76.9,76.62,76.69,0
2011-10-19,76.68,76.85,76.67,76.75,0
2011-10-20,76.74,77.08,76.67,76.77,0
2011-10-21,76.78,76.79,75.81,76.28,0
2011-10-23,76.2,76.47,76.15,76.25,0
2011-10-24,76.24,76.33,75.98,76.07,0
2011-10-25,76.08,76.29,75.73,76.03,0
2011-10-26,76.02,76.31,75.71,76.04,0
2011-10-27,76.05,76.26,75.65,75.85,0
2011-10-28,75.86,75.93,75.67,75.81,0
2011-10-30,75.63,79.5,75.56,79.19,0
2011-10-31,79.18,79.52,77.75,78.13,0
2011-11-01,78.14,78.45,78.0,78.13,0
2011-11-02,78.12,78.15,77.93,78.03,0
2011-11-03,78.02,78.09,77.88,77.99,0
2011-11-04,77.98,78.26,77.98,78.22,0
2011-11-06,78.18,78.18,78.05,78.12,0
2011-11-07,78.11,78.17,77.97,78.04,0
2011-11-08,78.05,78.05,77.53,77.56,0
2011-11-09,77.55,77.88,77.54,77.71,0
2011-11-10,77.7,77.73,77.48,77.56,0
2011-11-11,77.57,77.57,77.04,77.19,0
2011-11-13,77.24,77.26,77.08,77.13,0
2011-11-14,77.12,77.48,76.8,77.11,0
2011-11-15,77.1,77.14,76.9,77.03,0
2011-11-16,77.02,77.08,76.85,76.99,0
2011-11-17,77.0,77.03,76.85,76.87,0
2011-11-18,76.88,77.0,76.57,76.89,0
2011-11-20,76.87,76.91,76.75,76.79,0
2011-11-21,76.78,77.32,76.76,77.05,0
2011-11-22,77.04,77.13,76.83,77.02,0
2011-11-23,77.01,77.57,76.94,77.06,0
2011-11-24,77.05,77.53,77.02,77.4,0
2011-11-25,77.39,77.78,77.32,77.72,0
2011-11-27,77.56,77.72,77.45,77.63,0
2011-11-28,77.64,78.28,77.6,78.07,0
2011-11-29,78.06,78.1,77.61,77.88,0
2011-11-30,77.89,78.15,77.28,77.66,0
2011-12-01,77.67,77.87,77.55,77.79,0
2011-12-02,77.8,78.07,77.75,77.98,0
2011-12-04,78.035,78.101,77.873,77.968,0
2011-12-05,77.965,78.055,77.673,77.77,0
2011-12-06,77.771,77.832,77.615,77.73,0
2011-12-07,77.731,77.779,77.583,77.641,0
2011-12-08,77.64,77.786,77.123,77.574,0
2011-12-09,77.573,77.773,77.487,77.632,0
2011-12-11,77.673,77.673,77.532,77.654,0
2011-12-12,77.653,77.99,77.576,77.846,0
2011-12-13,77.843,78.037,77.633,77.949,0
2011-12-14,77.948,78.146,77.915,78.061,0
2011-12-15,78.062,78.097,77.728,77.875,0
2011-12-16,77.876,77.954,77.608,77.756,0
2011-12-18,77.782,78.156,77.721,77.952,0
2011-12-19,77.953,78.048,77.821,77.979,0
2011-12-20,77.98,78.006,77.707,77.793,0
2011-12-21,77.791,78.122,77.679,78.04,0
2011-12-22,78.041,78.215,77.993,78.092,0
2011-12-23,78.093,78.15,77.997,78.078,0
2011-12-26,77.973,78.02,77.872,77.913,0
2011-12-27,77.912,77.932,77.753,77.773,0
2011-12-28,77.774,78.029,77.556,77.752,0
2011-12-29,77.751,77.868,77.507,77.511,0
2011-12-30,77.51,77.638,76.87,76.901,0
2012-01-02,76.948,77.002,76.816,76.821,0
2012-01-03,76.822,76.876,76.609,76.664,0
2012-01-04,76.663,76.824,76.601,76.721,0
2012-01-05,76.723,77.235,76.708,77.191,0
2012-01-06,77.19,77.329,76.952,76.958,0
2012-01-08,76.897,77.001,76.784,76.921,0
2012-01-09,76.92,76.936,76.763,76.79,0
2012-01-10,76.787,76.933,76.767,76.904,0
2012-01-11,76.905,77.032,76.818,76.848,0
2012-01-12,76.847,76.972,76.66,76.751,0
2012-01-13,76.75,76.996,76.654,76.954,0
2012-01-15,77.056,77.056,76.806,76.822,0
2012-01-16,76.819,76.87,76.677,76.718,0
2012-01-17,76.717,76.837,76.546,76.651,0
2012-01-18,76.65,76.864,76.646,76.747,0
2012-01-19,76.746,77.309,76.691,77.1,0
2012-01-20,77.098,77.297,76.906,77.003,0
2012-01-22,76.951,77.071,76.928,77.039,0
2012-01-23,77.04,77.073,76.857,77.012,0
2012-01-24,77.013,77.971,76.986,77.864,0
2012-01-25,77.863,78.274,77.554,77.668,0
2012-01-26,77.663,77.706,76.888,76.969,0
2012-01-27,76.967,77.165,76.643,76.684,0
2012-01-29,76.679,76.769,76.645,76.659,0
2012-01-30,76.66,76.745,76.167,76.172,0
2012-01-31,76.173,76.41,76.136,76.187,0
2012-02-01,76.186,76.344,76.017,76.152,0
2012-02-02,76.151,76.252,76.037,76.183,0
2012-02-03,76.182,76.729,76.158,76.597,0
2012-02-05,76.591,76.791,76.486,76.751,0
2012-02-06,76.753,76.794,76.506,76.711,0
2012-02-07,76.712,77.095,76.614,77.03,0
2012-02-08,77.031,77.222,76.7,77.164,0
2012-02-09,77.163,77.743,77.101,77.634,0
2012-02-10,77.633,77.798,77.541,77.6,0
2012-02-12,77.555,77.773,77.555,77.578,0
2012-02-13,77.579,77.95,77.355,77.876,0
2012-02-14,77.875,78.654,77.836,78.498,0
2012-02-15,78.499,78.598,78.173,78.424,0
2012-02-16,78.428,79.169,78.408,79.056,0
2012-02-17,79.055,79.605,78.973,79.541,0
2012-02-19,79.598,79.88,79.426,79.521,0
2012-02-20,79.514,79.799,79.354,79.661,0
2012-02-21,79.66,80.056,79.616,80.034,0
2012-02-22,80.033,80.395,79.938,80.147,0
2012-02-23,80.148,80.367,79.846,80.316,0
2012-02-24,80.317,81.206,80.284,81.18,0
2012-02-26,81.242,81.664,80.98,81.116,0
2012-02-27,81.117,81.176,80.007,80.291,0
2012-02-28,80.29,80.777,80.284,80.357,0
2012-02-29,80.356,81.385,80.244,81.021,0
2012-03-01,81.022,81.511,80.83,81.455,0
2012-03-02,81.456,81.863,81.407,81.794,0
2012-03-04,81.761,81.858,81.507,81.564,0
2012-03-05,81.563,81.577,81.146,81.379,0
2012-03-06,81.38,81.484,80.578,80.743,0
2012-03-07,80.744,81.353,80.588,81.233,0
2012-03-08,81.23,81.884,81.221,81.778,0
2012-03-09,81.779,82.637,81.458,82.45,0
2012-03-11,82.497,82.529,82.104,82.269,0
2012-03-12,82.27,82.422,82.113,82.26,0
2012-03-13,82.263,83.204,81.958,83.114,0
2012-03-14,83.116,84.17,83.07,84.13,0
2012-03-15,84.129,84.13,83.187,83.277,0
2012-03-16,83.278,83.933,83.176,83.426,0
2012-03-18,83.386,83.56,83.346,83.467,0
2012-03-19,83.468,83.545,83.012,83.415,0
2012-03-20,83.418,83.825,83.309,83.677,0
2012-03-21,83.676,84.086,83.127,83.192,0
2012-03-22,83.193,83.405,82.317,82.763,0
2012-03-23,82.764,82.893,81.966,82.346,0
2012-03-25,82.4,82.767,82.366,82.646,0
2012-03-26,82.647,83.028,82.551,82.871,0
2012-03-27,82.872,83.377,82.633,82.864,0
2012-03-28,82.861,83.171,82.537,82.637,0
2012-03-29,82.638,82.727,81.823,82.035,0
2012-03-30,82.028,82.876,81.853,82.845,0
2012-04-01,83.019,83.295,82.75,83.12,0
2012-04-02,83.121,83.139,81.547,81.944,0
2012-04-03,81.942,82.986,81.878,82.737,0
2012-04-04,82.736,82.76,82.087,82.213,0
2012-04-05,82.215,82.427,81.819,82.258,0
2012-04-06,82.259,82.547,81.312,81.633,0
2012-04-08,81.502,81.575,81.191,81.426,0
2012-04-09,81.425,81.856,81.22,81.577,0
2012-04-10,81.576,81.634,80.613,80.759,0
2012-04-11,80.758,81.114,80.564,80.869,0
2012-04-12,80.868,81.186,80.728,81.036,0
2012-04-13,81.04,81.124,80.818,80.92,0
2012-04-15,80.841,80.991,80.84,80.853,0
2012-04-16,80.854,80.866,80.29,80.448,0
2012-04-17,80.447,81.425,80.362,81.369,0
2012-04-18,81.37,81.555,81.163,81.428,0
2012-04-19,81.429,81.726,81.323,81.558,0
2012-04-20,81.557,81.771,81.472,81.515,0
2012-04-22,81.505,81.655,81.248,81.271,0
2012-04-23,81.276,81.402,80.848,80.858,0
2012-04-24,80.857,81.552,80.849,81.445,0
2012-04-25,81.447,81.685,81.064,81.161,0
2012-04-26,81.16,81.434,80.487,81.365,0
2012-04-27,81.366,81.421,80.22,80.262,0
2012-04-29,80.263,80.38,80.092,80.172,0
2012-04-30,80.171,80.205,79.728,79.854,0
2012-05-01,79.853,80.294,79.634,80.168,0
2012-05-02,80.167,80.604,80.045,80.175,0
2012-05-03,80.176,80.545,80.128,80.148,0
2012-05-04,80.146,80.384,79.793,79.839,0
2012-05-06,79.84,79.974,79.635,79.787,0
2012-05-07,79.786,80.07,79.717,79.978,0
2012-05-08,79.98,80.013,79.703,79.781,0
2012-05-09,79.782,79.825,79.422,79.599,0
2012-05-10,79.604,80.011,79.598,79.883,0
2012-05-11,79.884,79.984,79.719,79.933,0
2012-05-13,79.978,80.116,79.883,80.018,0
2012-05-14,80.019,80.176,79.674,79.834,0
2012-05-15,79.833,80.438,79.833,80.398,0
2012-05-16,80.399,80.544,80.188,80.246,0
2012-05-17,80.248,80.367,79.126,79.408,0
2012-05-18,79.407,79.456,78.991,79.007,0
2012-05-20,79.116,79.244,79.098,79.186,0
2012-05-21,79.185,79.44,79.172,79.352,0
2012-05-22,79.351,80.14,79.339,79.542,0
2012-05-23,79.543,79.639,79.205,79.499,0
2012-05-24,79.498,79.774,79.335,79.76,0
2012-05-25,79.761,79.813,79.491,79.674,0
2012-05-27,79.704,79.72,79.365,79.384,0
2012-05-28,79.385,79.631,79.327,79.468,0
2012-05-29,79.467,79.595,79.365,79.417,0
2012-05-30,79.416,79.478,78.705,78.74,0
2012-05-31,78.741,78.891,78.204,78.439,0
2012-06-01,78.437,78.712,77.654,78.004,0
2012-06-03,78.076,78.437,78.031,78.166,0
2012-06-04,78.164,78.402,77.978,78.32,0
2012-06-05,78.321,78.959,78.097,78.862,0
2012-06-06,78.863,79.385,78.783,79.334,0
2012-06-07,79.333,79.784,79.231,79.405,0
2012-06-08,79.404,79.62,79.103,79.467,0
2012-06-10,79.612,79.715,79.385,79.597,0
2012-06-11,79.598,79.669,79.158,79.514,0
2012-06-12,79.513,79.683,79.356,79.621,0
2012-06-13,79.62,79.736,79.29,79.408,0
2012-06-14,79.407,79.501,78.97,79.043,0
2012-06-15,79.042,79.049,78.602,78.699,0
2012-06-17,78.799,79.291,78.798,79.092,0
2012-06-18,79.09,79.297,78.851,78.98,0
2012-06-19,78.979,79.117,78.785,78.834,0
2012-06-20,78.833,79.692,78.817,79.581,0
2012-06-21,79.584,80.335,79.551,80.308,0
2012-06-22,80.312,80.559,80.217,80.415,0
2012-06-24,80.422,80.613,80.225,80.321,0
2012-06-25,80.319,80.325,79.431,79.518,0
2012-06-26,79.519,79.762,79.224,79.419,0
2012-06-27,79.42,79.858,79.326,79.38,0
2012-06-28,79.381,79.467,79.126,79.324,0
2012-06-29,79.326,79.982,79.262,79.785,0
2012-07-01,79.851,79.971,79.723,79.773,0
2012-07-02,79.771,79.827,79.304,79.745,0
2012-07-03,79.744,79.922,79.584,79.786,0
2012-07-04,79.784,80.084,79.687,79.822,0
2012-07-05,79.821,80.088,79.552,79.942,0
2012-07-06,79.941,79.954,79.487,79.649,0
2012-07-08,79.61,79.721,79.417,79.636,0
2012-07-09,79.635,79.764,79.463,79.485,0
2012-07-10,79.483,79.516,79.204,79.315,0
2012-07-11,79.313,79.941,79.126,79.738,0
2012-07-12,79.737,79.761,79.169,79.314,0
2012-07-13,79.312,79.321,79.064,79.166,0
2012-07-15,79.264,79.28,79.054,79.08,0
2012-07-16,79.079,79.121,78.679,78.895,0
2012-07-17,78.893,79.163,78.877,79.033,0
2012-07-18,79.034,79.104,78.464,78.566,0
2012-07-19,78.568,78.794,78.428,78.596,0
2012-07-20,78.598,78.626,78.444,78.482,0
2012-07-22,78.447,78.526,78.137,78.157,0
2012-07-23,78.158,78.453,77.936,78.253,0
2012-07-24,78.252,78.329,78.062,78.187,0
2012-07-25,78.186,78.269,78.041,78.101,0
2012-07-26,78.102,78.345,78.007,78.222,0
2012-07-27,78.221,78.67,78.067,78.461,0
2012-07-29,78.437,78.533,78.348,78.39,0
2012-07-30,78.388,78.412,78.096,78.167,0
2012-07-31,78.165,78.296,77.904,78.007,0
2012-08-01,78.009,78.531,77.987,78.439,0
2012-08-02,78.436,78.476,78.062,78.19,0
2012-08-03,78.191,78.765,78.163,78.442,0
2012-08-05,78.594,78.634,78.332,78.443,0
2012-08-06,78.444,78.46,78.135,78.263,0
2012-08-07,78.262,78.728,78.229,78.504,0
2012-08-08,78.503,78.584,78.227,78.37,0
2012-08-09,78.366,78.783,78.284,78.593,0
2012-08-10,78.592,78.612,78.154,78.27,0
2012-08-12,78.21,78.348,78.191,78.295,0
2012-08-13,78.296,78.455,78.156,78.407,0
2012-08-14,78.408,78.926,78.405,78.756,0
2012-08-15,78.758,79.263,78.581,79.232,0
2012-08-16,79.23,79.397,79.085,79.349,0
2012-08-17,79.35,79.567,79.297,79.554,0
2012-08-19,79.552,79.65,79.425,79.535,0
2012-08-20,79.537,79.558,79.312,79.348,0
2012-08-21,79.349,79.518,79.157,79.298,0
2012-08-22,79.297,79.366,78.278,78.518,0
2012-08-23,78.516,78.687,78.353,78.598,0
2012-08-24,78.602,78.715,78.448,78.667,0
2012-08-26,78.696,78.834,78.624,78.735,0
2012-08-27,78.736,78.775,78.502,78.517,0
2012-08-28,78.516,78.694,78.449,78.597,0
2012-08-29,78.595,78.78,78.474,78.613,0
2012-08-30,78.611,78.655,78.423,78.452,0
2012-08-31,78.454,78.603,78.181,78.378,0
2012-09-02,78.339,78.346,78.186,78.264,0
2012-09-03,78.265,78.423,78.237,78.333,0
2012-09-04,78.334,78.528,78.278,78.435,0
2012-09-05,78.433,78.462,78.293,78.384,0
2012-09-06,78.383,79.023,78.376,78.922,0
2012-09-07,78.923,79.012,78.009,78.211,0
2012-09-09,78.244,78.28,78.176,78.217,0
2012-09-10,78.216,78.32,78.172,78.197,0
2012-09-11,78.196,78.227,77.693,77.842,0
2012-09-12,77.841,77.958,77.7,77.756,0
2012-09-13,77.754,77.757,77.122,77.622,0
2012-09-14,77.62,78.387,77.545,78.379,0
2012-09-16,78.336,78.461,78.157,78.214,0
2012-09-17,78.213,78.92,78.213,78.574,0
2012-09-18,78.572,79.01,78.527,78.915,0
2012-09-19,78.916,79.21,78.249,78.287,0
2012-09-20,78.283,78.362,78.013,78.233,0
2012-09-21,78.234,78.276,78.103,78.155,0
2012-09-23,78.155,78.192,78.002,78.111,0
2012-09-24,78.109,78.116,77.797,77.85,0
2012-09-25,77.849,77.92,77.653,77.731,0
2012-09-26,77.73,77.9,77.582,77.651,0
2012-09-27,77.654,77.747,77.497,77.541,0
2012-09-28,77.54,78.099,77.428,77.943,0
2012-09-30,77.968,78.022,77.864,77.871,0
2012-10-01,77.87,78.147,77.78,78.115,0
2012-10-02,78.114,78.294,77.967,78.171,0
2012-10-03,78.17,78.708,78.164,78.639,0
2012-10-04,78.64,78.67,78.268,78.313,0
2012-10-05,78.31,78.862,78.302,78.659,0
2012-10-07,78.651,78.751,78.521,78.526,0
2012-10-08,78.525,78.59,78.071,78.383,0
2012-10-09,78.382,78.424,78.143,78.263,0
2012-10-10,78.265,78.363,77.998,78.02,0
2012-10-11,78.021,78.578,77.937,78.393,0
2012-10-12,78.395,78.482,78.278,78.439,0
2012-10-14,78.438,78.497,78.32,78.45,0
2012-10-15,78.451,78.852,78.45,78.807,0
2012-10-16,78.804,78.958,78.605,78.7,0
2012-10-17,78.701,79.202,78.608,79.135,0
2012-10-18,79.137,79.455,78.985,79.319,0
2012-10-19,79.32,79.423,79.13,79.3,0
2012-10-21,79.273,79.35,79.207,79.338,0
2012-10-22,79.337,79.998,79.334,79.835,0
2012-10-23,79.834,79.947,79.705,79.844,0
2012-10-24,79.843,79.978,79.683,79.95,0
2012-10-25,79.951,80.37,79.946,80.041,0
2012-10-26,80.04,80.1,79.485,79.638,0
2012-10-28,79.605,79.741,79.593,79.738,0
2012-10-29,79.739,79.926,79.519,79.819,0
2012-10-30,79.809,80.121,79.27,79.583,0
2012-10-31,79.581,80.078,79.555,80.068,0
2012-11-01,80.069,80.283,79.916,80.243,0
2012-11-02,80.244,80.666,80.186,80.416,0
2012-11-04,80.426,80.553,80.399,80.423,0
2012-11-05,80.425,80.431,80.015,80.026,0
2012-11-06,80.028,80.435,79.803,80.09,0
2012-11-07,80.091,80.396,79.751,79.851,0
2012-11-08,79.85,79.965,79.313,79.533,0
2012-11-09,79.535,79.555,79.068,79.476,0
2012-11-11,79.481,79.554,79.395,79.464,0
2012-11-12,79.463,79.632,79.216,79.28,0
2012-11-13,79.283,79.583,79.202,79.511,0
2012-11-14,79.51,80.793,79.468,80.785,0
2012-11-15,80.784,81.453,80.733,81.092,0
2012-11-16,81.093,81.431,80.887,81.308,0
2012-11-18,81.381,81.58,81.116,81.149,0
2012-11-19,81.152,81.429,81.079,81.246,0
2012-11-20,81.244,81.964,81.129,81.786,0
2012-11-21,81.788,82.579,81.783,82.377,0
2012-11-22,82.378,82.827,82.172,82.265,0
2012-11-23,82.264,82.477,82.055,82.385,0
2012-11-25,82.341,82.613,82.186,82.324,0
2012-11-26,82.321,82.37,81.85,82.136,0
2012-11-27,82.138,82.307,81.779,81.862,0
2012-11-28,81.864,82.207,81.679,82.104,0
2012-11-29,82.109,82.538,81.904,82.415,0
2012-11-30,82.416,82.738,82.336,82.471,0
2012-12-02,82.379,82.495,82.317,82.393,0
2012-12-03,82.389,82.419,81.986,82.093,0
2012-12-04,82.091,82.331,81.71,82.2,0
2012-12-05,82.195,82.608,82.043,82.488,0
2012-12-06,82.489,82.554,82.192,82.465,0
2012-12-07,82.469,82.82,82.167,82.477,0
2012-12-09,82.513,82.633,82.412,82.42,0
2012-12-10,82.419,82.441,82.107,82.343,0
2012-12-11,82.341,82.68,82.296,82.607,0
2012-12-12,82.609,83.627,82.601,83.551,0
2012-12-13,83.55,83.917,83.238,83.853,0
2012-12-14,83.854,83.953,83.31,83.51,0
2012-12-16,84.302,84.304,83.847,84.119,0
2012-12-17,84.12,84.153,83.605,84.014,0
2012-12-18,84.013,84.423,83.815,84.253,0
2012-12-19,84.255,84.607,83.935,84.174,0
2012-12-20,84.173,84.444,83.85,83.938,0
2012-12-21,83.937,84.274,83.876,84.219,0
2012-12-23,84.364,84.489,84.315,84.355,0
2012-12-24,84.354,84.865,84.325,84.842,0
2012-12-26,85.305,85.863,85.245,85.841,0
2012-12-27,85.84,86.627,85.583,86.426,0
2012-12-28,86.425,86.474,85.87,85.951,0
2012-12-30,85.794,86.164,85.657,86.137,0
2012-12-31,86.136,86.78,85.976,86.741,0
2013-01-01,86.68,87.29,86.532,87.125,0
2013-01-02,87.127,87.346,86.95,87.231,0
2013-01-03,87.23,87.825,86.759,87.726,0
2013-01-04,87.727,88.399,87.593,88.143,0
2013-01-06,88.111,88.366,87.949,88.015,0
2013-01-07,88.016,88.023,87.227,87.456,0
2013-01-08,87.455,87.576,86.821,87.453,0
2013-01-09,87.454,88.207,87.377,88.113,0
2013-01-10,88.115,89.339,87.975,89.019,0
2013-01-11,89.02,89.438,88.734,89.165,0
2013-01-13,89.292,89.665,89.234,89.561,0
2013-01-14,89.56,89.634,88.612,89.023,0
2013-01-15,89.025,89.079,87.938,88.115,0
2013-01-16,88.117,88.782,87.785,88.323,0
2013-01-17,88.324,90.198,88.236,89.965,0
2013-01-18,89.967,90.145,89.679,90.083,0
2013-01-20,90.081,90.241,89.417,89.534,0
2013-01-21,89.536,90.116,88.885,89.117,0
2013-01-22,89.118,89.354,88.356,88.494,0
2013-01-23,88.493,89.303,88.052,89.075,0
2013-01-24,89.076,90.679,89.037,90.429,0
2013-01-25,90.43,91.186,90.423,90.888,0
2013-01-27,91.045,91.245,90.825,91.035,0
2013-01-28,91.036,91.082,90.395,90.778,0
2013-01-29,90.772,91.023,90.32,90.937,0
2013-01-30,90.935,91.396,90.736,90.813,0
2013-01-31,90.816,92.256,90.772,92.124,0
2013-02-01,92.127,92.954,91.777,92.82,0
2013-02-03,92.769,92.894,92.485,92.617,0
2013-02-04,92.62,93.172,91.974,92.36,0
2013-02-05,92.359,93.886,92.116,93.821,0
2013-02-06,93.82,94.05,93.265,93.442,0
2013-02-07,93.441,93.907,93.074,93.478,0
2013-02-08,93.481,93.503,92.164,92.658,0
2013-02-10,92.731,92.738,92.359,92.549,0
2013-02-11,92.547,94.453,92.516,94.174,0
2013-02-12,94.175,94.399,92.815,92.89,0
2013-02-13,92.889,93.771,92.889,93.501,0
2013-02-14,93.497,93.702,92.243,92.256,0
2013-02-15,92.257,93.832,92.217,93.532,0
2013-02-17,93.686,94.207,93.684,94.049,0
2013-02-18,94.051,94.115,93.557,93.625,0
2013-02-19,93.623,93.813,93.285,93.461,0
2013-02-20,93.46,94.029,93.128,93.461,0
2013-02-21,93.46,93.517,92.765,93.362,0
2013-02-22,93.356,93.504,93.144,93.403,0
2013-02-24,94.528,94.542,93.963,94.092,0
2013-02-25,94.091,94.297,90.879,92.059,0
2013-02-26,92.055,92.398,91.118,91.912,0
2013-02-27,91.91,92.662,91.128,92.251,0
2013-02-28,92.248,92.841,92.001,92.648,0
2013-03-01,92.646,93.676,92.433,93.579,0
2013-03-03,93.634,93.715,93.276,93.341,0
2013-03-04,93.34,93.683,93.054,93.121,0
2013-03-05,93.119,93.512,92.907,93.172,0
2013-03-06,93.171,94.109,93.145,93.869,0
2013-03-07,93.87,95.429,93.861,95.375,0
2013-03-08,95.374,96.556,95.236,95.985,0
2013-03-10,95.978,96.248,95.939,96.129,0
2013-03-11,96.127,96.701,95.985,96.527,0
2013-03-12,96.528,96.568,95.631,95.687,0
2013-03-13,95.686,96.255,95.438,95.907,0
2013-03-14,95.905,96.584,95.673,96.132,0
2013-03-15,96.13,96.267,95.069,95.265,0
2013-03-17,94.349,94.98,94.077,94.684,0
2013-03-18,94.686,95.738,94.302,95.55,0
2013-03-19,95.549,95.624,94.715,95.063,0
2013-03-20,95.064,96.125,94.992,95.947,0
2013-03-21,95.948,95.956,94.544,94.939,0
2013-03-22,94.938,95.02,94.187,94.46,0
2013-03-24,94.401,94.952,94.359,94.805,0
2013-03-25,94.804,94.917,93.524,94.309,0
2013-03-26,94.307,94.832,93.996,94.832,0
2013-03-27,94.831,94.901,94.003,94.153,0
2013-03-28,94.154,94.377,93.868,94.117,0
2013-03-29,94.116,94.247,93.93,94.2,0
2013-03-31,94.27,94.366,93.824,94.018,0
2013-04-01,94.02,94.046,92.559,92.725,0
2013-04-02,92.724,93.68,92.673,93.511,0
2013-04-03,93.51,93.653,92.706,92.86,0
2013-04-04,92.858,97.184,92.83,96.897,0
2013-04-05,96.903,97.823,95.747,97.555,0
2013-04-07,98.201,98.839,98.067,98.503,0
2013-04-08,98.501,99.654,98.394,99.312,0
2013-04-09,99.311,99.34,98.583,98.962,0
2013-04-10,98.96,99.866,98.943,99.582,0
2013-04-11,99.58,99.938,99.104,99.438,0
2013-04-12,99.432,99.528,98.081,98.365,0
2013-04-14,98.205,98.704,97.544,97.663,0
2013-04-15,97.66,98.27,95.795,97.42,0
2013-04-16,97.418,98.316,97.275,98.135,0
2013-04-17,98.136,98.424,97.203,98.258,0
2013-04-18,98.257,98.671,97.806,98.417,0
2013-04-19,98.418,99.675,98.377,99.509,0
2013-04-21,99.81,99.878,99.7,99.811,0
2013-04-22,99.81,99.84,98.577,98.686,0
2013-04-23,98.688,99.752,98.473,99.415,0
2013-04-24,99.416,99.714,99.226,99.386,0
2013-04-25,99.383,99.49,98.587,99.121,0
2013-04-26,99.12,99.124,97.548,98.035,0
2013-04-28,97.937,97.999,97.343,97.487,0
2013-04-29,97.489,98.192,97.481,97.932,0
2013-04-30,97.93,97.982,96.998,97.238,0
2013-05-01,97.24,97.668,97.013,97.31,0
2013-05-02,97.312,98.385,97.111,97.973,0
2013-05-03,97.976,99.26,97.944,98.985,0
2013-05-05,99.175,99.199,99.05,99.077,0
2013-05-06,99.078,99.446,98.82,99.034,0
2013-05-07,99.035,99.344,98.632,99.044,0
2013-05-08,99.049,99.052,98.574,98.759,0
2013-05-09,98.762,101.188,98.639,100.995,0
2013-05-10,100.996,101.974,100.877,101.604,0
2013-05-12,101.879,102.145,101.741,101.867,0
2013-05-13,101.866,102.036,101.356,101.595,0
2013-05-14,101.597,102.425,101.251,102.139,0
2013-05-15,102.141,102.755,101.843,102.203,0
2013-05-16,102.205,102.675,101.823,102.304,0
2013-05-17,102.306,103.299,102.245,103.203,0
2013-05-19,102.752,102.935,102.025,102.678,0
2013-05-20,102.677,102.758,102.068,102.515,0
2013-05-21,102.516,102.877,102.247,102.467,0
2013-05-22,102.466,103.727,102.463,102.763,0
2013-05-23,102.764,102.877,100.822,101.739,0
2013-05-24,101.74,102.121,100.655,101.31,0
2013-05-26,101.043,101.29,100.785,101.015,0
2013-05-27,101.019,101.998,100.737,101.768,0
2013-05-28,101.763,102.516,101.763,102.201,0
2013-05-29,102.2,102.474,100.584,100.916,0
2013-05-30,100.92,101.793,100.459,100.909,0
2013-05-31,100.91,101.162,100.213,100.49,0
2013-06-02,100.44,100.714,100.377,100.613,0
2013-06-03,100.614,100.633,98.861,99.695,0
2013-06-04,99.694,100.454,99.651,100.001,0
2013-06-05,100.0,100.064,98.853,99.155,0
2013-06-06,99.156,99.459,95.892,96.346,0
2013-06-07,96.352,97.777,94.986,97.555,0
2013-06-09,97.843,98.417,97.701,98.131,0
2013-06-10,98.13,99.275,97.785,98.316,0
2013-06-11,98.317,98.457,95.583,96.318,0
2013-06-12,96.315,97.01,94.44,94.794,0
2013-06-13,94.788,95.802,93.778,94.918,0
2013-06-14,94.913,95.366,93.976,94.08,0
2013-06-16,94.17,94.817,94.108,94.807,0
2013-06-17,94.804,95.208,94.277,94.854,0
2013-06-18,94.853,95.758,94.73,95.267,0
2013-06-19,95.266,97.171,94.825,97.142,0
2013-06-20,97.145,98.276,96.823,97.291,0
2013-06-21,97.283,98.126,97.172,97.887,0
2013-06-23,97.914,98.691,97.886,98.484,0
2013-06-24,98.489,98.585,97.21,97.31,0
2013-06-25,97.306,98.227,96.952,97.819,0
2013-06-26,97.823,97.908,97.23,97.744,0
2013-06-27,97.749,98.971,97.674,98.826,0
2013-06-28,98.827,99.441,98.641,99.135,0
2013-06-30,99.229,99.532,99.169,99.297,0
2013-07-01,99.298,99.858,99.286,99.568,0
2013-07-02,99.569,100.848,99.564,100.702,0
2013-07-03,100.704,100.814,99.25,99.814,0
2013-07-04,99.812,100.45,99.484,100.258,0
2013-07-05,100.261,101.22,99.88,101.182,0
2013-07-07,101.256,101.524,101.08,101.233,0
2013-07-08,101.24,101.376,100.762,101.051,0
2013-07-09,101.049,101.29,100.82,100.988,0
2013-07-10,100.987,101.015,98.241,98.695,0
2013-07-11,98.697,99.49,98.262,99.022,0
2013-07-12,99.024,99.687,98.799,99.205,0
2013-07-14,99.359,99.382,99.068,99.241,0
2013-07-15,99.24,100.475,99.225,99.732,0
2013-07-16,99.733,99.936,98.884,99.338,0
2013-07-17,99.336,100.051,99.032,100.032,0
2013-07-18,100.033,100.857,99.8,100.023,0
2013-07-19,100.022,100.649,99.899,100.64,0
2013-07-21,100.435,100.616,99.602,99.97,0
2013-07-22,99.971,100.146,99.136,99.545,0
2013-07-23,99.546,100.173,99.335,99.743,0
2013-07-24,99.742,100.446,99.617,100.149,0
2013-07-25,100.15,100.155,98.675,98.814,0
2013-07-26,98.816,98.93,97.952,98.28,0
2013-07-28,98.064,98.337,97.626,97.857,0
2013-07-29,97.86,98.437,97.666,98.301,0
2013-07-30,98.303,98.454,97.75,98.08,0
2013-07-31,98.079,98.541,97.575,98.325,0
2013-08-01,98.326,99.688,98.227,99.314,0
2013-08-02,99.313,99.944,98.653,98.945,0
2013-08-04,98.926,99.143,98.698,98.77,0
2013-08-05,98.769,98.845,97.83,98.123,0
2013-08-06,98.125,98.576,97.082,97.23,0
2013-08-07,97.229,97.347,96.314,96.727,0
2013-08-08,96.726,96.961,95.799,96.423,0
2013-08-09,96.425,96.798,96.119,96.219,0
2013-08-11,96.314,96.628,95.915,96.546,0
2013-08-12,96.542,97.43,96.357,97.303,0
2013-08-13,97.3,98.334,97.225,97.944,0
2013-08-14,97.943,98.418,97.575,97.764,0
2013-08-15,97.766,98.642,97.042,97.575,0
2013-08-16,97.571,97.767,97.186,97.515,0
2013-08-18,97.62,97.845,97.35,97.587,0
2013-08-19,97.588,98.116,97.465,97.522,0
2013-08-20,97.525,97.597,96.903,97.238,0
2013-08-21,97.24,98.326,97.216,98.118,0
2013-08-22,98.12,99.095,98.108,98.966,0
2013-08-23,98.968,99.141,98.381,98.71,0
2013-08-25,98.57,98.834,98.556,98.668,0
2013-08-26,98.67,98.742,98.034,98.36,0
2013-08-27,98.366,98.38,96.81,97.048,0
2013-08-28,97.049,97.898,96.982,97.564,0
2013-08-29,97.563,98.513,97.56,98.202,0
2013-08-30,98.203,98.379,97.877,98.164,0
2013-09-01,98.424,98.665,98.268,98.622,0
2013-09-02,98.62,99.692,98.52,99.492,0
2013-09-03,99.491,99.853,99.161,99.618,0
2013-09-04,99.619,99.816,99.314,99.666,0
2013-09-05,99.667,100.217,99.56,99.795,0
2013-09-06,99.794,99.941,98.534,99.108,0
2013-09-08,99.71,100.096,99.48,99.654,0
2013-09-09,99.653,99.76,99.327,99.561,0
2013-09-10,99.56,100.576,99.532,100.554,0
2013-09-11,100.553,100.6,99.385,99.6,0
2013-09-12,99.602,99.828,99.005,99.612,0
2013-09-13,99.613,99.97,99.186,99.365,0
2013-09-15,98.692,99.095,98.449,98.844,0
2013-09-16,98.843,99.35,98.637,99.244,0
2013-09-17,99.243,99.373,99.046,99.25,0
2013-09-18,99.251,99.251,97.752,98.394,0
2013-09-19,98.395,99.612,98.212,99.236,0
2013-09-20,99.238,99.659,99.165,99.318,0
2013-09-22,99.255,99.352,99.076,99.108,0
2013-09-23,99.11,99.153,98.64,98.766,0
2013-09-24,98.77,99.166,98.469,98.716,0
2013-09-25,98.713,99.102,98.26,98.89,0
2013-09-26,98.886,99.124,98.498,98.774,0
2013-09-27,98.775,98.776,98.087,98.265,0
2013-09-29,97.655,97.982,97.652,97.94,0
2013-09-30,97.941,98.72,97.49,98.235,0
2013-10-01,98.234,98.555,97.649,97.727,0
2013-10-02,97.726,97.816,97.135,97.64,0
2013-10-03,97.645,97.863,96.921,97.269,0
2013-10-04,97.27,97.477,96.945,97.46,0
2013-10-06,97.217,97.334,97.013,97.15,0
2013-10-07,97.151,97.211,96.559,96.92,0
2013-10-08,96.919,97.386,96.817,97.333,0
2013-10-09,97.337,97.754,97.109,97.693,0
2013-10-10,97.692,98.542,97.61,98.456,0
2013-10-11,98.454,98.587,98.184,98.575,0
2013-10-13,98.247,98.342,98.123,98.295,0
2013-10-14,98.297,98.695,98.088,98.448,0
2013-10-15,98.443,98.694,97.986,98.519,0
2013-10-16,98.523,98.996,98.24,98.618,0
2013-10-17,98.62,98.646,97.731,98.025,0
2013-10-18,98.026,98.088,97.55,97.719,0
2013-10-20,97.869,98.091,97.774,97.94,0
2013-10-21,97.941,98.357,97.939,98.343,0
2013-10-22,98.342,98.474,97.529,97.541,0
2013-10-23,97.542,97.545,97.15,97.297,0
2013-10-24,97.296,97.608,97.182,97.224,0
2013-10-25,97.225,97.482,96.933,97.412,0
2013-10-27,97.734,97.741,97.436,97.606,0
2013-10-28,97.607,97.779,97.451,97.493,0
2013-10-29,97.492,98.27,97.464,98.163,0
2013-10-30,98.166,98.669,98.046,98.481,0
2013-10-31,98.48,98.499,97.863,97.913,0
2013-11-01,97.91,98.841,97.798,98.681,0
2013-11-03,98.807,98.835,98.658,98.734,0
2013-11-04,98.733,98.747,98.231,98.426,0
2013-11-05,98.427,98.745,98.16,98.65,0
2013-11-06,98.652,98.739,98.466,98.62,0
2013-11-07,98.621,99.371,97.616,98.135,0
2013-11-08,98.137,99.216,97.968,99.055,0
2013-11-10,99.22,99.225,98.934,98.986,0
2013-11-11,98.985,99.584,98.917,99.53,0
2013-11-12,99.532,99.79,99.42,99.466,0
2013-11-13,99.47,99.716,99.096,99.647,0
2013-11-14,99.645,100.296,99.552,100.198,0
2013-11-15,100.2,100.424,99.93,100.174,0
2013-11-17,100.263,100.382,100.048,100.082,0
2013-11-18,100.081,100.192,99.563,99.764,0
2013-11-19,99.759,100.247,99.65,100.027,0
2013-11-20,100.028,100.51,99.78,100.408,0
2013-11-21,100.406,101.345,100.395,101.11,0
2013-11-22,101.109,101.344,100.947,101.253,0
2013-11-24,101.296,101.838,101.13,101.811,0
2013-11-25,101.81,101.909,101.325,101.426,0
2013-11-26,101.427,101.642,101.14,101.568,0
2013-11-27,101.566,102.271,101.426,102.013,0
2013-11-28,102.015,102.602,102.009,102.27,0
2013-11-29,102.275,102.482,102.108,102.422,0
2013-12-01,102.495,102.585,102.217,102.374,0
2013-12-02,102.375,103.37,102.345,103.285,0
2013-12-03,103.284,103.342,101.969,102.526,0
2013-12-04,102.528,102.827,101.811,102.192,0
2013-12-05,102.195,102.319,101.617,101.929,0
2013-12-06,101.93,102.954,101.927,102.895,0
2013-12-08,103.015,103.215,102.881,102.995,0
2013-12-09,102.996,103.384,102.938,103.242,0
2013-12-10,103.243,103.38,102.564,102.737,0
2013-12-11,102.738,102.8,102.15,102.554,0
2013-12-12,102.556,103.856,102.526,103.81,0
2013-12-13,103.812,103.913,102.982,103.233,0
2013-12-15,103.272,103.282,102.635,102.835,0
2013-12-16,102.834,103.15,102.684,102.975,0
2013-12-17,102.976,103.025,102.494,102.931,0
2013-12-18,102.93,104.357,102.726,103.993,0
2013-12-19,103.992,104.462,103.839,104.452,0
2013-12-20,104.451,104.626,103.85,104.08,0
2013-12-22,103.995,104.066,103.977,104.017,0
2013-12-23,104.019,104.402,103.766,104.35,0
2013-12-24,104.351,104.367,104.134,104.255,0
2013-12-26,104.776,105.02,104.678,104.745,0
2013-12-27,104.748,105.176,104.64,105.16,0
2013-12-29,105.195,105.405,105.158,105.288,0
2013-12-30,105.29,105.392,104.855,104.98,0
2013-12-31,104.981,105.318,104.888,105.283,0
2014-01-01,105.243,105.397,105.229,105.284,0
2014-01-02,105.283,105.433,104.15,104.202,0
2014-01-03,104.203,104.877,104.066,104.833,0
2014-01-05,104.822,104.94,104.139,104.366,0
2014-01-06,104.363,104.83,103.901,104.453,0
2014-01-07,104.454,104.953,104.24,104.945,0
2014-01-08,104.943,105.115,104.655,104.862,0
2014-01-09,104.86,105.05,104.57,104.912,0
2014-01-10,104.911,105.339,103.82,104.174,0
2014-01-12,103.98,104.127,103.251,103.391,0
2014-01-13,103.39,103.562,102.847,103.274,0
2014-01-14,103.275,104.463,103.226,104.417,0
2014-01-15,104.419,104.914,104.208,104.716,0
2014-01-16,104.715,104.786,104.142,104.386,0
2014-01-17,104.385,104.466,104.199,104.285,0
2014-01-19,104.208,104.313,103.853,104.06,0
2014-01-20,104.057,104.685,103.908,104.636,0
2014-01-21,104.638,104.74,103.962,104.194,0
2014-01-22,104.195,104.833,104.19,104.292,0
2014-01-23,104.293,104.433,102.964,103.229,0
2014-01-24,103.23,103.541,101.993,102.32,0
2014-01-26,102.221,102.533,101.766,102.464,0
2014-01-27,102.466,102.921,102.188,102.675,0
2014-01-28,102.677,103.436,102.57,103.237,0
2014-01-29,103.239,103.356,101.835,102.464,0
2014-01-30,102.465,102.925,102.116,102.403,0
2014-01-31,102.4,102.762,101.945,102.045,0
2014-02-02,101.996,102.401,101.966,102.336,0
2014-02-03,102.337,102.349,100.769,101.264,0
2014-02-04,101.265,101.757,100.748,101.428,0
2014-02-05,101.43,101.654,100.794,101.588,0
2014-02-06,101.584,102.164,101.234,102.039,0
2014-02-07,102.04,102.57,101.437,102.345,0
2014-02-09,102.533,102.636,102.313,102.427,0
2014-02-10,102.425,102.456,101.984,102.182,0
2014-02-11,102.183,102.694,102.138,102.55,0
2014-02-12,102.551,102.628,102.082,102.126,0
2014-02-13,102.124,102.4,101.644,101.823,0
2014-02-14,101.825,101.978,101.561,101.83,0
2014-02-16,101.63,101.808,101.378,101.588,0
2014-02-17,101.59,102.602,101.55,102.519,0
2014-02-18,102.525,102.733,102.13,102.24,0
2014-02-19,102.239,102.458,101.843,101.937,0
2014-02-20,101.938,102.533,101.661,102.493,0
2014-02-21,102.492,102.82,102.336,102.495,0
2014-02-23,102.471,102.672,102.157,102.237,0
2014-02-24,102.234,102.618,102.19,102.547,0
2014-02-25,102.545,102.552,101.999,102.309,0
2014-02-26,102.31,102.602,102.094,102.328,0
2014-02-27,102.329,102.39,101.55,101.599,0
2014-02-28,101.598,102.285,101.546,101.765,0
2014-03-02,101.485,101.66,101.247,101.416,0
2014-03-03,101.417,101.726,101.192,101.657,0
2014-03-04,101.654,102.279,101.623,102.231,0
2014-03-05,102.227,102.75,102.109,102.707,0
2014-03-06,102.708,103.159,102.601,102.974,0
2014-03-07,102.973,103.752,102.832,103.27,0
2014-03-09,103.031,103.286,102.966,103.105,0
2014-03-10,103.107,103.416,102.927,103.276,0
2014-03-11,103.278,103.35,102.772,103.017,0
2014-03-12,103.016,103.05,102.541,102.718,0
2014-03-13,102.719,102.81,101.534,101.676,0
2014-03-14,101.677,101.797,101.2,101.35,0
2014-03-16,101.266,101.555,101.264,101.52,0
2014-03-17,101.518,101.933,101.422,101.769,0
2014-03-18,101.771,101.853,101.27,101.361,0
2014-03-19,101.362,102.674,101.342,102.324,0
2014-03-20,102.323,102.538,102.203,102.333,0
2014-03-21,102.336,102.394,102.009,102.271,0
2014-03-23,102.148,102.562,102.096,102.443,0
2014-03-24,102.444,102.639,102.122,102.284,0
2014-03-25,102.287,102.48,102.086,102.279,0
2014-03-26,102.278,102.463,101.712,102.018,0
2014-03-27,102.017,102.423,101.983,102.144,0
2014-03-28,102.143,102.97,102.069,102.819,0
2014-03-30,102.95,102.953,102.8,102.87,0
2014-03-31,102.871,103.431,102.787,103.247,0
2014-04-01,103.246,103.925,103.198,103.837,0
2014-04-02,103.838,104.062,103.578,103.976,0
2014-04-03,103.977,104.104,103.807,103.899,0
2014-04-04,103.9,104.12,103.191,103.28,0
2014-04-06,103.273,103.381,103.165,103.243,0
2014-04-07,103.244,103.295,102.736,102.949,0
2014-04-08,102.95,102.981,101.542,101.942,0
2014-04-09,101.94,102.15,101.713,101.792,0
2014-04-10,101.791,101.964,101.317,101.624,0
2014-04-11,101.623,101.856,101.361,101.597,0
2014-04-13,101.62,101.633,101.409,101.553,0
2014-04-14,101.552,102.003,101.515,101.87,0
2014-04-15,101.871,102.252,101.493,102.192,0
2014-04-16,102.191,102.356,101.857,101.954,0
2014-04-17,101.955,102.561,101.945,102.41,0
2014-04-18,102.408,102.46,102.362,102.42,0
2014-04-20,102.442,102.698,102.385,102.587,0
2014-04-21,102.59,102.716,102.492,102.639,0
2014-04-22,102.638,102.684,102.405,102.54,0
2014-04-23,102.539,102.623,102.158,102.288,0
2014-04-24,102.287,102.636,102.079,102.351,0
2014-04-25,102.349,102.381,101.954,102.178,0
2014-04-27,102.184,102.194,102.038,102.138,0
2014-04-28,102.136,102.616,102.115,102.482,0
2014-04-29,102.481,102.773,102.32,102.383,0
2014-04-30,102.384,102.648,102.021,102.269,0
2014-05-01,102.27,102.376,102.15,102.342,0
2014-05-02,102.343,103.011,102.123,102.189,0
2014-05-04,102.147,102.253,101.855,101.928,0
2014-05-05,101.929,102.181,101.876,102.038,0
2014-05-06,102.037,102.061,101.489,101.601,0
2014-05-07,101.6,101.989,101.423,101.837,0
2014-05-08,101.838,101.852,101.452,101.68,0
2014-05-09,101.679,101.844,101.614,101.797,0
2014-05-11,101.872,102.04,101.789,101.963,0
2014-05-12,101.962,102.261,101.842,102.258,0
2014-05-13,102.259,102.355,102.053,102.152,0
2014-05-14,102.151,102.185,101.656,101.831,0
2014-05-15,101.832,102.106,101.304,101.434,0
2014-05-16,101.435,101.664,101.354,101.497,0
2014-05-18,101.54,101.589,101.476,101.481,0
2014-05-19,101.482,101.59,101.094,101.543,0
2014-05-20,101.542,101.544,101.121,101.156,0
2014-05-21,101.157,101.661,100.815,101.655,0
2014-05-22,101.654,101.849,101.466,101.759,0
2014-05-23,101.758,102.0,101.585,101.957,0
2014-05-25,101.928,102.042,101.862,101.893,0
2014-05-26,101.894,101.982,101.832,101.962,0
2014-05-27,101.961,102.132,101.717,101.932,0
2014-05-28,101.933,101.97,101.628,101.693,0
2014-05-29,101.692,101.784,101.42,101.556,0
2014-05-30,101.555,101.836,101.538,101.747,0
2014-06-02,102.427,102.445,102.348,102.393,0
2014-06-03,102.394,102.787,102.263,102.742,0
2014-06-04,102.743,102.754,102.43,102.531,0
2014-06-05,102.529,102.725,102.25,102.323,0
2014-06-06,102.322,102.602,102.106,102.469,0
2014-06-08,102.504,102.638,102.494,102.533,0
2014-06-09,102.532,102.585,102.323,102.329,0
2014-06-10,102.328,102.409,102.206,102.26,0
2014-06-11,102.259,102.355,101.853,102.088,0
2014-06-12,102.089,102.133,101.597,101.848,0
2014-06-13,101.851,102.13,101.81,102.042,0
2014-06-15,102.064,102.07,101.744,101.755,0
2014-06-16,101.754,102.061,101.713,101.963,0
2014-06-17,101.964,102.234,101.894,102.183,0
2014-06-18,102.182,102.32,101.857,101.92,0
2014-06-19,101.918,101.992,101.731,101.828,0
2014-06-20,101.827,102.187,101.812,102.058,0
2014-06-22,102.084,102.127,101.914,101.941,0
2014-06-23,101.939,101.951,101.809,101.895,0
2014-06-24,101.898,102.159,101.834,101.905,0
2014-06-25,101.904,101.945,101.617,101.731,0
2014-06-26,101.73,101.807,101.306,101.327,0
2014-06-27,101.328,101.473,101.315,101.386,0
2014-06-29,101.4,101.463,101.256,101.302,0
2014-06-30,101.303,101.524,101.229,101.47,0
2014-07-01,101.471,101.642,101.385,101.603,0
2014-07-02,101.604,101.935,101.401,101.851,0
2014-07-03,101.852,102.258,101.807,102.11,0
2014-07-04,102.109,102.112,101.963,102.055,0
2014-07-06,102.055,102.192,102.042,102.135,0
2014-07-07,102.136,102.137,101.678,101.825,0
2014-07-08,101.823,101.852,101.438,101.624,0
2014-07-09,101.623,101.851,101.489,101.519,0
2014-07-10,101.518,101.559,101.058,101.262,0
2014-07-11,101.26,101.383,101.208,101.263,0
2014-07-13,101.373,101.402,101.324,101.363,0
2014-07-14,101.362,101.636,101.362,101.585,0
2014-07-15,101.587,101.755,101.426,101.728,0
2014-07-16,101.727,101.783,101.506,101.53,0
2014-07-17,101.531,101.572,101.079,101.303,0
2014-07-18,101.304,101.44,101.271,101.335,0
2014-07-20,101.326,101.369,101.219,101.222,0
2014-07-21,101.223,101.506,101.188,101.473,0
2014-07-22,101.472,101.594,101.324,101.396,0
2014-07-23,101.395,101.575,101.307,101.509,0
2014-07-24,101.508,101.849,101.407,101.745,0
2014-07-25,101.746,101.93,101.707,101.83,0
2014-07-27,101.781,101.826,101.741,101.799,0
2014-07-28,101.798,101.969,101.749,101.957,0
2014-07-29,101.958,102.151,101.849,102.087,0
2014-07-30,102.088,103.081,102.074,102.762,0
2014-07-31,102.761,102.997,102.715,102.888,0
2014-08-01,102.887,103.019,102.328,102.617,0
2014-08-03,102.553,102.682,102.471,102.631,0
2014-08-04,102.632,102.721,102.398,102.578,0
2014-08-05,102.579,102.916,102.454,102.552,0
2014-08-06,102.551,102.602,101.774,102.167,0
2014-08-07,102.168,102.451,101.592,101.772,0
2014-08-08,101.773,102.074,101.502,102.033,0
2014-08-10,102.171,102.182,102.045,102.134,0
2014-08-11,102.135,102.352,102.014,102.277,0
2014-08-12,102.278,102.355,102.083,102.296,0
2014-08-13,102.297,102.647,102.223,102.578,0
2014-08-14,102.579,102.612,102.302,102.505,0
2014-08-15,102.508,102.708,102.13,102.348,0
2014-08-17,102.323,102.435,102.239,102.299,0
2014-08-18,102.298,102.641,102.295,102.594,0
2014-08-19,102.593,103.217,102.512,103.174,0
2014-08-20,103.175,103.952,103.103,103.888,0
2014-08-21,103.889,103.942,103.591,103.75,0
2014-08-22,103.748,104.185,103.493,103.933,0
2014-08-24,104.258,104.265,104.117,104.213,0
2014-08-25,104.212,104.239,103.74,103.852,0
2014-08-26,103.851,104.163,103.817,103.954,0
2014-08-27,103.956,104.064,103.691,103.749,0
2014-08-28,103.75,103.881,103.546,103.788,0
2014-08-29,103.787,104.106,103.749,104.076,0
2014-08-31,104.173,104.202,104.115,104.169,0
2014-09-01,104.168,104.84,104.093,104.798,0
2014-09-02,104.8,105.301,104.755,105.275,0
2014-09-03,105.274,105.277,104.733,104.811,0
2014-09-04,104.81,105.698,104.773,105.334,0
2014-09-05,105.335,105.362,104.674,105.08,0
2014-09-07,104.994,105.22,104.984,105.048,0
2014-09-08,105.049,106.329,105.032,106.215,0
2014-09-09,106.216,106.465,106.03,106.327,0
2014-09-10,106.326,106.877,106.306,106.755,0
2014-09-11,106.753,107.379,106.643,107.337,0
2014-09-12,107.338,107.385,107.083,107.334,0
2014-09-14,107.198,107.355,107.152,107.167,0
2014-09-15,107.166,107.343,106.921,107.131,0
2014-09-16,107.129,107.323,106.802,107.19,0
2014-09-17,107.189,108.671,107.135,108.641,0
2014-09-18,108.64,109.45,108.49,109.217,0
2014-09-19,109.218,109.264,108.583,109.027,0
2014-09-21,109.027,109.177,108.657,108.779,0
2014-09-22,108.78,109.185,108.594,108.762,0
2014-09-23,108.763,108.984,108.244,108.59,0
2014-09-24,108.588,109.33,108.483,109.122,0
2014-09-25,109.121,109.364,108.469,108.906,0
2014-09-26,108.907,109.524,108.843,109.281,0
2014-09-28,109.294,109.508,109.253,109.389,0
2014-09-29,109.39,109.736,109.122,109.299,0
2014-09-30,109.3,110.08,109.215,109.88,0
2014-10-01,109.882,109.971,108.546,108.654,0
2014-10-02,108.655,108.947,108.0,108.794,0
2014-10-03,108.795,109.894,108.657,109.75,0
2014-10-05,109.706,109.841,109.537,109.596,0
2014-10-06,109.595,109.645,108.644,109.095,0
2014-10-07,109.102,109.135,107.745,108.359,0
2014-10-08,108.358,108.733,107.821,107.922,0
2014-10-09,107.921,108.175,107.52,107.788,0
2014-10-10,107.786,108.145,107.614,107.645,0
2014-10-12,107.544,107.603,107.054,107.144,0
2014-10-13,107.143,107.564,106.752,107.212,0
2014-10-14,107.215,107.396,106.663,107.191,0
2014-10-15,107.192,107.488,105.189,106.077,0
2014-10-16,106.076,106.486,105.498,106.153,0
2014-10-17,106.151,106.933,106.134,106.871,0
2014-10-19,107.208,107.392,106.996,107.371,0
2014-10-20,107.371,107.384,106.525,106.58,0
2014-10-21,106.581,107.113,106.252,106.91,0
2014-10-22,106.909,107.375,106.789,107.328,0
2014-10-23,107.329,108.355,107.132,107.988,0
2014-10-24,107.985,108.276,107.786,108.148,0
2014-10-26,108.353,108.353,107.861,108.001,0
2014-10-27,108.005,108.089,107.606,107.809,0
2014-10-28,107.809,108.235,107.693,108.161,0
2014-10-29,108.164,109.116,107.942,109.05,0
2014-10-30,109.059,109.463,108.796,109.4,0
2014-10-31,109.399,112.475,109.332,112.292,0
2014-11-02,112.698,112.982,112.649,112.733,0
2014-11-03,112.733,114.212,112.572,113.506,0
2014-11-04,113.506,114.121,113.17,114.02,0
2014-11-05,114.02,115.514,113.927,114.392,0
2014-11-06,114.391,115.459,114.061,115.444,0
2014-11-07,115.445,115.576,114.253,114.581,0
2014-11-09,114.511,114.565,114.049,114.155,0
2014-11-10,114.156,115.307,113.858,115.272,0
2014-11-11,115.269,116.103,115.034,115.613,0
2014-11-12,115.611,115.884,114.887,115.676,0
2014-11-13,115.677,116.198,115.309,116.059,0
2014-11-14,116.06,116.823,116.017,116.267,0
2014-11-16,116.471,117.051,115.455,115.797,0
2014-11-17,115.796,116.785,115.46,116.58,0
2014-11-18,116.58,117.416,116.338,117.337,0
2014-11-19,117.33,118.539,117.229,118.465,0
2014-11-20,118.465,118.979,117.356,117.807,0
2014-11-21,117.807,118.122,117.386,117.771,0
2014-11-23,117.886,117.945,117.579,117.903,0
2014-11-24,117.903,118.576,117.788,117.959,0
2014-11-25,117.957,118.29,117.657,117.817,0
2014-11-26,117.818,117.901,117.267,117.306,0
2014-11-27,117.309,118.337,117.236,118.285,0
2014-11-28,118.286,118.771,118.075,118.601,0
2014-11-30,118.73,119.027,118.717,118.881,0
2014-12-01,118.88,119.14,117.864,118.459,0
2014-12-02,118.458,119.436,118.378,119.226,0
2014-12-03,119.224,119.95,119.129,119.896,0
2014-12-04,119.896,120.25,119.339,120.059,0
2014-12-05,120.061,121.686,119.982,121.451,0
2014-12-07,121.584,121.843,121.339,121.533,0
2014-12-08,121.533,121.551,120.058,120.178,0
2014-12-09,120.178,120.282,117.944,118.866,0
2014-12-10,118.864,119.454,117.439,118.196,0
2014-12-11,118.199,119.556,117.907,118.66,0
2014-12-12,118.662,119.084,118.05,118.758,0
2014-12-14,118.671,119.057,117.777,118.682,0
2014-12-15,118.682,118.977,117.293,117.464,0
2014-12-16,117.463,117.758,115.564,116.888,0
2014-12-17,116.889,119.006,116.817,118.484,0
2014-12-18,118.488,119.364,118.26,119.189,0
2014-12-19,119.189,119.621,118.841,119.46,0
2014-12-21,119.524,119.573,119.313,119.528,0
2014-12-22,119.526,120.183,119.462,120.136,0
2014-12-23,120.138,120.826,120.052,120.381,0
2014-12-24,120.382,120.532,120.278,120.447,0
2014-12-25,120.246,120.422,120.152,120.191,0
2014-12-26,120.19,120.462,120.173,120.322,0
2014-12-28,120.324,120.601,120.227,120.235,0
2014-12-29,120.236,120.735,120.173,120.444,0
2014-12-30,120.443,120.485,118.863,119.528,0
2014-12-31,119.528,119.942,119.295,119.692,0
2015-01-01,119.666,120.474,119.666,120.437,0
2015-01-02,120.438,120.742,119.822,120.445,0
2015-01-04,120.491,120.647,119.981,120.545,0
2015-01-05,120.544,120.606,119.089,119.24,0
2015-01-06,119.24,119.391,118.054,119.045,0
2015-01-07,119.044,119.819,118.696,119.743,0
2015-01-08,119.744,119.962,119.27,119.347,0
2015-01-09,119.347,119.771,118.416,118.416,0
2015-01-11,118.317,118.504,118.126,118.273,0
2015-01-12,118.274,119.317,117.74,118.365,0
2015-01-13,118.365,118.848,117.252,117.266,0
2015-01-14,117.266,117.836,116.073,117.695,0
2015-01-15,117.695,117.943,115.851,116.422,0
2015-01-16,116.42,117.764,116.262,117.562,0
2015-01-18,117.454,117.666,116.922,117.089,0
2015-01-19,117.082,118.311,117.02,118.243,0
2015-01-20,118.243,118.867,117.67,117.839,0
2015-01-21,117.836,118.336,117.182,118.106,0
2015-01-22,118.106,118.814,117.251,118.606,0
2015-01-23,118.604,118.709,117.536,117.764,0
2015-01-25,117.512,117.83,117.264,117.623,0
2015-01-26,117.625,118.658,117.571,118.304,0
2015-01-27,118.305,118.323,117.338,118.101,0
2015-01-28,118.103,118.228,117.251,117.892,0
2015-01-29,117.892,118.489,117.583,118.016,0
2015-01-30,118.016,118.023,117.299,117.476,0
2015-02-01,116.93,117.878,116.93,117.707,0
2015-02-02,117.709,117.849,116.876,117.057,0
2015-02-03,117.058,117.997,116.907,117.732,0
2015-02-04,117.732,117.77,117.022,117.301,0
2015-02-05,117.306,117.596,117.078,117.38,0
2015-02-06,117.38,119.22,117.176,119.114,0
2015-02-08,119.029,119.094,118.73,118.815,0
2015-02-09,118.821,119.004,118.332,118.498,0
2015-02-10,118.497,119.662,118.463,119.613,0
2015-02-11,119.614,120.478,119.461,120.291,0
2015-02-12,120.29,120.373,118.41,118.541,0
2015-02-13,118.541,119.198,118.464,118.705,0
2015-02-15,118.448,118.782,118.366,118.439,0
2015-02-16,118.439,118.675,118.236,118.539,0
2015-02-17,118.537,119.417,118.433,119.0,0
2015-02-18,119.001,119.415,118.435,118.669,0
2015-02-19,118.668,119.18,118.571,118.923,0
2015-02-20,118.922,119.189,118.301,118.991,0
2015-02-22,119.053,119.158,118.886,118.897,0
2015-02-23,118.898,119.353,118.736,119.072,0
2015-02-24,119.074,119.837,118.626,118.697,0
2015-02-25,118.696,119.09,118.64,118.946,0
2015-02-26,118.947,119.503,118.679,119.137,0
2015-02-27,119.141,119.799,119.124,119.592,0
2015-03-01,119.704,119.953,119.629,119.874,0
2015-03-02,119.879,120.264,119.589,119.681,0
2015-03-03,119.682,119.909,119.379,119.759,0
2015-03-04,119.761,119.898,119.467,119.883,0
2015-03-05,119.883,120.392,119.762,119.993,0
2015-03-06,119.992,121.28,119.899,120.784,0
2015-03-08,120.843,121.132,120.611,121.075,0
2015-03-09,121.076,122.015,120.656,121.792,0
2015-03-10,121.794,122.001,120.852,121.383,0
2015-03-11,121.384,121.67,121.149,121.632,0
2015-03-12,121.632,121.643,120.672,121.471,0
2015-03-13,121.473,121.572,121.135,121.413,0
2015-03-15,121.374,121.444,121.223,121.351,0
2015-03-16,121.349,121.517,121.09,121.359,0
2015-03-17,121.356,121.489,121.114,121.342,0
2015-03-18,121.343,121.408,119.301,120.406,0
2015-03-19,120.407,121.032,120.369,120.757,0
2015-03-20,120.757,121.199,119.9,120.029,0
2015-03-22,119.872,120.113,119.81,120.003,0
2015-03-23,120.005,120.165,119.576,119.797,0
2015-03-24,119.798,119.983,119.221,119.605,0
2015-03-25,119.604,119.757,119.234,119.316,0
2015-03-26,119.315,119.43,118.328,119.298,0
2015-03-27,119.299,119.49,118.929,119.116,0
2015-03-29,119.211,119.329,119.106,119.212,0
2015-03-30,119.212,120.364,119.165,120.265,0
2015-03-31,120.266,120.297,119.416,119.567,0
2015-04-01,119.566,120.329,119.423,119.649,0
2015-04-02,119.649,119.896,119.452,119.67,0
2015-04-03,119.67,119.863,118.72,118.937,0
2015-04-05,118.858,119.168,118.8,118.974,0
2015-04-06,118.974,119.681,118.92,119.658,0
2015-04-07,119.659,120.445,119.499,120.096,0
2015-04-08,120.097,120.383,119.641,120.307,0
2015-04-09,120.305,120.74,119.859,120.545,0
2015-04-10,120.546,120.605,120.055,120.176,0
2015-04-12,120.336,120.423,120.094,120.423,0
2015-04-13,120.423,120.847,119.708,119.876,0
2015-04-14,119.875,120.12,119.07,119.718,0
2015-04-15,119.717,119.745,118.789,119.12,0
2015-04-16,119.12,119.47,118.82,118.99,0
2015-04-17,118.992,119.263,118.568,118.87,0
2015-04-19,118.988,119.011,118.763,118.911,0
2015-04-20,118.91,119.502,118.532,119.418,0
2015-04-21,119.419,119.833,119.309,119.639,0
2015-04-22,119.641,120.092,119.348,119.91,0
2015-04-23,119.911,120.087,119.425,119.544,0
2015-04-24,119.544,119.604,118.828,118.944,0
2015-04-26,118.862,119.009,118.775,118.943,0
2015-04-27,118.944,119.433,118.902,119.085,0
2015-04-28,119.085,119.138,118.757,118.872,0
2015-04-29,118.872,119.36,118.608,118.943,0
2015-04-30,118.944,119.896,118.496,119.69,0
2015-05-01,119.687,120.288,119.605,120.14,0
2015-05-03,120.211,120.248,119.998,120.059,0
2015-05-04,120.059,120.274,119.997,120.119,0
2015-05-05,120.12,120.504,119.726,119.93,0
2015-05-06,119.929,119.982,119.206,119.479,0
2015-05-07,119.479,119.972,119.055,119.915,0
2015-05-08,119.915,120.233,119.591,119.838,0
2015-05-10,119.642,119.938,119.642,119.85,0
2015-05-11,119.851,120.198,119.815,120.18,0
2015-05-12,120.18,120.275,119.715,119.921,0
2015-05-13,119.921,119.972,119.035,119.141,0
2015-05-14,119.142,119.491,118.887,119.357,0
2015-05-15,119.356,119.927,119.186,119.218,0
2015-05-17,119.264,119.753,119.258,119.635,0
2015-05-18,119.636,120.038,119.533,119.939,0
2015-05-19,119.939,120.975,119.83,120.864,0
2015-05-20,120.865,121.481,120.732,121.179,0
2015-05-21,121.18,121.259,120.763,120.803,0
2015-05-22,120.803,121.572,120.639,121.517,0
2015-05-24,121.494,121.777,121.485,121.647,0
2015-05-25,121.646,121.802,121.445,121.771,0
2015-05-26,121.772,123.319,121.738,123.069,0
2015-05-27,123.068,124.299,122.776,124.115,0
2015-05-28,124.115,124.459,123.589,123.73,0
2015-05-29,123.73,124.184,123.665,124.153,0
2015-05-31,124.102,124.342,124.064,124.107,0
2015-06-01,124.108,125.05,123.862,124.739,0
2015-06-02,124.738,124.827,123.753,124.021,0
2015-06-03,124.022,124.681,123.788,124.435,0
2015-06-04,124.436,124.679,123.779,124.475,0
2015-06-05,124.475,125.854,124.405,125.578,0
2015-06-07,125.573,125.678,125.291,125.445,0
2015-06-08,125.442,125.594,124.293,124.554,0
2015-06-09,124.553,124.623,123.86,124.545,0
2015-06-10,124.545,124.582,122.458,123.096,0
2015-06-11,123.096,124.126,122.95,123.499,0
2015-06-12,123.498,123.816,123.14,123.382,0
2015-06-14,123.194,123.557,123.123,123.433,0
2015-06-15,123.434,123.798,123.3,123.545,0
2015-06-16,123.544,123.643,123.29,123.444,0
2015-06-17,123.444,124.443,123.061,123.145,0
2015-06-18,123.143,123.161,122.48,122.992,0
2015-06-19,122.99,123.215,122.561,122.667,0
2015-06-21,122.943,122.977,122.56,122.706,0
2015-06-22,122.707,123.742,122.656,123.702,0
2015-06-23,123.703,124.186,123.553,123.917,0
2015-06-24,123.916,124.376,123.591,123.631,0
2015-06-25,123.63,123.799,123.221,123.376,0
2015-06-26,123.375,123.99,123.297,123.836,0
2015-06-28,122.721,123.193,122.103,122.884,0
2015-06-29,122.885,123.072,122.194,122.313,0
2015-06-30,122.315,122.61,121.941,122.498,0
2015-07-01,122.498,123.465,122.48,123.314,0
2015-07-02,123.315,123.727,122.81,123.043,0
2015-07-03,123.044,123.185,122.601,122.832,0
2015-07-05,121.884,122.712,121.845,122.494,0
2015-07-06,122.495,122.928,122.188,122.657,0
2015-07-07,122.657,122.881,121.966,122.059,0
2015-07-08,122.059,122.173,120.412,121.183,0
2015-07-09,121.181,122.037,121.15,121.934,0
2015-07-10,121.937,122.877,121.701,122.793,0
2015-07-12,122.179,122.748,122.179,122.671,0
2015-07-13,122.669,123.728,122.498,123.444,0
2015-07-14,123.444,123.557,122.919,123.442,0
2015-07-15,123.444,123.972,123.381,123.804,0
2015-07-16,123.805,124.23,123.746,124.079,0
2015-07-17,124.079,124.164,123.916,124.077,0
2015-07-19,124.018,124.192,124.011,124.191,0
2015-07-20,124.192,124.398,124.083,124.39,0
2015-07-21,124.389,124.476,123.618,123.732,0
2015-07-22,123.732,124.151,123.571,123.979,0
2015-07-23,123.979,124.187,123.674,123.9,0
2015-07-24,123.898,124.096,123.596,123.763,0
2015-07-26,123.718,123.835,123.427,123.466,0
2015-07-27,123.466,123.565,123.008,123.505,0
2015-07-28,123.504,123.792,123.33,123.414,0
2015-07-29,123.414,124.19,123.406,124.149,0
2015-07-30,124.156,124.581,123.914,123.922,0
2015-07-31,123.921,124.374,123.519,123.851,0
2015-08-02,123.882,124.116,123.861,123.984,0
2015-08-03,123.984,124.271,123.855,124.065,0
2015-08-04,124.067,124.477,123.799,124.431,0
2015-08-05,124.432,125.011,124.02,124.727,0
2015-08-06,124.726,124.961,124.54,124.795,0
2015-08-07,124.796,125.071,124.103,124.178,0
2015-08-09,124.15,124.412,124.149,124.38,0
2015-08-10,124.381,124.887,124.353,124.707,0
2015-08-11,124.708,125.257,124.601,125.233,0
2015-08-12,125.232,125.279,123.792,124.369,0
2015-08-13,124.369,124.627,124.257,124.42,0
2015-08-14,124.421,124.437,124.055,124.272,0
2015-08-16,124.27,124.448,124.217,124.385,0
2015-08-17,124.386,124.574,124.22,124.452,0
2015-08-18,124.452,124.513,124.183,124.232,0
2015-08-19,124.232,124.469,123.69,123.942,0
2015-08-20,123.942,124.155,122.81,123.062,0
2015-08-21,123.063,123.111,121.814,121.987,0
2015-08-23,121.866,122.02,120.73,121.027,0
2015-08-24,121.027,121.276,116.132,119.992,0
2015-08-25,119.991,120.397,118.452,119.396,0
2015-08-26,119.395,120.367,118.915,120.12,0
2015-08-27,120.122,121.4,119.793,120.947,0
2015-08-28,120.945,121.739,120.654,121.696,0
2015-08-30,121.655,121.655,121.009,121.033,0
2015-08-31,121.034,121.418,120.589,120.81,0
2015-09-01,120.81,120.92,119.226,120.281,0
2015-09-02,120.283,120.698,119.696,120.497,0
2015-09-03,120.497,120.578,119.285,119.405,0
2015-09-04,119.405,119.624,118.596,119.009,0
2015-09-06,118.914,119.588,118.801,119.447,0
2015-09-07,119.447,119.531,118.853,118.932,0
2015-09-08,118.93,120.453,118.878,120.345,0
2015-09-09,120.345,121.196,119.978,120.485,0
2015-09-10,120.485,121.327,120.307,120.839,0
2015-09-11,120.84,120.84,120.36,120.561,0
2015-09-13,120.509,120.843,120.314,120.332,0
2015-09-14,120.331,120.653,119.852,120.136,0
2015-09-15,120.138,120.49,119.401,120.21,0
2015-09-16,120.209,120.726,120.107,120.527,0
2015-09-17,120.526,120.992,119.662,119.95,0
2015-09-18,119.952,120.035,119.055,119.978,0
2015-09-20,120.11,120.15,119.74,119.762,0
2015-09-21,119.76,120.658,119.725,120.415,0
2015-09-22,120.409,120.542,119.662,119.812,0
2015-09-23,119.811,120.544,119.626,120.037,0
2015-09-24,120.036,120.379,119.225,120.134,0
2015-09-25,120.134,121.233,120.11,120.558,0
2015-09-27,120.498,120.59,120.251,120.359,0
2015-09-28,120.358,120.444,119.555,119.617,0
2015-09-29,119.616,120.159,119.248,119.872,0
2015-09-30,119.872,120.349,119.55,120.159,0
2015-10-01,120.162,120.274,119.492,119.999,0
2015-10-02,120.0,120.404,118.681,119.873,0
2015-10-04,119.982,120.098,119.869,120.063,0
2015-10-05,120.065,120.567,119.91,120.45,0
2015-10-06,120.452,120.514,119.76,119.882,0
2015-10-07,119.882,120.177,119.747,119.898,0
2015-10-08,119.899,120.025,119.626,119.96,0
2015-10-09,119.962,120.346,119.932,120.242,0
2015-10-11,120.171,120.263,120.089,120.151,0
2015-10-12,120.152,120.217,119.807,119.89,0
2015-10-13,119.888,119.9,119.482,119.665,0
2015-10-14,119.666,119.738,118.63,119.044,0
2015-10-15,119.043,119.247,118.063,119.085,0
2015-10-16,119.086,119.658,118.904,119.417,0
2015-10-18,119.373,119.607,119.141,119.432,0
2015-10-19,119.432,119.562,119.223,119.48,0
2015-10-20,119.482,119.962,119.412,119.902,0
2015-10-21,119.903,120.091,119.729,119.774,0
2015-10-22,119.775,120.986,119.615,120.679,0
2015-10-23,120.68,121.474,120.227,121.46,0
2015-10-25,121.424,121.499,121.06,121.105,0
2015-10-26,121.105,121.162,120.48,120.569,0
2015-10-27,120.568,120.741,120.16,120.345,0
2015-10-28,120.345,121.258,120.207,120.654,0
2015-10-29,120.654,121.182,120.284,120.834,0
2015-10-30,120.833,121.489,120.278,120.602,0
2015-11-01,120.345,120.575,120.255,120.345,0
2015-11-02,120.345,120.847,120.307,120.661,0
2015-11-03,120.661,121.381,120.596,121.19,0
2015-11-04,121.189,121.716,121.001,121.505,0
2015-11-05,121.507,122.003,121.431,121.773,0
2015-11-06,121.772,123.266,121.772,123.11,0
2015-11-08,123.278,123.476,123.174,123.38,0
2015-11-09,123.381,123.604,122.976,123.217,0
2015-11-10,123.216,123.437,122.739,122.936,0
2015-11-11,122.935,123.205,122.741,122.893,0
2015-11-12,122.893,123.071,122.497,122.595,0
2015-11-13,122.595,122.988,122.44,122.557,0
2015-11-15,122.232,122.604,122.224,122.499,0
2015-11-16,122.5,123.404,122.385,123.388,0
2015-11-17,123.389,123.49,123.184,123.323,0
2015-11-18,123.323,123.751,123.089,123.244,0
2015-11-19,123.245,123.376,122.623,122.858,0
2015-11-20,122.858,123.035,122.723,122.75,0
2015-11-22,122.825,123.258,122.825,123.205,0
2015-11-23,123.207,123.26,122.667,122.78,0
2015-11-24,122.779,122.782,122.26,122.416,0
2015-11-25,122.416,122.934,122.257,122.579,0
2015-11-26,122.577,122.725,122.5,122.596,0
2015-11-27,122.596,122.878,122.304,122.712,0
2015-11-29,122.803,122.846,122.686,122.718,0
2015-11-30,122.719,123.339,122.642,122.945,0
2015-12-01,122.944,123.196,122.772,123.06,0
2015-12-02,123.06,123.67,123.011,123.391,0
2015-12-03,123.392,123.562,122.297,122.558,0
2015-12-04,122.558,123.376,122.476,123.089,0
2015-12-06,123.172,123.324,123.152,123.292,0
2015-12-07,123.293,123.474,123.055,123.125,0
2015-12-08,123.125,123.189,122.694,122.701,0
2015-12-09,122.701,122.836,121.074,121.673,0
2015-12-10,121.671,122.229,121.244,122.051,0
2015-12-11,122.052,122.102,120.581,120.955,0
2015-12-13,121.15,121.2,120.638,121.151,0
2015-12-14,121.151,121.353,120.342,120.942,0
2015-12-15,120.944,121.943,120.573,121.901,0
2015-12-16,121.91,122.642,121.386,122.449,0
2015-12-17,122.447,123.553,121.973,122.292,0
2015-12-18,122.291,122.295,121.055,121.148,0
2015-12-20,121.225,121.384,121.039,121.319,0
2015-12-21,121.32,121.503,120.841,121.25,0
2015-12-22,121.251,121.28,120.722,121.027,0
2015-12-23,121.027,121.049,120.57,120.634,0
2015-12-24,120.632,120.644,120.249,120.274,0
2015-12-27,120.213,120.542,120.148,120.449,0
2015-12-28,120.449,120.63,120.204,120.339,0
2015-12-29,120.337,120.576,120.289,120.455,0
2015-12-30,120.455,120.653,120.351,120.404,0
2015-12-31,120.405,120.445,120.003,120.235,0
2016-01-03,120.172,120.464,119.472,119.536,0
2016-01-04,119.536,119.7,118.701,119.542,0
2016-01-05,119.542,119.579,118.353,118.72,0
2016-01-06,118.723,118.796,117.661,117.971,0
2016-01-07,117.971,118.594,117.327,118.341,0
2016-01-08,118.34,118.836,117.206,117.214,0
2016-01-10,117.202,117.445,116.69,117.388,0
2016-01-11,117.387,118.023,117.096,117.494,0
2016-01-12,117.494,118.357,117.223,118.305,0
2016-01-13,118.304,118.377,117.293,117.407,0
2016-01-14,117.405,118.281,117.394,117.743,0
2016-01-15,117.745,117.93,116.508,117.014,0
2016-01-17,116.676,117.362,116.665,117.132,0
2016-01-18,117.131,117.703,117.01,117.557,0
2016-01-19,117.558,118.113,116.885,116.95,0
2016-01-20,116.949,117.474,115.974,116.997,0
2016-01-21,116.997,117.946,116.469,117.91,0
2016-01-22,117.907,118.878,117.864,118.752,0
2016-01-24,118.647,118.855,118.43,118.73,0
2016-01-25,118.731,118.847,118.01,118.013,0
2016-01-26,118.013,118.62,117.656,118.317,0
2016-01-27,118.316,119.065,118.075,118.683,0
2016-01-28,118.683,121.434,118.44,120.034,0
2016-01-29,120.035,121.686,119.98,121.12,0
2016-01-31,121.3,121.487,121.102,121.248,0
2016-02-01,121.249,121.408,120.531,120.613,0
2016-02-02,120.611,120.861,119.418,119.618,0
2016-02-03,119.616,120.043,117.05,117.931,0
2016-02-04,117.93,118.169,116.527,116.7,0
2016-02-05,116.699,117.428,116.29,116.797,0
2016-02-07,116.794,117.352,116.788,117.32,0
2016-02-08,117.321,117.524,114.204,114.558,0
2016-02-09,114.558,115.539,114.258,114.432,0
2016-02-10,114.434,115.193,112.535,112.633,0
2016-02-11,112.634,113.175,110.983,112.714,0
2016-02-12,112.712,113.539,111.667,113.209,0
2016-02-14,113.381,113.988,113.272,113.89,0
2016-02-15,113.889,114.873,113.601,114.778,0
2016-02-16,114.777,114.798,113.592,113.701,0
2016-02-17,113.7,114.502,113.374,113.985,0
2016-02-18,113.985,114.107,112.713,112.834,0
2016-02-19,112.834,113.215,112.306,112.577,0
2016-02-21,112.553,113.05,112.424,112.92,0
2016-02-22,112.918,113.387,111.971,112.366,0
2016-02-23,112.364,112.502,111.634,111.749,0
2016-02-24,111.749,112.624,111.039,112.55,0
2016-02-25,112.552,113.22,111.982,112.824,0
2016-02-26,112.826,113.988,112.56,113.948,0
2016-02-28,113.945,113.983,113.099,113.114,0
2016-02-29,113.114,113.255,112.157,112.614,0
2016-03-01,112.614,114.185,112.516,113.858,0
2016-03-02,113.857,114.554,113.215,114.079,0
2016-03-03,114.078,114.269,113.239,113.696,0
2016-03-04,113.697,114.256,113.122,113.711,0
2016-03-06,113.915,113.931,113.496,113.741,0
2016-03-07,113.741,113.774,112.744,113.209,0
2016-03-08,113.21,113.244,112.412,112.576,0
2016-03-09,112.577,113.806,112.229,113.742,0
2016-03-10,113.756,114.445,112.606,113.525,0
2016-03-11,113.527,113.918,113.339,113.794,0
2016-03-13,113.93,114.005,113.641,113.84,0
2016-03-14,113.839,114.128,113.361,113.497,0
2016-03-15,113.496,113.571,112.632,113.384,0
2016-03-16,113.384,113.817,112.328,112.498,0
2016-03-17,112.496,112.558,110.667,111.248,0
2016-03-18,111.248,111.758,111.055,111.537,0
2016-03-20,111.531,111.596,111.219,111.37,0
2016-03-21,111.369,112.206,111.349,111.855,0
2016-03-22,111.853,112.488,111.377,112.33,0
2016-03-23,112.328,112.904,112.225,112.697,0
2016-03-24,112.697,113.32,112.371,113.112,0
2016-03-25,113.1,113.167,112.885,113.081,0
2016-03-27,113.181,113.687,113.122,113.609,0
2016-03-28,113.611,113.659,113.149,113.526,0
2016-03-29,113.525,113.802,112.39,112.496,0
2016-03-30,112.496,112.674,112.016,112.403,0
2016-03-31,112.404,112.601,112.056,112.301,0
2016-04-01,112.302,112.454,111.584,111.604,0
2016-04-03,111.598,111.793,111.319,111.453,0
2016-04-04,111.452,111.74,110.779,110.849,0
2016-04-05,110.851,111.054,109.948,110.456,0
2016-04-06,110.456,110.541,109.1,109.285,0
2016-04-07,109.286,109.304,107.67,108.647,0
2016-04-08,108.648,109.098,108.012,108.058,0
2016-04-10,107.952,108.329,107.629,107.852,0
2016-04-11,107.852,108.439,107.689,108.147,0
2016-04-12,108.144,108.908,108.107,108.845,0
2016-04-13,108.844,109.544,108.752,109.387,0
2016-04-14,109.386,109.73,108.895,109.638,0
2016-04-15,109.636,109.672,108.601,108.757,0
2016-04-17,108.184,108.459,107.835,108.011,0
2016-04-18,108.01,109.217,107.888,109.087,0
2016-04-19,109.085,109.485,108.788,108.934,0
2016-04-20,108.935,109.895,108.762,109.805,0
2016-04-21,109.806,109.832,109.26,109.369,0
2016-04-22,109.371,111.81,109.331,111.792,0
2016-04-24,111.855,111.884,111.04,111.298,0
2016-04-25,111.298,111.347,110.839,110.924,0
2016-04-26,110.925,111.475,110.67,111.066,0
2016-04-27,111.067,111.884,108.748,109.386,0
2016-04-28,109.385,109.388,107.077,107.333,0
2016-04-29,107.334,107.415,106.268,106.361,0
2016-05-01,106.234,106.722,106.138,106.539,0
2016-05-02,106.538,106.819,106.046,106.169,0
2016-05-03,106.168,107.456,105.549,107.306,0
2016-05-04,107.307,107.307,106.248,107.127,0
2016-05-05,107.128,107.498,106.804,107.092,0
2016-05-06,107.091,107.259,106.434,107.115,0
2016-05-08,107.061,107.629,107.06,107.317,0
2016-05-09,107.318,108.828,107.29,108.727,0
2016-05-10,108.725,109.37,108.612,108.794,0
2016-05-11,108.788,108.894,108.228,108.661,0
2016-05-12,108.66,109.395,108.625,108.776,0
2016-05-13,108.776,109.55,108.512,108.616,0
2016-05-15,108.614,108.983,108.467,108.962,0
2016-05-16,108.96,109.104,108.638,108.922,0
2016-05-17,108.922,109.651,108.722,109.225,0
2016-05-18,109.225,110.27,109.01,110.024,0
2016-05-19,110.025,110.382,109.697,110.029,0
2016-05-20,110.027,110.585,110.022,110.1,0
2016-05-22,110.121,110.241,109.636,109.838,0
2016-05-23,109.841,109.95,109.11,109.39,0
2016-05-24,109.389,110.187,109.169,109.886,0
2016-05-25,109.886,110.447,109.417,109.704,0
2016-05-26,109.701,110.207,109.53,109.905,0
2016-05-27,109.907,110.445,109.474,110.247,0
2016-05-29,110.396,111.026,110.362,111.002,0
2016-05-30,111.003,111.446,110.795,111.294,0
2016-05-31,111.295,111.349,110.418,110.598,0
2016-06-01,110.597,110.767,108.828,108.954,0
2016-06-02,108.952,109.311,108.524,108.832,0
2016-06-03,108.833,109.024,106.465,106.465,0
2016-06-05,106.551,107.183,106.365,107.046,0
2016-06-06,107.049,107.884,106.837,107.819,0
2016-06-07,107.818,107.903,106.72,107.2,0
2016-06-08,107.203,107.227,106.518,106.63,0
2016-06-09,106.631,107.259,106.257,106.983,0
2016-06-10,106.985,107.178,106.556,106.924,0
2016-06-12,106.81,106.859,106.069,106.152,0
2016-06-13,106.153,106.578,105.735,106.018,0
2016-06-14,106.018,106.306,105.626,106.194,0
2016-06-15,106.194,106.397,104.527,104.726,0
2016-06-16,104.726,104.828,103.55,104.399,0
2016-06-17,104.398,104.454,104.083,104.125,0
2016-06-19,104.679,104.842,104.41,104.553,0
2016-06-20,104.553,104.8,103.585,103.987,0
2016-06-21,103.988,105.054,103.977,104.445,0
2016-06-22,104.444,104.971,104.313,104.639,0
2016-06-23,104.64,106.812,98.979,100.801,0
2016-06-24,100.811,103.242,100.494,102.144,0
2016-06-26,101.508,102.471,101.497,101.9,0
2016-06-27,101.906,102.205,101.396,102.054,0
2016-06-28,102.052,102.84,101.776,102.409,0
2016-06-29,102.408,103.013,102.172,102.76,0
2016-06-30,102.759,103.396,102.361,102.826,0
2016-07-01,102.828,102.926,102.442,102.498,0
2016-07-03,102.598,102.801,102.418,102.783,0
2016-07-04,102.782,102.792,102.004,102.167,0
2016-07-05,102.167,102.171,100.579,100.895,0
2016-07-06,100.898,101.462,100.199,100.94,0
2016-07-07,100.938,101.228,100.253,100.372,0
2016-07-08,100.371,101.277,99.991,100.505,0
2016-07-10,100.613,100.873,100.532,100.704,0
2016-07-11,100.709,103.284,100.682,103.135,0
2016-07-12,103.136,104.985,102.882,104.48,0
2016-07-13,104.478,104.861,103.899,104.636,0
2016-07-14,104.637,106.314,104.532,106.083,0
2016-07-15,106.081,106.292,104.625,104.825,0
2016-07-17,105.32,106.009,105.313,105.548,0
2016-07-18,105.546,106.327,105.27,105.882,0
2016-07-19,105.881,106.529,105.646,105.969,0
2016-07-20,105.971,107.49,105.913,107.109,0
2016-07-21,107.108,107.264,105.421,105.871,0
2016-07-22,105.866,106.398,105.639,106.061,0
2016-07-24,106.12,106.721,106.087,106.3,0
2016-07-25,106.299,106.414,104.624,104.818,0
2016-07-26,104.819,106.54,103.99,105.977,0
2016-07-27,105.983,106.131,104.637,104.853,0
2016-07-28,104.851,105.608,102.696,103.496,0
2016-07-29,103.501,103.969,101.968,102.03,0
2016-07-31,102.268,102.682,102.004,102.498,0
2016-08-01,102.5,102.828,102.115,102.47,0
2016-08-02,102.469,102.582,100.678,100.839,0
2016-08-03,100.84,101.567,100.747,101.204,0
2016-08-04,101.202,101.665,100.998,101.173,0
2016-08-05,101.173,102.058,100.871,101.803,0
2016-08-07,101.977,102.258,101.859,102.011,0
2016-08-08,102.012,102.655,101.956,102.338,0
2016-08-09,102.339,102.509,101.156,101.351,0
2016-08-10,101.352,101.555,100.966,101.454,0
2016-08-11,101.454,102.202,101.167,102.011,0
2016-08-12,102.011,102.269,100.831,101.269,0
2016-08-14,101.143,101.451,101.115,101.26,0
2016-08-15,101.259,101.336,100.351,100.474,0
2016-08-16,100.474,100.678,99.54,100.605,0
2016-08-17,100.606,101.163,99.644,99.93,0
2016-08-18,99.93,100.492,99.735,100.319,0
2016-08-19,100.321,100.457,100.026,100.198,0
2016-08-21,100.75,100.863,100.277,100.842,0
2016-08-22,100.84,100.93,100.033,100.327,0
2016-08-23,100.326,100.519,99.939,100.299,0
2016-08-24,100.3,100.615,100.092,100.477,0
2016-08-25,100.475,100.614,100.3,100.48,0
2016-08-26,100.485,101.943,100.06,101.795,0
2016-08-28,102.038,102.213,101.828,102.154,0
2016-08-29,102.155,102.389,101.751,102.088,0
2016-08-30,102.088,103.224,102.035,103.025,0
2016-08-31,103.026,103.53,102.943,103.257,0
2016-09-01,103.259,103.997,103.118,103.333,0
2016-09-02,103.332,104.319,102.8,103.944,0
2016-09-04,104.084,104.127,103.526,103.658,0
2016-09-05,103.66,103.806,103.145,103.51,0
2016-09-06,103.512,103.729,101.202,101.441,0
2016-09-07,101.444,101.917,101.304,101.659,0
2016-09-08,101.67,102.596,101.411,102.206,0
2016-09-09,102.205,103.054,101.998,102.661,0
2016-09-11,102.552,102.664,102.3,102.514,0
2016-09-12,102.512,102.593,101.42,101.717,0
2016-09-13,101.716,103.193,101.714,102.906,0
2016-09-14,102.904,103.356,101.941,102.23,0
2016-09-15,102.232,102.752,101.736,101.987,0
2016-09-16,101.988,102.461,101.772,102.225,0
2016-09-18,102.115,102.414,102.0,102.043,0
2016-09-19,102.044,102.155,101.579,101.926,0
2016-09-20,101.927,102.005,101.199,101.924,0
2016-09-21,101.922,102.783,100.097,100.39,0
2016-09-22,100.39,101.244,100.193,101.163,0
2016-09-23,101.164,101.199,100.674,101.029,0
2016-09-25,101.039,101.056,100.706,100.882,0
2016-09-26,100.883,101.078,100.082,100.778,0
2016-09-27,100.777,100.987,100.188,100.564,0
2016-09-28,100.565,101.412,100.449,101.36,0
2016-09-29,101.358,101.839,100.836,101.384,0
2016-09-30,101.385,101.473,100.745,101.315,0
2016-10-02,101.213,101.656,101.181,101.426,0
2016-10-03,101.426,102.387,101.245,102.111,0
2016-10-04,102.113,102.966,102.034,102.793,0
2016-10-05,102.793,103.666,102.728,103.454,0
2016-10-06,103.453,104.157,103.364,103.803,0
2016-10-07,103.803,103.986,102.857,102.875,0
2016-10-09,103.25,103.306,102.807,102.859,0
2016-10-10,102.86,103.993,102.849,103.847,0
2016-10-11,103.856,104.07,103.171,103.434,0
2016-10-12,103.435,104.634,103.404,103.826,0
2016-10-13,103.828,104.096,103.332,103.984,0
2016-10-14,103.985,104.475,103.792,104.136,0
2016-10-16,104.313,104.37,103.934,104.209,0
2016-10-17,104.209,104.305,103.68,103.816,0
2016-10-18,103.817,104.198,103.648,103.77,0
2016-10-19,103.767,103.849,103.166,103.612,0
2016-10-20,103.61,104.2,103.549,104.094,0
2016-10-21,104.095,104.131,103.52,103.784,0
2016-10-23,103.823,103.992,103.809,103.902,0
2016-10-24,103.903,104.49,103.719,104.461,0
2016-10-25,104.462,104.874,104.022,104.358,0
2016-10-26,104.36,104.692,104.025,104.44,0
2016-10-27,104.439,105.347,104.43,105.164,0
2016-10-28,105.164,105.532,104.462,104.697,0
2016-10-30,104.403,104.936,104.403,104.771,0
2016-10-31,104.772,105.229,104.668,104.869,0
2016-11-01,104.868,105.115,103.668,103.782,0
2016-11-02,103.779,103.931,102.549,102.604,0
2016-11-03,102.606,103.316,102.559,103.055,0
2016-11-04,103.057,103.353,102.853,103.088,0
2016-11-06,104.062,104.48,103.775,104.433,0
2016-11-07,104.434,104.63,104.25,104.429,0
2016-11-08,104.428,105.468,101.207,101.279,0
2016-11-09,101.279,105.952,101.186,105.558,0
2016-11-10,105.553,106.944,105.176,106.458,0
2016-11-11,106.46,106.877,106.031,106.623,0
2016-11-13,106.84,107.591,106.731,107.443,0
2016-11-14,107.451,108.54,107.398,108.125,0
2016-11-15,108.126,109.335,107.768,109.087,0
2016-11-16,109.086,109.754,108.551,109.023,0
2016-11-17,109.025,110.776,108.82,110.539,0
2016-11-18,110.538,110.949,109.798,110.862,0
2016-11-20,110.908,111.182,110.646,111.06,0
2016-11-21,111.059,111.363,110.267,110.79,0
2016-11-22,110.793,111.356,110.556,111.047,0
2016-11-23,111.049,112.971,110.855,112.713,0
2016-11-24,112.711,113.898,112.605,113.421,0
2016-11-25,113.42,113.593,112.555,113.21,0
2016-11-27,112.8,112.971,111.358,111.841,0
2016-11-28,111.842,112.795,111.618,111.934,0
2016-11-29,111.935,113.335,111.922,112.698,0
2016-11-30,112.695,114.824,112.588,114.154,0
2016-12-01,114.154,114.719,113.581,113.978,0
2016-12-02,113.982,114.203,113.327,113.488,0
2016-12-04,113.273,113.858,112.869,113.571,0
2016-12-05,113.564,114.773,113.154,113.768,0
2016-12-06,113.769,114.303,113.665,114.162,0
2016-12-07,114.161,114.399,113.13,113.379,0
2016-12-08,113.386,114.566,113.267,114.432,0
2016-12-09,114.43,115.367,114.288,115.258,0
2016-12-11,115.393,115.615,115.157,115.536,0
2016-12-12,115.534,116.121,114.73,115.129,0
2016-12-13,115.129,115.476,114.963,115.236,0
2016-12-14,115.241,117.859,114.769,117.433,0
2016-12-15,117.434,118.663,117.369,118.197,0
2016-12-16,118.196,118.426,117.468,117.87,0
2016-12-18,117.926,117.968,117.241,117.289,0
2016-12-19,117.288,117.612,116.546,117.529,0
2016-12-20,117.529,118.241,117.419,117.483,0
2016-12-21,117.485,117.866,117.108,117.583,0
2016-12-22,117.583,117.875,117.267,117.431,0
2016-12-23,117.431,117.492,117.171,117.284,0
2016-12-25,117.154,117.363,117.0,117.169,0
2016-12-26,117.169,117.456,117.002,117.346,0
2016-12-27,117.345,117.74,117.204,117.671,0
2016-12-28,117.667,117.811,116.547,116.715,0
2016-12-29,116.717,116.884,116.04,116.715,0
2016-12-30,116.715,117.194,116.423,117.004,0
2017-01-02,116.858,117.662,116.858,117.323,0
2017-01-03,117.323,118.605,117.224,118.003,0
2017-01-04,118.002,118.18,116.282,116.393,0
2017-01-05,116.394,116.787,115.069,115.938,0
2017-01-06,115.938,117.179,115.721,116.947,0
2017-01-08,117.002,117.496,116.996,117.494,0
2017-01-09,117.493,117.531,115.196,115.466,0
2017-01-10,115.462,116.343,115.286,116.068,0
2017-01-11,116.069,116.87,114.244,114.64,0
2017-01-12,114.638,115.179,113.755,114.939,0
2017-01-13,114.939,115.443,114.168,114.449,0
2017-01-15,114.316,114.471,113.974,114.124,0
2017-01-16,114.123,114.389,113.622,113.885,0
2017-01-17,113.885,113.885,112.564,113.041,0
2017-01-18,113.041,114.891,112.996,114.499,0
2017-01-19,114.5,115.616,114.4,114.723,0
2017-01-20,114.724,115.384,114.209,114.582,0
2017-01-22,114.239,114.418,113.44,113.746,0
2017-01-23,113.746,114.073,112.522,112.979,0
2017-01-24,112.98,113.987,112.777,113.561,0
2017-01-25,113.563,113.935,113.036,113.281,0
2017-01-26,113.276,115.037,113.232,114.917,0
2017-01-27,114.919,115.374,114.743,115.068,0
2017-01-29,114.723,114.951,114.263,114.504,0
2017-01-30,114.502,114.935,113.241,113.553,0
2017-01-31,113.554,113.962,112.079,113.216,0
2017-02-01,113.216,113.951,112.637,112.813,0
2017-02-02,112.81,113.233,112.051,112.987,0
2017-02-03,112.986,113.467,112.315,112.567,0
2017-02-05,112.439,112.707,112.225,112.534,0
2017-02-06,112.536,112.775,111.591,111.948,0
2017-02-07,111.946,112.577,111.743,112.294,0
2017-02-08,112.293,112.484,111.63,112.149,0
2017-02-09,112.15,113.798,112.111,113.687,0
2017-02-10,113.688,113.855,112.86,113.186,0
2017-02-12,113.545,114.166,113.453,113.841,0
2017-02-13,113.842,114.062,113.39,113.426,0
2017-02-14,113.426,114.507,113.248,114.399,0
2017-02-15,114.401,114.956,113.763,113.858,0
2017-02-16,113.861,114.037,113.085,113.336,0
2017-02-17,113.335,113.468,112.618,112.817,0
2017-02-19,112.85,113.184,112.791,113.006,0
2017-02-20,113.007,113.705,113.004,113.639,0
2017-02-21,113.637,113.777,113.329,113.426,0
2017-02-22,113.425,113.647,112.906,113.156,0
2017-02-23,113.158,113.332,112.551,112.8,0
2017-02-24,112.798,112.909,111.935,112.11,0
2017-02-26,112.129,112.316,111.917,112.227,0
2017-02-27,112.229,112.842,111.957,112.557,0
2017-02-28,112.555,113.62,111.689,113.58,0
2017-03-01,113.579,114.155,113.371,114.001,0
2017-03-02,114.003,114.589,113.954,114.095,0
2017-03-03,114.09,114.747,113.81,113.99,0
2017-03-05,113.868,114.135,113.718,113.875,0
2017-03-06,113.88,114.1,113.557,113.933,0
2017-03-07,113.934,114.153,113.607,113.71,0
2017-03-08,113.71,114.755,113.647,114.498,0
2017-03-09,114.499,115.353,114.39,115.337,0
2017-03-10,115.339,115.503,114.655,114.698,0
2017-03-12,114.718,114.917,114.67,114.814,0
2017-03-13,114.82,114.975,114.481,114.804,0
2017-03-14,114.799,115.193,114.517,114.835,0
2017-03-15,114.837,114.858,113.155,113.449,0
2017-03-16,113.447,113.536,112.902,113.449,0
2017-03-17,113.449,113.463,112.563,112.662,0
2017-03-19,112.666,112.753,112.475,112.525,0
2017-03-20,112.526,112.895,112.262,112.739,0
2017-03-21,112.738,112.865,111.43,111.655,0
2017-03-22,111.657,111.727,110.73,111.371,0
2017-03-23,111.372,111.439,110.627,111.295,0
2017-03-24,111.293,111.48,110.625,111.294,0
2017-03-26,110.887,111.039,110.256,110.347,0
2017-03-27,110.348,110.825,110.11,110.595,0
2017-03-28,110.594,111.314,110.177,111.225,0
2017-03-29,111.225,111.423,110.715,111.266,0
2017-03-30,111.266,112.195,110.94,112.079,0
2017-03-31,112.08,112.129,111.241,111.382,0
2017-04-02,111.392,111.5,111.127,111.26,0
2017-04-03,111.261,111.585,110.468,110.559,0
2017-04-04,110.561,110.909,110.268,110.612,0
2017-04-05,110.612,111.452,110.289,110.477,0
2017-04-06,110.48,111.142,110.131,110.525,0
2017-04-07,110.523,111.364,110.145,111.058,0
2017-04-09,111.035,111.578,111.009,111.435,0
2017-04-10,111.435,111.459,110.589,110.704,0
2017-04-11,110.704,110.729,109.347,109.486,0
2017-04-12,109.487,109.866,108.721,108.821,0
2017-04-13,108.822,109.392,108.808,109.175,0
2017-04-14,109.174,109.202,108.547,108.55,0
2017-04-16,108.697,108.809,108.131,108.312,0
2017-04-17,108.311,109.222,108.245,108.923,0
2017-04-18,108.924,109.156,108.32,108.601,0
2017-04-19,108.602,109.18,108.534,108.967,0
2017-04-20,108.969,109.486,108.719,109.236,0
2017-04-21,109.235,109.381,108.879,109.06,0
2017-04-23,110.496,110.534,109.852,110.015,0
2017-04-24,110.014,110.346,109.591,110.028,0
2017-04-25,110.028,111.394,110.019,111.196,0
2017-04-26,111.195,111.779,110.848,111.166,0
2017-04-27,111.168,111.599,111.04,111.132,0
2017-04-28,111.131,111.715,111.088,111.479,0
2017-04-30,111.288,111.749,111.205,111.666,0
2017-05-01,111.668,111.974,111.428,111.88,0
2017-05-02,111.88,112.304,111.85,112.029,0
2017-05-03,112.028,112.891,112.004,112.741,0
2017-05-04,112.742,113.047,112.21,112.223,0
2017-05-05,112.222,112.801,112.087,112.694,0
2017-05-07,112.932,112.96,112.596,112.746,0
2017-05-08,112.748,113.381,112.395,113.264,0
2017-05-09,113.264,114.327,113.232,113.769,0
2017-05-10,113.768,114.366,113.648,114.205,0
2017-05-11,114.204,114.273,113.458,113.699,0
2017-05-12,113.701,113.916,113.197,113.342,0
2017-05-14,113.125,113.457,113.125,113.406,0
2017-05-15,113.406,113.849,113.257,113.502,0
2017-05-16,113.501,113.732,112.364,112.394,0
2017-05-17,112.397,112.569,110.523,110.968,0
2017-05-18,110.968,111.732,110.234,111.323,0
2017-05-19,111.322,111.697,111.041,111.237,0
2017-05-21,110.988,111.606,110.988,111.54,0
2017-05-22,111.539,111.572,110.859,111.186,0
2017-05-23,111.185,111.988,110.907,111.895,0
2017-05-24,111.896,112.125,111.475,111.604,0
2017-05-25,111.606,111.949,111.542,111.606,0
2017-05-26,111.605,111.606,110.878,111.294,0
2017-05-28,111.222,111.465,111.151,111.334,0
2017-05-29,111.336,111.399,110.774,110.939,0
2017-05-30,110.937,111.232,110.665,111.083,0
2017-05-31,111.085,111.087,110.48,110.946,0
2017-06-01,110.947,111.674,110.915,111.596,0
2017-06-02,111.594,111.709,110.33,110.368,0
2017-06-04,110.341,110.619,110.306,110.578,0
2017-06-05,110.577,110.729,109.728,109.862,0
2017-06-06,109.863,109.92,109.226,109.506,0
2017-06-07,109.507,110.008,109.113,109.939,0
2017-06-08,109.939,110.382,109.38,110.3,0
2017-06-09,110.3,110.809,110.088,110.33,0
2017-06-11,110.283,110.438,110.153,110.27,0
2017-06-12,110.27,110.317,109.631,109.977,0
2017-06-13,109.975,110.268,109.912,110.05,0
2017-06-14,110.048,110.341,108.814,109.581,0
2017-06-15,109.581,111.269,109.476,111.199,0
2017-06-16,111.199,111.416,110.646,110.834,0
2017-06-18,110.887,111.136,110.725,111.04,0
2017-06-19,111.038,111.775,110.908,111.688,0
2017-06-20,111.688,111.785,111.187,111.227,0
2017-06-21,111.23,111.736,110.95,111.15,0
2017-06-22,111.149,111.445,110.951,111.311,0
2017-06-23,111.312,111.358,111.151,111.241,0
2017-06-25,111.154,111.347,111.137,111.308,0
2017-06-26,111.306,112.075,111.284,111.883,0
2017-06-27,111.882,112.465,111.461,112.11,0
2017-06-28,112.112,112.413,111.829,112.279,0
2017-06-29,112.279,112.925,111.73,111.831,0
2017-06-30,111.83,112.602,111.76,112.365,0
2017-07-02,112.088,112.547,112.073,112.532,0
2017-07-03,112.53,113.47,112.453,113.195,0
2017-07-04,113.194,113.35,112.738,113.043,0
2017-07-05,113.042,113.683,112.885,112.936,0
2017-07-06,112.937,113.833,112.896,113.636,0
2017-07-07,113.637,114.177,113.5,113.878,0
2017-07-09,113.866,114.199,113.866,114.155,0
2017-07-10,114.155,114.3,113.989,114.172,0
2017-07-11,114.166,114.493,113.36,113.369,0
2017-07-12,113.371,113.736,112.862,112.917,0
2017-07-13,112.916,113.575,112.876,113.402,0
2017-07-14,113.4,113.47,112.267,112.509,0
2017-07-16,112.456,112.69,112.397,112.594,0
2017-07-17,112.594,112.866,111.986,112.15,0
2017-07-18,112.151,112.375,111.685,112.035,0
2017-07-19,112.034,112.231,111.553,112.153,0
2017-07-20,112.152,112.415,111.48,111.967,0
2017-07-21,111.967,112.076,111.011,111.113,0
2017-07-23,111.086,111.2,110.768,110.943,0
2017-07-24,110.944,111.342,110.62,111.06,0
2017-07-25,111.061,112.085,110.828,111.895,0
2017-07-26,111.896,112.199,110.78,110.894,0
2017-07-27,110.893,111.709,110.854,111.115,0
2017-07-28,111.116,111.285,110.55,110.664,0
2017-07-30,110.628,110.674,110.305,110.557,0
2017-07-31,110.556,110.769,110.001,110.183,0
2017-08-01,110.182,110.694,109.926,110.675,0
2017-08-02,110.675,110.981,110.284,110.704,0
2017-08-03,110.704,110.748,109.844,110.095,0
2017-08-04,110.094,111.047,110.006,110.651,0
2017-08-06,110.72,110.848,110.645,110.705,0
2017-08-07,110.705,110.917,110.57,110.646,0
2017-08-08,110.645,110.826,109.74,109.815,0
2017-08-09,109.816,110.177,109.558,109.981,0
2017-08-10,109.982,110.055,108.904,108.976,0
2017-08-11,108.975,109.4,108.735,109.168,0
2017-08-13,109.158,109.538,109.042,109.52,0
2017-08-14,109.519,110.23,109.424,110.199,0
2017-08-15,110.2,110.847,110.197,110.65,0
2017-08-16,110.651,110.947,109.665,109.885,0
2017-08-17,109.887,110.368,109.293,109.377,0
2017-08-18,109.379,109.597,108.601,109.184,0
2017-08-20,109.353,109.42,109.173,109.254,0
2017-08-21,109.255,109.335,108.635,109.256,0
2017-08-22,109.257,109.823,109.133,109.435,0
2017-08-23,109.436,109.568,108.847,109.193,0
2017-08-24,109.194,109.774,109.069,109.572,0
2017-08-25,109.573,109.841,109.111,109.341,0
2017-08-27,109.154,109.399,109.085,109.156,0
2017-08-28,109.157,109.411,108.331,108.826,0
2017-08-29,108.824,109.915,108.265,109.744,0
2017-08-30,109.746,110.607,109.668,110.54,0
2017-08-31,110.538,110.669,109.88,110.003,0
2017-09-01,110.003,110.475,109.562,110.235,0
2017-09-03,109.49,109.932,109.484,109.81,0
2017-09-04,109.811,109.833,109.202,109.273,0
2017-09-05,109.274,109.552,108.502,108.651,0
2017-09-06,108.65,109.396,108.454,109.071,0
2017-09-07,109.072,109.11,108.046,108.13,0
2017-09-08,108.129,108.211,107.319,107.809,0
2017-09-10,108.172,108.56,108.115,108.439,0
2017-09-11,108.439,109.58,108.321,109.366,0
2017-09-12,109.368,110.289,109.295,110.048,0
2017-09-13,110.048,110.732,109.903,110.498,0
2017-09-14,110.5,111.041,109.547,110.367,0
2017-09-15,110.365,111.331,110.345,110.81,0
2017-09-17,111.056,111.252,110.992,111.161,0
2017-09-18,111.16,111.661,111.131,111.488,0
2017-09-19,111.488,111.879,111.201,111.47,0
2017-09-20,111.471,112.646,111.109,112.445,0
2017-09-21,112.445,112.714,111.651,111.81,0
2017-09-22,111.812,112.168,111.733,111.98,0
2017-09-24,112.14,112.526,112.114,112.229,0
2017-09-25,112.228,112.33,111.474,111.53,0
2017-09-26,111.529,112.542,111.497,112.361,0
2017-09-27,112.361,113.254,112.288,113.025,0
2017-09-28,113.025,113.208,112.251,112.606,0
2017-09-29,112.606,112.737,112.216,112.483,0
2017-10-01,112.627,112.911,112.448,112.807,0
2017-10-02,112.808,113.178,112.53,113.142,0
2017-10-03,113.142,113.194,112.508,112.675,0
2017-10-04,112.676,112.936,112.322,112.753,0
2017-10-05,112.753,112.884,112.411,112.875,0
2017-10-06,112.873,113.436,112.604,112.618,0
2017-10-08,112.567,112.669,112.326,112.646,0
2017-10-09,112.646,112.825,112.507,112.679,0
2017-10-10,112.677,112.708,111.988,112.464,0
2017-10-11,112.464,112.57,112.08,112.335,0
2017-10-12,112.335,112.451,112.016,112.171,0
2017-10-13,112.172,112.256,111.69,111.778,0
2017-10-15,111.729,112.076,111.729,111.931,0
2017-10-16,111.931,112.302,111.651,112.066,0
2017-10-17,112.065,112.477,112.06,112.222,0
2017-10-18,112.221,113.09,112.213,112.948,0
2017-10-19,112.95,113.303,112.297,113.143,0
2017-10-20,113.142,113.567,113.067,113.493,0
2017-10-22,113.849,114.097,113.72,113.754,0
2017-10-23,113.755,113.967,113.243,113.311,0
2017-10-24,113.312,114.018,113.312,113.932,0
2017-10-25,113.934,114.24,113.373,113.52,0
2017-10-26,113.519,114.261,113.34,114.096,0
2017-10-27,114.095,114.451,113.643,113.657,0
2017-10-29,113.717,113.834,113.523,113.59,0
2017-10-30,113.589,113.758,112.978,113.158,0
2017-10-31,113.156,113.933,112.956,113.827,0
2017-11-01,113.832,114.278,113.731,113.898,0
2017-11-02,113.898,114.216,113.539,114.013,0
2017-11-03,114.013,114.424,113.63,114.038,0
2017-11-05,114.0,114.732,114.0,114.262,0
2017-11-06,114.262,114.427,113.69,113.98,0
2017-11-07,113.98,114.339,113.642,113.797,0
2017-11-08,113.796,114.067,113.393,113.827,0
2017-11-09,113.828,113.832,113.09,113.454,0
2017-11-10,113.453,113.634,113.219,113.498,0
2017-11-12,113.471,113.712,113.468,113.679,0
2017-11-13,113.679,113.723,113.243,113.644,0
2017-11-14,113.643,113.909,113.031,113.196,0
2017-11-15,113.195,113.277,112.478,113.069,0
2017-11-16,113.068,113.328,112.393,112.595,0
2017-11-17,112.596,112.684,111.943,112.057,0
2017-11-19,112.113,112.198,111.884,112.029,0
2017-11-20,112.03,112.716,111.949,112.578,0
2017-11-21,112.578,112.603,112.155,112.209,0
2017-11-22,112.21,112.235,111.067,111.294,0
2017-11-23,111.293,111.495,111.105,111.455,0
2017-11-24,111.455,111.621,111.295,111.488,0
2017-11-26,111.478,111.69,111.319,111.345,0
2017-11-27,111.344,111.454,110.84,111.155,0
2017-11-28,111.156,111.665,111.06,111.506,0
2017-11-29,111.507,112.148,111.373,112.025,0
2017-11-30,112.022,112.693,111.735,112.614,0
2017-12-01,112.613,112.872,111.409,112.173,0
2017-12-03,112.772,112.894,112.638,112.786,0
2017-12-04,112.785,113.089,112.364,112.588,0
2017-12-05,112.585,112.864,112.107,112.14,0
2017-12-06,112.137,112.484,111.991,112.425,0
2017-12-07,112.426,113.386,112.39,113.362,0
2017-12-08,113.361,113.586,113.128,113.448,0
2017-12-10,113.513,113.687,113.452,113.601,0
2017-12-11,113.6,113.6,113.24,113.486,0
2017-12-12,113.484,113.75,113.124,113.333,0
2017-12-13,113.335,113.452,112.458,112.629,0
2017-12-14,112.627,112.882,112.064,112.337,0
2017-12-15,112.338,112.742,112.03,112.567,0
2017-12-17,112.694,112.828,112.48,112.674,0
2017-12-18,112.671,112.741,112.306,112.631,0
2017-12-19,112.63,113.076,112.51,112.978,0
2017-12-20,112.977,113.464,112.947,113.388,0
2017-12-21,113.388,113.634,113.266,113.309,0
2017-12-22,113.31,113.446,113.248,113.254,0
2017-12-25,113.195,113.352,113.162,113.294,0
2017-12-26,113.296,113.358,113.118,113.209,0
2017-12-27,113.208,113.377,112.966,112.997,0
2017-12-28,112.997,113.028,112.663,112.741,0
2017-12-29,112.743,112.763,112.47,112.661,0
2018-01-01,112.645,112.789,112.576,112.708,0
2018-01-02,112.707,112.737,112.054,112.325,0
2018-01-03,112.324,112.777,112.189,112.651,0
2018-01-04,112.651,112.882,112.487,112.876,0
2018-01-05,112.877,113.307,112.876,113.023,0
2018-01-07,113.116,113.201,113.005,113.197,0
2018-01-08,113.198,113.384,112.496,112.616,0
2018-01-09,112.614,112.965,112.167,112.287,0
2018-01-10,112.286,112.378,111.27,111.748,0
2018-01-11,111.748,111.874,111.042,111.234,0
2018-01-12,111.234,111.694,110.914,111.027,0
2018-01-14,111.08,111.182,110.623,110.679,0
2018-01-15,110.678,110.98,110.327,110.852,0
2018-01-16,110.852,110.94,110.192,110.856,0
2018-01-17,110.854,111.481,110.599,111.354,0
2018-01-18,111.355,111.376,110.694,110.855,0
2018-01-19,110.852,110.923,110.49,110.764,0
2018-01-21,110.533,110.868,110.502,110.793,0
2018-01-22,110.794,111.221,110.559,110.783,0
2018-01-23,110.781,111.176,109.804,109.889,0
2018-01-24,109.89,110.083,108.92,109.006,0
2018-01-25,109.006,109.769,108.5,109.408,0
2018-01-26,109.407,109.588,108.281,108.553,0
2018-01-28,108.674,108.987,108.508,108.739,0
2018-01-29,108.74,109.203,108.622,108.758,0
2018-01-30,108.759,109.088,108.413,108.849,0
2018-01-31,108.85,109.443,108.594,109.289,0
2018-02-01,109.288,109.749,109.225,109.671,0
2018-02-02,109.672,110.479,109.621,110.125,0
2018-02-04,110.179,110.28,109.791,109.997,0
2018-02-05,109.998,110.263,108.454,108.655,0
2018-02-06,108.649,109.707,108.609,109.273,0
2018-02-07,109.275,109.701,108.918,109.56,0
2018-02-08,109.562,109.782,108.495,108.919,0
2018-02-09,108.92,109.307,108.045,108.755,0
2018-02-11,108.873,108.881,108.559,108.664,0
2018-02-12,108.666,108.807,108.333,108.367,0
2018-02-13,108.367,108.376,106.838,107.102,0
2018-02-14,107.103,107.553,106.302,106.599,0
2018-02-15,106.598,106.846,105.55,105.708,0
2018-02-16,105.705,106.398,105.665,106.176,0
2018-02-18,106.291,106.444,106.093,106.39,0
2018-02-19,106.391,106.86,106.353,106.787,0
2018-02-20,106.787,107.901,106.738,107.782,0
2018-02-21,107.784,107.899,107.155,107.426,0
2018-02-22,107.426,107.605,106.592,106.972,0
2018-02-23,106.973,107.131,106.51,106.85,0
2018-02-25,107.133,107.133,106.439,106.623,0
2018-02-26,106.622,107.097,106.374,106.936,0
2018-02-27,106.937,107.673,106.8,107.184,0
2018-02-28,107.186,107.237,106.543,106.811,0
2018-03-01,106.812,107.204,105.933,106.08,0
2018-03-02,106.081,106.149,105.25,105.718,0
2018-03-04,105.419,105.677,105.417,105.492,0
2018-03-05,105.493,106.461,105.35,106.285,0
2018-03-06,106.285,106.434,105.455,105.692,0
2018-03-07,105.692,106.219,105.504,106.056,0
2018-03-08,106.054,106.942,105.891,106.629,0
2018-03-09,106.628,107.051,106.608,106.78,0
2018-03-11,106.62,106.97,106.51,106.622,0
2018-03-12,106.623,106.731,106.252,106.549,0
2018-03-13,106.55,107.293,106.394,106.455,0
2018-03-14,106.454,106.714,105.824,106.026,0
2018-03-15,106.025,106.413,105.784,105.895,0
2018-03-16,105.895,106.234,105.601,105.976,0
2018-03-18,105.904,106.149,105.743,105.814,0
2018-03-19,105.812,106.312,105.676,106.257,0
2018-03-20,106.255,106.603,106.081,106.475,0
2018-03-21,106.477,106.638,105.577,105.676,0
2018-03-22,105.678,105.96,104.635,104.759,0
2018-03-23,104.764,105.285,104.657,104.709,0
2018-03-25,104.64,105.051,104.627,104.953,0
2018-03-26,104.953,105.748,104.851,105.631,0
2018-03-27,105.63,105.901,105.316,105.527,0
2018-03-28,105.526,107.009,105.427,106.577,0
2018-03-29,106.578,106.688,106.14,106.324,0
2018-03-30,106.324,106.367,106.119,106.247,0
2018-04-01,106.206,106.397,106.184,106.357,0
2018-04-02,106.36,106.446,105.654,105.947,0
2018-04-03,105.946,106.654,105.756,106.507,0
2018-04-04,106.507,106.988,105.988,106.918,0
2018-04-05,106.919,107.491,106.831,107.228,0
2018-04-06,107.233,107.458,106.777,106.903,0
2018-04-08,106.933,107.065,106.799,107.035,0
2018-04-09,107.036,107.242,106.614,107.087,0
2018-04-10,107.086,107.398,106.807,107.06,0
2018-04-11,107.061,107.109,106.65,106.864,0
2018-04-12,106.865,107.479,106.818,107.355,0
2018-04-13,107.356,107.777,107.252,107.326,0
2018-04-15,107.467,107.606,107.171,107.249,0
2018-04-16,107.249,107.389,106.967,107.073,0
2018-04-17,107.073,107.352,106.881,107.321,0
2018-04-18,107.321,107.514,107.097,107.413,0
2018-04-19,107.413,107.73,107.237,107.615,0
2018-04-20,107.616,107.854,107.478,107.626,0
2018-04-22,107.757,107.886,107.653,107.806,0
2018-04-23,107.81,108.868,107.765,108.769,0
2018-04-24,108.768,109.197,108.541,109.014,0
2018-04-25,109.015,109.466,108.971,109.29,0
2018-04-26,109.291,109.417,109.063,109.175,0
2018-04-27,109.176,109.535,108.966,109.011,0
2018-04-29,109.062,109.178,109.019,109.134,0
2018-04-30,109.133,109.451,109.084,109.358,0
2018-05-01,109.358,109.917,109.347,109.694,0
2018-05-02,109.697,110.033,109.568,109.673,0
2018-05-03,109.674,109.741,108.927,108.994,0
2018-05-04,108.995,109.269,108.644,109.104,0
2018-05-06,109.108,109.199,108.756,108.982,0
2018-05-07,108.983,109.394,108.853,109.011,0
2018-05-08,109.012,109.636,108.828,109.522,0
2018-05-09,109.523,109.918,109.44,109.734,0
2018-05-10,109.735,110.015,109.191,109.474,0
2018-05-11,109.476,109.52,109.15,109.363,0
2018-05-13,109.315,109.403,109.205,109.335,0
2018-05-14,109.336,109.79,109.313,109.729,0
2018-05-15,109.73,110.452,109.72,110.277,0
2018-05-16,110.279,110.402,110.037,110.213,0
2018-05-17,110.214,111.001,110.176,110.953,0
2018-05-18,110.952,111.079,110.609,110.755,0
2018-05-20,110.871,111.139,110.818,111.139,0
2018-05-21,111.138,111.393,110.839,110.915,0
2018-05-22,110.916,111.183,110.376,110.524,0
2018-05-23,110.525,110.529,109.377,109.462,0
2018-05-24,109.461,109.763,108.951,109.575,0
2018-05-25,109.574,109.595,109.118,109.391,0
2018-05-27,109.737,109.828,109.312,109.441,0
2018-05-28,109.446,109.609,108.914,109.068,0
2018-05-29,109.067,109.123,108.109,108.608,0
2018-05-30,108.609,109.071,108.467,108.765,0
2018-05-31,108.764,109.239,108.386,109.154,0
2018-06-01,109.153,109.732,109.031,109.504,0
2018-06-03,109.431,109.764,109.431,109.609,0
2018-06-04,109.608,109.992,109.369,109.875,0
2018-06-05,109.877,110.001,109.471,109.858,0
2018-06-06,109.856,110.263,109.855,109.953,0
2018-06-07,109.951,110.091,109.472,109.699,0
2018-06-08,109.703,109.728,109.195,109.527,0
2018-06-10,109.287,109.758,109.264,109.731,0
2018-06-11,109.731,110.49,109.725,110.3,0
2018-06-12,110.299,110.668,110.096,110.626,0
2018-06-13,110.627,110.845,110.08,110.237,0
2018-06-14,110.238,110.795,109.916,110.703,0
2018-06-15,110.706,110.901,110.386,110.627,0
2018-06-17,110.665,110.73,110.298,110.401,0
2018-06-18,110.402,110.615,109.756,109.766,0
2018-06-19,109.768,110.2,109.549,110.128,0
2018-06-20,110.129,110.638,109.947,110.567,0
2018-06-21,110.568,110.756,109.826,109.972,0
2018-06-22,109.973,110.217,109.8,109.938,0
2018-06-24,109.831,110.012,109.448,109.516,0
2018-06-25,109.519,110.033,109.365,109.459,0
2018-06-26,109.459,110.21,109.4,109.895,0
2018-06-27,109.896,110.487,109.683,110.21,0
2018-06-28,110.209,110.787,110.06,110.684,0
2018-06-29,110.685,110.939,110.473,110.67,0
2018-07-01,110.584,111.061,110.564,110.858,0
2018-07-02,110.86,111.132,110.601,110.841,0
2018-07-03,110.842,111.115,110.279,110.441,0
2018-07-04,110.442,110.616,110.289,110.339,0
2018-07-05,110.338,110.754,110.317,110.712,0
2018-07-06,110.714,110.783,110.379,110.443,0
2018-07-08,110.41,110.529,110.348,110.454,0
2018-07-09,110.454,111.089,110.383,111.085,0
2018-07-10,111.084,111.352,110.765,111.084,0
2018-07-11,111.086,112.379,110.951,112.255,0
2018-07-12,112.256,112.767,112.165,112.647,0
2018-07-13,112.646,112.799,112.275,112.352,0
2018-07-15,112.188,112.561,112.188,112.469,0
2018-07-16,112.47,112.569,112.218,112.342,0
2018-07-17,112.347,113.074,112.224,112.948,0
2018-07-18,112.949,113.136,112.65,112.723,0
2018-07-19,112.721,113.175,112.048,112.344,0
2018-07-20,112.342,112.503,111.379,111.379,0
2018-07-22,111.371,111.499,110.749,110.888,0
2018-07-23,110.887,111.54,110.881,111.311,0
2018-07-24,111.311,111.451,110.96,111.302,0
2018-07-25,111.301,111.32,110.664,110.789,0
2018-07-26,110.79,111.247,110.587,110.992,0
2018-07-27,110.991,111.248,110.794,111.016,0
2018-07-29,110.918,111.145,110.889,111.115,0
2018-07-30,111.117,111.227,110.801,110.87,0
2018-07-31,110.871,111.966,110.743,111.941,0
2018-08-01,111.941,112.15,111.388,111.549,0
2018-08-02,111.55,111.783,111.307,111.669,0
2018-08-03,111.67,111.878,111.1,111.213,0
2018-08-05,111.214,111.36,111.15,111.325,0
2018-08-06,111.326,111.526,111.2,111.311,0
2018-08-07,111.312,111.476,110.99,111.362,0
2018-08-08,111.361,111.365,110.706,110.802,0
2018-08-09,110.802,111.182,110.745,110.864,0
2018-08-10,110.865,111.14,110.509,110.778,0
2018-08-12,110.435,110.742,110.13,110.202,0
2018-08-13,110.201,110.934,110.108,110.867,0
2018-08-14,110.869,111.428,110.751,111.265,0
2018-08-15,111.265,111.368,110.431,110.821,0
2018-08-16,110.82,111.118,110.556,110.849,0
2018-08-17,110.848,110.899,110.313,110.469,0
2018-08-19,110.585,110.585,110.41,110.563,0
2018-08-20,110.563,110.682,109.773,110.126,0
2018-08-21,110.127,110.543,110.003,110.434,0
2018-08-22,110.434,110.891,110.205,110.799,0
2018-08-23,110.798,111.483,110.747,111.475,0
2018-08-24,111.478,111.484,111.102,111.21,0
2018-08-26,111.312,111.346,110.934,111.057,0
2018-08-27,111.056,111.354,110.948,111.319,0
2018-08-28,111.319,111.327,110.953,111.257,0
2018-08-29,111.257,111.825,111.12,111.61,0
2018-08-30,111.609,111.716,110.881,110.999,0
2018-08-31,110.999,111.134,110.684,111.018,0
2018-09-02,111.065,111.184,110.849,110.895,0
2018-09-03,110.894,111.172,110.883,111.107,0
2018-09-04,111.107,111.709,111.056,111.534,0
2018-09-05,111.533,111.754,111.17,111.356,0
2018-09-06,111.354,111.428,110.377,110.595,0
2018-09-07,110.595,111.245,110.53,110.976,0
2018-09-09,111.036,111.084,110.848,111.009,0
2018-09-10,111.009,111.476,110.925,111.449,0
2018-09-11,111.448,111.649,111.28,111.484,0
2018-09-12,111.485,111.588,111.112,111.367,0
2018-09-13,111.367,112.076,111.367,111.825,0
2018-09-14,111.824,112.166,111.751,112.027,0
2018-09-16,111.995,112.12,111.936,111.967,0
2018-09-17,111.968,112.108,111.661,111.942,0
2018-09-18,111.941,112.428,111.873,112.364,0
2018-09-19,112.365,112.444,112.086,112.173,0
2018-09-20,112.173,112.763,112.042,112.73,0
2018-09-21,112.731,112.871,112.503,112.549,0
2018-09-23,112.401,112.63,112.399,112.604,0
2018-09-24,112.605,112.975,112.431,112.84,0
2018-09-25,112.839,113.024,112.738,112.948,0
2018-09-26,112.947,113.131,112.611,112.708,0
2018-09-27,112.707,113.632,112.558,113.52,0
2018-09-28,113.519,113.707,113.318,113.668,0
2018-09-30,113.714,113.96,113.686,113.881,0
2018-10-01,113.881,114.059,113.821,113.937,0
2018-10-02,113.938,113.985,113.52,113.671,0
2018-10-03,113.67,114.548,113.636,114.254,0
2018-10-04,114.253,114.454,113.63,113.901,0
2018-10-05,113.9,114.073,113.558,113.688,0
2018-10-07,113.767,113.94,113.647,113.87,0
2018-10-08,113.869,113.879,112.819,113.107,0
2018-10-09,113.106,113.389,112.868,113.022,0
2018-10-10,113.021,113.283,111.966,112.19,0
2018-10-11,112.189,112.532,111.83,112.383,0
2018-10-12,112.381,112.494,111.878,112.173,0
2018-10-14,112.135,112.231,111.933,112.067,0
2018-10-15,112.068,112.087,111.623,111.964,0
2018-10-16,111.966,112.416,111.957,112.359,0
2018-10-17,112.358,112.725,112.012,112.531,0
2018-10-18,112.529,112.648,111.947,112.382,0
2018-10-19,112.381,112.645,112.34,112.514,0
2018-10-21,112.559,112.645,112.35,112.616,0
2018-10-22,112.616,112.884,112.512,112.576,0
2018-10-23,112.576,112.613,111.952,112.577,0
2018-10-24,112.576,112.742,111.817,112.084,0
2018-10-25,112.084,112.671,111.924,112.169,0
2018-10-26,112.17,112.27,111.374,111.885,0
2018-10-28,111.856,112.042,111.774,111.891,0
2018-10-29,111.891,112.711,111.846,112.657,0
2018-10-30,112.658,113.326,112.635,113.236,0
2018-10-31,113.235,113.381,112.721,112.851,0
2018-11-01,112.85,113.0,112.559,112.696,0
2018-11-02,112.695,113.319,112.67,113.171,0
2018-11-04,113.139,113.241,113.105,113.232,0
2018-11-05,113.231,113.357,113.072,113.342,0
2018-11-06,113.343,113.815,112.961,113.203,0
2018-11-07,113.203,113.734,112.945,113.73,0
2018-11-08,113.73,114.082,113.575,113.909,0
2018-11-09,113.908,113.979,113.636,113.798,0
2018-11-11,113.837,114.033,113.798,114.0,0
2018-11-12,114.0,114.204,113.578,113.986,0
2018-11-13,113.985,114.145,113.729,113.913,0
2018-11-14,113.912,114.005,113.296,113.471,0
2018-11-15,113.472,113.705,113.097,113.44,0
2018-11-16,113.441,113.452,112.64,112.803,0
2018-11-18,112.755,112.831,112.607,112.73,0
2018-11-19,112.73,112.872,112.396,112.502,0
2018-11-20,112.503,112.936,112.303,112.897,0
2018-11-21,112.897,113.218,112.795,113.008,0
2018-11-22,113.008,113.077,112.873,112.902,0
2018-11-23,112.902,112.941,112.659,112.925,0
2018-11-25,112.885,113.286,112.877,113.212,0
2018-11-26,113.213,113.648,113.163,113.496,0
2018-11-27,113.495,113.85,113.444,113.821,0
2018-11-28,113.823,114.034,113.254,113.281,0
2018-11-29,113.283,113.552,113.192,113.421,0
2018-11-30,113.421,113.713,113.354,113.54,0
2018-12-02,113.632,113.819,113.436,113.494,0
2018-12-03,113.493,113.708,113.06,113.098,0
2018-12-04,113.097,113.154,112.573,112.988,0
2018-12-05,112.989,113.24,112.58,112.63,0
2018-12-06,112.63,113.154,112.233,112.837,0
2018-12-07,112.837,112.925,112.551,112.65,0
2018-12-09,112.611,112.681,112.238,112.447,0
2018-12-10,112.446,113.364,112.392,113.06,0
2018-12-11,113.06,113.514,113.02,113.462,0
2018-12-12,113.46,113.517,113.138,113.493,0
2018-12-13,113.492,113.706,113.365,113.451,0
2018-12-14,113.451,113.673,113.212,113.352,0
2018-12-16,113.345,113.5,113.302,113.494,0
2018-12-17,113.493,113.52,112.47,112.556,0
2018-12-18,112.556,112.654,112.188,112.286,0
2018-12-19,112.285,112.665,112.088,112.251,0
2018-12-20,112.252,112.273,110.813,111.376,0
2018-12-21,111.376,111.459,110.934,111.211,0
2018-12-23,110.941,111.19,110.935,111.104,0
2018-12-24,111.105,111.155,110.051,110.176,0
2018-12-25,110.179,110.675,109.999,110.383,0
2018-12-26,110.383,111.408,110.279,111.008,0
2018-12-27,111.007,111.232,110.455,110.633,0
2018-12-28,110.633,110.706,110.142,110.239,0
2018-12-30,110.231,110.475,110.231,110.407,0
2018-12-31,110.407,110.432,109.556,109.6,0
2019-01-01,109.648,109.726,109.336,109.387,0
2019-01-02,109.387,109.464,104.736,107.152,0
2019-01-03,107.153,108.445,106.746,108.334,0
2019-01-04,108.335,108.589,107.821,108.518,0
2019-01-06,108.503,108.622,108.019,108.301,0
2019-01-07,108.301,108.997,108.067,108.987,0
2019-01-08,108.987,109.087,108.441,108.864,0
2019-01-09,108.867,108.99,107.819,107.975,0
2019-01-10,107.975,108.518,107.769,108.317,0
2019-01-11,108.316,108.597,108.145,108.528,0
2019-01-13,108.499,108.555,108.06,108.115,0
2019-01-14,108.114,108.576,107.986,108.556,0
2019-01-15,108.557,108.765,108.329,108.477,0
2019-01-16,108.477,109.195,108.428,109.011,0
2019-01-17,109.011,109.439,108.686,109.378,0
2019-01-18,109.377,109.889,109.305,109.769,0
2019-01-20,109.679,109.767,109.474,109.589,0
2019-01-21,109.589,109.693,109.411,109.469,0
2019-01-22,109.468,109.797,109.146,109.695,0
2019-01-23,109.695,109.999,109.394,109.55,0
2019-01-24,109.555,109.871,109.421,109.748,0
2019-01-25,109.746,109.949,109.453,109.539,0
2019-01-27,109.543,109.576,109.264,109.394,0
2019-01-28,109.394,109.525,109.129,109.272,0
2019-01-29,109.273,109.541,109.207,109.364,0
2019-01-30,109.365,109.743,108.77,108.818,0
2019-01-31,108.818,108.967,108.497,108.86,0
2019-02-01,108.858,109.58,108.836,109.504,0
2019-02-03,109.51,109.785,109.432,109.762,0
2019-02-04,109.762,110.161,109.719,109.892,0
2019-02-05,109.891,110.051,109.628,109.757,0
2019-02-06,109.758,110.043,109.56,109.922,0
2019-02-07,109.921,110.086,109.605,109.713,0
2019-02-08,109.713,109.897,109.665,109.724,0
2019-02-10,109.729,110.016,109.729,109.995,0
2019-02-11,109.995,110.651,109.943,110.592,0
2019-02-12,110.591,110.704,110.344,110.599,0
2019-02-13,110.598,111.128,110.578,111.026,0
2019-02-14,111.026,111.124,110.261,110.302,0
2019-02-15,110.301,110.645,110.252,110.458,0
2019-02-17,110.439,110.576,110.439,110.544,0
2019-02-18,110.543,110.698,110.453,110.655,0
2019-02-19,110.655,110.931,110.49,110.808,0
2019-02-20,110.812,110.95,110.592,110.791,0
2019-02-21,110.791,110.835,110.568,110.781,0
2019-02-22,110.781,110.905,110.557,110.637,0
2019-02-24,110.649,110.86,110.582,110.672,0
2019-02-25,110.671,111.234,110.577,110.811,0
2019-02-26,110.811,110.892,110.424,110.592,0
2019-02-27,110.593,111.074,110.351,110.88,0
2019-02-28,110.879,111.769,110.661,111.661,0
2019-03-01,111.662,112.077,111.641,111.906,0
2019-03-03,111.851,112.013,111.756,111.961,0
2019-03-04,111.961,111.985,111.64,111.894,0
2019-03-05,111.895,112.137,111.725,111.766,0
2019-03-06,111.767,111.922,111.575,111.68,0
2019-03-07,111.679,111.857,111.22,111.241,0
2019-03-08,111.24,111.28,110.778,111.156,0
2019-03-10,111.128,111.158,110.879,111.119,0
2019-03-11,111.118,111.455,111.029,111.347,0
2019-03-12,111.347,111.466,111.11,111.294,0
2019-03-13,111.294,111.628,111.006,111.593,0
2019-03-14,111.593,111.901,111.487,111.697,0
2019-03-15,111.697,111.761,111.384,111.471,0
2019-03-17,111.46,111.628,111.46,111.53,0
2019-03-18,111.532,111.59,111.158,111.275,0
2019-03-19,111.275,111.695,111.187,111.586,0
2019-03-20,111.588,111.621,110.403,110.493,0
2019-03-21,110.493,110.958,110.298,110.777,0
2019-03-22,110.781,110.84,109.741,109.925,0
2019-03-24,109.916,110.139,109.708,109.977,0
2019-03-25,109.977,110.242,109.752,110.041,0
2019-03-26,110.044,110.69,110.028,110.599,0
2019-03-27,110.599,110.713,110.112,110.166,0
2019-03-28,110.166,110.929,110.018,110.755,0
2019-03-29,110.754,110.949,110.553,110.825,0
2019-03-31,111.008,111.184,110.866,111.081,0
2019-04-01,111.081,111.454,110.81,111.358,0
2019-04-02,111.357,111.529,111.208,111.477,0
2019-04-03,111.477,111.578,111.327,111.409,0
2019-04-04,111.41,111.801,111.334,111.7,0
2019-04-05,111.702,111.822,111.549,111.688,0
2019-04-07,111.665,111.746,111.344,111.404,0
2019-04-08,111.403,111.579,111.28,111.377,0
2019-04-09,111.378,111.386,110.979,111.149,0
2019-04-10,111.149,111.28,110.843,111.062,0
2019-04-11,111.062,111.816,111.045,111.756,0
2019-04-12,111.756,112.093,111.724,111.993,0
2019-04-14,111.955,112.095,111.92,111.927,0
2019-04-15,111.926,112.074,111.886,111.94,0
2019-04-16,111.94,112.165,111.846,111.956,0
2019-04-17,111.956,112.122,111.872,111.879,0
2019-04-18,111.879,112.025,111.766,111.93,0
2019-04-19,111.929,111.948,111.859,111.859,0
2019-04-21,111.854,111.991,111.844,111.915,0
2019-04-22,111.914,111.976,111.651,111.841,0
2019-04-23,111.84,112.032,111.76,111.774,0
2019-04-24,111.773,112.399,111.681,111.97,0
2019-04-25,111.971,112.001,111.368,111.634,0
2019-04-26,111.635,112.031,111.428,111.526,0
2019-04-28,111.533,111.639,111.533,111.598,0
2019-04-29,111.598,111.898,111.555,111.566,0
2019-04-30,111.567,111.575,111.235,111.495,0
2019-05-01,111.495,111.664,111.051,111.547,0
2019-05-02,111.547,111.601,111.372,111.476,0
2019-05-03,111.478,111.699,111.068,111.09,0
2019-05-05,110.604,110.843,110.28,110.574,0
2019-05-06,110.574,110.958,110.569,110.64,0
2019-05-07,110.642,110.848,109.902,109.942,0
2019-05-08,109.941,110.267,109.831,109.957,0
2019-05-09,109.956,110.049,109.472,109.769,0
2019-05-10,109.769,110.043,109.474,109.94,0
2019-05-12,109.746,109.834,109.597,109.761,0
2019-05-13,109.762,109.784,109.019,109.591,0
2019-05-14,109.591,109.772,109.443,109.638,0
2019-05-15,109.639,109.701,109.153,109.493,0
2019-05-16,109.493,110.034,109.35,109.684,0
2019-05-17,109.684,110.194,109.493,110.054,0
2019-05-19,110.103,110.318,110.015,110.202,0
2019-05-20,110.202,110.262,109.809,110.228,0
2019-05-21,110.228,110.672,110.064,110.508,0
2019-05-22,110.508,110.516,110.126,110.339,0
2019-05-23,110.338,110.343,109.457,109.584,0
2019-05-24,109.583,109.727,109.273,109.285,0
2019-05-26,109.398,109.512,109.357,109.447,0
2019-05-27,109.447,109.629,109.43,109.498,0
2019-05-28,109.497,109.61,109.149,109.351,0
2019-05-29,109.35,109.699,109.154,109.584,0
2019-05-30,109.584,109.925,109.125,109.185,0
2019-05-31,109.185,109.209,108.277,108.278,0
2019-06-02,108.275,108.348,108.1,108.13,0
2019-06-03,108.13,108.445,107.857,108.001,0
2019-06-04,108.002,108.358,107.845,108.103,0
2019-06-05,108.102,108.485,107.815,108.242,0
2019-06-06,108.241,108.562,108.025,108.481,0
2019-06-07,108.482,108.617,107.88,108.189,0
2019-06-09,108.474,108.553,108.366,108.541,0
2019-06-10,108.541,108.716,108.312,108.609,0
2019-06-11,108.608,108.8,108.437,108.479,0
2019-06-12,108.479,108.548,108.164,108.329,0
2019-06-13,108.33,108.535,108.236,108.326,0
2019-06-14,108.325,108.587,108.158,108.55,0
2019-06-16,108.493,108.703,108.469,108.583,0
2019-06-17,108.584,108.724,108.259,108.318,0
2019-06-18,108.318,108.676,108.06,108.455,0
2019-06-19,108.455,108.492,107.551,107.605,0
2019-06-20,107.605,107.882,107.048,107.097,0
2019-06-21,107.096,107.734,107.061,107.303,0
2019-06-23,107.263,107.432,107.263,107.404,0
2019-06-24,107.403,107.537,106.928,106.946,0
2019-06-25,106.947,107.498,106.778,107.457,0
2019-06-26,107.456,108.111,107.361,108.093,0
2019-06-27,108.095,108.161,107.561,107.62,0
2019-06-28,107.62,107.935,107.598,107.908,0
2019-06-30,108.15,108.51,108.102,108.266,0
2019-07-01,108.266,108.533,108.219,108.416,0
2019-07-02,108.417,108.429,107.532,107.628,0
2019-07-03,107.627,107.886,107.576,107.787,0
2019-07-04,107.787,107.883,107.747,107.845,0
2019-07-05,107.844,108.637,107.833,108.454,0
2019-07-07,108.411,108.586,108.358,108.376,0
2019-07-08,108.378,108.895,108.28,108.771,0
2019-07-09,108.772,108.99,108.716,108.895,0
2019-07-10,108.893,108.976,107.859,107.923,0
2019-07-11,107.923,108.609,107.898,108.363,0
2019-07-12,108.362,108.473,107.804,107.884,0
2019-07-14,107.861,108.108,107.797,108.009,0
2019-07-15,108.01,108.093,107.821,107.985,0
2019-07-16,107.985,108.375,107.899,108.17,0
2019-07-17,108.17,108.32,107.643,107.727,0
2019-07-18,107.727,108.016,107.211,107.536,0
2019-07-19,107.535,107.978,107.531,107.698,0
2019-07-21,107.711,108.067,107.699,107.934,0
2019-07-22,107.934,108.08,107.772,108.047,0
2019-07-23,108.047,108.287,108.03,108.178,0
2019-07-24,108.177,108.249,107.933,108.166,0
2019-07-25,108.168,108.755,108.042,108.62,0
2019-07-26,108.621,108.828,108.589,108.662,0
2019-07-28,108.62,108.695,108.42,108.551,0
2019-07-29,108.55,108.948,108.55,108.639,0
2019-07-30,108.639,108.703,108.452,108.569,0
2019-07-31,108.569,109.318,108.49,109.237,0
2019-08-01,109.237,109.254,106.851,107.045,0
2019-08-02,107.045,107.282,106.508,106.55,0
2019-08-04,106.549,106.681,105.785,105.979,0
2019-08-05,105.978,106.513,105.519,106.499,0
2019-08-06,106.502,107.087,105.931,106.061,0
2019-08-07,106.061,106.322,105.495,106.236,0
2019-08-08,106.237,106.24,105.718,105.991,0
2019-08-09,105.991,106.005,105.268,105.638,0
2019-08-11,105.545,105.691,105.311,105.455,0
2019-08-12,105.455,105.581,105.049,105.467,0
2019-08-13,105.467,106.973,105.065,106.362,0
2019-08-14,106.362,106.624,105.65,105.892,0
2019-08-15,105.895,106.777,105.702,106.211,0
2019-08-16,106.21,106.494,106.074,106.358,0
2019-08-18,106.245,106.472,106.245,106.36,0
2019-08-19,106.36,106.696,106.319,106.589,0
2019-08-20,106.59,106.59,106.161,106.481,0
2019-08-21,106.48,106.653,106.347,106.448,0
2019-08-22,106.447,106.638,106.251,106.567,0
2019-08-23,106.566,106.734,105.254,105.363,0
2019-08-25,104.947,105.799,104.453,105.447,0
2019-08-26,105.448,106.413,105.159,105.665,0
2019-08-27,105.666,106.069,105.59,105.85,0
2019-08-28,105.849,106.229,105.656,105.902,0
2019-08-29,105.902,106.681,105.854,106.487,0
2019-08-30,106.487,106.538,106.103,106.228,0
2019-09-01,106.061,106.24,105.915,106.154,0
2019-09-02,106.154,106.399,106.056,106.3,0
2019-09-03,106.305,106.345,105.737,105.964,0
2019-09-04,105.964,106.753,105.962,106.651,0
2019-09-05,106.651,107.232,106.372,107.063,0
2019-09-06,107.063,107.09,106.622,106.914,0
2019-09-08,106.82,107.023,106.761,106.872,0
2019-09-09,106.873,107.498,106.833,107.421,0
2019-09-10,107.422,107.738,107.19,107.727,0
2019-09-11,107.724,108.167,107.626,108.094,0
2019-09-12,108.093,108.259,107.521,108.171,0
2019-09-13,108.171,108.179,107.906,108.057,0
2019-09-15,107.476,107.914,107.457,107.855,0
2019-09-16,107.856,108.371,107.677,108.165,0
2019-09-17,108.165,108.352,108.056,108.206,0
2019-09-18,108.207,108.475,107.786,107.857,0
2019-09-19,107.859,108.139,107.827,107.906,0
2019-09-20,107.907,108.025,107.524,107.535,0
2019-09-22,107.714,107.755,107.608,107.705,0
2019-09-23,107.704,107.768,107.31,107.533,0
2019-09-24,107.535,107.797,106.961,107.32,0
2019-09-25,107.319,107.883,107.247,107.666,0
2019-09-26,107.666,107.957,107.424,107.681,0
2019-09-27,107.681,108.18,107.656,107.862,0
2019-09-29,107.96,108.02,107.854,107.945,0
2019-09-30,107.944,108.263,107.743,108.257,0
2019-10-01,108.257,108.47,107.626,107.874,0
2019-10-02,107.875,107.881,106.964,107.158,0
2019-10-03,107.158,107.297,106.483,106.77,0
2019-10-04,106.771,107.134,106.577,106.89,0
2019-10-06,106.651,106.854,106.649,106.826,0
2019-10-07,106.825,107.464,106.775,107.374,0
2019-10-08,107.374,107.444,106.806,107.168,0
2019-10-09,107.169,107.774,107.034,107.469,0
2019-10-10,107.469,108.13,107.354,107.977,0
2019-10-11,107.976,108.628,107.877,108.358,0
2019-10-13,108.343,108.521,108.196,108.307,0
2019-10-14,108.307,108.456,108.032,108.311,0
2019-10-15,108.311,108.899,108.155,108.685,0
2019-10-16,108.685,108.845,108.56,108.777,0
2019-10-17,108.779,108.939,108.451,108.562,0
2019-10-18,108.563,108.721,108.371,108.371,0
2019-10-20,108.453,108.515,108.291,108.483,0
2019-10-21,108.483,108.727,108.453,108.65,0
2019-10-22,108.65,108.658,108.25,108.311,0
2019-10-23,108.311,108.703,108.278,108.609,0
2019-10-24,108.608,108.753,108.496,108.656,0
2019-10-25,108.656,108.773,108.51,108.655,0
2019-10-27,108.74,108.792,108.669,108.768,0
2019-10-28,108.768,109.068,108.657,108.998,0
2019-10-29,108.997,109.004,108.752,108.842,0
2019-10-30,108.843,109.287,108.585,108.66,0
2019-10-31,108.66,108.723,107.887,108.017,0
2019-11-01,108.016,108.323,107.918,108.168,0
2019-11-03,108.218,108.249,108.182,108.224,0
2019-11-04,108.224,108.827,108.218,108.801,0
2019-11-05,108.8,109.242,108.748,109.068,0
2019-11-06,109.067,109.136,108.647,108.693,0
2019-11-07,108.692,109.487,108.692,109.25,0
2019-11-08,109.25,109.476,109.078,109.217,0
2019-11-10,109.195,109.254,108.998,109.037,0
2019-11-11,109.036,109.182,108.894,109.135,0
2019-11-12,109.137,109.292,108.868,109.062,0
2019-11-13,109.061,109.149,108.628,108.707,0
2019-11-14,108.708,108.773,108.237,108.576,0
2019-11-15,108.575,108.855,108.482,108.773,0
2019-11-17,108.782,108.855,108.668,108.814,0
2019-11-18,108.815,109.073,108.46,108.587,0
2019-11-19,108.588,108.836,108.357,108.513,0
2019-11-20,108.514,108.738,108.279,108.527,0
2019-11-21,108.528,108.708,108.456,108.633,0
2019-11-22,108.633,108.73,108.477,108.619,0
2019-11-24,108.673,108.802,108.611,108.738,0
2019-11-25,108.738,109.208,108.738,108.984,0
2019-11-26,108.984,109.152,108.874,109.13,0
2019-11-27,109.13,109.609,109.107,109.446,0
2019-11-28,109.446,109.602,109.373,109.476,0
2019-11-29,109.475,109.669,109.396,109.469,0
2019-12-01,109.509,109.727,109.475,109.64,0
2019-12-02,109.64,109.703,108.924,109.192,0
2019-12-03,109.19,109.198,108.484,108.598,0
2019-12-04,108.599,108.962,108.427,108.851,0
2019-12-05,108.851,108.997,108.655,108.667,0
2019-12-06,108.667,108.923,108.511,108.534,0
2019-12-08,108.614,108.661,108.542,108.579,0
2019-12-09,108.578,108.677,108.43,108.639,0
2019-12-10,108.641,108.855,108.512,108.745,0
2019-12-11,108.746,108.796,108.456,108.568,0
2019-12-12,108.568,109.626,108.557,109.616,0
2019-12-13,109.616,109.707,109.205,109.32,0
2019-12-15,109.267,109.443,109.267,109.381,0
2019-12-16,109.381,109.676,109.365,109.545,0
2019-12-17,109.544,109.633,109.413,109.427,0
2019-12-18,109.428,109.685,109.4,109.595,0
2019-12-19,109.595,109.595,109.181,109.323,0
2019-12-20,109.321,109.525,109.256,109.429,0
2019-12-22,109.4,109.538,109.365,109.425,0
2019-12-23,109.425,109.445,109.339,109.383,0
2019-12-24,109.384,109.424,109.325,109.386,0
2019-12-25,109.387,109.572,109.273,109.548,0
2019-12-26,109.55,109.684,109.432,109.459,0
2019-12-27,109.458,109.591,109.388,109.421,0
2019-12-29,109.408,109.472,109.066,109.137,0
2019-12-30,109.137,109.228,108.623,108.696,0
2019-12-31,108.696,108.759,108.47,108.619,0
2020-01-01,108.73,108.759,108.575,108.741,0
2020-01-02,108.741,108.864,107.999,108.132,0
2020-01-03,108.133,108.267,107.839,108.047,0
2020-01-05,107.838,108.122,107.77,108.061,0
2020-01-06,108.062,108.505,107.926,108.497,0
2020-01-07,108.497,108.629,107.651,108.313,0
2020-01-08,108.317,109.255,108.274,109.215,0
2020-01-09,109.214,109.582,109.207,109.549,0
2020-01-10,109.547,109.689,109.432,109.451,0
2020-01-12,109.528,109.636,109.504,109.628,0
2020-01-13,109.629,110.212,109.616,110.069,0
2020-01-14,110.068,110.132,109.817,109.891,0
2020-01-15,109.891,110.001,109.788,109.928,0
2020-01-16,109.928,110.29,109.926,110.182,0
2020-01-17,110.181,110.254,110.047,110.102,0
2020-01-19,110.083,110.217,110.079,110.186,0
2020-01-20,110.187,110.223,109.897,109.967,0
2020-01-21,109.969,110.12,109.761,110.004,0
2020-01-22,110.005,110.061,109.575,109.615,0
2020-01-23,109.617,109.651,109.266,109.54,0
2020-01-24,109.542,109.653,109.172,109.267,0
2020-01-26,108.916,109.121,108.731,109.102,0
2020-01-27,109.102,109.137,108.818,108.979,0
2020-01-28,108.979,109.265,108.756,109.195,0
2020-01-29,109.197,109.26,108.844,108.907,0
2020-01-30,108.905,109.136,108.583,109.087,0
2020-01-31,109.087,109.102,108.308,108.308,0
2020-02-02,108.416,108.58,108.315,108.478,0
2020-02-03,108.478,108.798,108.418,108.736,0
2020-02-04,108.737,109.543,108.721,109.473,0
2020-02-05,109.473,109.965,109.303,109.955,0
2020-02-06,109.956,110.021,109.781,109.916,0
2020-02-07,109.918,110.005,109.532,109.699,0
2020-02-09,109.686,109.878,109.561,109.734,0
2020-02-10,109.734,109.899,109.64,109.882,0
2020-02-11,109.881,109.962,109.725,109.827,0
2020-02-12,109.827,110.133,109.802,109.86,0
2020-02-13,109.861,109.912,109.619,109.783,0
2020-02-14,109.782,109.883,109.698,109.729,0
2020-02-16,109.847,109.853,109.719,109.831,0
2020-02-17,109.831,109.96,109.657,109.743,0
2020-02-18,109.743,110.111,109.663,110.027,0
2020-02-19,110.027,111.591,110.022,111.368,0
2020-02-20,111.368,112.224,111.344,111.975,0
2020-02-21,111.975,112.031,111.472,111.542,0
2020-02-23,111.256,111.681,111.246,111.566,0
2020-02-24,111.567,111.632,110.332,110.815,0
2020-02-25,110.815,110.87,109.89,110.482,0
2020-02-26,110.483,110.701,109.996,110.011,0
2020-02-27,110.011,110.347,108.91,108.952,0
2020-02-28,108.952,109.063,107.51,107.994,0
2020-03-01,107.434,108.371,107.369,108.124,0
2020-03-02,108.124,108.578,107.401,107.812,0
2020-03-03,107.813,108.138,106.846,107.363,0
2020-03-04,107.362,107.742,107.14,107.331,0
2020-03-05,107.331,107.439,105.754,105.844,0
2020-03-06,105.844,106.063,104.993,105.283,0
2020-03-08,104.211,104.596,101.553,102.816,0
2020-03-09,102.817,104.255,101.18,104.223,0
2020-03-10,104.222,105.919,103.213,104.434,0
2020-03-11,104.433,105.331,103.08,104.022,0
2020-03-12,104.022,106.099,103.507,105.588,0
2020-03-13,105.588,108.501,105.317,107.899,0
2020-03-15,107.078,107.567,105.727,106.784,0
2020-03-16,106.782,107.188,105.146,106.588,0
2020-03-17,106.589,107.862,106.227,107.222,0
2020-03-18,107.222,109.557,106.751,109.067,0
2020-03-19,109.07,111.361,108.45,109.941,0
2020-03-20,109.941,111.503,109.329,110.659,0
2020-03-22,110.749,111.25,109.994,110.081,0
2020-03-23,110.082,111.596,109.667,110.283,0
2020-03-24,110.291,111.713,110.176,111.319,0
2020-03-25,111.319,111.679,110.454,110.725,0
2020-03-26,110.725,110.746,108.258,108.346,0
2020-03-27,108.346,109.069,107.755,107.9,0
2020-03-29,107.69,107.975,107.12,107.351,0
2020-03-30,107.35,108.72,107.323,108.395,0
2020-03-31,108.391,108.727,107.254,107.789,0
2020-04-01,107.79,107.828,106.915,107.432,0
2020-04-02,107.434,108.199,107.013,107.987,0
2020-04-03,107.988,108.677,107.823,108.509,0
2020-04-05,108.344,109.086,108.344,108.856,0
2020-04-06,108.857,109.381,108.717,108.778,0
2020-04-07,108.778,109.145,108.503,108.852,0
2020-04-08,108.851,109.102,108.596,108.965,0
2020-04-09,108.964,108.999,108.207,108.382,0
2020-04-10,108.382,108.477,108.327,108.338,0
2020-04-12,108.383,108.526,107.994,108.057,0
2020-04-13,108.058,108.087,107.5,107.617,0
2020-04-14,107.618,107.758,106.926,107.101,0
2020-04-15,107.101,108.006,106.992,107.962,0
2020-04-16,107.963,108.083,107.163,107.781,0
2020-04-17,107.781,107.931,107.3,107.506,0
2020-04-19,107.472,107.889,107.381,107.844,0
2020-04-20,107.843,107.949,107.482,107.551,0
2020-04-21,107.549,107.892,107.281,107.72,0
2020-04-22,107.72,107.938,107.514,107.782,0
2020-04-23,107.783,108.042,107.347,107.668,0
2020-04-24,107.667,107.737,107.368,107.491,0
2020-04-26,107.533,107.622,107.296,107.354,0
2020-04-27,107.354,107.397,106.993,107.278,0
2020-04-28,107.279,107.304,106.51,106.53,0
2020-04-29,106.529,106.876,106.357,106.546,0
2020-04-30,106.544,107.499,106.405,107.108,0
2020-05-01,107.108,107.166,106.605,106.871,0
2020-05-03,106.831,106.943,106.668,106.764,0
2020-05-04,106.764,107.069,106.509,106.621,0
2020-05-05,106.621,106.894,106.205,106.367,0
2020-05-06,106.366,106.435,105.986,106.176,0
2020-05-07,106.177,106.655,106.135,106.368,0
2020-05-08,106.369,106.747,106.274,106.608,0
2020-05-10,106.516,107.01,106.486,106.912,0
2020-05-11,106.914,107.768,106.884,107.401,0
2020-05-12,107.399,107.632,107.088,107.216,0
2020-05-13,107.216,107.236,106.742,106.906,0
2020-05-14,106.906,107.433,106.775,107.224,0
2020-05-15,107.225,107.372,106.855,107.034,0
2020-05-17,107.084,107.282,107.068,107.135,0
2020-05-18,107.135,107.505,107.088,107.364,0
2020-05-19,107.364,108.088,107.347,107.788,0
2020-05-20,107.787,107.817,107.336,107.645,0
2020-05-21,107.645,107.848,107.497,107.556,0
2020-05-22,107.558,107.651,107.322,107.597,0
2020-05-24,107.56,107.78,107.541,107.722,0
2020-05-25,107.724,107.922,107.651,107.821,0
2020-05-26,107.823,107.897,107.365,107.524,0
2020-05-27,107.526,107.947,107.459,107.787,0
2020-05-28,107.788,107.89,107.376,107.393,0
2020-05-29,107.393,107.894,107.079,107.767,0
2020-05-31,107.678,107.856,107.616,107.633,0
2020-06-01,107.634,107.763,107.376,107.722,0
2020-06-02,107.722,108.848,107.681,108.58,0
2020-06-03,108.581,109.04,108.471,108.913,0
2020-06-04,108.914,109.236,108.615,109.21,0
2020-06-05,109.209,109.849,109.088,109.581,0
2020-06-07,109.563,109.693,109.378,109.514,0
2020-06-08,109.516,109.584,107.917,108.102,0
2020-06-09,108.102,108.247,107.616,107.687,0
2020-06-10,107.686,107.687,106.897,106.98,0
2020-06-11,106.978,107.234,106.571,107.067,0
2020-06-12,107.068,107.552,107.063,107.379,0
2020-06-14,107.295,107.567,107.145,107.171,0
2020-06-15,107.17,107.639,107.0,107.447,0
2020-06-16,107.446,107.624,107.167,107.268,0
2020-06-17,107.268,107.441,106.702,106.862,0
2020-06-18,106.862,107.128,106.668,106.909,0
2020-06-19,106.909,107.046,106.766,106.856,0
2020-06-21,106.769,106.944,106.742,106.884,0
2020-06-22,106.886,107.218,106.739,107.172,0
2020-06-23,107.172,107.221,106.072,106.525,0
2020-06-24,106.526,107.259,106.461,107.246,0
2020-06-25,107.245,107.451,107.047,107.16,0
2020-06-26,107.161,107.359,106.799,107.206,0
2020-06-28,107.069,107.372,107.064,107.144,0
2020-06-29,107.145,107.884,107.04,107.726,0
2020-06-30,107.727,108.164,107.521,107.682,0
2020-07-01,107.685,107.708,107.33,107.466,0
2020-07-02,107.466,107.723,107.345,107.492,0
2020-07-03,107.492,107.537,107.447,107.494,0
2020-07-05,107.448,107.772,107.421,107.686,0
2020-07-06,107.688,107.718,107.245,107.395,0
2020-07-07,107.395,107.79,107.352,107.617,0
2020-07-08,107.618,107.621,107.181,107.245,0
2020-07-09,107.246,107.396,107.0,107.014,0
2020-07-10,107.013,107.044,106.638,106.917,0
2020-07-12,106.886,106.944,106.787,106.829,0
2020-07-13,106.829,107.367,106.822,107.159,0
2020-07-14,107.157,107.434,107.142,107.287,0
2020-07-15,107.286,107.295,106.666,106.966,0
2020-07-16,106.966,107.4,106.862,107.231,0
2020-07-17,107.231,107.279,106.939,107.018,0
2020-07-19,107.026,107.538,107.014,107.361,0
2020-07-20,107.36,107.382,107.035,107.217,0
2020-07-21,107.216,107.365,106.681,106.819,0
2020-07-22,106.819,107.289,106.754,107.125,0
2020-07-23,107.126,107.229,106.361,106.386,0
2020-07-24,106.385,106.488,105.682,106.123,0
2020-07-26,106.022,106.107,105.45,105.563,0
2020-07-27,105.564,105.667,105.116,105.584,0
2020-07-28,105.583,105.686,104.956,105.054,0
2020-07-29,105.054,105.194,104.772,105.042,0
2020-07-30,105.041,105.294,104.186,104.318,0
2020-07-31,104.318,106.055,104.208,105.819,0
2020-08-02,105.772,106.431,105.707,105.824,0
2020-08-03,105.824,106.471,105.58,106.112,0
2020-08-04,106.112,106.194,105.511,105.59,0
2020-08-05,105.59,105.872,105.319,105.533,0
2020-08-06,105.531,105.697,105.301,105.594,0
2020-08-07,105.594,106.055,105.479,105.911,0
2020-08-09,105.861,105.945,105.711,105.794,0
2020-08-10,105.794,106.201,105.708,106.034,0
2020-08-11,106.034,106.767,105.928,106.747,0
2020-08-12,106.748,107.014,106.602,106.714,0
2020-08-13,106.714,107.049,106.565,106.925,0
2020-08-14,106.926,106.932,106.436,106.582,0
2020-08-16,106.558,106.654,106.458,106.522,0
2020-08-17,106.521,106.62,105.567,105.641,0
2020-08-18,105.642,105.679,105.101,105.575,0
2020-08-19,105.574,106.215,105.172,106.04,0
2020-08-20,106.04,106.129,105.623,105.672,0
2020-08-21,105.673,106.072,105.441,105.783,0
2020-08-23,105.757,105.942,105.688,105.823,0
2020-08-24,105.826,106.052,105.697,105.973,0
2020-08-25,105.973,106.577,105.934,106.443,0
2020-08-26,106.443,106.465,105.802,105.978,0
2020-08-27,105.981,106.946,105.602,106.873,0
2020-08-28,106.873,106.883,105.199,105.328,0
2020-08-30,105.438,105.804,105.292,105.507,0
2020-08-31,105.506,106.096,105.495,105.676,0
2020-09-01,105.675,106.152,105.591,106.056,0
2020-09-02,106.055,106.302,105.961,106.266,0
2020-09-03,106.265,106.552,106.001,106.181,0
2020-09-04,106.18,106.504,106.098,106.222,0
2020-09-06,106.217,106.386,106.21,106.284,0
2020-09-07,106.284,106.324,106.132,106.286,0
2020-09-08,106.286,106.382,105.829,105.955,0
2020-09-09,105.957,106.302,105.79,106.108,0
2020-09-10,106.105,106.235,105.981,106.171,0
2020-09-11,106.169,106.264,106.056,106.142,0
2020-09-13,106.069,106.164,106.058,106.083,0
2020-09-14,106.083,106.113,105.548,105.694,0
2020-09-15,105.692,105.814,105.255,105.274,0
2020-09-16,105.273,105.399,104.8,105.054,0
2020-09-17,105.053,105.104,104.525,104.815,0
2020-09-18,104.815,104.837,104.272,104.564,0
2020-09-20,104.5,104.571,104.268,104.282,0
2020-09-21,104.283,104.891,103.999,104.536,0
2020-09-22,104.536,105.197,104.405,105.105,0
2020-09-23,105.105,105.494,104.927,105.438,0
2020-09-24,105.439,105.543,105.205,105.415,0
2020-09-25,105.415,105.7,105.239,105.535,0
2020-09-27,105.448,105.691,105.323,105.351,0
2020-09-28,105.352,105.665,105.262,105.485,0
2020-09-29,105.485,105.803,105.477,105.607,0
2020-09-30,105.604,105.746,105.401,105.46,0
2020-10-01,105.46,105.727,105.416,105.646,0
2020-10-02,105.644,105.665,104.942,105.29,0
2020-10-04,105.278,105.605,105.258,105.528,0
2020-10-05,105.528,105.794,105.519,105.663,0
2020-10-06,105.661,105.706,105.469,105.692,0
2020-10-07,105.691,106.107,105.677,105.991,0
2020-10-08,105.991,106.044,105.808,105.841,0
2020-10-09,105.842,105.983,105.579,105.589,0
2020-10-11,105.716,105.798,105.475,105.491,0
2020-10-12,105.491,105.615,105.241,105.401,0
2020-10-13,105.401,105.627,105.305,105.432,0
2020-10-14,105.434,105.514,105.036,105.273,0
2020-10-15,105.273,105.493,105.168,105.241,0
2020-10-16,105.242,105.441,105.199,105.361,0
2020-10-18,105.376,105.502,105.334,105.431,0
2020-10-19,105.431,105.616,105.3,105.544,0
2020-10-20,105.545,105.747,105.314,105.323,0
2020-10-21,105.324,105.328,104.341,104.725,0
2020-10-22,104.725,104.936,104.476,104.72,0
2020-10-23,104.722,104.884,104.546,104.681,0
2020-10-25,104.673,104.93,104.65,104.898,0
2020-10-26,104.897,105.054,104.68,104.757,0
2020-10-27,104.757,104.835,104.203,104.243,0
2020-10-28,104.242,104.503,104.113,104.436,0
2020-10-29,104.437,104.728,104.025,104.362,0
2020-10-30,104.361,104.742,104.124,104.623,0
2020-11-01,104.518,104.765,104.514,104.722,0
2020-11-02,104.721,104.948,104.628,104.741,0
2020-11-03,104.74,105.344,104.367,104.829,0
2020-11-04,104.829,105.092,104.151,104.293,0
2020-11-05,104.293,104.474,103.359,103.429,0
2020-11-06,103.43,103.717,103.176,103.329,0
2020-11-08,103.322,103.478,103.19,103.464,0
2020-11-09,103.464,105.647,103.426,104.986,0
2020-11-10,104.986,105.487,104.909,105.152,0
2020-11-11,105.152,105.676,105.144,105.244,0
2020-11-12,105.243,105.415,104.857,104.927,0
2020-11-13,104.926,105.149,104.562,104.592,0
2020-11-15,104.727,104.734,104.484,104.546,0
2020-11-16,104.546,105.136,104.362,104.492,0
2020-11-17,104.492,104.566,104.037,104.079,0
2020-11-18,104.079,104.1,103.651,103.77,0
2020-11-19,103.771,104.216,103.731,103.812,0
2020-11-20,103.812,103.887,103.702,103.813,0
2020-11-22,103.763,103.862,103.716,103.748,0
2020-11-23,103.749,104.646,103.68,104.51,0
2020-11-24,104.511,104.761,104.145,104.462,0
2020-11-25,104.463,104.55,104.255,104.305,0
2020-11-26,104.305,104.358,103.919,103.946,0
2020-11-27,103.947,104.212,103.906,104.025,0
2020-11-29,104.052,104.161,103.831,103.878,0
2020-11-30,104.304,104.462,104.246,104.374,0
2020-12-01,104.376,104.578,104.182,104.388,0
2020-12-02,104.387,104.751,104.379,104.466,0
2020-12-03,104.465,104.486,103.67,103.911,0
2020-12-04,103.911,104.242,103.823,104.131,0
2020-12-06,104.065,104.236,103.941,104.018,0
2020-12-07,104.021,104.312,103.922,104.04,0
2020-12-08,104.041,104.206,103.964,104.134,0
2020-12-09,104.133,104.5,104.051,104.422,0
2020-12-10,104.422,104.579,103.926,104.018,0
2020-12-11,104.019,104.152,103.822,103.996,0
2020-12-13,103.992,104.061,103.852,104.051,0
2020-12-14,104.051,104.152,103.512,104.125,0
2020-12-15,104.124,104.133,103.414,103.434,0
2020-12-16,103.434,103.918,103.245,103.323,0
2020-12-17,103.323,103.481,102.873,103.449,0
2020-12-18,103.449,103.595,103.194,103.281,0
2020-12-20,103.498,103.557,103.251,103.391,0
2020-12-21,103.391,103.89,103.28,103.449,0
2020-12-22,103.448,103.735,103.317,103.453,0
2020-12-23,103.452,103.652,103.355,103.572,0
2020-12-24,103.576,103.767,103.495,103.55,0
2020-12-25,103.55,103.622,103.423,103.423,0
2020-12-27,103.511,103.635,103.451,103.541,0
2020-12-28,103.541,103.898,103.405,103.677,0
2020-12-29,103.677,103.755,103.273,103.291,0
2020-12-30,103.291,103.386,102.961,103.156,0
2020-12-31,103.157,103.316,102.996,103.301,0
2021-01-03,103.097,103.316,102.934,102.996,0
2021-01-04,102.994,103.253,102.712,102.994,0
2021-01-05,102.994,102.996,102.591,102.819,0
2021-01-06,102.819,103.444,102.674,103.126,0
2021-01-07,103.125,103.999,103.125,103.861,0
2021-01-08,103.861,104.092,103.603,103.885,0
2021-01-10,103.882,104.221,103.881,104.193,0
2021-01-11,104.192,104.397,104.034,104.305,0
2021-01-12,104.305,104.332,103.525,103.644,0
2021-01-13,103.646,104.196,103.61,104.029,0
2021-01-14,104.03,104.159,103.563,103.76,0
2021-01-15,103.76,103.912,103.616,103.75,0
2021-01-17,103.817,103.931,103.688,103.745,0
2021-01-18,103.745,104.082,103.637,104.003,0
2021-01-19,104.003,104.085,103.729,103.768,0
2021-01-20,103.766,103.843,103.389,103.398,0
2021-01-21,103.398,103.662,103.327,103.572,0
2021-01-22,103.572,103.887,103.562,103.727,0
2021-01-24,103.781,103.89,103.718,103.766,0
2021-01-25,103.765,103.936,103.657,103.75,0
2021-01-26,103.751,103.828,103.554,103.712,0
2021-01-27,103.713,104.37,103.63,104.294,0
2021-01-28,104.294,104.571,104.174,104.51,0
2021-01-29,104.511,104.94,104.464,104.638,0
2021-01-31,104.776,104.815,104.608,104.706,0
2021-02-01,104.705,105.035,104.64,104.98,0
2021-02-02,104.979,105.173,104.852,105.008,0
2021-02-03,105.008,105.138,104.971,105.131,0
2021-02-04,105.131,105.644,105.122,105.555,0
2021-02-05,105.555,105.769,105.319,105.319,0
2021-02-07,105.316,105.545,105.316,105.522,0
2021-02-08,105.523,105.671,104.837,104.876,0
2021-02-09,104.877,104.92,104.497,104.564,0
2021-02-10,104.563,104.842,104.408,104.598,0
2021-02-11,104.598,104.842,104.549,104.809,0
2021-02-12,104.81,105.181,104.777,104.909,0
2021-02-14,104.891,105.143,104.891,105.043,0
2021-02-15,105.042,105.632,105.01,105.553,0
2021-02-16,105.553,106.224,105.179,105.866,0
2021-02-17,105.867,106.213,105.697,105.867,0
2021-02-18,105.865,105.924,105.586,105.596,0
2021-02-19,105.595,105.697,105.24,105.386,0
2021-02-21,105.383,105.737,105.382,105.683,0
2021-02-22,105.682,105.845,104.922,105.006,0
2021-02-23,105.01,105.537,104.997,105.507,0
2021-02-24,105.506,106.138,105.456,105.885,0
2021-02-25,105.885,106.43,105.848,106.153,0
2021-02-26,106.152,106.692,106.01,106.509,0
2021-02-28,106.481,106.701,106.364,106.519,0
2021-03-01,106.52,106.924,106.461,106.806,0
2021-03-02,106.806,106.957,106.673,106.857,0
2021-03-03,106.857,107.153,106.786,107.051,0
2021-03-04,107.05,108.095,107.035,108.057,0
2021-03-05,108.057,108.644,108.019,108.329,0
2021-03-07,108.313,108.489,108.308,108.376,0
2021-03-08,108.375,109.233,108.327,109.189,0
2021-03-09,109.188,109.229,108.415,108.838,0
2021-03-10,108.837,108.919,108.337,108.612,0
2021-03-11,108.613,108.811,108.355,108.719,0
2021-03-12,108.719,109.165,108.709,108.999,0
2021-03-14,108.981,109.197,108.914,109.178,0
2021-03-15,109.178,109.364,109.002,109.173,0
2021-03-16,109.174,109.287,108.771,109.115,0
2021-03-17,109.116,109.325,108.624,108.922,0
2021-03-18,108.92,109.303,108.808,108.865,0
2021-03-19,108.865,109.049,108.607,108.837,0
2021-03-21,108.616,108.955,108.582,108.791,0
2021-03-22,108.791,108.873,108.618,108.733,0
2021-03-23,108.733,108.805,108.405,108.496,0
2021-03-24,108.496,108.99,108.466,108.916,0
2021-03-25,108.918,109.313,108.917,109.279,0
2021-03-26,109.278,109.847,109.216,109.613,0
2021-03-28,109.717,109.793,109.442,109.53,0
2021-03-29,109.531,109.989,109.372,109.959,0
2021-03-30,109.96,110.965,109.924,110.842,0
2021-03-31,110.846,110.943,110.412,110.632,0
2021-04-01,110.634,110.847,110.522,110.605,0
2021-04-02,110.609,110.748,110.373,110.638,0
2021-04-04,110.613,110.75,110.522,110.554,0
2021-04-05,110.554,110.686,109.959,110.36,0
2021-04-06,110.36,110.551,109.578,109.779,0
2021-04-07,109.78,109.941,109.598,109.737,0
2021-04-08,109.738,109.751,108.997,109.289,0
2021-04-09,109.289,109.96,109.285,109.65,0
2021-04-11,109.666,109.77,109.471,109.539,0
2021-04-12,109.539,109.72,109.245,109.713,0
2021-04-13,109.712,109.751,108.751,108.878,0
2021-04-14,108.879,109.094,108.805,108.891,0
2021-04-15,108.894,108.957,108.61,108.842,0
2021-04-16,108.841,108.964,108.702,108.75,0
2021-04-18,108.768,108.834,108.546,108.641,0
2021-04-19,108.642,108.683,107.97,108.119,0
2021-04-20,108.119,108.548,107.874,107.978,0
2021-04-21,107.98,108.28,107.949,108.006,0
2021-04-22,108.006,108.231,107.801,107.92,0
2021-04-23,107.92,108.146,107.476,107.864,0
2021-04-25,107.907,107.962,107.681,107.715,0
2021-04-26,107.715,108.386,107.64,108.27,0
2021-04-27,108.268,108.949,108.165,108.861,0
2021-04-28,108.861,109.077,108.435,108.629,0
2021-04-29,108.63,109.223,108.557,108.83,0
2021-04-30,108.829,109.364,108.736,109.296,0
2021-05-02,109.283,109.565,109.272,109.546,0
2021-05-03,109.545,109.696,108.895,109.256,0
2021-05-04,109.257,109.488,109.042,109.277,0
2021-05-05,109.278,109.48,109.143,109.373,0
2021-05-06,109.372,109.419,108.936,109.106,0
2021-05-07,109.107,109.287,108.337,108.565,0
2021-05-09,108.55,108.913,108.467,108.887,0
2021-05-10,108.887,109.056,108.652,108.886,0
2021-05-11,108.888,108.979,108.349,108.848,0
2021-05-12,108.85,109.784,108.661,109.715,0
2021-05-13,109.712,109.752,109.405,109.564,0
2021-05-14,109.565,109.565,109.186,109.322,0
2021-05-16,109.26,109.501,109.184,109.343,0
2021-05-17,109.341,109.399,109.073,109.182,0
2021-05-18,109.181,109.232,108.83,108.929,0
2021-05-19,108.929,109.335,108.571,109.134,0
2021-05-20,109.135,109.17,108.748,108.86,0
2021-05-21,108.86,109.004,108.609,108.929,0
2021-05-23,108.895,108.995,108.843,108.86,0
2021-05-24,108.86,108.981,108.68,108.706,0
2021-05-25,108.706,109.07,108.559,108.803,0
2021-05-26,108.802,109.208,108.753,109.058,0
2021-05-27,109.057,109.957,109.036,109.908,0
2021-05-28,109.909,110.198,109.742,109.809,0
2021-05-30,109.798,109.935,109.635,109.69,0
2021-05-31,109.493,109.544,109.33,109.447,0
2021-06-01,109.446,109.706,109.339,109.618,0
2021-06-02,109.618,109.884,109.528,109.677,0
2021-06-03,109.678,110.329,109.624,110.235,0
2021-06-04,110.234,110.283,109.363,109.476,0
2021-06-06,109.58,109.637,109.411,109.565,0
2021-06-07,109.565,109.592,109.187,109.419,0
2021-06-08,109.419,109.558,109.271,109.48,0
2021-06-09,109.481,109.678,109.224,109.548,0
2021-06-10,109.547,109.794,109.305,109.398,0
2021-06-11,109.399,109.842,109.317,109.621,0
2021-06-13,109.601,109.83,109.601,109.773,0
2021-06-14,109.773,110.151,109.611,110.099,0
2021-06-15,110.1,110.166,109.986,110.102,0
2021-06-16,110.102,110.822,109.803,110.721,0
2021-06-17,110.723,110.768,110.155,110.193,0
2021-06-18,110.194,110.482,109.941,110.137,0
2021-06-20,110.147,110.284,109.714,109.805,0
2021-06-21,109.805,110.472,109.736,110.416,0
2021-06-22,110.417,110.853,110.35,110.759,0
2021-06-23,110.759,111.114,110.659,111.016,0
2021-06-24,111.014,111.022,110.689,110.854,0
2021-06-25,110.853,110.882,110.48,110.74,0
2021-06-27,110.729,110.858,110.628,110.632,0
2021-06-28,110.631,110.976,110.451,110.517,0
2021-06-29,110.516,110.759,110.431,110.483,0
2021-06-30,110.483,111.163,110.419,111.091,0
2021-07-01,111.091,111.657,111.086,111.576,0
2021-07-02,111.575,111.657,110.95,111.01,0
2021-07-04,110.9,111.189,110.9,111.119,0
2021-07-05,111.12,111.144,110.786,110.842,0
2021-07-06,110.843,110.916,110.394,110.599,0
2021-07-07,110.598,110.816,110.422,110.565,0
2021-07-08,110.566,110.566,109.533,109.888,0
2021-07-09,109.887,110.257,109.867,110.094,0
2021-07-11,110.115,110.252,110.011,110.155,0
2021-07-12,110.154,110.441,109.976,110.377,0
2021-07-13,110.375,110.698,110.197,110.497,0
2021-07-14,110.496,110.536,109.817,109.855,0
2021-07-15,109.855,110.088,109.713,109.953,0
2021-07-16,109.951,110.341,109.931,110.066,0
2021-07-18,110.026,110.097,109.849,109.953,0
2021-07-19,109.951,110.033,109.063,109.434,0
2021-07-20,109.434,109.981,109.328,109.893,0
2021-07-21,109.893,110.387,109.8,110.125,0
2021-07-22,110.124,110.357,110.013,110.272,0
2021-07-23,110.272,110.592,110.246,110.508,0
2021-07-25,110.466,110.583,110.316,110.326,0
2021-07-26,110.327,110.424,110.116,110.2,0
2021-07-27,110.199,110.257,109.583,109.795,0
2021-07-28,109.796,110.288,109.686,109.786,0
2021-07-29,109.786,109.911,109.36,109.519,0
2021-07-30,109.521,109.826,109.479,109.672,0
2021-08-01,109.669,109.77,109.55,109.668,0
2021-08-02,109.667,109.745,109.186,109.248,0
2021-08-03,109.25,109.25,108.875,109.054,0
2021-08-04,109.053,109.716,108.721,109.673,0
2021-08-05,109.673,109.887,109.403,109.855,0
2021-08-06,109.856,110.356,109.698,110.199,0
2021-08-08,110.296,110.317,110.188,110.217,0
2021-08-09,110.215,110.405,110.026,110.337,0
2021-08-10,110.337,110.686,110.315,110.64,0
2021-08-11,110.64,110.801,110.307,110.351,0
2021-08-12,110.353,110.546,110.318,110.409,0
2021-08-13,110.408,110.418,109.544,109.562,0
2021-08-15,109.599,109.751,109.327,109.379,0
2021-08-16,109.38,109.453,109.113,109.302,0
2021-08-17,109.302,109.654,109.116,109.641,0
2021-08-18,109.642,110.228,109.536,110.169,0
2021-08-19,110.169,110.198,109.483,109.751,0
2021-08-20,109.755,109.878,109.569,109.7,0
2021-08-22,109.73,109.932,109.659,109.866,0
2021-08-23,109.867,110.146,109.64,109.76,0
2021-08-24,109.758,109.881,109.412,109.775,0
2021-08-25,109.774,110.124,109.684,109.933,0
2021-08-26,109.933,110.229,109.932,109.976,0
2021-08-27,109.975,110.267,109.762,109.762,0
2021-08-29,109.848,109.877,109.702,109.762,0
2021-08-30,109.763,109.982,109.726,109.865,0
2021-08-31,109.864,110.235,109.585,110.177,0
2021-09-01,110.177,110.419,109.88,110.008,0
2021-09-02,110.008,110.09,109.793,110.012,0
2021-09-03,110.012,110.052,109.59,109.677,0
2021-09-05,109.689,109.836,109.655,109.826,0
2021-09-06,109.828,109.946,109.685,109.797,0
2021-09-07,109.799,110.334,109.775,110.29,0
2021-09-08,110.29,110.446,110.096,110.194,0
2021-09-09,110.194,110.203,109.62,109.868,0
2021-09-10,109.867,109.991,109.783,109.892,0
2021-09-12,109.873,109.976,109.8,109.95,0
2021-09-13,109.95,110.158,109.898,110.061,0
2021-09-14,110.062,110.161,109.526,109.615,0
2021-09-15,109.616,109.64,109.112,109.29,0
2021-09-16,109.29,109.917,109.212,109.842,0
2021-09-17,109.843,110.08,109.811,109.896,0
2021-09-19,109.887,110.036,109.857,109.93,0
2021-09-20,109.93,109.935,109.321,109.626,0
2021-09-21,109.627,109.705,109.119,109.473,0
2021-09-22,109.472,109.923,109.41,109.815,0
2021-09-23,109.813,110.446,109.755,110.418,0
2021-09-24,110.42,110.794,110.312,110.686,0
2021-09-26,110.626,110.804,110.533,110.573,0
2021-09-27,110.573,111.241,110.545,111.223,0
2021-09-28,111.223,111.682,111.118,111.421,0
2021-09-29,111.422,112.048,111.204,111.906,0
2021-09-30,111.907,112.078,111.143,111.153,0
2021-10-01,111.156,111.296,110.905,110.997,0
2021-10-03,110.893,111.113,110.883,111.062,0
2021-10-04,111.061,111.301,110.821,111.168,0
2021-10-05,111.166,111.663,111.073,111.63,0
2021-10-06,111.63,111.787,111.199,111.423,0
2021-10-07,111.421,111.895,111.228,111.836,0
2021-10-08,111.835,112.252,111.51,112.215,0
2021-10-10,112.098,112.721,112.098,112.691,0
2021-10-11,112.69,113.486,112.615,113.294,0
2021-10-12,113.295,113.786,113.0,113.462,0
2021-10-13,113.462,113.804,113.21,113.546,0
2021-10-14,113.546,113.952,113.283,113.93,0
2021-10-15,113.931,114.462,113.925,114.228,0
2021-10-17,114.213,114.449,114.014,114.39,0
2021-10-18,114.391,114.451,114.08,114.147,0
2021-10-19,114.146,114.7,113.878,114.516,0
2021-10-20,114.516,114.582,114.079,114.21,0
2021-10-21,114.212,114.212,113.648,114.068,0
2021-10-22,114.068,114.077,113.413,113.486,0
2021-10-24,113.551,113.827,113.46,113.629,0
2021-10-25,113.627,113.949,113.513,113.91,0
2021-10-26,113.909,114.312,113.869,113.99,0
2021-10-27,113.989,114.098,113.387,113.623,0
2021-10-28,113.624,113.747,113.255,113.603,0
2021-10-29,113.602,114.095,113.504,113.965,0
2021-10-31,114.048,114.302,114.024,114.255,0
2021-11-01,114.256,114.442,113.595,113.65,0
2021-11-02,113.649,114.008,113.461,113.84,0
2021-11-03,113.842,114.243,113.72,114.181,0
2021-11-04,114.183,114.277,113.506,113.676,0
2021-11-05,113.676,114.029,113.299,113.317,0
2021-11-07,113.347,113.665,113.347,113.579,0
2021-11-08,113.579,113.635,112.797,112.822,0
2021-11-09,112.823,113.112,112.723,112.852,0
2021-11-10,112.851,114.155,112.825,113.964,0
2021-11-11,113.964,114.3,113.805,114.259,0
2021-11-12,114.259,114.282,113.76,113.846,0
2021-11-14,113.919,114.045,113.751,113.859,0
2021-11-15,113.859,114.312,113.805,114.15,0
2021-11-16,114.15,114.969,114.115,114.858,0
2021-11-17,114.858,114.947,113.876,114.068,0
2021-11-18,114.071,114.485,113.976,114.366,0
2021-11-19,114.366,114.538,113.585,113.948,0
2021-11-21,113.924,114.212,113.924,114.14,0
2021-11-22,114.141,115.139,114.063,115.097,0
2021-11-23,115.099,115.236,114.481,114.951,0
2021-11-24,114.95,115.522,114.825,115.364,0
2021-11-25,115.366,115.431,114.592,114.729,0
2021-11-26,114.729,114.73,113.052,113.254,0
2021-11-28,113.676,113.875,113.318,113.601,0
2021-11-29,113.601,113.955,112.988,113.576,0
2021-11-30,113.576,113.704,112.53,113.498,0
2021-12-01,113.499,113.626,112.621,113.061,0
2021-12-02,113.061,113.33,112.705,113.21,0
2021-12-03,113.212,113.611,112.558,112.711,0
2021-12-05,112.841,113.079,112.824,113.005,0
2021-12-06,113.006,113.679,113.003,113.639,0
2021-12-07,113.641,113.778,113.356,113.524,0
2021-12-08,113.523,113.954,113.31,113.602,0
2021-12-09,113.602,113.668,113.271,113.517,0
2021-12-10,113.519,113.791,113.22,113.374,0
2021-12-12,113.267,113.57,113.247,113.509,0
2021-12-13,113.509,113.724,113.37,113.589,0
2021-12-14,113.589,113.798,113.427,113.77,0
2021-12-15,113.77,114.272,113.627,114.072,0
2021-12-16,114.072,114.213,113.441,113.596,0
2021-12-17,113.594,113.764,113.138,113.672,0
2021-12-19,113.56,113.714,113.464,113.519,0
2021-12-20,113.519,113.731,113.325,113.678,0
2021-12-21,113.677,114.219,113.553,114.134,0
2021-12-22,114.134,114.369,114.075,114.143,0
2021-12-23,114.144,114.512,114.136,114.316,0
2021-12-24,114.317,114.446,114.274,114.274,0
2021-12-26,114.32,114.471,114.308,114.456,0
2021-12-27,114.455,114.949,114.407,114.855,0
2021-12-28,114.855,114.908,114.704,114.844,0
2021-12-29,114.845,115.059,114.666,115.038,0
2021-12-30,115.039,115.206,115.019,115.089,0
2021-12-31,115.09,115.196,115.004,115.101,0
2022-01-02,115.039,115.302,115.007,115.269,0
2022-01-03,115.274,115.814,114.946,115.787,0
2022-01-04,115.786,116.352,115.653,116.054,0
2022-01-05,116.054,116.183,115.619,115.884,0
2022-01-06,115.883,116.046,115.624,115.915,0
2022-01-07,115.916,115.945,115.507,115.529,0
2022-01-09,115.569,115.849,115.544,115.808,0
2022-01-10,115.809,115.823,115.041,115.246,0
2022-01-11,115.246,115.679,115.124,115.384,0
2022-01-12,115.383,115.471,114.379,114.565,0
2022-01-13,114.565,114.648,113.636,113.739,0
2022-01-14,113.74,114.265,113.48,114.187,0
2022-01-16,114.12,114.514,114.119,114.408,0
2022-01-17,114.407,115.056,114.309,114.853,0
2022-01-18,114.853,114.988,114.364,114.377,0
2022-01-19,114.378,114.551,114.022,114.422,0
2022-01-20,114.423,114.546,113.624,113.767,0
2022-01-21,113.767,114.032,113.603,113.656,0
2022-01-23,113.639,113.943,113.629,113.911,0
2022-01-24,113.912,114.095,113.466,113.722,0
2022-01-25,113.722,114.155,113.67,113.92,0
2022-01-26,113.92,114.783,113.87,114.651,0
2022-01-27,114.654,115.489,114.604,115.413,0
2022-01-28,115.412,115.685,115.121,115.181,0
2022-01-30,115.258,115.59,115.219,115.484,0
2022-01-31,115.485,115.529,114.887,114.922,0
2022-02-01,114.923,115.068,114.566,114.764,0
2022-02-02,114.764,114.776,114.15,114.5,0
2022-02-03,114.499,115.05,114.486,114.883,0
2022-02-04,114.884,115.428,114.773,115.154,0
2022-02-06,115.238,115.341,115.135,115.27,0
2022-02-07,115.271,115.416,114.913,115.403,0
2022-02-08,115.403,115.679,115.229,115.462,0
2022-02-09,115.46,115.652,115.335,115.637,0
2022-02-10,115.636,116.337,115.541,116.13,0
2022-02-11,116.13,116.131,115.009,115.411,0
2022-02-13,115.318,115.594,115.282,115.507,0
2022-02-14,115.507,115.746,115.01,115.391,0
2022-02-15,115.39,115.873,115.257,115.678,0
2022-02-16,115.678,115.789,115.115,115.26,0
2022-02-17,115.26,115.405,114.787,115.181,0
2022-02-18,115.182,115.296,114.969,114.991,0
2022-02-20,115.022,115.123,114.869,114.983,0
2022-02-21,114.982,115.029,114.498,114.687,0
2022-02-22,114.69,115.242,114.621,115.039,0
2022-02-23,115.04,115.199,114.511,114.662,0
2022-02-24,114.662,115.694,114.406,115.191,0
2022-02-25,115.193,115.759,115.161,115.501,0
2022-02-27,115.148,115.765,115.148,115.571,0
2022-02-28,115.571,115.641,114.86,115.138,0
2022-03-01,115.138,115.16,114.698,115.04,0
2022-03-02,115.041,115.717,115.024,115.67,0
2022-03-03,115.669,115.806,115.253,115.437,0
2022-03-04,115.437,115.532,114.649,114.789,0
2022-03-06,114.895,115.062,114.82,114.896,0
2022-03-07,114.894,115.515,114.886,115.449,0
2022-03-08,115.446,115.921,115.361,115.82,0
2022-03-09,115.82,116.194,115.554,116.146,0
2022-03-10,116.146,116.565,115.812,116.559,0
2022-03-11,116.559,117.355,116.512,117.224,0
2022-03-13,117.317,117.878,117.309,117.639,0
2022-03-14,117.641,118.449,117.641,118.365,0
2022-03-15,118.365,118.428,117.695,118.227,0
2022-03-16,118.229,119.122,118.191,118.747,0
2022-03-17,118.748,118.852,118.365,118.769,0
2022-03-18,118.769,119.399,118.712,119.116,0
2022-03-20,119.099,119.306,118.979,119.245,0
2022-03-21,119.246,120.462,119.103,120.375,0
2022-03-22,120.375,121.411,120.277,121.069,0
2022-03-23,121.069,121.301,120.591,121.222,0
2022-03-24,121.221,122.433,121.178,121.466,0
2022-03-25,121.469,122.239,121.418,121.999,0
2022-03-27,121.999,123.161,121.983,123.077,0
2022-03-28,123.077,125.097,122.963,123.176,0
2022-03-29,123.174,123.807,121.309,121.66,0
2022-03-30,121.66,122.453,121.521,122.331,0
2022-03-31,122.331,122.733,121.281,122.627,0
2022-04-01,122.627,123.033,122.242,122.477,0
2022-04-03,122.569,122.776,122.262,122.731,0
2022-04-04,122.73,122.958,122.37,122.516,0
2022-04-05,122.516,124.05,122.427,123.752,0
2022-04-06,123.752,124.026,123.452,123.704,0
2022-04-07,123.703,124.229,123.589,123.946,0
2022-04-08,123.946,124.676,123.906,124.279,0
2022-04-10,124.009,124.995,124.008,124.864,0
2022-04-11,124.864,125.77,124.834,125.422,0
2022-04-12,125.421,125.758,124.762,125.506,0
2022-04-13,125.51,126.313,125.1,125.222,0
2022-04-14,125.221,126.551,125.081,126.377,0
2022-04-15,126.368,126.681,126.305,126.352,0
2022-04-17,126.334,126.79,126.239,126.667,0
2022-04-18,126.667,127.971,126.434,127.918,0
2022-04-19,127.916,129.405,127.78,128.35,0
2022-04-20,128.351,128.743,127.457,128.31,0
2022-04-21,128.309,128.705,127.801,128.459,0
2022-04-22,128.46,129.107,127.734,128.449,0
2022-04-24,128.426,128.867,128.237,128.364,0
2022-04-25,128.364,128.593,127.344,128.022,0
2022-04-26,128.023,128.201,126.941,127.717,0
2022-04-27,127.717,129.87,127.482,129.698,0
2022-04-28,129.698,131.251,129.55,130.64,0
2022-04-29,130.64,130.665,129.314,129.824,0
2022-05-01,129.723,130.37,129.61,130.282,0
2022-05-02,130.281,130.476,129.697,129.984,0
2022-05-03,129.984,130.288,129.698,130.131,0
2022-05-04,130.133,130.379,128.619,129.099,0
2022-05-05,129.1,130.807,129.094,130.604,0
2022-05-06,130.604,130.709,130.142,130.502,0
2022-05-08,130.494,131.068,130.45,130.96,0
2022-05-09,130.96,131.345,129.793,130.252,0
2022-05-10,130.252,130.551,129.861,130.39,0
2022-05-11,130.39,130.811,129.444,129.826,0
2022-05-12,129.83,129.846,127.517,129.084,0
2022-05-13,129.083,129.452,128.489,129.182,0
2022-05-15,129.19,129.639,128.698,128.907,0
2022-05-16,128.908,129.613,128.794,129.337,0
2022-05-17,129.339,129.78,129.069,129.124,0
2022-05-18,129.126,129.346,127.896,128.749,0
2022-05-19,128.748,128.942,127.024,127.612,0
2022-05-20,127.614,128.297,127.562,127.772,0
2022-05-22,127.891,128.057,127.15,127.374,0
2022-05-23,127.373,128.083,127.303,127.778,0
2022-05-24,127.78,127.78,126.359,127.08,0
2022-05-25,127.081,127.58,126.797,127.396,0
2022-05-26,127.396,127.444,126.55,126.813,0
2022-05-27,126.813,127.255,126.725,127.087,0
2022-05-29,127.0,127.343,126.858,126.978,0
2022-05-30,126.979,128.339,126.945,128.084,0
2022-05-31,128.084,129.186,127.634,129.129,0
2022-06-01,129.128,130.238,129.105,130.081,0
2022-06-02,130.081,130.089,129.51,129.834,0
2022-06-03,129.837,130.98,129.799,130.781,0
2022-06-05,130.892,130.996,130.465,130.492,0
2022-06-06,130.492,132.755,130.429,132.603,0
2022-06-07,132.603,133.211,132.315,133.053,0
2022-06-08,133.053,134.555,132.937,133.945,0
2022-06-09,133.945,134.474,133.182,134.094,0
2022-06-10,134.092,134.48,133.362,134.384,0
2022-06-12,134.298,134.998,134.296,134.908,0
2022-06-13,134.907,135.196,133.59,134.569,0
2022-06-14,134.569,135.586,134.013,135.083,0
2022-06-15,135.08,135.138,133.506,134.302,0
2022-06-16,134.303,134.642,131.492,134.214,0
2022-06-17,134.214,135.421,133.735,134.878,0
2022-06-19,134.907,135.44,134.661,134.843,0
2022-06-20,134.843,135.213,134.531,134.984,0
2022-06-21,134.986,136.708,134.981,136.199,0
2022-06-22,136.199,136.625,135.122,135.345,0
2022-06-23,135.345,135.874,134.263,134.679,0
2022-06-24,134.678,135.398,134.348,135.162,0
2022-06-26,134.974,135.216,134.518,134.83,0
2022-06-27,134.83,135.59,134.662,135.305,0
2022-06-28,135.304,136.382,135.245,136.17,0
2022-06-29,136.167,137.002,135.772,136.602,0
2022-06-30,136.608,136.641,134.974,135.115,0
2022-07-01,135.116,135.684,134.74,135.214,0
2022-07-03,135.288,135.314,134.78,135.169,0
2022-07-04,135.171,136.359,135.064,136.126,0
2022-07-05,136.127,136.323,135.124,135.364,0
2022-07-06,135.365,136.128,134.949,135.731,0
2022-07-07,135.729,136.219,135.327,135.592,0
2022-07-08,135.588,136.565,135.441,136.02,0
2022-07-10,135.953,137.276,135.871,137.014,0
2022-07-11,137.016,137.752,136.707,137.24,0
2022-07-12,137.242,137.532,136.47,137.123,0
2022-07-13,137.125,138.122,136.933,138.016,0
2022-07-14,138.016,139.387,137.993,138.999,0
2022-07-15,139.005,139.055,138.385,138.453,0
2022-07-17,138.499,138.568,138.025,138.329,0
2022-07-18,138.327,138.436,137.889,137.995,0
2022-07-19,137.998,138.373,137.38,138.092,0
2022-07-20,138.092,138.554,137.899,138.279,0
2022-07-21,138.278,138.875,137.02,137.651,0
2022-07-22,137.651,137.953,135.565,135.999,0
2022-07-24,136.119,136.608,135.887,136.265,0
2022-07-25,136.265,136.788,136.078,136.531,0
2022-07-26,136.533,137.141,136.28,136.952,0
2022-07-27,136.952,137.462,135.101,135.357,0
2022-07-28,135.357,135.796,132.961,133.167,0
2022-07-29,133.166,134.595,132.503,133.209,0
2022-07-31,133.199,133.562,132.058,132.581,0
2022-08-01,132.582,132.664,130.392,130.839,0
2022-08-02,130.84,133.901,130.422,132.601,0
2022-08-03,132.601,134.546,132.281,133.789,0
2022-08-04,133.789,134.422,132.518,133.22,0
2022-08-05,133.22,135.499,132.837,134.953,0
2022-08-07,135.015,135.58,134.892,135.115,0
2022-08-08,135.117,135.46,134.353,134.924,0
2022-08-09,134.93,135.3,134.712,134.945,0
2022-08-10,134.945,135.096,132.025,133.157,0
2022-08-11,133.157,133.491,131.731,133.278,0
2022-08-12,133.278,133.892,133.068,133.388,0
2022-08-14,133.319,133.594,132.911,133.185,0
2022-08-15,133.185,133.538,132.552,133.341,0
2022-08-16,133.342,134.682,133.261,134.134,0
2022-08-17,134.135,135.497,134.083,135.066,0
2022-08-18,135.068,136.37,134.646,136.301,0
2022-08-19,136.301,137.228,136.116,136.878,0
2022-08-21,136.809,137.433,136.809,137.238,0
2022-08-22,137.237,137.705,136.697,137.199,0
2022-08-23,137.201,137.641,135.804,136.808,0
2022-08-24,136.809,137.241,136.171,136.815,0
2022-08-25,136.81,136.953,136.317,136.654,0
2022-08-26,136.654,137.755,136.193,137.752,0
2022-08-28,137.641,138.67,137.558,138.578,0
2022-08-29,138.578,138.999,138.263,138.573,0
2022-08-30,138.574,139.076,138.05,138.592,0
2022-08-31,138.592,139.68,138.268,139.485,0
2022-09-01,139.522,140.27,139.061,140.147,0
2022-09-02,140.147,140.798,139.913,140.144,0
2022-09-04,140.099,140.552,140.089,140.345,0
2022-09-05,140.342,140.659,140.245,140.592,0
2022-09-06,140.59,144.087,140.569,143.999,0
2022-09-07,143.999,144.989,143.669,144.0,0
2022-09-08,144.0,144.44,143.051,143.148,0
2022-09-09,143.148,143.216,141.499,142.564,0
2022-09-11,142.087,143.035,142.085,142.945,0
2022-09-12,142.945,143.493,142.158,142.499,0
2022-09-13,142.498,144.955,141.607,144.404,0
2022-09-14,144.405,144.445,142.55,143.409,0
2022-09-15,143.41,143.799,142.825,143.364,0
2022-09-16,143.361,143.689,142.851,142.873,0
2022-09-18,142.876,143.212,142.639,143.174,0
2022-09-19,143.172,143.643,142.93,143.187,0
2022-09-20,143.187,143.92,143.181,143.831,0
2022-09-21,143.831,145.381,143.34,144.847,0
2022-09-22,144.847,145.901,140.346,142.216,0
2022-09-23,142.216,143.457,142.086,143.296,0
2022-09-25,143.703,144.159,143.184,143.958,0
2022-09-26,143.958,144.784,143.499,144.413,0
2022-09-27,144.412,144.902,144.055,144.701,0
2022-09-28,144.7,144.825,143.906,144.405,0
2022-09-29,144.405,144.81,144.256,144.736,0
2022-09-30,144.736,144.808,144.2,144.698,0
2022-10-02,144.613,144.886,144.498,144.842,0
2022-10-03,144.842,145.318,144.152,144.725,0
2022-10-04,144.725,144.931,143.521,144.071,0
2022-10-05,144.072,144.843,143.996,144.57,0
2022-10-06,144.57,145.14,144.479,144.958,0
2022-10-07,144.958,145.439,144.55,145.218,0
2022-10-09,145.309,145.666,145.286,145.433,0
2022-10-10,145.436,145.801,145.232,145.728,0
2022-10-11,145.728,146.388,145.424,146.21,0
2022-10-12,146.207,146.968,145.997,146.802,0
2022-10-13,146.804,147.672,146.443,147.356,0
2022-10-14,147.356,148.86,147.343,148.725,0
2022-10-16,148.544,148.716,148.413,148.65,0
2022-10-17,148.647,149.089,148.569,148.892,0
2022-10-18,148.893,149.387,148.135,149.204,0
2022-10-19,149.204,149.958,149.188,149.907,0
2022-10-20,149.908,150.379,149.551,150.356,0
2022-10-21,150.359,151.941,146.182,147.569,0
2022-10-23,147.63,149.705,145.394,148.877,0
2022-10-24,148.878,149.456,148.272,148.841,0
2022-10-25,148.841,149.006,147.512,148.237,0
2022-10-26,148.237,148.275,145.914,146.122,0
2022-10-27,146.122,146.936,145.105,146.1,0
2022-10-28,146.1,147.86,145.986,147.464,0
2022-10-30,147.752,148.273,147.471,147.964,0
2022-10-31,147.963,148.848,147.731,148.405,0
2022-11-01,148.404,148.425,146.986,147.618,0
2022-11-02,147.618,147.998,145.667,147.257,0
2022-11-03,147.253,148.449,147.238,147.866,0
2022-11-04,147.863,148.198,146.553,146.625,0
2022-11-06,147.173,147.344,146.683,147.186,0
2022-11-07,147.186,147.568,146.081,146.69,0
2022-11-08,146.69,146.932,145.167,145.56,0
2022-11-09,145.56,146.793,145.211,146.187,0
2022-11-10,146.187,146.588,140.202,141.753,0
2022-11-11,141.753,141.781,138.46,138.762,0
2022-11-13,139.099,139.907,138.794,139.343,0
2022-11-14,139.351,140.793,139.101,140.399,0
2022-11-15,140.397,140.444,137.671,140.06,0
2022-11-16,140.061,140.124,139.044,139.534,0
2022-11-17,139.534,140.736,138.874,139.878,0
2022-11-18,139.879,140.424,139.631,140.341,0
2022-11-20,140.267,140.571,140.157,140.431,0
2022-11-21,140.435,142.251,140.409,141.69,0
2022-11-22,141.691,142.032,140.906,141.425,0
2022-11-23,141.425,141.61,138.606,138.739,0
2022-11-24,138.738,139.219,138.049,138.458,0
2022-11-25,138.458,139.594,138.413,139.072,0
2022-11-27,139.199,139.418,138.333,138.502,0
2022-11-28,138.503,139.35,137.497,138.467,0
2022-11-29,138.468,138.943,137.864,138.575,0
2022-11-30,138.575,139.892,136.49,136.692,0
2022-12-01,136.693,136.726,135.008,135.113,0
2022-12-02,135.113,135.981,133.618,134.271,0
2022-12-04,134.479,134.766,134.127,134.301,0
2022-12-05,134.303,137.169,134.281,136.864,0
2022-12-06,136.863,137.493,135.96,137.406,0
2022-12-07,137.405,137.854,136.215,136.943,0
2022-12-08,136.941,137.166,135.761,136.014,0
2022-12-09,136.014,136.909,135.602,136.543,0
2022-12-11,136.464,137.092,136.419,136.926,0
2022-12-12,136.926,137.969,136.617,137.683,0
2022-12-13,137.685,137.832,134.65,135.556,0
2022-12-14,135.556,135.987,134.509,135.724,0
2022-12-15,135.726,138.171,135.528,137.158,0
2022-12-16,137.157,137.386,136.293,136.669,0
2022-12-18,135.813,136.604,135.768,136.14,0
2022-12-19,136.141,137.472,133.1,133.329,0
2022-12-20,133.329,133.697,130.566,132.205,0
2022-12-21,132.209,132.526,131.546,131.761,0
2022-12-22,131.762,132.81,131.698,132.706,0
2022-12-23,132.706,133.136,132.437,132.872,0
2022-12-25,132.703,132.884,132.305,132.527,0
2022-12-26,132.527,133.19,132.477,132.888,0
2022-12-27,132.887,134.4,132.736,133.971,0
2022-12-28,133.972,134.498,133.397,133.623,0
2022-12-29,133.621,133.898,132.38,132.661,0
2022-12-30,132.661,132.69,130.776,131.106,0
2023-01-01,130.925,131.041,130.716,130.914,0
2023-01-02,130.911,131.403,129.507,129.592,0
2023-01-03,129.592,131.466,129.55,130.827,0
2023-01-04,130.827,132.715,129.923,132.307,0
2023-01-05,132.307,134.053,132.243,133.912,0
2023-01-06,133.911,134.773,131.993,132.03,0
2023-01-08,131.899,132.285,131.304,131.699,0
2023-01-09,131.699,132.653,131.38,131.984,0
2023-01-10,131.984,132.578,131.661,132.271,0
2023-01-11,132.27,132.871,131.38,131.444,0
2023-01-12,131.443,131.898,128.63,129.21,0
2023-01-13,129.211,129.302,127.454,127.853,0
2023-01-15,127.749,128.195,127.218,127.667,0
2023-01-16,127.667,129.155,127.572,128.665,0
2023-01-17,128.664,131.572,127.986,131.336,0
2023-01-18,131.336,131.536,127.561,128.027,0
2023-01-19,128.027,129.094,127.757,129.047,0
2023-01-20,129.051,130.611,128.726,129.464,0
2023-01-22,129.459,129.745,129.038,129.588,0
2023-01-23,129.588,130.885,129.548,130.285,0
2023-01-24,130.284,131.116,129.723,130.443,0
2023-01-25,130.444,130.581,129.02,129.238,0
2023-01-26,129.238,130.618,129.197,130.02,0
2023-01-27,130.02,130.265,129.557,129.801,0
2023-01-29,129.685,130.289,129.2,129.477,0
2023-01-30,129.477,130.567,129.401,130.314,0
2023-01-31,130.313,130.494,129.743,130.25,0
2023-02-01,130.251,130.408,128.173,128.445,0
2023-02-02,128.444,129.133,128.08,128.529,0
2023-02-03,128.528,131.202,128.327,131.156,0
2023-02-05,132.471,132.476,131.508,131.678,0
2023-02-06,131.679,132.9,131.579,132.263,0
2023-02-07,132.262,132.341,130.472,131.146,0
2023-02-08,131.147,131.824,130.591,131.422,0
2023-02-09,131.42,131.885,130.339,131.715,0
2023-02-10,131.715,131.807,129.801,131.347,0
2023-02-12,131.238,132.174,131.207,132.134,0
2023-02-13,132.134,132.907,131.909,131.964,0
2023-02-14,131.961,133.314,131.499,133.095,0
2023-02-15,133.095,134.357,132.962,133.84,0
2023-02-16,133.839,134.807,133.602,134.662,0
2023-02-17,134.661,135.116,134.052,134.092,0
2023-02-19,134.198,134.538,133.949,134.061,0
2023-02-20,134.06,134.493,133.92,134.325,0
2023-02-21,134.326,135.171,134.304,134.903,0
2023-02-22,134.902,134.995,134.391,134.754,0
2023-02-23,134.755,135.302,134.054,134.66,0
2023-02-24,134.661,136.503,134.509,136.402,0
2023-02-26,136.423,136.554,136.0,136.306,0
2023-02-27,136.307,136.443,135.914,136.237,0
2023-02-28,136.238,136.917,135.781,136.384,0
2023-03-01,136.385,136.481,135.394,136.438,0
2023-03-02,136.438,137.1,136.233,136.703,0
2023-03-03,136.702,136.71,135.794,135.831,0
2023-03-05,135.971,136.048,135.364,135.65,0
2023-03-06,135.649,136.175,135.527,136.024,0
2023-03-07,136.025,137.91,135.537,137.83,0
2023-03-08,137.831,137.89,136.477,136.792,0
2023-03-09,136.792,136.968,135.809,136.573,0
2023-03-10,136.573,136.992,134.285,134.858,0
2023-03-12,134.542,134.968,133.525,134.149,0
2023-03-13,134.148,134.694,132.282,133.858,0
2023-03-14,133.859,134.901,133.185,134.52,0
2023-03-15,134.523,135.112,132.403,132.773,0
2023-03-16,132.774,133.792,131.715,133.053,0
2023-03-17,133.055,133.351,131.619,131.986,0
2023-03-19,131.792,132.647,131.641,131.811,0
2023-03-20,131.812,131.984,130.538,131.256,0
2023-03-21,131.256,132.774,131.175,132.478,0
2023-03-22,132.478,133.0,130.416,130.727,0
2023-03-23,130.729,131.66,130.072,130.1,0
2023-03-24,130.101,130.826,129.671,130.749,0
2023-03-26,130.564,131.051,130.536,130.589,0
2023-03-27,130.59,131.76,130.496,130.581,0
2023-03-28,130.58,131.798,130.405,131.674,0
2023-03-29,131.675,132.889,131.54,132.668,0
2023-03-30,132.667,133.509,132.2,132.759,0
2023-03-31,132.759,133.592,132.681,132.756,0
2023-04-02,133.279,133.462,132.817,133.444,0
2023-04-03,133.447,133.755,132.169,132.848,0
2023-04-04,132.85,133.078,131.303,131.676,0
2023-04-05,131.679,131.81,130.774,131.201,0
2023-04-06,131.2,131.921,130.954,131.673,0
2023-04-09,131.981,132.738,131.952,132.705,0
2023-04-10,132.705,133.854,131.993,133.409,0
2023-04-11,133.409,134.043,132.983,133.842,0
2023-04-12,133.842,133.968,132.73,133.262,0
2023-04-13,133.262,133.39,132.016,132.399,0
2023-04-14,132.4,133.813,132.168,133.748,0
2023-04-16,133.812,134.105,133.709,133.982,0
2023-04-17,133.981,134.703,133.75,134.443,0
2023-04-18,134.441,134.534,133.918,134.291,0
2023-04-19,134.292,135.133,134.279,134.739,0
2023-04-20,134.738,134.861,133.802,133.861,0
2023-04-21,133.861,134.46,133.548,134.073,0
2023-04-23,134.012,134.47,133.888,134.362,0
2023-04-24,134.362,134.696,134.003,134.357,0
2023-04-25,134.358,134.479,133.438,133.529,0
2023-04-26,133.529,133.881,133.013,133.687,0
2023-04-27,133.686,134.291,133.204,133.81,0
2023-04-28,133.808,136.56,133.375,136.253,0
2023-04-30,136.195,136.945,136.155,136.878,0
2023-05-01,136.877,137.539,136.613,137.492,0
2023-05-02,137.493,137.772,135.917,136.056,0
2023-05-03,136.056,136.115,134.345,134.51,0
2023-05-04,134.512,134.866,133.498,134.037,0
2023-05-05,134.037,135.067,133.882,134.857,0
2023-05-07,134.794,135.296,134.759,134.861,0
2023-05-08,134.862,135.324,134.64,134.936,0
2023-05-09,134.937,135.3,134.721,135.147,0
2023-05-10,135.146,135.469,133.892,134.189,0
2023-05-11,134.189,134.842,133.743,134.546,0
2023-05-12,134.545,135.752,134.519,135.7,0
2023-05-14,135.646,136.148,135.64,136.13,0
2023-05-15,136.127,136.324,135.708,135.964,0
2023-05-16,135.964,136.682,135.685,136.46,0
2023-05-17,136.46,137.716,136.459,137.585,0
2023-05-18,137.584,138.723,137.384,138.426,0
2023-05-19,138.425,138.655,137.423,137.964,0
2023-05-21,137.963,138.002,137.492,137.695,0
2023-05-22,137.696,138.875,137.644,138.624,0
2023-05-23,138.624,138.909,138.24,138.418,0
2023-05-24,138.417,139.702,138.231,139.657,0
2023-05-25,139.656,140.228,139.28,139.834,0
2023-05-26,139.834,140.724,139.492,140.569,0
2023-05-28,140.633,140.917,140.382,140.593,0
2023-05-29,140.596,140.64,139.96,140.243,0
2023-05-30,140.244,140.932,139.57,139.785,0
2023-05-31,139.784,140.391,139.077,139.499,0
2023-06-01,139.499,139.947,138.603,138.74,0
2023-06-02,138.739,140.07,138.731,139.911,0
2023-06-04,139.965,140.262,139.965,140.041,0
2023-06-05,140.042,140.453,139.322,139.547,0
2023-06-06,139.546,139.992,139.095,139.305,0
2023-06-07,139.305,140.245,139.022,139.805,0
2023-06-08,139.804,139.961,138.835,139.268,0
2023-06-09,139.268,139.723,139.028,139.399,0
2023-06-11,139.383,139.642,139.264,139.431,0
2023-06-12,139.432,139.765,139.159,139.393,0
2023-06-13,139.393,140.296,139.039,140.006,0
2023-06-14,140.006,141.085,139.281,141.075,0
2023-06-15,141.074,141.503,139.85,140.525,0
2023-06-16,140.526,141.911,140.463,141.795,0
2023-06-18,141.675,141.97,141.513,141.531,0
2023-06-19,141.53,142.252,141.441,141.726,0
2023-06-20,141.726,142.141,141.248,141.635,0
2023-06-21,141.636,142.368,141.609,141.744,0
2023-06-22,141.745,143.162,141.615,143.064,0
2023-06-23,143.063,143.866,142.685,143.789,0
2023-06-25,143.594,143.718,143.231,143.435,0
2023-06-26,143.434,143.621,142.935,143.429,0
2023-06-27,143.429,144.086,143.37,143.988,0
2023-06-28,143.987,144.615,143.822,144.431,0
2023-06-29,144.431,145.067,144.145,144.771,0
2023-06-30,144.772,144.902,144.223,144.223,0
2023-07-02,144.276,144.691,144.22,144.615,0
2023-07-03,144.615,144.881,143.984,144.661,0
2023-07-04,144.661,144.675,144.229,144.526,0
2023-07-05,144.527,144.734,144.077,144.23,0
2023-07-06,144.23,144.651,143.552,143.912,0
2023-07-07,143.913,143.956,142.069,142.083,0
2023-07-09,142.091,142.903,142.064,142.769,0
2023-07-10,142.772,143.005,140.609,140.793,0
2023-07-11,140.791,140.945,139.365,139.653,0
2023-07-12,139.654,139.755,138.069,138.507,0
2023-07-13,138.506,138.83,137.237,137.434,0
2023-07-14,137.434,139.156,137.428,138.743,0
2023-07-16,138.678,138.83,138.364,138.659,0
2023-07-17,138.662,139.197,137.996,138.585,0
2023-07-18,138.586,139.325,137.812,139.28,0
2023-07-19,139.279,139.992,139.107,139.184,0
2023-07-20,139.185,140.497,139.175,140.177,0
2023-07-21,140.183,141.952,140.019,141.76,0
2023-07-23,141.703,141.811,141.341,141.41,0
2023-07-24,141.41,141.631,140.844,141.282,0
2023-07-25,141.282,141.735,140.853,140.981,0
2023-07-26,140.982,141.093,139.379,139.824,0
2023-07-27,139.823,141.26,138.455,139.721,0
2023-07-28,139.722,141.025,138.061,140.996,0
2023-07-30,140.921,141.886,140.689,141.743,0
2023-07-31,141.743,142.796,141.575,142.667,0
2023-08-01,142.668,143.543,142.523,143.145,0
2023-08-02,143.144,143.475,142.23,143.251,0
2023-08-03,143.251,143.888,142.062,142.544,0
2023-08-04,142.541,142.903,141.549,141.697,0
2023-08-06,141.666,142.213,141.511,142.181,0
2023-08-07,142.18,143.376,141.795,143.333,0
2023-08-08,143.333,143.492,142.834,143.213,0
2023-08-09,143.213,143.887,142.998,143.878,0
2023-08-10,143.878,144.892,143.281,144.676,0
2023-08-11,144.675,144.999,144.417,144.876,0
2023-08-13,144.805,145.221,144.65,144.916,0
2023-08-14,144.914,145.592,144.741,145.496,0
2023-08-15,145.496,145.864,145.103,145.504,0
2023-08-16,145.505,146.559,145.306,146.421,0
2023-08-17,146.422,146.429,145.322,145.367,0
2023-08-18,145.367,145.765,144.927,145.328,0
2023-08-20,145.259,145.625,145.142,145.419,0
2023-08-21,145.421,146.402,145.313,146.011,0
2023-08-22,146.012,146.131,145.494,145.651,0
2023-08-23,145.651,145.756,144.538,145.01,0
2023-08-24,145.011,146.21,144.937,146.092,0
2023-08-25,146.092,146.634,145.719,146.389,0
2023-08-27,146.394,146.613,146.391,146.466,0
2023-08-28,146.467,146.742,146.271,146.403,0
2023-08-29,146.404,147.374,145.667,146.16,0
2023-08-30,146.157,146.535,145.558,145.947,0
2023-08-31,145.948,146.227,145.236,145.453,0
2023-09-01,145.452,146.292,144.441,146.162,0
2023-09-03,146.17,146.247,146.022,146.155,0
2023-09-04,146.156,146.774,146.13,146.741,0
2023-09-05,146.74,147.816,146.64,147.564,0
2023-09-06,147.564,147.872,147.016,147.564,0
2023-09-07,147.57,147.681,146.584,147.235,0
2023-09-08,147.235,147.87,147.052,147.798,0
2023-09-10,146.981,147.271,146.367,146.464,0
2023-09-11,146.458,146.983,145.9,146.678,0
2023-09-12,146.678,147.446,146.618,147.351,0
2023-09-13,147.35,147.745,147.018,147.085,0
2023-09-14,147.085,147.564,147.016,147.467,0
2023-09-15,147.466,147.95,147.367,147.819,0
2023-09-17,147.674,147.877,147.664,147.735,0
2023-09-18,147.739,147.777,147.503,147.761,0
2023-09-19,147.76,147.92,147.567,147.816,0
2023-09-20,147.813,148.457,147.472,148.286,0
2023-09-21,148.286,148.408,147.319,148.109,0
2023-09-22,148.112,148.418,147.901,148.341,0
2023-09-24,148.207,148.481,148.207,148.368,0
2023-09-25,148.368,148.961,148.322,148.87,0
2023-09-26,148.871,149.185,148.759,149.017,0
2023-09-27,149.023,149.708,148.972,149.422,0
2023-09-28,149.421,149.501,149.143,149.384,0
2023-09-29,149.384,149.5,148.525,149.334,0
2023-10-01,149.606,149.799,149.429,149.777,0
2023-10-02,149.78,149.892,149.554,149.864,0
2023-10-03,149.863,150.159,147.277,149.279,0
2023-10-04,149.279,149.282,148.257,148.517,0
2023-10-05,148.517,149.116,148.304,148.689,0
2023-10-06,148.69,149.535,148.654,149.268,0
2023-10-08,149.062,149.239,148.986,149.155,0
2023-10-09,149.155,149.223,148.161,148.615,0
2023-10-10,148.614,149.097,148.422,148.817,0
2023-10-11,148.816,149.323,148.579,149.126,0
2023-10-12,149.128,149.827,148.952,149.763,0
2023-10-13,149.762,149.776,149.451,149.506,0
2023-10-15,149.341,149.631,149.337,149.477,0
2023-10-16,149.476,149.764,149.373,149.545,0
2023-10-17,149.545,149.85,148.739,149.667,0
2023-10-18,149.666,149.936,149.601,149.808,0
2023-10-19,149.809,149.959,149.674,149.849,0
2023-10-20,149.848,149.992,149.639,149.803,0
2023-10-22,149.839,149.939,149.72,149.937,0
2023-10-23,149.937,149.989,149.496,149.61,0
2023-10-24,149.61,149.929,149.32,149.846,0
2023-10-25,149.846,150.475,149.818,150.417,0
2023-10-26,150.418,150.776,149.83,150.213,0
2023-10-27,150.214,150.276,149.459,149.599,0
2023-10-29,149.47,149.812,149.47,149.557,0
2023-10-30,149.557,150.181,148.804,150.145,0
2023-10-31,150.146,151.716,150.063,151.321,0
2023-11-01,151.321,151.395,150.148,150.433,0
2023-11-02,150.434,150.58,149.843,150.282,0
2023-11-03,150.28,150.425,149.181,149.318,0
2023-11-05,149.319,149.674,149.311,149.548,0
2023-11-06,149.548,150.281,149.375,150.271,0
2023-11-07,150.271,150.691,150.245,150.515,0
2023-11-08,150.515,151.056,150.508,150.932,0
2023-11-09,150.932,151.386,150.768,151.352,0
2023-11-10,151.353,151.6,151.321,151.472,0
2023-11-12,151.42,151.776,151.418,151.759,0
2023-11-13,151.759,151.907,151.202,151.675,0
2023-11-14,151.677,151.745,150.154,150.563,0
2023-11-15,150.563,151.42,150.047,151.253,0
2023-11-16,151.253,151.429,150.285,150.575,0
2023-11-17,150.575,150.693,149.196,149.506,0
2023-11-19,149.575,149.988,148.687,148.955,0
2023-11-20,148.955,149.208,147.245,147.435,0
2023-11-21,147.435,148.594,147.149,148.376,0
2023-11-22,148.376,149.747,148.368,149.162,0
2023-11-23,149.165,149.711,148.887,149.344,0
2023-11-24,149.344,149.669,149.196,149.386,0
2023-11-26,149.391,149.674,148.886,149.004,0
2023-11-27,149.005,149.325,147.968,148.183,0
2023-11-28,148.183,148.829,146.67,147.091,0
2023-11-29,147.091,147.902,146.84,147.043,0
2023-11-30,147.043,148.52,146.865,148.078,0
2023-12-01,148.078,148.345,146.659,146.772,0
2023-12-03,146.667,146.828,146.223,146.794,0
2023-12-04,146.794,147.451,146.458,147.153,0
2023-12-05,147.152,147.397,146.558,147.276,0
2023-12-06,147.275,147.497,146.688,146.729,0
2023-12-07,146.728,146.815,141.615,143.715,0
2023-12-08,143.716,145.214,143.618,144.902,0
2023-12-10,144.889,145.667,144.808,145.605,0
2023-12-11,145.605,146.588,145.325,145.534,0
2023-12-12,145.533,145.851,144.731,145.684,0
2023-12-13,145.685,145.993,140.956,141.711,0
2023-12-14,141.716,142.464,141.228,141.719,0
2023-12-15,141.719,142.449,141.428,142.141,0
2023-12-17,142.038,142.457,142.024,142.157,0
2023-12-18,142.159,143.784,142.12,143.423,0
2023-12-19,143.423,144.954,142.48,143.468,0
2023-12-20,143.468,143.938,142.807,142.881,0
2023-12-21,142.881,143.395,141.864,142.378,0
2023-12-22,142.38,142.662,141.889,142.412,0
2023-12-24,142.26,142.479,142.101,142.154,0
2023-12-25,142.16,142.477,142.09,142.259,0
2023-12-26,142.26,142.848,142.189,142.583,0
2023-12-27,142.581,142.837,141.114,141.203,0
2023-12-28,141.203,141.665,140.248,141.457,0
2023-12-29,141.457,141.912,140.797,140.98,0
2024-01-01,140.843,141.669,140.811,141.537,0
2024-01-02,141.533,142.216,141.29,141.904,0
2024-01-03,141.904,143.731,141.904,143.565,0
2024-01-04,143.568,144.953,143.179,144.847,0
2024-01-05,144.846,145.976,143.806,144.603,0
2024-01-07,144.453,144.917,144.312,144.462,0
2024-01-08,144.467,144.683,143.419,143.585,0
2024-01-09,143.587,144.934,143.581,144.805,0
2024-01-10,144.807,145.828,144.667,145.387,0
2024-01-11,145.389,146.414,144.843,145.0,0
2024-01-12,144.999,145.566,144.354,144.904,0
2024-01-14,144.78,145.232,144.78,145.167,0
2024-01-15,145.168,146.229,145.097,146.111,0
2024-01-16,146.112,147.483,145.993,147.349,0
2024-01-17,147.353,148.524,147.349,147.929,0
2024-01-18,147.931,148.473,147.654,148.357,0
2024-01-19,148.359,148.802,147.838,148.04,0
2024-01-21,148.207,148.259,147.73,147.839,0
2024-01-22,147.838,148.548,147.615,147.944,0
2024-01-23,147.944,148.694,146.975,147.88,0
2024-01-24,147.881,148.012,146.648,147.771,0
2024-01-25,147.77,147.936,147.081,147.79,0
2024-01-26,147.791,148.209,147.393,148.149,0
2024-01-28,148.087,148.333,147.992,148.064,0
2024-01-29,148.064,148.1,147.19,147.361,0
2024-01-30,147.362,147.926,147.096,147.609,0
2024-01-31,147.61,147.898,146.007,146.791,0
2024-02-01,146.791,147.114,145.896,146.419,0
2024-02-02,146.419,148.583,146.354,148.308,0
2024-02-04,148.381,148.82,148.314,148.433,0
2024-02-05,148.432,148.892,148.266,148.466,0
2024-02-06,148.468,148.787,147.709,147.971,0
2024-02-07,147.972,148.495,147.618,148.483,0
2024-02-08,148.484,149.488,148.461,149.416,0
2024-02-09,149.417,149.575,149.005,149.256,0
2024-02-11,149.213,149.314,149.078,149.222,0
2024-02-12,149.223,149.577,148.926,149.552,0
2024-02-13,149.553,150.883,149.224,150.441,0
2024-02-14,150.44,150.75,150.117,150.143,0
2024-02-15,150.144,150.365,149.523,150.251,0
2024-02-16,150.252,150.645,150.084,150.181,0
2024-02-18,150.078,150.195,149.871,150.025,0
2024-02-19,150.026,150.366,149.89,150.332,0
2024-02-20,150.333,150.437,149.683,150.003,0
2024-02-21,150.003,150.456,149.932,150.287,0
2024-02-22,150.288,150.688,150.015,150.529,0
2024-02-23,150.53,150.767,150.292,150.473,0
2024-02-25,150.46,150.562,150.292,150.5,0
2024-02-26,150.5,150.837,150.363,150.455,0
2024-02-27,150.454,150.64,150.073,150.621,0
2024-02-28,150.622,150.842,149.694,149.823,0
2024-02-29,149.822,150.413,149.208,150.383,0
2024-03-01,150.383,150.72,150.05,150.064,0
2024-03-03,149.944,150.265,149.837,150.253,0
2024-03-04,150.253,150.568,150.173,150.529,0
2024-03-05,150.528,150.545,149.701,149.939,0
2024-03-06,149.938,149.939,148.401,148.55,0
2024-03-07,148.551,148.681,147.521,147.853,0
2024-03-08,147.852,148.044,146.481,147.03,0
2024-03-10,146.915,147.126,146.537,146.903,0
2024-03-11,146.903,147.434,146.483,147.382,0
2024-03-12,147.383,148.161,147.065,147.571,0
2024-03-13,147.572,148.045,147.458,147.912,0
2024-03-14,147.914,148.659,147.43,148.311,0
2024-03-15,148.31,149.163,148.03,148.982,0
2024-03-17,148.944,149.328,148.907,149.112,0
2024-03-18,149.111,150.076,148.918,149.965,0
2024-03-19,149.965,151.538,149.938,151.485,0
2024-03-20,151.485,151.816,150.263,150.762,0
2024-03-21,150.761,151.862,150.749,151.583,0
2024-03-22,151.584,151.649,151.003,151.431,0
2024-03-24,151.305,151.435,151.052,151.365,0
2024-03-25,151.363,151.544,151.122,151.359,0
2024-03-26,151.359,151.97,151.206,151.688,0
2024-03-27,151.688,151.837,151.025,151.354,0
2024-03-28,151.355,151.502,151.149,151.284,0
2024-03-29,151.284,151.474,151.167,151.307,0
2024-03-31,151.246,151.429,151.219,151.346,0
2024-04-01,151.345,151.783,151.301,151.76,0
2024-04-02,151.761,151.801,151.439,151.561,0
2024-04-03,151.561,151.953,151.532,151.671,0
2024-04-04,151.674,151.77,150.81,151.261,0
2024-04-05,151.262,151.75,151.091,151.617,0
2024-04-07,151.569,151.816,151.54,151.767,0
2024-04-08,151.769,151.941,151.717,151.855,0
2024-04-09,151.856,151.935,151.568,151.754,0
2024-04-10,151.754,153.238,151.744,152.946,0
2024-04-11,152.946,153.318,152.796,153.204,0
2024-04-12,153.206,153.383,152.59,153.24,0
2024-04-14,153.034,153.744,152.966,153.671,0
2024-04-15,153.671,154.445,153.666,154.352,0
2024-04-16,154.347,154.784,153.898,154.648,0
2024-04-17,154.646,154.71,153.956,154.236,0
2024-04-18,154.237,154.679,153.586,154.309,0
2024-04-19,154.31,154.653,154.208,154.562,0
2024-04-21,154.547,154.736,154.387,154.686,0
2024-04-22,154.685,154.848,154.592,154.751,0
2024-04-23,154.751,154.875,154.55,154.846,0
2024-04-24,154.848,155.516,154.763,155.461,0
2024-04-25,155.46,156.141,155.305,155.942,0
2024-04-26,155.943,158.439,154.965,158.291,0
2024-04-28,157.806,160.203,157.703,159.396,0
2024-04-29,159.396,159.594,154.523,156.734,0
2024-04-30,156.733,157.932,156.472,157.914,0
2024-05-01,157.915,157.985,152.989,155.943,0
2024-05-02,155.942,156.074,152.748,153.006,0
2024-05-03,153.005,153.332,151.857,153.008,0
2024-05-05,152.886,153.969,152.764,153.918,0
2024-05-06,153.924,154.592,153.411,154.55,0
2024-05-07,154.551,155.263,153.976,155.162,0
2024-05-08,155.161,155.694,155.081,155.552,0
2024-05-09,155.553,155.951,155.264,155.731,0
2024-05-10,155.729,155.903,155.497,155.761,0
2024-05-12,155.629,155.955,155.502,155.759,0
2024-05-13,155.761,156.496,155.684,156.411,0
2024-05-14,156.414,156.783,156.229,156.395,0
2024-05-15,156.393,156.395,153.598,153.97,0
2024-05-16,153.969,155.927,153.802,155.792,0
2024-05-17,155.793,155.977,155.247,155.603,0
2024-05-19,155.534,155.935,155.525,155.721,0
2024-05-20,155.721,156.496,155.493,156.475,0
2024-05-21,156.477,156.545,155.841,156.31,0
2024-05-22,156.312,156.902,156.282,156.758,0
2024-05-23,156.759,157.194,156.528,157.054,0
2024-05-24,157.054,157.127,156.82,156.943,0
2024-05-26,156.806,156.944,156.661,156.703,0
2024-05-27,156.702,156.956,156.623,156.657,0
2024-05-28,156.656,157.405,156.579,157.313,0
2024-05-29,157.314,157.707,156.894,157.377,0
2024-05-30,157.374,157.382,156.37,156.804,0
2024-05-31,156.803,157.364,156.557,157.279,0
2024-06-02,157.124,157.47,156.994,157.419,0
2024-06-03,157.421,157.461,155.948,156.385,0
2024-06-04,156.386,156.417,154.548,155.485,0
2024-06-05,155.484,156.485,155.354,155.569,0
2024-06-06,155.568,156.445,155.471,155.752,0
2024-06-07,155.752,157.076,155.119,156.7,0
2024-06-09,156.717,157.193,156.564,157.151,0
2024-06-10,157.149,157.332,156.743,157.217,0
2024-06-11,157.217,157.402,156.803,157.181,0
2024-06-12,157.181,157.37,155.716,157.005,0
2024-06-13,157.007,157.98,156.579,157.819,0
2024-06-14,157.819,158.255,156.882,157.36,0
2024-06-16,157.253,157.662,157.235,157.365,0
2024-06-17,157.366,157.959,157.155,157.638,0
2024-06-18,157.637,158.229,157.581,157.855,0
2024-06-19,157.856,158.139,157.602,158.078,0
2024-06-20,158.078,159.125,158.051,158.886,0
2024-06-21,158.887,159.835,158.669,159.765,0
2024-06-23,159.751,159.927,159.596,159.699,0
2024-06-24,159.7,159.816,158.74,159.482,0
2024-06-25,159.48,159.9,159.273,159.833,0
2024-06-26,159.833,160.865,159.741,160.429,0
2024-06-27,160.429,161.282,160.28,160.987,0
2024-06-28,160.985,161.13,160.261,160.802,0
2024-06-30,160.811,161.186,160.683,161.05,0
2024-07-01,161.049,161.728,160.867,161.659,0
2024-07-02,161.66,161.742,161.266,161.629,0
2024-07-03,161.628,161.949,160.768,161.53,0
2024-07-04,161.531,161.572,160.53,160.614,0
2024-07-05,160.613,161.329,160.33,160.719,0
2024-07-07,160.721,160.819,160.26,160.486,0
2024-07-08,160.486,161.131,160.472,161.05,0
2024-07-09,161.051,161.591,160.739,161.43,0
2024-07-10,161.43,161.804,161.339,161.634,0
2024-07-11,161.637,161.758,157.409,159.231,0
2024-07-12,159.23,159.318,157.359,157.7,0
2024-07-14,158.068,158.419,157.91,157.97,0
2024-07-15,157.97,158.725,157.163,158.632,0
2024-07-16,158.633,158.854,158.252,158.376,0
2024-07-17,158.376,158.386,155.37,156.435,0
2024-07-18,156.434,157.529,155.796,157.374,0
2024-07-19,157.375,157.862,156.952,157.475,0
2024-07-21,157.329,157.61,157.155,157.48,0
2024-07-22,157.476,157.512,156.197,156.279,0
2024-07-23,156.279,156.635,155.046,155.055,0
2024-07-24,155.054,155.054,152.229,152.317,0
2024-07-25,152.315,154.318,151.941,153.753,0
2024-07-26,153.753,154.737,153.096,153.718,0
2024-07-28,153.652,154.351,153.014,153.511,0
2024-07-29,153.517,154.247,153.138,154.069,0
2024-07-30,154.073,155.213,151.587,153.57,0
2024-07-31,153.586,153.894,148.508,149.56,0
2024-08-01,149.562,150.89,148.872,149.491,0
2024-08-02,149.49,149.579,146.417,146.498,0
2024-08-04,146.441,146.563,144.163,144.361,0
2024-08-05,144.36,146.365,141.676,145.35,0
2024-08-06,145.348,147.488,144.045,147.131,0
2024-08-07,147.129,147.897,145.426,146.376,0
2024-08-08,146.384,147.813,145.627,147.225,0
2024-08-09,147.226,147.32,146.267,146.634,0
2024-08-11,146.484,147.22,146.468,147.196,0
2024-08-12,147.202,148.222,146.914,147.48,0
2024-08-13,147.481,147.945,146.068,146.776,0
2024-08-14,146.775,147.609,146.505,147.402,0
2024-08-15,147.402,149.396,147.053,148.931,0
2024-08-16,148.931,149.095,147.569,147.587,0
2024-08-18,147.555,148.051,146.311,146.458,0
2024-08-19,146.459,147.161,145.182,147.066,0
2024-08-20,147.062,147.345,144.93,145.474,0
2024-08-21,145.476,146.889,144.45,145.264,0
2024-08-22,145.263,146.525,144.982,145.667,0
2024-08-23,145.667,146.481,144.047,144.352,0
2024-08-25,144.227,144.34,143.444,143.968,0
2024-08-26,143.97,144.97,143.597,144.831,0
2024-08-27,144.832,145.175,143.679,144.408,0
2024-08-28,144.408,145.036,144.059,144.525,0
2024-08-29,144.525,145.553,144.443,144.792,0
2024-08-30,144.793,146.246,144.774,146.113,0
2024-09-01,145.971,146.597,145.828,145.948,0
2024-09-02,145.948,147.207,145.773,146.54,0
2024-09-03,146.542,146.594,144.889,145.31,0
2024-09-04,145.311,145.538,143.183,143.76,0
2024-09-05,143.76,144.228,142.847,143.03,0
2024-09-06,143.03,144.041,141.762,142.251,0
2024-09-08,142.172,142.989,141.948,142.757,0
2024-09-09,142.758,143.795,142.65,143.235,0
2024-09-10,143.237,143.708,141.255,141.396,0
2024-09-11,141.396,142.949,140.707,142.59,0
2024-09-12,142.591,143.044,140.774,140.976,0
2024-09-13,140.976,141.412,140.281,140.78,0
2024-09-15,140.704,140.898,140.047,140.12,0
2024-09-16,140.12,141.24,139.576,140.597,0
2024-09-17,140.594,142.464,140.348,141.391,0
2024-09-18,141.39,143.944,140.435,143.164,0
2024-09-19,143.168,143.766,141.952,142.289,0
2024-09-20,142.29,144.495,141.736,143.808,0
2024-09-22,143.754,144.459,143.669,144.315,0
2024-09-23,144.316,144.35,143.162,143.772,0
2024-09-24,143.772,144.679,142.887,143.298,0
2024-09-25,143.297,145.035,143.18,144.929,0
2024-09-26,144.928,145.576,144.109,145.251,0
2024-09-27,145.252,146.491,142.066,142.15,0
2024-09-29,142.129,142.952,142.094,142.45,0
2024-09-30,142.449,144.331,141.642,144.276,0
2024-10-01,144.278,144.529,142.969,144.132,0
2024-10-02,144.132,147.239,143.53,146.85,0
2024-10-03,146.852,147.179,146.301,146.374,0
2024-10-04,146.371,149.004,145.918,148.631,0
2024-10-06,148.653,149.125,148.217,148.404,0
2024-10-07,148.405,148.685,147.51,147.914,0
2024-10-08,147.914,148.431,147.343,148.319,0
2024-10-09,148.319,149.365,148.264,149.221,0
2024-10-10,149.226,149.565,148.226,148.711,0
2024-10-11,148.71,149.282,148.603,149.091,0
2024-10-13,149.029,149.391,148.987,149.327,0
2024-10-14,149.327,149.981,149.167,149.708,0
2024-10-15,149.711,149.758,148.848,149.171,0
2024-10-16,149.17,149.805,149.133,149.553,0
2024-10-17,149.554,150.321,149.394,149.889,0
2024-10-18,149.89,150.155,149.363,149.503,0
2024-10-20,149.439,149.641,149.086,149.223,0
2024-10-21,149.223,150.983,149.199,150.922,0
2024-10-22,150.922,151.83,150.602,151.749,0
2024-10-23,151.748,153.185,151.73,152.398,0
2024-10-24,152.397,152.398,151.552,151.846,0
2024-10-25,151.846,152.378,151.452,152.244,0
2024-10-27,153.176,153.879,152.652,153.643,0
2024-10-28,153.642,153.744,152.407,152.925,0
2024-10-29,152.929,153.865,152.754,153.355,0
2024-10-30,153.356,153.611,152.778,152.917,0
2024-10-31,152.918,153.084,151.874,152.482,0
2024-11-01,152.481,153.093,151.789,152.946,0
2024-11-03,152.26,152.551,151.598,151.818,0
2024-11-04,151.819,152.497,151.531,152.464,0
2024-11-05,152.46,154.333,151.283,153.556,0
2024-11-06,153.56,154.708,153.125,154.171,0
2024-11-07,154.172,154.287,152.548,152.734,0
2024-11-08,152.733,152.954,152.139,152.608,0
2024-11-10,152.631,153.642,152.602,153.57,0
2024-11-11,153.57,154.061,153.314,153.5,0
2024-11-12,153.5,154.938,153.403,154.847,0
2024-11-13,154.848,156.133,154.338,156.053,0
2024-11-14,156.053,156.746,155.651,156.354,0
2024-11-15,156.354,156.503,153.858,154.248,0
2024-11-17,154.349,155.138,153.838,154.645,0
2024-11-18,154.646,155.356,153.948,154.419,0
2024-11-19,154.425,155.137,153.279,155.051,0
2024-11-20,155.051,155.886,154.86,155.055,0
2024-11-21,155.053,155.261,153.905,154.421,0
2024-11-22,154.422,155.022,154.189,154.73,0
2024-11-24,154.117,154.389,153.548,154.095,0
2024-11-25,154.095,154.722,153.627,153.838,0
2024-11-26,153.838,154.219,152.249,152.31,0
2024-11-27,152.31,152.475,150.453,151.623,0
2024-11-28,151.624,151.948,149.758,150.008,0
2024-11-29,150.008,150.529,149.464,149.724,0
2024-12-01,149.514,150.742,149.486,150.575,0
2024-12-02,150.575,150.747,149.077,150.144,0
2024-12-03,150.144,150.234,148.646,149.967,0
2024-12-04,149.968,151.228,149.856,150.387,0
2024-12-05,150.389,150.695,149.654,149.977,0
2024-12-06,149.978,150.698,149.36,149.989,0
2024-12-08,149.864,150.072,149.689,149.891,0
2024-12-09,149.892,151.547,149.855,151.126,0
2024-12-10,151.128,152.18,150.894,151.543,0
2024-12-11,151.544,152.856,151.004,152.189,0
2024-12-12,152.189,153.086,151.798,152.951,0
2024-12-13,152.952,153.798,152.671,153.683,0
2024-12-15,153.573,153.969,153.322,153.741,0
2024-12-16,153.741,154.476,153.442,154.061,0
2024-12-17,154.061,154.258,153.159,153.44,0
2024-12-18,153.443,155.435,153.332,155.303,0
2024-12-19,155.302,157.924,154.911,157.296,0
2024-12-20,157.296,157.313,155.951,156.407,0
2024-12-22,156.249,156.691,156.238,156.577,0
2024-12-23,156.576,157.393,156.461,157.011,0
2024-12-24,157.012,157.378,156.887,157.308,0
2024-12-25,157.307,157.474,156.929,157.426,0
2024-12-26,157.427,158.083,157.305,157.57,0
2024-12-27,157.571,157.943,157.35,157.764,0
2024-12-29,157.679,157.988,157.652,157.789,0
2024-12-30,157.794,158.071,156.143,156.229,0
2024-12-31,156.227,157.546,156.02,157.197,0
2025-01-01,157.151,157.776,156.993,157.02,0
2025-01-02,157.02,157.849,156.435,157.281,0
2025-01-03,157.281,157.49,156.87,157.242,0
2025-01-05,157.18,157.826,157.139,157.716,0
2025-01-06,157.719,158.413,156.24,158.08,0
2025-01-07,158.081,158.423,157.362,158.226,0
2025-01-08,158.224,158.55,157.761,157.926,0
2025-01-09,157.926,158.406,157.574,158.385,0
2025-01-10,158.386,158.877,157.222,157.657,0
2025-01-12,157.596,157.964,157.266,157.542,0
2025-01-13,157.541,158.027,156.91,157.484,0
2025-01-14,157.485,158.195,157.295,157.603,0
2025-01-15,157.601,157.601,155.206,155.951,0
2025-01-16,155.951,156.362,154.977,155.386,0
2025-01-17,155.387,156.372,155.362,156.241,0
2025-01-19,156.187,156.58,155.707,155.97,0
2025-01-20,155.969,156.46,154.772,155.062,0
2025-01-21,155.063,156.05,155.0,155.79,0
2025-01-22,155.79,156.706,155.547,156.587,0
2025-01-23,156.586,156.751,155.002,155.226,0
2025-01-24,155.226,156.575,154.837,155.92,0
2025-01-26,155.675,156.055,155.287,156.013,0
2025-01-27,156.017,156.244,153.71,155.786,0
2025-01-28,155.786,155.976,155.048,155.294,0
2025-01-29,155.295,155.608,154.28,154.597,0
2025-01-30,154.598,154.73,153.788,154.437,0
2025-01-31,154.437,155.217,154.432,155.182,0
2025-02-02,154.771,155.882,154.755,155.714,0
2025-02-03,155.714,155.714,154.004,155.28,0
2025-02-04,155.28,155.521,153.087,153.358,0
2025-02-05,153.357,153.565,151.81,152.347,0
2025-02-06,152.35,152.897,150.957,151.674,0
2025-02-07,151.675,152.421,150.927,151.377,0
2025-02-09,151.198,152.209,151.156,151.903,0
2025-02-10,151.902,152.536,151.567,151.985,0
2025-02-11,151.983,153.733,151.647,153.686,0
2025-02-12,153.686,154.801,153.265,154.358,0
2025-02-13,154.359,154.406,152.443,152.631,0
2025-02-14,152.63,152.837,152.023,152.254,0
2025-02-16,152.2,152.391,151.503,151.683,0
2025-02-17,151.684,152.193,151.23,152.143,0
2025-02-18,152.142,152.306,151.526,151.76,0
2025-02-19,151.76,151.954,150.242,150.251,0
2025-02-20,150.251,150.732,149.274,150.327,0
2025-02-21,150.329,150.653,148.922,149.262,0
2025-02-23,149.175,149.495,148.841,149.205,0
2025-02-24,149.207,150.298,149.184,149.561,0
2025-02-25,149.561,149.953,148.562,149.439,0
2025-02-26,149.439,149.884,148.742,149.097,0
2025-02-27,149.097,150.161,149.096,149.607,0
2025-02-28,149.606,150.987,149.578,150.545,0
2025-03-02,150.644,151.019,150.243,150.335,0
2025-03-03,150.333,151.301,148.595,149.14,0
2025-03-04,149.141,150.182,148.096,149.825,0
2025-03-05,149.825,149.893,148.392,149.188,0
2025-03-06,149.189,149.219,147.308,147.674,0
2025-03-07,147.674,148.198,146.944,148.018,0
2025-03-09,147.908,147.946,147.088,147.633,0
2025-03-10,147.633,147.79,146.538,146.971,0
2025-03-11,146.97,148.267,146.758,148.148,0
2025-03-12,148.149,149.194,147.821,147.846,0
2025-03-13,147.848,148.553,147.411,148.495,0
2025-03-14,148.502,149.02,148.256,148.606,0
2025-03-16,148.753,149.04,148.459,149.035,0
2025-03-17,149.035,149.731,148.26,149.556,0
2025-03-18,149.556,149.934,149.094,149.533,0
2025-03-19,149.538,150.146,148.179,148.394,0
2025-03-20,148.395,149.481,148.178,149.413,0
2025-03-21,149.413,149.66,148.602,149.269,0
2025-03-23,149.329,149.951,149.329,149.767,0
2025-03-24,149.768,150.942,149.491,150.556,0
2025-03-25,150.555,150.766,149.546,150.54,0
2025-03-26,150.541,150.743,150.017,150.195,0
2025-03-27,150.193,151.208,150.136,150.87,0
2025-03-28,150.87,150.934,149.682,149.818,0
2025-03-30,149.721,149.796,148.719,148.922,0
2025-03-31,148.919,150.264,148.698,149.658,0
2025-04-01,149.658,149.99,148.97,149.747,0
2025-04-02,149.746,150.484,147.113,147.268,0
2025-04-03,147.269,147.636,145.183,145.663,0
2025-04-04,145.663,147.429,144.55,146.95,0
2025-04-06,145.475,146.843,144.813,146.286,0
2025-04-07,146.287,148.147,145.069,147.593,0
2025-04-08,147.593,147.798,145.131,145.329,0
2025-04-09,145.33,148.277,143.992,146.828,0
2025-04-10,146.829,147.142,142.875,143.19,0
2025-04-11,143.19,144.199,142.06,143.436,0
2025-04-13,143.876,144.06,142.248,143.021,0
2025-04-14,143.019,144.08,142.227,143.127,0
2025-04-15,143.128,143.509,142.496,142.523,0
2025-04-16,142.523,142.95,141.611,142.607,0
2025-04-17,142.609,143.087,141.899,142.322,0
2025-04-18,142.324,142.41,142.091,142.096,0
2025-04-20,142.065,142.129,140.615,140.756,0
2025-04-21,140.756,141.172,140.096,140.203,0
2025-04-22,140.203,143.218,139.885,142.191,0
2025-04-23,142.191,143.571,141.527,142.864,0
2025-04-24,142.863,143.666,142.276,143.644,0
2025-04-25,143.643,144.029,143.223,143.623,0
2025-04-27,143.539,143.877,143.342,143.582,0
2025-04-28,143.583,143.893,141.938,142.428,0
2025-04-29,142.429,142.756,141.968,142.513,0
2025-04-30,142.514,143.752,142.416,143.687,0
2025-05-01,143.687,145.924,143.687,145.221,0
2025-05-02,145.221,145.422,143.727,144.905,0
2025-05-04,144.662,144.989,144.064,144.291,0
2025-05-05,144.291,144.422,143.539,143.787,0
2025-05-06,143.788,143.927,142.353,143.105,0
2025-05-07,143.105,143.997,142.826,143.599,0
2025-05-08,143.599,146.185,143.548,145.656,0
2025-05-09,145.657,145.657,144.823,145.299,0
2025-05-11,146.213,146.283,145.698,145.727,0
2025-05-12,145.725,148.651,145.715,147.751,0
2025-05-13,147.751,148.272,147.002,147.084,0
2025-05-14,147.082,147.215,145.601,146.09,0
2025-05-15,146.089,146.252,144.96,145.262,0
2025-05-16,145.259,146.097,144.92,145.581,0
2025-05-18,145.284,145.447,144.805,145.241,0
2025-05-19,145.241,145.512,144.66,144.809,0
2025-05-20,144.809,144.972,143.723,143.788,0
2025-05-21,143.789,144.398,143.143,143.313,0
2025-05-22,143.315,144.328,142.802,143.433,0
2025-05-23,143.437,143.582,142.422,142.538,0
2025-05-25,142.441,143.08,142.225,142.456,0
2025-05-26,142.456,143.032,142.112,142.443,0
2025-05-27,142.444,144.767,142.383,144.356,0
2025-05-28,144.359,146.285,143.991,145.739,0
2025-05-29,145.741,146.092,143.437,143.858,0
2025-05-30,143.857,144.442,143.467,144.006,0
2025-06-01,143.795,143.986,143.325,143.519,0
2025-06-02,143.519,143.612,142.378,143.157,0
2025-06-03,143.157,144.284,142.606,144.058,0
2025-06-04,144.056,144.392,142.53,142.991,0
2025-06-05,142.993,143.975,142.772,143.757,0
2025-06-06,143.756,145.086,143.732,144.816,0
2025-06-08,144.807,144.947,144.346,144.492,0
2025-06-09,144.491,145.287,143.974,144.827,0
2025-06-10,144.827,145.163,144.425,145.004,0
2025-06-11,145.008,145.463,143.724,143.894,0
2025-06-12,143.896,144.139,142.79,143.495,0
2025-06-13,143.495,144.481,143.377,144.038,0
2025-06-15,143.946,144.749,143.86,144.478,0
2025-06-16,144.481,145.111,143.651,144.657,0
2025-06-17,144.657,145.44,144.383,145.069,0
2025-06-18,145.069,145.224,144.327,145.072,0
2025-06-19,145.067,145.77,145.023,145.275,0
2025-06-20,145.277,146.214,145.243,146.054,0
2025-06-22,146.671,146.764,146.143,146.697,0
2025-06-23,146.698,148.025,145.286,145.415,0
2025-06-24,145.414,145.514,144.512,144.972,0
2025-06-25,144.973,145.949,144.567,144.784,0
2025-06-26,144.782,144.965,143.75,144.456,0
2025-06-27,144.455,144.945,144.176,144.614,0
2025-06-29,144.3,144.762,144.087,144.217,0
2025-06-30,144.218,144.509,143.437,143.879,0
2025-07-01,143.88,143.933,142.679,143.528,0
2025-07-02,143.526,144.244,143.443,143.848,0
2025-07-03,143.849,145.232,143.67,144.521,0
2025-07-04,144.522,144.58,144.181,144.417,0
2025-07-06,144.376,144.847,144.223,144.833,0
2025-07-07,144.83,146.441,144.782,146.072,0
2025-07-08,146.071,147.182,145.88,147.103,0
2025-07-09,147.103,147.147,145.753,146.254,0
2025-07-10,146.257,147.04,146.065,146.95,0
2025-07-11,146.949,147.52,146.721,147.379,0
2025-07-13,147.135,147.568,146.849,147.302,0
2025-07-14,147.302,147.887,147.152,147.672,0
2025-07-15,147.669,149.088,147.552,149.039,0
2025-07-16,149.036,149.184,146.908,148.545,0
2025-07-17,148.546,149.087,148.285,148.665,0
2025-07-18,148.664,148.882,148.185,148.749,0
2025-07-20,147.902,148.662,147.894,148.461,0
2025-07-21,148.462,148.522,147.084,147.574,0
2025-07-22,147.574,147.947,146.197,146.924,0
2025-07-23,146.922,147.215,145.853,146.008,0
2025-07-24,146.009,147.493,145.93,147.214,0
2025-07-25,147.215,147.939,146.808,147.612,0
2025-07-27,147.694,148.019,147.518,147.712,0
2025-07-28,147.712,148.709,147.622,148.357,0
2025-07-29,148.355,148.806,147.845,147.971,0
2025-07-30,147.971,149.532,147.802,148.746,0
2025-07-31,148.749,150.916,148.682,150.585,0
2025-08-01,150.585,150.66,147.29,147.375,0
2025-08-03,147.24,147.905,147.056,147.691,0
2025-08-04,147.693,148.087,146.617,147.216,0
2025-08-05,147.215,147.834,147.002,147.399,0
2025-08-06,147.4,147.885,146.974,147.509,0
2025-08-07,147.51,147.584,146.691,147.191,0
2025-08-08,147.188,147.901,147.114,147.667,0
2025-08-10,147.47,147.787,147.429,147.477,0
2025-08-11,147.479,148.443,147.349,148.415,0
2025-08-12,148.415,148.517,147.577,148.001,0
2025-08-13,148.002,148.099,146.374,146.548,0
2025-08-14,146.549,147.962,146.213,147.223,0
2025-08-15,147.226,147.33,146.736,147.177,0
2025-08-17,147.152,147.582,147.08,147.385,0
2025-08-18,147.386,148.112,147.118,147.828,0
2025-08-19,147.831,147.901,147.423,147.529,0
2025-08-20,147.532,147.694,146.87,147.418,0
2025-08-21,147.419,148.716,147.341,148.677,0
2025-08-22,148.675,148.777,146.572,146.875,0
2025-08-24,146.829,147.526,146.758,147.34,0
2025-08-25,147.341,147.936,146.984,147.796,0
2025-08-26,147.797,147.907,147.098,147.83,0
2025-08-27,147.829,148.183,147.079,147.094,0
2025-08-28,147.093,147.403,146.66,146.986,0
2025-08-29,146.988,147.408,146.767,146.992,0
2025-08-31,147.04,147.378,146.839,146.892,0
2025-09-01,146.894,147.75,146.785,147.703,0
2025-09-02,147.703,148.939,147.685,148.913,0
2025-09-03,148.912,149.136,147.789,148.242,0
2025-09-04,148.244,148.777,148.018,148.176,0
2025-09-05,148.174,148.273,146.816,147.392,0
2025-09-07,148.088,148.576,147.913,148.2,0
2025-09-08,148.202,148.253,147.156,147.363,0
2025-09-09,147.365,147.571,146.309,147.394,0
2025-09-10,147.394,147.647,147.084,147.444,0
2025-09-11,147.445,148.179,146.985,147.445,0
2025-09-12,147.446,148.072,147.241,147.645,0
2025-09-14,147.403,147.776,147.367,147.428,0
2025-09-15,147.427,147.607,147.018,147.099,0
2025-09-16,147.099,147.255,146.209,146.532,0
2025-09-17,146.532,147.147,145.481,147.051,0
2025-09-18,147.052,148.267,147.026,147.622,0
2025-09-19,147.623,148.281,147.197,147.892,0
2025-09-21,147.867,148.376,147.851,148.336,0
2025-09-22,148.338,148.368,147.599,147.759,0
2025-09-23,147.756,147.926,147.459,147.871,0
2025-09-24,147.873,148.915,147.816,148.672,0
2025-09-25,148.671,149.955,148.596,149.704,0
2025-09-26,149.705,149.951,149.404,149.489,0
2025-09-28,149.399,149.513,148.884,148.934,0
2025-09-29,148.933,148.979,148.439,148.516,0
2025-09-30,148.515,148.591,147.649,147.927,0
2025-10-01,147.926,147.957,146.587,147.084,0
2025-10-02,147.085,147.765,146.599,147.629,0
2025-10-03,147.628,147.814,147.067,147.399,0
2025-10-05,149.491,150.1,149.044,150.062,0
2025-10-06,150.064,150.618,149.752,150.361,0
2025-10-07,150.361,152.647,150.247,152.412,0
2025-10-08,152.408,152.998,152.253,152.511,0
2025-10-09,152.511,153.272,152.108,152.666,0
2025-10-10,152.666,152.947,151.119,151.119,0
2025-10-12,151.822,152.275,151.74,151.93,0
2025-10-13,151.931,152.612,151.721,152.148,0
2025-10-14,152.148,152.164,151.002,151.137,0
2025-10-15,151.136,151.737,150.512,150.871,0
2025-10-16,150.873,151.397,149.893,150.012,0
2025-10-17,150.013,150.636,149.378,150.583,0
2025-10-19,150.353,151.2,150.324,150.725,0
2025-10-20,150.724,151.149,150.273,151.048,0
2025-10-21,151.046,152.174,150.858,151.796,0
2025-10-22,151.796,152.501,151.503,152.471,0
2025-10-23,152.471,152.914,152.318,152.769,0
2025-10-24,152.771,153.061,152.251,152.81,0
2025-10-26,152.805,153.177,152.654,153.137,0
2025-10-27,153.138,153.255,151.852,151.875,0
2025-10-28,151.873,152.371,151.537,152.075,0
2025-10-29,152.077,153.138,151.863,152.765,0
2025-10-30,152.766,154.444,152.674,153.936,0
2025-10-31,153.934,154.412,153.83,153.936,0
2025-11-02,153.939,154.25,153.939,154.073,0
2025-11-03,154.075,154.482,153.808,154.061,0
2025-11-04,154.062,154.081,152.957,153.484,0
2025-11-05,153.481,154.356,153.407,153.953,0
2025-11-06,153.954,154.006,152.817,153.115,0
2025-11-07,153.114,153.595,153.008,153.378,0
2025-11-09,153.687,154.026,153.402,153.878,0
2025-11-10,153.881,154.492,153.868,154.301,0
2025-11-11,154.303,154.743,153.667,154.739,0
2025-11-12,154.741,155.044,154.491,154.822,0
2025-11-13,154.822,155.006,154.126,154.423,0
2025-11-14,154.424,154.763,153.615,154.508,0
2025-11-16,154.453,154.786,154.415,154.63,0
2025-11-17,154.628,155.379,154.591,155.052,0
2025-11-18,155.056,155.732,154.871,155.322,0
2025-11-19,155.323,157.476,155.262,157.398,0
2025-11-20,157.397,157.892,157.082,157.27,0
2025-11-21,157.27,157.304,156.2,156.378,0
2025-11-23,156.27,156.798,156.27,156.552,0
2025-11-24,156.553,157.186,156.499,156.804,0
2025-11-25,156.8,156.844,155.651,156.038,0
2025-11-26,156.037,156.734,155.72,156.006,0
2025-11-27,156.005,156.582,155.813,156.216,0
2025-11-28,156.217,156.434,155.981,156.137,0
2025-11-30,156.055,156.151,155.395,155.55,0
2025-12-01,155.548,155.775,154.662,155.639,0
2025-12-02,155.639,156.18,155.607,155.659,0
2025-12-03,155.66,155.754,155.009,155.462,0
2025-12-04,155.464,155.503,154.507,154.921,0
2025-12-05,154.921,155.492,154.343,155.298,0
2025-12-07,155.159,155.381,154.9,155.075,0
2025-12-08,155.073,156.037,155.07,155.934,0
2025-12-09,155.934,156.953,155.861,156.625,0
2025-12-10,156.627,156.886,155.489,155.845,0
2025-12-11,155.844,156.163,154.948,155.744,0
2025-12-12,155.745,156.127,155.542,155.8,0
2025-12-14,155.816,155.986,155.185,155.256,0
2025-12-15,155.255,155.398,154.703,154.817,0
2025-12-16,154.817,155.149,154.393,155.135,0
2025-12-17,155.136,155.808,155.069,155.736,0
2025-12-18,155.733,156.163,155.282,156.068,0
2025-12-19,156.069,157.778,155.849,157.737,0
2025-12-21,157.659,157.703,157.228,157.311,0
2025-12-22,157.321,157.569,155.96,155.993,0
2025-12-23,155.994,156.543,155.552,155.835,0
2025-12-24,155.836,156.068,155.574,155.728,0
2025-12-25,155.725,156.488,155.464,156.161,0
2025-12-26,156.161,156.732,156.087,156.561,0
2025-12-28,156.389,156.549,156.055,156.37,0
2025-12-29,156.373,156.423,155.915,156.081,0
2025-12-30,156.082,156.636,155.742,156.612,0
2025-12-31,156.611,156.994,156.506,156.671,0
